書名,作者,分類,狀態,按讚數,出版社,tag(最多五個),,,,,連結,簡介
影后：比夜色更寂寞,真月,愛情,連載,2959,獨家原創,跨域,求而不得,演藝圈,,,https://mojoin.com/novels/3781,"★ 臺灣原創熱播影集《影后》獨家授權改編小說推薦
一窺角色內心，揭露成名背後不可告人的祕密心事

二十八歲的史艾瑪，擁有了曾經夢寐以求的一切──
接不完的戲約、重要獎項的肯定、一線女星的地位，
然而每當在夜裡獨處，她總會被洶湧而至的寂寞吞噬。
原來有了那些還不夠，她還想要有人真心待她。
這樣很貪心嗎？但人總是貪心的，不是嗎？

直到某天，一名年輕的新人男演員出現在她面前，
他對她的刻意討好，是那般顯而易見。
史艾瑪在男演員身上看見了自己的影子，
他和當年的她一樣懷才不遇、一樣渴望成功……"
逆天萌寶，妖皇爹爹別搶娘親,小魚兒不愛花無缺,愛情,完結,,,,,,,,,
逆天毒妃：絕色魔尊乖乖受寵,甜茶茶,愛情,完結,,,,,,,,,
放過我吧，公爵大人！,湯元元,愛情,連載,,,,,,,,,
指數化愛情,小非,愛情,連載,,,,,,,,,
離開的一路上,授權改編／理想混蛋　作者／晨羽,愛情,完結,,,,,,,,,
小紫,授權改編／芒果醬　作者／李柏青,愛情,完結,,,,,,,,,
往矣,馮子緣,愛情,完結,,,,,,,,,
A子不會預言自己死亡01,午夜藍,愛情,完結,,,,,,,,,
遺失的角落,馮子緣,愛情,連載,,,,,,,,,
墮天使的羽翼,海空,愛情,完結,,,,,,,,,
渣男進化論,烏瞳貓,愛情,完結,,,,,,,,,
半與伴,胡書,愛情,完結,,,,,,,,,
戀人,小說/程雪森、授權/美秀集團,愛情,完結,,,,,,,,,
月旁月光,小說/瑪琪朵、授權/怕胖團,愛情,完結,,,,,,,,,
能不能和我留在台北（陪我幾天）,小說/吐維、授權/icyball冰球樂團,愛情,完結,,,,,,,,,
我在愛情的盡頭看見了你和我,小說/潘柏霖、授權/老王樂隊,愛情,完結,,,,,,,,,
守天誅,瀰霜,愛情,完結,,,,,,,,,
愛上喝白開水的男孩,白夜,愛情,完結,,,,,,,,,
【花神淚】《冽雪凝嫣》,紫果瓊漿,愛情,完結,,,,,,,,,
迷途,羽澤,愛情,完結,,,,,,,,,
朱湖,依澄Q,愛情,完結,,,,,,,,,
今晚的月色很美,星琛,愛情,完結,,,,,,,,,
狐染傾城,夏翎,愛情,完結,,,,,,,,,
如果你聽見,蔚海,愛情,完結,,,,,,,,,
悠然戲韶光,抒靈,愛情,完結,,,,,,,,,
一騎紅塵妃子笑 卷四：長相思(END),自初,愛情,完結,,,,,,,,,
一騎紅塵妃子笑 卷三：清平調,自初,愛情,完結,,,,,,,,,
一騎紅塵妃子笑 卷二：秋風詞,自初,愛情,完結,,,,,,,,,
一騎紅塵妃子笑 卷一：白頭吟,自初,愛情,完結,,,,,,,,,
夢迴羽憶然,蔚海,愛情,完結,,,,,,,,,
請你對我唱,蔚海,愛情,完結,,,,,,,,,
我和她的愛情進行式,青鷹,愛情,完結,,,,,,,,,
在。途,薇薇公主病,愛情,完結,,,,,,,,,
法蘭城的變革,狗妹,愛情,完結,,,,,,,,,
我想再見你一次,優析,愛情,完結,,,,,,,,,
戀上陰間鬼丈夫,流光,愛情,完結,,,,,,,,,
攝政王的掌中嬌,清粥醬菜,愛情,完結,,,,,,,,,
贈他情深不相思,斬桃,愛情,完結,,,,,,,,,
爆寵甜妻：影后太囂張,孟知,愛情,完結,,,,,,,,,
法醫娘親颯爆了,天下。,愛情,完結,,,,,,,,,
生存大佬她又狠又撩,禦七君,愛情,完結,,,,,,,,,
將門嬌，暴戾攝政王你被拿捏了！,見一抹綠,愛情,完結,,,,,,,,,
醫庶成狂：盛寵世子妃,藍衣初雲,愛情,完結,,,,,,,,,
醫見鍾情,辣筆小新,愛情,完結,,,,,,,,,
舊恨相思纏做繭,森林野生小石榴子,愛情,完結,,,,,,,,,
總有刁民害本宮,林遲染,愛情,完結,,,,,,,,,
錦繡良緣：撿個太子來種田,歐畢零三,愛情,完結,,,,,,,,,
錦繡田園，嬌俏村婦有點甜,鶯時醉,愛情,完結,,,,,,,,,
獨寵狼妃：王爺要惜身,妖紅,愛情,完結,,,,,,,,,
嬌妻來襲：推倒首席大人,慕容小杰,愛情,完結,,,,,,,,,
墨少的新婚罪妻不好惹,妍妍妮子,愛情,完結,,,,,,,,,
鳳妃謀,懸玲不語,愛情,完結,,,,,,,,,
辣妻天降：鬼夫去種田,葉兒綠,愛情,完結,,,,,,,,,
誘拐呆萌妻：少董寵愛無度,黛夢,愛情,完結,,,,,,,,,
蜜戀甜妻：早安，男神,阮郎歸,愛情,完結,,,,,,,,,
團寵萌妃超凶噠,安徒離,愛情,完結,,,,,,,,,
農門嬌寵：王妃原來是首富,杏花雨瓣兒,愛情,完結,,,,,,,,,
督軍，莫問歸妻,vivi薇安,愛情,完結,,,,,,,,,
爺，王妃又砸牌匾了,孜然粉哇,愛情,完結,,,,,,,,,
愛你情深意長,夏涼初,愛情,完結,,,,,,,,,
愛你入骨：老公請多指教,點絳唇,愛情,完結,,,,,,,,,
愛妃，你馬甲又被扒了,是阿灼啊,愛情,完結,,,,,,,,,
嫁入豪門後她甜翻了,墨小言,愛情,完結,,,,,,,,,
媽咪，爹地掐你桃花了,我是阿歡啊,愛情,完結,,,,,,,,,
馭獸女帝,戀月兒,愛情,完結,,,,,,,,,
貴女重生：將軍大人掌上寵,韻白,愛情,完結,,,,,,,,,
萌寶助攻，總裁奶爸要追妻,可可達鴨,愛情,完結,,,,,,,,,
報告爹地：媽咪是重生的,結寶,愛情,完結,,,,,,,,,
報告仙君：帝姬她，恃寵生嬌！,民小蘇,愛情,完結,,,,,,,,,
傅少，今天護短了嗎,奔跑的小米粒,愛情,完結,,,,,,,,,
閃婚蜜愛：異能嬌妻別亂來,花落瑾殤,愛情,完結,,,,,,,,,
追愛365天：宮少誘捕小淘妻,繁星落,愛情,完結,,,,,,,,,
追妻36計：王爺太難纏,吃蘿蔔的蘿蔔。,愛情,完結,,,,,,,,,
情禍,妝瓣兒,愛情,完結,,,,,,,,,
許卿百世無憂,胡蘿蔔大大,愛情,完結,,,,,,,,,
莫以浮生,路圓圓,愛情,完結,,,,,,,,,
盛世嫡妃：我為陛下平天下,珺婷,愛情,完結,,,,,,,,,
清風未醉人未歸,吃蘿蔔的蘿蔔。,愛情,完結,,,,,,,,,
情路漫漫，冷暖自知,無晴,愛情,完結,,,,,,,,,
情深予你終不悔,百里青青,愛情,完結,,,,,,,,,
庶女清歡：皇后會通靈,郁芳芳,愛情,完結,,,,,,,,,
庶女重謀，夫君上塌可好,柳十三,愛情,完結,,,,,,,,,
將軍千嬌百媚,燕思,愛情,完結,,,,,,,,,
婚然心動：嬌妻限時購,雲染,愛情,完結,,,,,,,,,
婚非得已：隱婚老公牆上寵,宋玥,愛情,完結,,,,,,,,,
國民夫人是女將,墨九爺,愛情,完結,,,,,,,,,
商少，夫人貓病又犯了,星小閃,愛情,完結,,,,,,,,,
陛下：皇后要出牆,唐銀,愛情,完結,,,,,,,,,
一縷飄散,柔兒,愛情,完結,,,,,,,,,
雨之畫作,楊寒,愛情,完結,,,,,,,,,
病弱王爺能寵妻,衾涼,愛情,完結,,,,,,,,,
留取春色滿京都,風煙殘霧,愛情,完結,,,,,,,,,
拿了反派劇本後我無敵了,袍今,愛情,完結,,,,,,,,,
重生醫妃：我家王爺帥爆了,白娉羽,愛情,完結,,,,,,,,,
重生為凰：毒妃寵上天,出山,愛情,完結,,,,,,,,,
蝦米？我的女友是笨蛋！,青鷹,愛情,完結,,,,,,,,,
七日花,姬沐,愛情,完結,,,,,,,,,
重生後大佬叫我小祖宗,妃小絳,愛情,完結,,,,,,,,,
穿越獸世：團寵萌醫生崽崽,斯恩,愛情,完結,,,,,,,,,
穿書之暴君攻略指南,林洛書,愛情,完結,,,,,,,,,
相思未休，蘇太傅請自重,狐青夜,愛情,完結,,,,,,,,,
為你漫山遍野,言多bi池。,愛情,完結,,,,,,,,,
毒寵天下：狂妃美又炸,綰公子,愛情,完結,,,,,,,,,
毒妃嫁到：這個王爺我要了,青果果,愛情,完結,,,,,,,,,
毒后為凰,蠻不講理,愛情,完結,,,,,,,,,
毒女重生：太子爺的心尖寵,伍六無七,愛情,完結,,,,,,,,,
昨夜暮已成舟,華樂清雅,愛情,完結,,,,,,,,,
幽洲願：此生唯求你,陌上無花,愛情,完結,,,,,,,,,
帝尊嬌寵小魔妃,甘卿玥,愛情,完結,,,,,,,,,
帝少心尖寵：花樣嬌妻太刁蠻,花陽,愛情,完結,,,,,,,,,
封少的專寵小綠梅,葉怪怪,愛情,完結,,,,,,,,,
南少，你老婆又跑了,風輕早,愛情,完結,,,,,,,,,
侯門庶女太妖嬈,菊花清茶,愛情,完結,,,,,,,,,
幸好流年遇到你,檀檀欒,愛情,完結,,,,,,,,,
妾心盛寵：王爺不如謀個反,魚本鹹,愛情,完結,,,,,,,,,
我親愛的傅先生,顧小染,愛情,完結,,,,,,,,,
我家夫人種田拯救我,拾七柒,愛情,完結,,,,,,,,,
快遞寶寶：總裁大人請簽收,萌寶寶,愛情,完結,,,,,,,,,
快穿系統：上劇情吧！,瘋狂的蘋果,愛情,完結,,,,,,,,,
快穿之宿主又在撩男配,風十柒,愛情,完結,,,,,,,,,
君見桃花色,緋瑟兒,愛情,完結,,,,,,,,,
妖孽夫君好難纏,妖家四少,愛情,完結,,,,,,,,,
不正常的戀愛關係(04)我想談一場正常的戀愛啊！(END),逢時,愛情,完結,,,,,,,,,
不正常的戀愛關係(03)壞掉的是自己還是世界？,逢時,愛情,完結,,,,,,,,,
你是我的星辰萬里,早藻,愛情,完結,,,,,,,,,
你是意料之外,林暮暮,愛情,完結,,,,,,,,,
不正常的戀愛關係(02)第一次三人行就達陣,逢時,愛情,完結,,,,,,,,,
不正常的戀愛關係(01)第一次調教奴隸就上手,逢時,愛情,完結,,,,,,,,,
吃貨相公財神妻,橙瓜攸攸,愛情,完結,,,,,,,,,
江山為聘：重生貴妃不好當,鳳梨蛋炒飯,愛情,完結,,,,,,,,,
總裁，請不務正業！,風城喵喵,愛情,完結,,,,,,,,,
尋找幸福要在穿越後,覓福,愛情,完結,,,,,,,,,
仵作小娘子,墨十二,愛情,完結,,,,,,,,,
本王的專寵愛妃,彥蕭蕭,愛情,完結,,,,,,,,,
看見新世界,楊寒,愛情,完結,,,,,,,,,
獵食者,梧玖,愛情,完結,,,,,,,,,
末世之訓夫有道,美人不美,愛情,完結,,,,,,,,,
王爺的醋罈子又翻了,白嫵,愛情,完結,,,,,,,,,
愛的多重宇宙,多人合集,愛情,完結,,,,,,,,,
天價婚寵：易少情深不悔,言多bi池。,愛情,完結,,,,,,,,,
公主傾城，鬼王要報恩,輕陌,愛情,完結,,,,,,,,,
嚴冬不肅殺,狸沐柔,愛情,完結,,,,,,,,,
灼心摯愛：總裁，別來無恙,橘子可妃,愛情,完結,,,,,,,,,
霍先生，還親嗎？,贈你明珠,愛情,完結,,,,,,,,,
重回八零：獵戶寵妻甜如蜜,宋桃花,愛情,完結,,,,,,,,,
飄洋過海來愛你,瀟冉,愛情,完結,,,,,,,,,
毒后傾天下,聲聲慢－,愛情,完結,,,,,,,,,
盛世雙妃,秋雨後的小蘑菇,愛情,完結,,,,,,,,,
喜嬌娘,孔陽,愛情,完結,,,,,,,,,
特工醫妃，專治腹黑傲嬌帝,月滿棲樓,愛情,完結,,,,,,,,,
婚然心動：契約老公請輕寵,尤醬_,愛情,完結,,,,,,,,,
婚內燃情：撒旦老公請溫柔,水龍卷,愛情,完結,,,,,,,,,
婚婚欲睡：金主大人，來勁了！,小貓愛吃糖,愛情,完結,,,,,,,,,
他說逢愛做戲,火星來的貓,愛情,完結,,,,,,,,,
協議婚約，容夫人不好當,十二釵,愛情,完結,,,,,,,,,
偏偏就想嫁給你,十二玉樓,愛情,完結,,,,,,,,,
嫡女風華,小妖呢喃,愛情,完結,,,,,,,,,
重生嬌妻：寵妻霸總輕點來,小甜甜plus,愛情,完結,,,,,,,,,
末世重生，黑料千金要修仙,小阿祭,愛情,完結,,,,,,,,,
不能愛,色之羊予沁,愛情,完結,,,,,,,,,
重生後將陰鬱老公寵上天,小白菜菜,愛情,完結,,,,,,,,,
你是心上高嶺花,一葉之舟,愛情,完結,,,,,,,,,
反派大佬的心尖寵,一隻仙子,愛情,完結,,,,,,,,,
快穿之炮灰女配是滿級大佬,一芳,愛情,完結,,,,,,,,,
江山若暖，許你情長,一枝寒梅s,愛情,完結,,,,,,,,,
我想偷你的體溫,一朝一暮,愛情,完結,,,,,,,,,
嬌俏醫妃：世子爺，超能撩,二兩清歡,愛情,完結,,,,,,,,,
法老的女兒,書癮少女「灼鴦」,愛情,完結,,,,,,,,,
逆天神妃：魔尊大人撩一下,醉櫻落,愛情,完結,,,,,,,,,
祕戀,尾巴Misa,愛情,完結,,,,,,,,,
流浪愛情,月亮熊,愛情,完結,,,,,,,,,
巫蠱王妃，傾天下,橘子可妃,愛情,完結,,,,,,,,,
時光恰似你，一別再不見,嘎吱兒,愛情,完結,,,,,,,,,
星辰不及你耀眼,蚊小七,愛情,完結,,,,,,,,,
清宮，九玉,若水亭,愛情,完結,,,,,,,,,
綰髮似君心,臧語瞳,愛情,完結,,,,,,,,,
吾向有才，子馭好逑,狐七戒,愛情,完結,,,,,,,,,
愛如初見,糖小卡,愛情,完結,,,,,,,,,
萌寶仵作妃,洛夕,愛情,完結,,,,,,,,,
餘生，寵你入骨,白奶包,愛情,完結,,,,,,,,,
冷王爺的金牌小廚娘,雨沫,愛情,完結,,,,,,,,,
君心獨寵，皇妃不聽話,易輕塵,愛情,完結,,,,,,,,,
林中深處終有意,阮無虞,愛情,完結,,,,,,,,,
腹黑王爺的萌寵小王妃,竹子空心,愛情,完結,,,,,,,,,
流光之境,阿素.,愛情,完結,,,,,,,,,
美人不修緣,銀簽,愛情,完結,,,,,,,,,
若深情不能對等,雲夕雅兮,愛情,完結,,,,,,,,,
王妃嫁到，腹黑王爺請接招,熊雯雯,愛情,完結,,,,,,,,,
餘城涼,蘇杧,愛情,完結,,,,,,,,,
鳳殤情：君本無心,鄭十七,愛情,完結,,,,,,,,,
亂世妖姬,隔壁張大媽,愛情,完結,,,,,,,,,
神君大人：狐妖不是妖,尋花,愛情,完結,,,,,,,,,
在最美的年紀遇見你,公子緋緋,愛情,完結,,,,,,,,,
我曾深情，但不候你,高阿諾,愛情,完結,,,,,,,,,
擁有你，失去你,盡歡,愛情,完結,,,,,,,,,
自此錦書寄流年,不吃趣多多,愛情,完結,,,,,,,,,
引妃入坑，狐狸皇叔第一汙,知玄機,愛情,完結,,,,,,,,,
愛是飲鴆止渴，不死不休,綠籬晚晚,愛情,完結,,,,,,,,,
學長，別跑,希黎,愛情,完結,,,,,,,,,
斬情,長夜,愛情,完結,,,,,,,,,
紅豆生南國,柳十三,愛情,完結,,,,,,,,,
穿越農女俏辣妃,雲夕雅兮,愛情,完結,,,,,,,,,
掌上嬌妻，二婚寵入骨,雪珊瑚,愛情,完結,,,,,,,,,
許個願望叫曾經,曦昔,愛情,完結,,,,,,,,,
光與影,澈漓,愛情,完結,,,,,,,,,
他比星光更薄涼,路星,愛情,完結,,,,,,,,,
快穿攻略：腹黑男神請接招,樰落,愛情,完結,,,,,,,,,
婚約,花末,愛情,完結,,,,,,,,,
兔公主要逃婚,小圓滿,愛情,完結,,,,,,,,,
替身,帶刺地玫瑰,愛情,完結,,,,,,,,,
暴王求妃，娘子有毒,月初,愛情,完結,,,,,,,,,
繭愛,遁逃的魚,愛情,完結,,,,,,,,,
愛情下了雪,愛抹茶的琴姐,愛情,完結,,,,,,,,,
回憶太深，你太遙遠,木向晚,愛情,完結,,,,,,,,,
願你流年不獨歡,夏顏兮雅,愛情,完結,,,,,,,,,
鳳傾城，公主後院又起火,成王千安,愛情,完結,,,,,,,,,
吃定嫡妃，腹黑王爺謀天下,易輕塵,愛情,完結,,,,,,,,,
毒醫娘子：病弱王爺請自重,柳十三,愛情,完結,,,,,,,,,
特工狂妃：腹黑將軍，請接招,蘇晴川,愛情,完結,,,,,,,,,
暮色夜微涼,風煙一渡,愛情,完結,,,,,,,,,
愛你如病入膏肓,歐果,愛情,完結,,,,,,,,,
妖不語,蘇銳,愛情,完結,,,,,,,,,
總裁的私寵寶貝,安小米,愛情,完結,,,,,,,,,
長夜闌珊酒未涼,森林野生小石榴子,愛情,完結,,,,,,,,,
餘生陪你到白頭,自是年少,愛情,完結,,,,,,,,,
妖孽相公,豆丁皇后,愛情,完結,,,,,,,,,
禍亂宮闈，冷王的階下妻,阿悅最帥,愛情,完結,,,,,,,,,
牛家有個大魔王,卉柯,愛情,完結,,,,,,,,,
妾本無良，夫君見諒,程小樹,愛情,完結,,,,,,,,,
入骨婚愛：秦少寵妻如命,貓梓,愛情,完結,,,,,,,,,
我在雨霧裡，等風也等你,瀟冉,愛情,完結,,,,,,,,,
一染慕傾心,貓小北,愛情,完結,,,,,,,,,
愛比死更冷,錦七七,愛情,完結,,,,,,,,,
海深不抵相思半,雞肉捲捲捲,愛情,完結,,,,,,,,,
和顧先生一起墜入愛河,蟬鳴半夏,愛情,完結,,,,,,,,,
一品太子妃：拐個上神做夫君,蘇晴川,愛情,完結,,,,,,,,,
一顆糖的沉淪,麵團包銀圓,愛情,完結,,,,,,,,,
梟寵豪門主母,錦七七,愛情,完結,,,,,,,,,
依戀莫相忘,蘇裳,愛情,完結,,,,,,,,,
故夢,聽說南方,愛情,完結,,,,,,,,,
相愛恨晚時,蘇聽雨,愛情,完結,,,,,,,,,
暴蛇寵妻，搶來的新娘,鏡無影,愛情,完結,,,,,,,,,
安然向晚,錦七七,愛情,完結,,,,,,,,,
山有木兮，我有你,歐果,愛情,完結,,,,,,,,,
王妃是惡霸,琳聽,愛情,完結,,,,,,,,,
大佬你的馬甲又掉了,蕭瑟,愛情,完結,,,,,,,,,
殺手王妃不好惹,燈下細雨,愛情,完結,,,,,,,,,
調戲之道，親親抱抱舉高高,團子喵,愛情,完結,,,,,,,,,
王爺，你家右相又失憶了,鄭十七,愛情,完結,,,,,,,,,
恰似你的溫柔,獨白的小瑪麗,愛情,完結,,,,,,,,,
愛是墳墓裡的再生花,歐果,愛情,完結,,,,,,,,,
遁逃的愛,遁逃的魚,愛情,完結,,,,,,,,,
一幕傾心,蝸牛夢夢,愛情,完結,,,,,,,,,
冷王有妃是二貨,舞落葉,愛情,完結,,,,,,,,,
萌寶推銷：我家爹地9塊9包郵,塗頂,愛情,完結,,,,,,,,,
重生豪門：總裁的名流嬌妻,落花灼,愛情,完結,,,,,,,,,
吾念若初,程小樹,愛情,完結,,,,,,,,,
愛是一顆幸福的子彈,雲上錦書,愛情,完結,,,,,,,,,
農門嬌妻：我家夫人超甜噠,琴倚墨,愛情,完結,,,,,,,,,
醫網情森，跋扈總裁溫柔心,程小樹,愛情,完結,,,,,,,,,
情深噬骨,寧鳶,愛情,完結,,,,,,,,,
緣深緣淺，若如初見,橘子可妃,愛情,完結,,,,,,,,,
今夜情未眠,貓十七,愛情,完結,,,,,,,,,
棄女重生：琉璃世子妃,筱筱,愛情,完結,,,,,,,,,
一遇唐琰誤終身,蒼山月,愛情,完結,,,,,,,,,
那些年，有誰讓你不寂寞,路星,愛情,完結,,,,,,,,,
南風吹過黎明時,路星,愛情,完結,,,,,,,,,
醫妃沖天，皇叔別來無恙,墨玲瓏,愛情,完結,,,,,,,,,
吾情似海，深不見底,劉淡淡。,愛情,完結,,,,,,,,,
教主，你被拐了,若水亭,愛情,完結,,,,,,,,,
二婚嬌妻，總裁要革命,淺夕顏,愛情,完結,,,,,,,,,
寧負天下不負卿,花落餘生,愛情,完結,,,,,,,,,
傾城女相,欣木,愛情,完結,,,,,,,,,
浮生傾盡一世歡,阿悅最帥,愛情,完結,,,,,,,,,
豪門秘寵，陸先生深情難辜負,風落涼,愛情,完結,,,,,,,,,
奈何君心亂,若有魚,愛情,完結,,,,,,,,,
一念念此生,東籬黃昏,愛情,完結,,,,,,,,,
蜜愛百分百：賀少，求你別寵我,桃桃紅柚,愛情,完結,,,,,,,,,
情劫,長夜,愛情,完結,,,,,,,,,
誰都不是你,玲瓏格,愛情,完結,,,,,,,,,
一品毒妃,浣曦,愛情,完結,,,,,,,,,
女人不過三十,星雲,愛情,完結,,,,,,,,,
楠得情深,夜天,愛情,完結,,,,,,,,,
步步驚情，總裁夫人又鬧了,洛千華,愛情,完結,,,,,,,,,
我醉了，你隨意！,玲瓏格,愛情,完結,,,,,,,,,
一城煙雨,斜月簾櫳,愛情,完結,,,,,,,,,
雲端的格桑花,張氏雅歌,愛情,完結,,,,,,,,,
謀妃拒再嫁,枕月,愛情,完結,,,,,,,,,
餘情未暖,青鏡梔子,愛情,完結,,,,,,,,,
一地相思無盡處,景慕輕塵,愛情,完結,,,,,,,,,
芥命,梨花微雕,愛情,完結,,,,,,,,,
夫人，倫家是你的小棉襖,披袖,愛情,完結,,,,,,,,,
久念不忘，終有迴響,鹿何往,愛情,完結,,,,,,,,,
刁妃有喜：冷魅狼王的罪寵,淩美,愛情,完結,,,,,,,,,
穿越之拯救女主行動,常百憶,愛情,完結,,,,,,,,,
只願君心似我心,森林野生小石榴子,愛情,完結,,,,,,,,,
九州密令之山河聘,寒山寺,愛情,完結,,,,,,,,,
愛你如癮難言,笑莫纖然,愛情,完結,,,,,,,,,
亂世王妃,寒錦,愛情,完結,,,,,,,,,
王妃耍心機,琳聽,愛情,完結,,,,,,,,,
王爺，你就從了我吧,喵喵cat,愛情,完結,,,,,,,,,
正夫綱，王后在上,洛華,愛情,完結,,,,,,,,,
冥婚邪愛寵上天,兔姑姑,愛情,完結,,,,,,,,,
若是情深，怎會緣淺,景井,愛情,完結,,,,,,,,,
誰念西風獨自涼,依念,愛情,完結,,,,,,,,,
禁寵,周小七,愛情,完結,,,,,,,,,
億萬新娘：只想寵著你,其實一直不懂愛,愛情,完結,,,,,,,,,
狂妃傾城，主上別撩我,居隱,愛情,完結,,,,,,,,,
一顧南言,夜闌無星,愛情,完結,,,,,,,,,
懸愛,盛秋,愛情,完結,,,,,,,,,
醜女涅槃：毒仙歸來,淺暖星一,愛情,完結,,,,,,,,,
宮鎖凰,鹿溫久,愛情,完結,,,,,,,,,
容教授，你媳婦跑了,若水亭,愛情,完結,,,,,,,,,
愛,斜月簾櫳,愛情,完結,,,,,,,,,
絕色王爺求不約,堅強的小榴槤,愛情,完結,,,,,,,,,
今朝落雪待歸人,眠卿,愛情,完結,,,,,,,,,
撩人皇后，帥哥溫柔點兒,琉璃暖,愛情,完結,,,,,,,,,
重生之絕世寵妃,南山悠然,愛情,完結,,,,,,,,,
不負如來終負你,若夏白,愛情,完結,,,,,,,,,
囚婚,安涼,愛情,完結,,,,,,,,,
囚愛擒歡：總裁先生輕輕親,月橋禾安,愛情,完結,,,,,,,,,
摟住殿下小蠻腰,木須肉,愛情,完結,0,吾里文化,BG愛情,,,,,https://mojoin.com/novels/832,"厲凝凝覺得自己八字犯沖，穿到原主身上也就罷了，這個原主特麼居然會占卜！
你丫占卜別的什麼不好？非要占卜到她會死全家？

殺她全家也就算了，可預言這男人長得太好看，讓本郡主捨不得下手就是你丫的錯了。
什麼，你你你你丫就是那個所到之處哀鴻遍野的永順王，嚴璟良？
哼，管你是天王老子還是玉皇大帝。拿下，統統拿下！

艾瑪，可惜厲凝凝段數不高，被醜拒了……
這能忍？虧她還號稱自個兒人見人愛，花見花開呢。
嚶嚶嚶……若是收服不了嚴璟良這個小妖精，她厲字倒著寫！
你嚴璟良淑人君子，才高八斗？好，本郡主送你名門書帖，詩詞字畫。"
快穿之病毒大人你站住,小竹燈,愛情,完結,0,吾里文化,BG愛情,,,,,https://mojoin.com/novels/825,"【甜寵。男女主身心乾淨爽文】
她本冷心冷情，遇上了他化為一江春水。
他本遵循命運，生生世世。遇了她寧願永生追隨。
華蓮為了拯救陷入虛擬的人類，穿梭在個個的世界成為女配，可女配有女配的活法。
被吊打，被陷害，身世淒苦，結局悲慘。
怎麼可能？

看華蓮上打女主，下踹男主，中間還能收穫萌萌噠的小夫君。
他生於虛擬，死於虛擬。
他是凌駕虛擬之上的神，本已經固定的命運因為她的到來而打破。"
他曾愛過我,百谷蓁蓁,愛情,完結,0,吾里文化,BG愛情,,,,,https://mojoin.com/novels/819,"哪對夫妻沒有想過離婚？
為了孩子，我對喬懿一而再再而三無底線地容忍。
直到那天他帶著女人出現在我面前，這段五年的婚姻，終於崩潰。
我永遠記得那天他瞇眸吸煙深情的對我說，「俞念，你的驕傲，我給，你的前夫，我收拾，我只有一個條件，你——歸我。」"
戰火王妃：王爺莫要撩戰袍,小月彎彎,愛情,完結,0,吾里文化,BG愛情,,,,,https://mojoin.com/novels/812,"魂入異世，她不再是前世無情無愛的殺手，她是他的臠寵凌清歌。
她白日為他兵馬天下，晚上為他承歡膝下，她送他半壁江山，他將她發配邊關。
失去，是為了得到，滅亡，是為了重生！

當她站在鄰國國君的婚禮上，淺笑嫣然，他卻驀地握住她的手，雙眸猩紅，「你敢嫁旁人？」
她嗓音淡雅，「你是誰？」"
太傅嫁到,亦何,愛情,完結,0,吾里文化,BG愛情,,,,,https://mojoin.com/novels/797,"顧安然不知道自己竟然這麼點背，登個山拍張照都能被人擠下去。
本以為自己必死無疑，結果掉個崖掉了半天沒著地，好不容易落了地了竟然落在了一個小美人身上，嘖嘖，這小美人，嘿嘿……
本來跟小美人好好地過著進京趕考的小日子，卻不料如此呆萌的小書生竟然有人追殺，關鍵是，還中了招。
無奈，藥材只有皇宮有，一沒武功二沒靠山，只得靠腦子。背上包袱，換上衣服，她顧安然終究是躲不過天殺的中式教育，再一次開起了寒窗苦讀，進京趕考（高考）的路子。
至於之後為什麼會變成太子的老師就不要深究了，只是：「皇上，請您自重。」
某皇帝繼續吃著豆腐，淡淡地一挑眉：「太傅大人，最近太子的功課怎麼……」"
雲城晚來歌,八月十七,愛情,完結,0,吾里文化,BG愛情,,,,,https://mojoin.com/novels/787,"「大哥，你你你要幹嘛……」女孩縮在牆角，小身板顫的如篩子。
「說過多少次，你我沒血緣關係，你這小腦袋瓜怎麼就記不住呢？嗯？」男人挑起女孩的下巴，笑意危險。
「叫了八年，習習慣了……」
「這是壞習慣，得改，以後叫老公！」
「哦哦……」
「叫聲來聽聽？」
「老……公公……唔唔……」
男人忽傾身而下，堵住了她，教訓道：「小笨蛋，……」"
十方劫,永畫,愛情,完結,0,吾里文化,BG愛情,,,,,https://mojoin.com/novels/781,"十丈軟紅裡的情愫，她從未纏綿過，也未曾想過。
於是她立身雲巔，於是她冷眼相看。
當看盡離合輾轉，她突然於冷暖中動情，原來世間竟有繁花如此。
但是，未曾想過，那一片繁花相接處，卻是彼岸花開正爛漫。"
煞妃出沒，國師太難纏,妖妖,愛情,完結,0,吾里文化,BG愛情,,,,,https://mojoin.com/novels/780,"穿越成孤兒，鳳十五混吃混喝，日子過的很舒坦，直到被人綁走，下毒！刺殺！落涯……
好不容易撿回一條小命的鳳十五，誓死要遠離這個男人！
跑路被抓，「大爺，您老到底看上我哪點，我改還不成嗎……」欲哭無淚。
君千夜淡然一笑，拎起丟進馬車。
逃跑未果，鳳十五轉移戰場，跑不掉我煩死你！"
國師大人請自重,西樹泡芙,愛情,完結,0,吾里文化,BG愛情,,,,,https://mojoin.com/novels/762,"大婚當天，新婚丈夫帶著別人跑了，阿潯陰差陽錯和自家師父洞房了。
床榻前，她戰戰兢兢低頭認錯：「師父，我錯了……」
床榻上，男人衣衫不整，依舊清冷矜貴，「毀了為師的清白，一句錯了就夠了？」
阿潯咬唇：「那要殺要剮，任由師父處置！」
男人瞇起黑眸，冷笑：「那豈不是太便宜你了？」
阿潯急了：「那你到底想怎麼樣麼？」
男人長臂一伸，將她提到身邊。
「我想……將錯就錯！」"
王妃富甲天下,地府十三鬼,愛情,完結,0,吾里文化,BG愛情,,,,,https://mojoin.com/novels/748,"她曾為救他，三尺寒冰上跪足三天三夜。
他曾為救她，大雨傾盆中獨闖血洗法場。
人人都說，他們是天下最恩愛的一對，其實不然。
一朝穿越，她落身青樓，成為他人之歡。
一場交易，她將生意做得風生水起，富甲天下。"
有個妖孽總在我眼前晃,白砂糖,愛情,完結,0,吾里文化,BG愛情,,,,,https://mojoin.com/novels/738,"她有喜歡的男子，他不介意，使勁兒挖之；
她分不清自己究竟喜歡誰，他委屈地控訴，你親過我抱過我，定是要負責的；
她的桃花朵朵嬌豔，又粘膩又瘋狂，他手起刀落，來一個砍一個，來一雙滅兩個……"
謀情掠愛，毒妃重生不好惹,文越,愛情,完結,0,吾里文化,BG愛情,,,,,https://mojoin.com/novels/716,"一場精心策劃的江面刺殺，太子南炫夜身受重傷被護國將軍放養的女兒夏甜陌意外救下，並對他一見傾心。
大將軍愛女如命，大手一揮直接向老皇帝請旨送，將愛女嫁給了當今太子南炫夜。
殊不知，黑夜正在想她伸出了大手！
滿天紅花，鳳冠霞帔，她如煙四夢，嫁給了自己愛慕的男人——
甜夢未醒，猝不及防，她在一夕之間被打入死牢，心愛的男人摟著別的女人在死牢裡將他父親的頭顱扔在她的面前。
父親被害，家族被毀，腹中的胎兒也被狠狠的做掉，男人面無表情，她血淚流乾。"
邪龍纏鳳，愛妃約不約,公子緋緋,愛情,完結,0,吾里文化,BG愛情,,,,,https://mojoin.com/novels/706,"昔日傲視九天的七彩鳳凰，如今人人欺凌的廢材公主。莫炎傾從未想過會有重見天日的一天！
天生廢材，不具武脈？渣渣們睜大狗眼看清楚，待我武脈開啟日，便是王者歸來時。
馭萬獸，煉神器，將那些所謂的天才一一踩在腳下。
然而，當她把某條小賤龍踩在腳下時，賤龍卻一把抓住她的腳踝，「小姐姐，約嗎？」"
北方茵茵正茂時,小北啊??,愛情,完結,0,吾里文化,BG愛情,,,,,https://mojoin.com/novels/686,"諸葛家有一個大小姐，在龍城那是出了名的壞，私生活混亂不堪，脾氣暴躁，人品極差，為了和同父異母的妹妹搶金家大少爺，她更是痛下殺手，可是，就是這樣的一個狠毒的女人，卻頻頻和龍城的龍家大少爺曖昧不清，龍總更是高調示愛這種心狠的「毒婦」！
龍禦北曾將諸葛茵茵逼迫在角落熱烈狂吻，瘋狂的問她有沒有愛過自己，哪怕一點，可卻得到了死一樣的寂寞和痛苦的回憶。
於諸葛茵茵來說，龍禦北是她最不該惹，最不該利用的人，曾經的木呆子，找她復仇，卻頻頻讓她感覺無法掙扎，越來越陷進他的「報復」裡。
而於龍禦北來說，諸葛茵茵是他的救贖，是他一見鍾情卻求而不得的人，是他心上那堅韌的野草，拔不掉，越拔越茂盛的念想……"
暴君寵妃無度,小鹿狂野,愛情,完結,0,吾里文化,BG愛情,,,,,https://mojoin.com/novels/678,"大婚之夜，由於興奮過度，她和皇帝夫君雙雙暈掉，皇帝沒了，她成了小寡婦。
太皇太后讓她抓住新帝、她的小叔子，為活命，她成為棋子。
新帝三千后宮，卻偏偏強迫她，讓她背負紅顏禍水的罵名。
「說，誰才是你的男人？」他的手指輕勾起她的下巴。
「你們都是。」她笑了笑，雪白的小腳丫踢了踢他，語氣充滿了挑釁。
腳踝一涼，他居然給她上了一把鎖，將她鎖於龍榻之上。"
霸道總裁愛上我,月色靜好,愛情,完結,0,吾里文化,BG愛情,,,,,https://mojoin.com/novels/663,"敲萌敲可愛的小蘿莉VS腹黑霸道的總裁大叔。
——————
大晚上站在陽台乘涼，被一條從天而降的胖次砸到臉，阮星辰將罪魁禍首拉進了警察局。
男人拿出支票，薄唇輕啟：「私了。」
「……」"
重生愛上九千歲,君驍,愛情,完結,2,吾里文化,BG愛情,,,,,https://mojoin.com/novels/645,"如有雷同純屬巧合

他是人人痛恨的九千歲，心狠手辣，兇殘狠毒，媚上欺下，禍亂超綱，聖上寵信他，妃嬪討好他，太子殿下誓要除掉他，群臣恨不得噬其骨啖其肉。 奸佞拉攏他 賢臣要殺他 百姓看不起他 他就是別人口中的亂臣賊子，人人得而誅之。 然而即使這樣他卻依舊得到了一份想都不敢想的情感，那抹冷香依舊不離不棄，隱隱約約，始終圍繞著他，像解藥卻又好像帶著毒，讓他瘋狂。"
攝政王，你家王妃又跑了,一隻莫噠啦,愛情,完結,0,吾里文化,BG愛情,,,,,https://mojoin.com/novels/511,"京城中，從閨閣千金到買花姑娘無人不知，內閣第一謀臣風霽白風大人貌比潘安，芝蘭玉樹。
傳言傳到某位殿下耳中，他嘴角勾起一抹笑，折扇遮臉露出一雙桃花眼，玩味道：「那我豈不是得見見這第一美人是什麼模樣。」
幾個月後，有下人哆嗦著對風霽白說：坊間裡……說您有龍陽之好。」
「啪」風霽白踩在被她震碎的門框上，惡狠狠道：……"
辰情如故,_沉默寡言JY,愛情,完結,38,吾里文化,BG愛情,,,,,https://mojoin.com/novels/481,"活了20年從來不知道愛一個人和被愛是什麼感覺。
就因為一個局，改變了她人生的道路。
她賭她的經驗卓絕；
他賭她的年輕氣盛；
結果，她連人帶面子輸給了這個霸道的男人，毛都沒剩！
至此，他圈著她，寵著她，佔有她，時時刻刻提醒她誰是她的男人，直至她一顆芳心終許，卻發現真相原來遠比現實殘忍……
狹路漫漫，人海蒼茫"
大婚晚成：律師大人惹不得,半箋淸墨,愛情,完結,0,吾里文化,BG愛情,,,,,https://mojoin.com/novels/435,"一個是暮城設計公司的實習設計師，一個是獨自闖蕩開辦事務所的大律師。
「好久不見」當他輕聲說出這就簡單的問候語時。
她卻啞口無言。

十一年前，他是她最信任的人。
十一年後，她卻對他百般拒絕。

「如果不愛他，就放開他！」那個小小的助理與她當面談判， 「洛傾眉，我求求你，能不能活的自私一點，多為自己考慮一下！」閨蜜罵她。 「洛傾眉，今日，你讓我失去所有，他日定當讓你身敗名裂！」競爭對手也威脅她。 無論別人如何看她，在他的心理，永遠只有一個洛傾眉：「傾眉，今後，一切有我。」 眉間一輕皺，所有消愁盡勾銷。一切皆為人間淡淡。

 她的心，只想設計一生的美好。卻總有人容不下她。她不爭，卻免不了她人的陷害。她不搶，卻有人總想搶她擁有的。 「穆青雲，我求求你，離我遠一點吧！」為了不給他添加麻煩，她吼他。 他卻擁她入懷，一紙法律文書啪的拍在桌上：「我偏不。這一輩子，就要這麼護著你！」"
喜你白晝如焚,言多bi池。,愛情,完結,0,吾里文化,BG愛情,,,,,https://mojoin.com/novels/344,"季晨遠是我的青梅竹馬。
他比我大三歲。
得知我出軌那天，他把我按在沙發狠狠懲罰。
季晨遠說：「陸希，你跟別的男人時，也特麼這麼疼？」
然後，二十年情分，我們還是離婚了。
我提的。
……
後來，我用半條命給他換來一個兒子……
再後來，我用另外半條命給他換來一個女兒……"
賢妻天降：夫人姍姍來,君驍,愛情,完結,0,吾里文化,BG愛情,,,,,https://mojoin.com/novels/337,"一睜開眼，藍雨晴就懵逼地發現自己趕上了穿越的潮流，然而不同的是，別人家的穿越的設定是名門閨秀，貌美如花，美男傾心，各路癡情男主男配為她爭風吃醋，大打出手。
可是為什麼設定道她這裡就變成了，侯府毒婦，殘害夫君，虐待孩兒，人人喊打。臭名遠揚！
藍雨晴很崩潰，原主這是想讓她死呢死呢還是死呢？
然而事實證明，原身既然連自己都能搞死，搞死她又有什麼奇怪的呢？
於是藍雨晴只能挑起革命的大旗，與反派小叔鬥智斗勇，為自己的苦逼夫君尋醫問藥，智鬥各路突然跳出的牛鬼蛇神，調教自己的便宜娃子，誓要將自己的……"
鹿先生眼中有星辰,辰時溪,愛情,完結,2,吾里文化,BG愛情,,,,,https://mojoin.com/novels/216,"世人都說，冷酷無情的鹿南琛只對蘇淺淺一個人溫柔備至，有求必應。
曾經，蘇淺淺也這樣覺得。
她最美好的年華里，刻滿了「鹿南琛」三個字。
但是，當她差點葬身火海之時，他卻挽著另一個女人的手在媒體面前宣布訂婚。
原來一場驚天動地的寵愛，只不過是他設好的圈套。
時隔二年，命運安排的重逢，猝不及防。
蘇淺淺：我來就是報復你。

鹿南琛看著面前淺笑的女孩，他知道，一場痛苦的折磨來了"
世間終你最好,沈青荷,愛情,完結,0,吾里文化,BG愛情,,,,,https://mojoin.com/novels/160,"許慕秋的人生，以八歲為界。
八歲之前，她是許家刁蠻任性的大小姐許彎彎。
八歲之後，她是梁西澤手上最有用的棋子，是名動榮城的名媛許慕秋。
一場大火，她失去雙親，他失去雙腿。
八歲到二十歲，她的世界，住滿了一個叫梁西澤的人。"
一品皇妃：王爺寵不休,忘川公子,愛情,完結,0,吾里文化,BG愛情,,,,,https://mojoin.com/novels/153,"初次見面，他被人追殺，她捨命相救。
他說，救命之恩沒齒難忘，待大仇得報之日便以萬里河山為聘，護她一世周全。
只是到那時，他是高高在上的冷皇莫玄燁，而她卻是戰敗國的和親公主，跟他有著血海深仇。
「虞凝衣，你最好活著，否則你欠我的債誰來還？」 面對他的百般折磨，她曾多次想將真相說出，只是她虞凝衣賭不起！ 那年冬天，她終於瘋了。
他站在冷宮外深情告白：「虞凝衣，朕後悔了！這江山社稷朕不要了，朕這就帶你離開，從此千山萬水我陪你！」"
禁慾系男神,七懶,愛情,完結,0,吾里文化,BG愛情,,,,,https://mojoin.com/novels/133,"徐可恩覺得自己這輩子做的最對的事就是將顧盛白征服。
死皮賴臉強吻加幻想YY他。
……

片段一：「同學，打球呢，這天氣悶熱的了，需不需我幫你買買飲料之類的，或者是遞一下毛巾。」當徐可恩頭腦發熱跟顧盛白搭話時，卻換來禮貌疏離的「不用」二字。而她沒出息的捂臉跑了。
片段二：「我叫徐可恩，跟你同屆的，還有，我……我喜歡你。」第二次見面，徐可恩下意識就跟顧盛白表白了，可沒等顧盛白有所反應，她又捂著臉跑了。
片段三：「我能追你嗎？」第三次見面，徐可恩臉皮厚厚的追問，得到……"
花開是美，花落是醉,子安,愛情,完結,0,吾里文化,BG愛情,,,,,https://mojoin.com/novels/130,"夏涼從沒想過，自己有一天會喜歡他，更沒想過他會離開自己。
她想，她是恨他的。
她也知道，很多事情或許是迫不得已，或許是一場陰謀，或許他們正被掌控在別人手裡。
可是，傷害了就是傷害了，忘不了就是忘不了，她的心沒那麼寬，有些事，她就是能記一輩子。
她應該是自由的，夏涼沒想到自己剛從牢獄中出來，又跳進了一個陷阱。
囚禁的遊戲，她一點也不想玩。
純潔的天使又怎樣？她要這翅膀有何用？就把潔白的羽翼染黑，一起墮落到地獄去吧。
如果離開與在一起都不能善終，那就毀滅吧。"
感謝你，溫暖我的小時光,山風旅人,愛情,完結,0,吾里文化,BG愛情,,,,,https://mojoin.com/novels/127,"十二歲，她車禍，他主刀，她被從死亡線上拉回，他創造又一個手術史上的奇蹟。
他將她從黑暗中解救，從此，他多了個小拖油瓶，她的夢裡卻生出了花。
十八歲，她獻身被拒。
感情的世界裡，不知如何就變了質；也不知從何時開始誰就動了心。
直到她一路險象環生，他一生隱忍守護。"
嫡妻有謀,安涼,愛情,完結,0,吾里文化,BG愛情,,,,,https://mojoin.com/novels/113,"她生而尊貴，桀驁不馴，然而她卻命運多舛，自己幾欲斷命，父親被砍頭，母親生死未卜……
拖著千瘡百孔的軀體，王者歸來！
王爺凶狠，賞你一劑千羽鴆毒。
皇上狡詐，設計剝去他偽善皮！
夫君藏匿，看我如何一層層解開你的外衣。
他一臉邪魅，俯身而下……"
我的徒弟是妖神,文越,愛情,完結,0,吾里文化,BG愛情,古代,,,,https://mojoin.com/novels/499,"第一次見她，她正被同族追殺，血污的身子匍匐在她的腳邊求他救她。
第一次讓他驚訝的是，年少的她用稚嫩的肩膀背著他走了十幾里，不曾喊過一次苦。
他做夢也沒想到，有一天她會當著所有人的面，大聲宣告，她喜歡他，即使那樣會被趕出山門。
他是對不起她的，趕她出山門，不成想激發了她體內壓抑已久的妖力，體內的神力成為人人搶奪的目標，陰謀，虛假，兇殘，逃跑的路不曾停歇，他能否找回她心愛的徒弟？終止這無休止的殺戮？"
愛時心動如初,方聽白,愛情,完結,0,吾里文化,BG愛情,,,,,https://mojoin.com/novels/458,"嫁給他，是投入身心的一次豪賭。
大雨那夜遇上他，是她的意料之外。
醉酒後的他緊摟著她，卻是叫著別的女人名字，對她說：「我們結婚……好不好？」

……

都說酈城厲二少風流成性，涉「獵」極廣，偏偏在娶了童苡之後，逐漸斂了脾性。
有人羨慕說，她雖眾叛親離，卻換來了他無盡的寵愛。
只有她清楚，枕邊人的那顆心，從來都不屬於她。"
狐仙夭夭,木子白衣,愛情,完結,0,吾里文化,BG愛情,,,,,https://mojoin.com/novels/446,"若是這一世我們注定相見，為仙為魔，成仙入魔，我都會為你刀山火海，披荊斬棘，只為那上一世的一時貪念贖罪。
若是愛一個人有罪，那我願意罪孽深重。

即使與天鬥與地鬥，也要再次擁你入懷，一起看千葉桃花勝百花，孤榮春軟駐年華
桃之夭夭，灼灼其華。

不等萬世芳華，只為那眉間的一眼萬年。"
毒女來襲，鬼王請淡定,文越,愛情,完結,0,吾里文化,BG愛情,古代,,,,https://mojoin.com/novels/419,"誤打誤撞的撿到一顆看似普通無奇的珠子徹底改變了趙水心的命運，被一隻鬼惡整，陪他出生入死，尋找殺死他家族的仇人！
一路被人追殺陷害，險些丟了趙水心的小命！
憑什麼！這和她有何關係！拍拍屁股走就好啦！
最後的最後才發現，原來朝夕相處，她已經放不下這隻鬼了！
那陪他一生一世也不錯！
誰讓他長的那麼好看呢"
掠情奪愛，總裁蓄謀已久,公子漫漫,愛情,完結,0,吾里文化,BG愛情,現代,,,,https://mojoin.com/novels/331,"放肆版——
慕淺剛回國就遭變—態綁架，抱著清清白白睡一晚後，又原封不動送回她家。
慕淺第一次掙扎第二次掙扎，第三次已經放棄治療了。
她說：「可能是因為我美。」
作為經紀人的宋舒附和著點頭。"
步步撩人：皇后不好當,文越,愛情,完結,0,吾里文化,BG愛情,古代,,,,https://mojoin.com/novels/203,"因為一張醜臉，她成親當場被秦王打入冷宮，成為眾人眼中的一場笑柄；受盡磨難她遇到改變她悲慘命運的貼心暖男，兩人互生愛慕之時卻被秦王橫刀奪愛成為彼此的過客；
前有強敵虎視眈眈，後有情敵磨刀霍霍，相愛相殺，彼此戒備，彼此試探，兩顆堅硬的心，最終打破戒備，成為彼此的牽絆，她同真情與聰慧贏得了秦王的尊重與愛護，打開了自己的一片新天地。
披荊斬棘，她踏血歸來，用一生智慧，成為烽火大陸充滿傳奇色彩的鐵血皇后。"
崇樓如故,vivi薇安,愛情,完結,0,吾里文化,BG愛情,,,,,https://mojoin.com/novels/735,"眾人皆知，江北名尉沈崇樓寵愛沈如故到了令人髮指的地步。
他縱容她的驕傲，不許任何人踐踏她的自尊，單槍匹馬深入險境，只為護她周全。

可他也親手給她「你這麼希望我嫁給他？」
再見，她跪在他面前，苦苦哀求：「只要你救他，我什麼都願意給。」
他冷笑著捏住她的下巴：「沈如故，你好樣的，為了他，你竟連自尊都可踐踏在腳下。既然如此，送上門的不要白不要。」

眾人皆道：紅塵素錦，崇樓如故。
家國天下，本是他的抱負。"
戀戀不忘，戎少忙追妻,于紫陽,愛情,完結,7,吾里文化,BG愛情,,,,,https://mojoin.com/novels/714,"16歲那年，我與他相遇，從此暗戀成癮。
22歲時，一紙合約，我是他三個月的情人。
三個月後
他：我要續約。
我：不續。"
似是故人來,vivi薇安,愛情,完結,0,吾里文化,BG愛情,,,,,https://mojoin.com/novels/701,"她親手毀了自己的清白，只為成為謝靈均的妾，他卻讓她成為妻。
明知道她壞到骨子裡，謝靈均仍舊給盡了她寵愛。
當詭計層層解開，他將她壓下怒不可支：「台上唱戲，台下演戲，是不是忘了做妻子的本分？」
前有狼後有虎，她在愛情裡泥足深陷。
蕭銘庭卻當著謝靈均的面，掐住了她的脖子：「我養你到十八歲，不是為了讓你把心交給一個病秧子。」
後來，他們教會了她……
什麼叫做，情深不壽，慧極必傷。"
餘生與你糾纏,七懶,愛情,完結,0,吾里文化,BG愛情,,,,,https://mojoin.com/novels/696,"十八年的獨愛與偏執，換來的只不過是他的一句，「我只把你當妹妹！」
她的一步步靠近，得到的是他的一步步後退。
她踩著步伐緊緊跟隨，卻忘了給自己留下餘地。
當她遍體鱗傷想轉身逃離時，姜暮勳卻攥緊她的手腕，薄涼的唇吐出含狠厲的話，「顧盼西，我給過你機會逃跑，是你選擇接近，現如今你休想逃，我絕對不會允許！」
她恨他，恨他的滿腹心事，恨他對她的顧忌，卻不在她最勇敢的年華，選擇她。"
他來時溫如故,七懶,愛情,完結,3,吾里文化,BG愛情,,,,,https://mojoin.com/novels/685,"童故晚出獄沒多久，為了還清債務，就準備把自己嫁了。
相親第一天，才發現相親對像是一個坐著輪椅的男人？！
………
「溫先生，我想，大家還是不要浪費時間了，畢竟我沒必要耽誤你。」

她言下之意是這場相親沒必要再繼續下去了，畢竟她一開始想要相親的動機就不純，他卻好像扭曲了她的意思。
「童小姐是嫌溫某雙腳殘疾？」

童故晚深吸的一口氣被他問的一噎，微瞪圓的杏眼有些僵。
「……我不是那個意思。」
「溫某雖然雙腳不便，但能護童小姐下半輩子無憂。」"
早見晚愛,一代萌神,愛情,完結,0,吾里文化,BG愛情,現代,,,,https://mojoin.com/novels/683,"【那天，晏夙錦以丈夫的名義，親手將她的毀在了手術台上】

當她滿心歡喜嫁的男人，毀了她的家族企業，逼死了她的父母，斷了她的右腿，她才終於明白：
自己傾了一顆心愛的男人當真如罌粟，越是好看，越是狠毒！
妹妹挑起她的下巴，笑得美艷：「姐姐，我懷了姐夫的孩子，三個月了呢！」
三個月前，是他送給她盛世婚禮的日子。"
顧盼流連,Ms.疏影,愛情,完結,0,吾里文化,BG愛情,現代,,,,https://mojoin.com/novels/680,"從救命恩人到監護人的跨度有多大？
顧沁以為這是慕連城對她的憐憫，實則，原因另有其他。
慕連城救她於水火之中，她以為亦有其他原因，卻不知……

[顧盼流連，如時光擱淺，是重逢亦如初見。]"
歡情盛寵：陸先生的密愛情人,_沉默寡言JY,愛情,完結,3,吾里文化,BG愛情,現代,,,,https://mojoin.com/novels/623,"陸黎琛摟著奚遙的腰，在她耳邊低語：「小遙，只要你聽話，便什麼都給你。」
起初她只是陸黎琛在拍賣會上買來的玩物，給她盛世榮寵。
她對他言聽計從，愛由心生。
當她發現一切都是浮華一夢，拼命逃離的時候。
男人邪魅一笑，抬起她的下巴：「小遙，這麼想離開我，可沒那麼簡單。」"
人間至味是清歡,Ms.疏影,愛情,完結,0,吾里文化,BG愛情,現代,,,,https://mojoin.com/novels/619,"她接近他，只因他是害死她妹妹的兇手。
她曝光他的床照，破壞他的婚約，無所不用其極。

報復的目的達到，她想全身而退時卻被他霸道扣在懷裡。
她冷然道：「你說我是雞，你下不去嘴。」
他攏好她額前的碎髮：「我想換換口味，不可以嗎？」

千帆過境。
她始終忘不了他說過的那句話——
沈清歡，人世間最美好的事情就是有了你。"
星光熠熠，許你此生,_沉默寡言JY,愛情,完結,0,吾里文化,BG愛情,現代,,,,https://mojoin.com/novels/612,"她本是璀璨的名流巨星。
卻卑微的愛著一個對她冷淡入骨，只知道佔據她身體的男人。
他們本是青梅竹馬，男人卻誤愛著她的姐姐。

當她覺得這些都是錯誤，想要回頭的時候，她卻以墜入了萬劫不復的深淵。
她挺著碩大的肚子和嚴斯翰說這是他的孩子。
男人卻勾起唇，涼薄的開口：「我的孩子？慕千葉，你以為自己是什麼東西，和哪個野男人懷的野種，還想冒充是我的，要不打掉，要不生下來送人。」

當她那個已經證明死亡的姐姐歸來時。
男人勾著嘴角，摟著身邊艷麗嬌嬈的女人對慕千葉說：「千葉，你姐姐回來了，你可以滾了...」"
似璟年華，鬱少暖暖愛,_沉默寡言JY,愛情,完結,0,吾里文化,BG愛情,現代,,,,https://mojoin.com/novels/398,"她叫藍璟，妙齡的繪畫老師，才華橫溢，浪漫天真。
他是年輕有為的企業總裁，雷厲風行，不苟言笑。
沒有交界線的兩個人，意外偶遇，自此他們的生活發生了翻天覆地的變化。

遇見他，不知道是她的幸運還是不幸。
她似錦年華都用來愛他。
他默默無言的守護著她。
追逐著遙不可及的愛情，傾盡所有只想聽到一句「我愛你」

那場初遇，讓男人對她有著言不由衷的想法。
事情往往和初衷有所不同。
愛與不愛，往往都是抉擇。"
餘生很長，你最難忘,一朝一暮,愛情,完結,0,吾里文化,BG愛情,,,,,https://mojoin.com/novels/126,"顧青山是明動本城的貴公子，萬花叢中過，片葉不沾身，每次聽到這些孟輕歌只是一笑而過，可是她不知道的是，唯她最深得顧大少爺之意，卻也只有她最不識抬舉。
表妹早戀，初戀對象竟是已故男友的弟弟，是青澀的初戀，還是蓄意的報復？
復仇，陰謀，痴戀，在命運之前，誰都不能全身而退。"
戀愛心理學,鬱兔,愛情,完結,251,作者授權,戀愛,失戀,,,,https://mojoin.com/novels/1103,"人在成長過程之中，或是情感的受挫經驗，都可能造成心理陰影，導致未來在遇到新對象等狀態時，會有一些連自己都沒意識到的行為……逃避依戀、依戀焦慮，都是很好的例子，甚至還有綜合體的產生。

情同姊妹，自學生時期就一直是好友的三位都市女子，該如何攜手面對各自的感情難題呢？
面對失去的感情，又該如何面對？
在經歷過失去之後，能不能再鼓起勇氣去愛？

＊失戀人必讀＊女孩間的情誼＊表現愛情的不同階段
之前經歷過一些事情之後，看了許多相關文章與書，進而整理並且以說故事的方式，想分享給在感情中困惑，以及經歷失去正在療傷中的你，也許可以從這個故事中找到一些慰藉與答案。"
帶刺薔薇,鬱兔,愛情,完結,0,作者授權,戀愛,現代,,,,https://mojoin.com/novels/808,"曾經相信真愛，卻被傷得遍體鱗傷。
也許有人可以仍然無所畏懼地去愛，但並非所有人都如此堅強。

梨花隱藏自己的脆弱，冷眼看著這些自來獻殷情的男人，就等著他們露出真面目的時候再一舉狠狠擊潰。
也因此，她在男人眼中彷彿一朵嬌豔欲滴，卻又渾身是刺的薔薇，想一親芳澤，卻又害怕被刺傷，梨花也樂得輕鬆，雖然她也很喜歡擊潰壞男人時的那種成就感。
但彷彿惡作劇般，有個人癡心守候著，怎樣都趕不走……

梨花會淪陷嗎？
這次，是真愛嗎？又或者是更高端的渣男呢？"
古埃及王的祝福,鑽石心,愛情,完結,10,原創星球,穿越,古代,,,,https://mojoin.com/novels/1101,"沒錯！！這是穿越！ 來到這裡她只能先想辦法求得免死。
低調！低調！再低調！ 無論如何，艾莉亞只想趕快回到現代啊！ * * * 一塊古埃及的刻寫板改變了艾莉亞的命運， 不認命，不放棄的她，試圖重新拿回自己人生的主導權 但偏偏老天似乎特別愛捉弄她，總是……

（她是我的，只能屬於我。）埃及王看著台下的艾莉亞，心中湧起一股強烈的慾望。

就在此時，艾莉亞也正目不轉睛的盯著台上的埃及王，只不過心裡想的卻是……
這位仁兄，您到底是哪位啊？"
親愛的，讓我借住幾晚吧？,哩哩呱哩,愛情,完結,363,原創星球,搞笑,奇幻,,,,https://mojoin.com/novels/1054,"✦日常✦BG✦HE✦喜劇

✦封面繪師：唯莎

17歲準考生張曼楠在家門前晴天霹靂。
她那對愛環遊世界的笨蛋爸媽，
一通越洋電話過來，送給她一個天降系遠房表弟！
眼前金髮碧眼的依伙怎麼看怎麼有問題，
她只好到戶政事務所調資料戳破謊言，
這才發現，跑到家裡蹭吃增的根本不是人，而是如假包換的吸血鬼啊！
哼，管他是吸血鬼還吸血蟲，在她的地盤上就要聽她的！
首先就從『生活公約』開始……

"
戀愛依存大小姐的一百種撩哥術,不眠不咻,愛情,完結,623,原創星球,戀愛,現代,,,,https://mojoin.com/novels/892,"希望平平淡淡平平凡凡過一生的帥哥警草 x 重度戀愛依存症的妖精千金大小姐
視言情小說為人生寶典的千金大小姐－曼莎莎，遇上只渴望平凡的超級務實派警察－高綱
當曼莎莎抱著她如金字塔一般雄偉的戀愛寶典，思索著如何將眼前的帥哥警草把到手的同時，高綱只能默默地躲在警局

瑟瑟發抖的喊一句：「求放過QQ」
一場仙女追逐凡人，妳追我跑、妳再追我再跑的戀愛喜劇即將拉開序幕！"
堤門諾斯,竟然,愛情,完結,0,原創星球,奇幻,,,,,https://mojoin.com/novels/597,"這是一個女主一直想把男主燉湯喝的故事。
被邪魔士兵嘲笑後，才驚覺原來我手中的生物是魚！
書上說，多吃魚對身體好。
我一定要把這條魚帶回去給弟弟燉湯喝！
寸草不生的堤門諾斯大陸，被世界遺忘唾棄的人族之後，順手撿了路邊的「食材」想給重病的弟弟補補身子，沒想到就此攤上了自己的命定……
------------------------------------------------
謝謝大家來看我廢話廢話～
有任何感想或指教都歡迎留言給我喔～
你們的留言是我最大的動力︿︿
FB粉專：竟然"
這一次，我會好好喜歡你,熟魚片,愛情,完結,0,原創星球,校園,,,,,https://mojoin.com/novels/570,"「可以請你，和我約會嗎？」

名為春咲的美少女突然出現在眼前，向身為大一新生的我、凌勝和，提出了約會邀請，並且馬上展開了初次見面的兩人之旅！？
可愛的外貌、充滿活力的朝氣，以及那令人無以名狀的怪異行徑，春咲就像一台特快列車般拉著我飛馳，帶我衝進了『她』以及『他們』的過往，為這個充斥蟬鳴和汗水的夏天，增添了一絲荒謬和青春的氣息……"
躍蓬萊,右璇C,愛情,完結,0,原創星球,冒險,架空,武俠,,,https://mojoin.com/novels/296,"仙人弟子楚咲，奉命下凡尋找被盜走的至寶，意外邂逅了體弱多病的皇子藍禎。
而人世間的形形色色，也喚醒她心中最沉痛的記憶。
最終，這一切的一切，都將決定她要繼續留在仙界，還是就此成為一個凡人……"
星黑戀影,沫晨優,愛情,完結,2,原創星球,懸疑,,,,,https://mojoin.com/novels/189,"【2009-2012年作品】 故事成份：愛情、殺手、懸疑 * * * 「我要讓你的那個預言，成為你第一個失敗的預言， 　我絕不會讓彥和我的悲劇再次發生在我們的後代身上。」

星亞依，星氏家族唯一的繼承人，擁有眾人稱羨的頭腦與美貌， 卻深不知在那張甜美微笑底下的她，是位冷酷絕情的殺手。
她原以為自己不會再信任任何人，直到一次任務，加入了學校的偵探社， 認識了他們，她第一次試著去相信一個人， 甚至在心中發誓無論如何都要保護這份真摯的感情…… 然而到頭來卻發現，一切都不過是一場空……
同時，也才明白了父親的那一句，真正意思。 不是家規，也不是命令，而是──
告誡。

──可以愛人，卻不能完全信任人。"
羽落北辰,執光,愛情,完結,0,原創星球,戀愛,,,,,https://mojoin.com/novels/21,"【2012網遊原創故事】
以北都為舞台，說一個有笑有淚的甜寵網遊故事。
主CP：腹黑狐狸 X 吃貨貓兒
副CP：狼性幫主 X 御姐副幫、忠犬男神 X 高冷青梅
* * *
封面製作：秣梣

文案： 血誓，歃血為盟，兄弟為命。 在快意江湖online這款線上遊戲，血誓幫派裡個個都是PK榜上高手，只有一個對外是不管人不管事也不管PK的三不管副幫，洛羽熙在PK場上沒沒無聞，卻偏偏是江湖中眾多幫派爭相挖角的當紅炸子雞。
對於這些挖角人士，她原本是當耳邊風聽聽就算了，怎料自家幫會裡的另一副幫，擁有遊戲中超高人氣的大神北辰旭在天下來了一次霸道強悍的真情告白，同時又扯出另一個對她死纏爛打的女人，更是在幫會大家現實見面後發現一個多年未見，現在想甩卻甩不掉的人。
GOD！她的桃花債是可以再多一點、再爛一點啊！
都說一個腐女可以帶壞另一個女人，而兩個腐女則可以帶歪一個男人……
他們幫裡的腐女可不是一個兩個而已，是一整個團的，而且，還是整個遊戲伺服器赫赫有名，瞧！這下就有人歪了，就算她在遊戲裡玩的是男角依然對她深情無悔。

某狐狸的心聲：
如果妳只對走進妳心裡的人綻開真誠笑靨，那我，不只要走進妳的視線，更要走入妳的生命，一輩子，不放手。"
絕色靈音師,墨妲妲,愛情,完結,110,吾里文化,古代言情,女強重生,,,,https://mojoin.com/novels/3820,"【雙強+1v1+全新玄幻等級+扮豬吃虎超反轉打臉！ 】
「強者穿越還能被一群弱雞給害了不成？」
慕大佬一朝穿越，先是手筋被挑，識海被挖。
原身魂飛魄滅，靈音之凰降世，隻手定乾坤！
靈音起，萬獸臣服，醫毒無雙，萬物可破！
臉上那醜陋的疤痕更是讓她扮豬吃虎，一路打臉啪啪！
不小心招惹上的大美人帝音大人寵她至極……總之是要什麼給什麼，就喜歡她這種醜的。
慕大佬也不敢問也不敢說，只好跟在帝音大人身邊當個需要保護的女孩子。 
熟知內情的：……我嘔！"
如果社恐，就去夾娃娃吧,吐維,BL耽美,連載,2446,獨家原創,台味BL,社恐房東,霸氣刺青8+9,機台比賽,,https://mojoin.com/novels/3794,"「廖隆基，我可以跟你打個賭嗎？」
「要賭什麼？錢嗎？」
「賭你的人。如果我贏了比賽，就請你跟我正式交往。」

廖隆基自小混跡電子遊戲場，
因夾娃娃技術高超，被一眾夥伴稱為「爪皇」，
而丁爺開設的娃機店，則是廖隆基與夥伴們的聚集地。

五年前，廖隆基為了當時的男友，拋下一切去到另一座城市，
五年後回來卻人事已非、夥伴四散，丁爺的娃機店更面臨生存危機，
不僅生意冷清，房東孔一色還因看不起娃機店而不願續租。

為了留住丁爺的娃機店，廖隆基重新聚集過去的夥伴，
共同參加機台大賽，企圖奪得冠軍獎金一百萬。

目睹廖隆基隊伍通過初賽的艱辛過程後，
或許是熱血被激起，或許是被廖隆基眼底那道不肯熄滅的光所吸引，
孔一色改變了心意同意續租，但有兩個條件——
一是贏得比賽，二是讓身為夾娃娃菜雞的他也加入比賽隊伍……"
深眠,依讀,BL耽美,連載,6157,獨家原創,BL,人格分裂,催眠,,,https://mojoin.com/novels/3763,"──總有一個人，會讓你變得完整。

謝雲濤的體內住著許多不同的人格，
每當世間的惡意加諸於他，便會有某個人格代替他去承受那些苦痛，
但也令他的記憶出現無法填補的空白，難以正常生活，
他並不想這樣活著。
 
醫院院方宣稱可以透過催眠，為他整合所有人格。
而謝雲濤以為，催眠師蘇新和過去試圖治療他的那些人一樣，不可能拯救他，
沒想到，蘇新卻慢慢將他破碎的靈魂拼湊了起來……"
寵物關係,雨墨濂,BL耽美,連載,20698,獨家原創,溫柔病態功 X 失禁迷茫受,囚禁,雙向奔赴,,,https://mojoin.com/novels/3734,"夢想被奪走，唯一的親人也逝世了，
沈星燭日日沉溺在酒精中，如行屍走肉般地活著。

 
某個夜晚，酩酊大醉的他，來到海邊想結束自己的生命。
隔天他卻在陌生的房間裡醒來，渾身赤裸，
脖子上多了一只黑色項圈，身邊圍繞著各種寵物玩具。

 
禁錮他的男人居高臨下地望著他，笑得溫柔而殘酷──
「反正你都不要了，這條命就給我吧。」
從這一天開始，他連選擇自己生死的權利都失去了。"
偷偷養,冰殊靛,BL耽美,連載,25314,獨家原創,戀愛養成,現代輕奇幻,犯罪懸疑,,,https://mojoin.com/novels/3709,"萌萌絕美海怪攻 x 高冷黑道小少爺受
#BL #戀人養成 #現代輕奇幻 #犯罪懸疑

夏迎安是父親偷偷養在外面的私生子，
而海怪黎澈，則是夏迎安偷偷養在家裡的尋人工具。

被迫成為別人的祕密是什麼感覺，夏迎安再清楚不過了，
但他別無選擇，他需要黎澈的異能，替他從茫茫大海中找回心上人的屍身。

化為人形的黎澈，容貌絕美，性格懵懂天真，處處笨拙地討好夏迎安。
黎澈觸動了夏迎安心底最柔軟的一塊，漸漸無法只把黎澈視為工具，
然而，黎澈之所以來到夏迎安身邊，其實另有所圖……"
叛逆玩家,花於景,BL耽美,連載,423657,獨家原創,BL,無限流,生存遊戲,爽文,不按牌理出牌才是王道,https://mojoin.com/novels/3279,"《叛逆玩家01》實體書已由魔豆文化出版 💕
各位小冰棍趕快入手吧🧊

♠︎
都市傳說瘋狗攻 × 盛世美顏反差受

如果王位只能有一座，那必須是我的。

林慕突破了「十層地獄遊戲」的第一層關卡， 而緊隨著開啟的第二層關卡，場景換成了校園。
在這個校園，成績攸關生命，若未能及格被逐出校門就會死亡。 同時，每個人所持有的撲克牌都重新洗牌， 意外的是，「頑皮兔」李真拿到了低階撲克牌，能力再強也將受限， 其他獲得高階牌的玩家無不因此蠢蠢欲動，林慕卻隱隱感覺，事情沒那麼簡單……

「慕慕，你一點都不擔心我嗎？」
「擔心？你還需要人擔心？」
「不擔心的話，可是會吃大虧唷。」"
無瞳之眼02,風花雪悅,BL耽美,完結,195,三日月書版,BL,耽美,懸疑,警偵,,https://mojoin.com/novels/3796,"懸案的迷霧籠罩著黑暗

正義小警察╳神祕大作家──高潮迭起的懸疑篇章再掀波瀾──

徐遙記憶中的惡夢，讓越來越多線索串聯成線。彷彿有一雙看不見的手，正殘酷操縱著眾人心中名為「罪惡」的野獸。
而在探詢真相的過程中，李秩也逐漸發現，自己似乎對徐遙產生了一種莫名的悸動……

惡魔在暗處不斷低語，在那些失去瞳孔的眼睛之中，究竟還藏著什麼無法傾訴的怨與恨？"
我從遊戲中喚醒的魔王是廢柴1：新任務：美麗魔境,子陽,BL耽美,完結,47,三日月書版,BL,腐,遊戲,奇幻冒險,,https://mojoin.com/novels/3786,"暢銷人氣腐系作家子陽╳超人氣繪師白夜BYA聯手出擊！
這個遊戲有毛病！不僅劇情黑白來，隊友還說我是毀滅現實世界的大魔王？？

遊戲代號「旺柴」的新手冒險者少年有一天收到工會來信，邀請他解開「吸血鬼王誘拐青年入後宮」之謎。他接下了救出青年的任務，但沒想到「副本劇情」全亂了套！任務信上的「青年」變成小男孩，原本應該是拯救對象的青年還變成了吸血鬼王？？——這遊戲有什麼毛病？說好的柔弱青年呢？

千均一髮之際，一位代號「夜鷹」的神祕美男救了旺柴！兩人的友情指數因此升高，隔天一起接下了一個任務副本。闖關副本卻意外失敗，夜鷹更對旺柴說：「你這個大魔王！是你毀滅了我的世界，你要對我負責！」

旺柴：「0.0？？？」——你在開我玩笑嗎，我只是一個小菜雞，怎麼可能會是毀滅世界的大魔王？！"
創傷後戀愛症候群,李勤英,BL耽美,完結,11,原創星球,耽美,溫馨,成長,青春,暗戀,https://mojoin.com/novels/3783,"《霸凌者的告別式》續作
帶著相同創傷一起成長的張德皓與羅世傑，是摯友，又更像是形影不離的家人
當其他人介入了這看起來堅不可摧的關係時，卻彷彿泡沫般一觸即破
愛情如果成為創傷的彌補，還是它本來的樣子嗎？

若想更了解兩位主要角色的心境，歡迎閱讀兩人高中時的前作故事《霸凌者的告別式》《霸凌者的告別式》續作
帶著相同創傷一起成長的張德皓與羅世傑，是摯友，又更像是形影不離的家人
當其他人介入了這看起來堅不可摧的關係時，卻彷彿泡沫般一觸即破
愛情如果成為創傷的彌補，還是它本來的樣子嗎？

若想更了解兩位主要角色的心境，歡迎閱讀兩人高中時的前作故事《霸凌者的告別式》"
無瞳之眼01,風花雪悅,BL耽美,完結,306,三日月書版,BL,耽美,懸疑,警偵,,https://mojoin.com/novels/3766,"暗伏的惡魔窺視著獵物

正義小警察╳神祕大作家
高潮迭起的懸疑篇章正式拉開序幕──

看見喜愛之物，人的眼睛會放大；
看見厭惡之物，則會把目光移開；
而失去生命之人，瞳孔只能不受控制地被迫接受眼前的一切……
徐遙說，這就是死不瞑目。
李秩卻說，那是死者向世界發出的最後一聲求救。

 作為足不出戶的網路小說家，
徐遙從未想過自己會成為謀殺案的主角；
身為認真負責的警察副隊長，
李秩也沒想過，有一天會和喜歡的作者一起，
被迫捲入一連串詭譎的事件之中。
 
看似意外的案件處處暗藏玄機，
當筆下的文字一一化為現實，
難道這一切，不僅僅只是巧合……？"
天明前，為翊天之辰星,閒魚乾,BL耽美,完結,1,原創星球,新手上路,HE,手足,戰鬥,日常,https://mojoin.com/novels/3738,"原本和睦的義兄弟卻在某一年冬天突然反目，卻很巧的在八年後上了同一間大學、選了同一個科系，成為直屬學長學弟的關係。

「呦~真是冤家路窄，施大哥怎麼在這裡罰站污染了整棟樓的空氣？一出電梯還想說這裡怎麼特別臭。」即使林天銘說話陰陽怪氣，但他是許久不見的義弟，曾是我最想呵護的對象，比起一直形同陌路把彼此當空氣，我寧可選擇這樣的鬥嘴模式。

正當施翊天想著能一直這樣相處也不賴時，林天銘卻忽然失蹤。於是施翊天和友人一起潛入林天銘被帶進的酒吧裡的地下包廂，而義弟的身世和反目的原因似乎正在漸漸明晰……。"
初嘗禁果,多人合集,BL耽美,完結,2208,獨家原創,BL,GL,,,,https://mojoin.com/novels/3724,"～文學星同志驕傲月特企《初嘗禁果》炙熱登場～

人氣作家昨天KiNO、洛玥淺、貓草、怒放月光
四段熾烈的初體驗，四篇酸澀微甜的青春戀章

即使知曉是禁忌，我們仍唇舌交纏、肌膚相貼，
在灼熱的吐息間，一起品嘗酸甜交雜的初夜滋味。



【BL】昨天KiNO〈初夜的滋味〉
#BL #心因性味覺喪失 #出軌

對譚世傑來說，和學長的初夜是永和豆漿的味道。
雖然纏綿的記憶早已模糊，
但完事後他們一起吃蘿蔔糕加蛋的鹹香味，卻深刻得令人難忘。

學長喜歡騎車載著他，穿梭在大街小巷踩點各種美食小吃，
一邊說著「我喜歡你吃東西的樣子」，一邊用幸福把他養胖。

所以他從沒有想過，
學長也會載著另一個人去吃宵夜、在那人的唇印下帶有食物香氣的吻。

知道這件事後，他發現自己吃不出味道了……


【BL】洛玥淺〈執愛〉
#商場 #校園 #破鏡重圓

十年前，林耀辰和沈思衍曾經相愛，
年少的他們情竇初開，愛意如火，
卻因沈父反對而被硬生生拆散。

十年後，一場商業談判讓兩人重逢，
林耀辰沉潛多年，一舉重創沈家的企業，
只為了將繼承人沈思衍引出來，
以償當年未了的執念……


【GL】貓草〈原罪〉
#GL #教會 #不被祝福的禁忌戀情

在教會裡，大家都以兄弟姊妹相稱，所以允熙總是喚她「姐姐」。
從初次參加禮拜開始，姐姐就一直陪在她身邊，
她們一起在神的注視下禱告、唱詩歌、參與教會營隊。

不知何時開始，她們也會在狹窄的祈禱室悄悄地親吻相擁，
懷著隱密又刺激的罪惡感摸索彼此的輪廓。

直到她稍微長大後才瞭解，原來她們之間的關係，
在神和父母的眼中是種讓人憐憫的罪──


【BL】怒放月光〈大余的VIP小魚兒〉
#演藝圈 #寵妻影帝攻 #乖巧萌新受 #追星追到自己成明星 #一眼萬年

身為一個影帝，余新暢從來不懼任何劇本的挑戰，
只是他萬萬沒想到，這次要接拍的竟是部耽美電影──
他可是彎的啊，這太容易露餡了！

和他共演的男孩叫樂寧，雖是他的小粉絲，面對他卻不敢造次。
余新暢帶著對方讀劇本順臺詞練走位，也練習怎麼更親密，
畢竟演情侶嘛，怎能讓這孩子繼續對他畢恭畢敬？
於是兩人從牽手、擁抱開始，練習著練習著，便不自覺地想更加靠近……

「你的手好軟。」
「所以……下一步是什麼？」
「吻你。」"
偽娘直播中,程雪森,BL耽美,完結,31461,獨家原創,偽娘攻,反差萌,我的純情上司怎麼那麼可愛,,,https://mojoin.com/novels/3673,"張文森是個頗有人氣的遊戲實況主──男扮女裝的那種。
憑藉高超打扮技巧和變聲器，他頂著「薇薇兒」這個名字瞞天過海，沒人知道他不是女孩子。
而「薇薇兒」有個叫做Ark的鐵粉，每次直播都各種抖內支持，有天張文森卻意外發現，對方居然是他的上司，段克鈞！

在張文森眼中，段克鈞就是魔鬼上司，百般折磨下屬，
但化身Ark的段克鈞十分溫柔，甚至向「薇薇兒」傾訴心事，於是張文森決定利用這點，展開改造上司大作戰！
沒想到過程中，他逐漸發現了段克鈞溫柔的一面，不知不覺越陷越深，
可是他害怕，段克鈞喜歡的，只會是女孩子模樣的他……

「你敢保證你知道我的真面目以後，會繼續喜歡我嗎？」"
怪物結案報告,依讀,BL耽美,完結,138550,獨家原創,BL,輕懸疑,有貓就是正義,誰才是真正的怪物,,https://mojoin.com/novels/3136,"在這個世界上，存在本身超出人類常理，
需要加以研究和看管的物種，被稱之為「怪物」。

有的怪物寄宿在人類體內，有的怪物能夠化為人形，
而楚肖體內正好就寄宿著不明的怪物。
這個怪物讓他總是飢餓不已，渴求著更多的食物，
或者是──更多他所沒能得到的，愛。

不被母親接納的楚肖，始終感到十分孤獨，
這份孤獨餵養了他體內的怪物，也令他越來越難以擺脫怪物的影響，
就在他瀕臨失控的時候，遇見了陌九生。
陌九生為他帶來了轉機，
而在一步一步接近「怪物」背後真相的同時，
這個男人也逐漸填補了他心中的空缺……

「楚肖，你討厭我嗎？」
「啊、不……也不是討厭……」
「太好了，你沒有立刻拒絕，看來我還有機會，對嗎？」"
赤與白的米諾,七月鼠,BL耽美,完結,0,原創星球,微腐,都市,歷史,戰鬥,架空,https://mojoin.com/novels/3704,這是圍繞在罪孽橫行的「舊城」、青年拉岱爾與少年米諾的故事。關於夢想、現實和繫絆的故事。
心隨秒針下沉,瀨葉,BL耽美,完結,345,原創星球,虐心,戀愛,,,,https://mojoin.com/novels/3687,"藍維杉，設計學院的明日之星，個性好，長相也好。
丁致達，商學院的勤勉學生，愛恨分明，對心愛的人百般呵護。
從小一塊長大、自然而然成為戀人，但原本看似穩固的關係，卻在大學畢業之前，被一場悲劇活生生地撕成兩半。

命運不饒人，分離兩地數年之後，他們二人又被另外一樁事件拉在一起……"
以愛為名,吐維,BL耽美,完結,27985,獨家原創,懸疑推理,法庭攻防,劇情翻轉,,,https://mojoin.com/novels/3680,"專職醫療訴訟的聿律，卻接到了一樁兒童性侵案。
儘管被告葉常的供詞破綻百出，但他直覺認為葉常可能是無辜的，
於是找上同為律師的學弟紀嵐共同展開調查。

紀嵐無視外界眼光，專為性侵犯辯護，且執業三年從未嘗過敗績。
然而隨著案件調查逐漸深入，
不僅所有證據都指向葉常就是犯人，
甚至連紀嵐自己，也被迫揭開幼時難堪的過往。

那是誰都無法碰觸的黑暗祕密，
也是他始終堅持為性侵犯辯護的原因──"
逆時才能揭曉的真相,巾絲草,BL耽美,完結,64,原創星球,微腐,搭檔,奇幻,異世界,,https://mojoin.com/novels/3688,"亞雷克有著兩個身份, 白天是索爾利司學院的吊車尾, 晚上卻是葛洛司街的營銷高手~~所有的平衡,在密祕被揭曉後一一傾斜破壞,直到真相浮現"
Adapt！,倪亞青,BL耽美,完結,243,原創星球,HE,耽美,奇幻,暗戀,架空,https://mojoin.com/novels/3685,"因一時興起而成的故事。
即使只是無心插柳，根苗也已經種下。
請好好呵護這些生命，也許他們將在未來開出美麗的花。"
新科兔兒神奮發記,風韞翔,BL耽美,連載,47,原創星球,耽美,微腐,古風,玄幻,搞笑,https://mojoin.com/novels/3672,"卷一：一朝莫名橫死，竟成了LGBT界的愛神？
卷二：兔子不發威，你當我是My Melody？"
少司命,風韞翔,BL耽美,完結,111,原創星球,HE,耽美,微腐,同居,玄幻,https://mojoin.com/novels/3674,"今日何日兮，得與王子同舟？

——源自《楚辭•九歌》的愛戀詩章。"
貪吃鬼,悍兔,BL耽美,完結,141,作者授權,現代,吃播,先吃後愛(?),,,https://mojoin.com/novels/3653,"鄭智仁的吃相很吸引人，薄薄小巧的唇是粉色的，一張一闔吃著，每一口都會認真咀嚼，只要他認真吃東西，四周的人都會被他吸引。

這天，他在便利商店吃東西，遇到一個男人。
男人對他說：「我喜歡你吃東西的樣子。」
鄭智仁嚇了一跳。「唔……謝謝？」
「我想看看你吃我的東西的樣子。」男人眼睛發亮，滿臉興奮道。
鄭智仁瞪大眼睛，隨即露出怒容，想甩開男人的手，「你有毛病啊！」
「吃一次三萬怎麼樣？」
「什麼？！」鄭智仁感到這實在太荒唐了。"
王牌的他不愛看劇,符晴,BL耽美,完結,2368,原創星球,歡樂,輕鬆,職場,救贖,搞笑,https://mojoin.com/novels/3622,"「這是一段關於四個人的職場生活、兩個人的故事。」

繪師：愛貓"
我在便利商店撿到一隻男神,吐維,BL耽美,完結,18204,獨家原創,微靈異奇幻,都市療癒,溫馨玻璃渣,無法實現的暗戀,,https://mojoin.com/novels/3522,"小說X漫畫X廣播劇
跨域改編，1種故事，3重享受
漫畫這裡看>https://bean.fun/Z7xMF
廣播劇這裡聽>https://bean.fun/6PAmz
---

在便利商店上大夜班時，我在門口撿到了一隻神，是個男的。

他不僅全身光溜溜，還一副很餓的樣子蹲著發抖，就像隻可憐的大型動物（身材很好的那種）。

我只好把男神帶進店裡，用擦咖啡機的毛巾把他擦乾，拿被壓扁的麵包餵食他。
吃飽喝足後，男神說，他可以實現我一個願望。
「那你可以幫我洗咖啡機嗎？」
「嗄？」

更正前言，我撿到了一隻會洗咖啡機的男神，開心。
「所以你真正的願望到底是什麼？有很多錢？還是交女朋友？」
男神一邊洗咖啡機一邊追問，我沉默了下。
「即使是神，也沒辦法讓死去的人活過來，對吧？」
--"
暗戀,蒔九,BL耽美,完結,5508,原創星球,BL,,,,,https://mojoin.com/novels/3603,"
我喜歡你，你呢？
對你的心是一株玫瑰，植株帶刺，烈日下卻能綻放明媚的花，奪人心魄、搖曳生姿。"
辦公室的探戈,悍兔,BL耽美,完結,1284,作者授權,BL,,,,,https://mojoin.com/novels/3583,"一組照片，讓趙嘉澤開始注意起王章煜，這個臉上有些冷漠、身材結實的高大男人，總是不經意的透出溫柔的模樣，讓他醉心。
鬼靈精怪的兒子穿針引線，讓裹足不前的他有了親近男人的機會，他一點一點，將這男人引誘到自己身邊。

探戈最美的地方是濃烈美麗的肢體互動；
愛情最美的地方是進退和諧的情感互補。

王章煜X趙嘉澤
看一個集團董事長如何和兒子聯手將中年猛男小職員拐回家。"
病嬌弟弟好可怕(05)遺忘的記憶與回憶起的感情(END),帝華席亞,BL耽美,完結,130,飛燕文創,BL,,,,,https://mojoin.com/novels/3391,"兄弟吵架，弟弟不肯原諒我怎麼辦？２０點求解！

兄弟之間的衝突越演越烈，和也試著要跟弟弟和好，但無心的一句話卻讓兩人的感情更加惡化，難道真的沒有辦法能夠挽回一切了嗎？

「不行啊，我把在網路上搜尋到的所有答案都試過了，但聖也就是不肯原諒我啊！」
「那試著把問題改成『情侶吵架，對方不肯原諒我怎麼辦？』看看。」
「……」"
病嬌弟弟好可怕(04)初戀的長髮少女與生病的孿生弟弟,帝華席亞,BL耽美,完結,36,飛燕文創,BL,,,,,https://mojoin.com/novels/3390,"和也受邀協助學生會調解「天谷祭」各社團爭搶勝也的糾紛，過程中無意間與凜走得太近，點燃了聖也的熊熊妒火，兄弟之間的曖昧情感也面臨前所未見的困境……

「正因為你是我的哥哥，正因為我們是形影不離的雙胞胎，我才會喜歡上你的，所以，不要把我喜歡你的原因，當作拒絕我的理由，好嗎？」
「既然如此，那爸爸我也要使出大絕招了！其實你們兩個根本就沒有血緣關係，和也是爸爸領養的。不是親兄弟的話，聖也你就沒理由要喜歡那個壞男人了吧？」
「你在對你的小孩胡說八道些什麼啊！都已經是雙胞胎的前提下了，哪可能不是親兄弟？」
「那樣不是更好嗎？如果沒有血緣關係的話，那我和歐尼撒馬豈不就能名正言順地結婚了……（*ˇωˇ*人）」
「……原來你也知道近親是不能結婚的嗎？」"
病嬌弟弟好可怕(03)傳遞戀情的巧克力與掌控生死的子彈,帝華席亞,BL耽美,完結,56,飛燕文創,BL,,,,,https://mojoin.com/novels/3389,"為了心愛的和也，聖也從五歲開始學習料理，想要煮出世界上最營養美味的菜餚給他吃、打理家務，好讓他能專心在自己的事業上
勤奮學習，希望未來能給他們的小孩最好的教育
一切一切只為了那人的付出，堅持了十年之久的新娘修行，想不到，原來他早就心有所屬！這種玩弄他人感情的惡劣背叛，正一步步摧毀兄弟倆的感情，走上毀滅之路……

「如果我是妹妹的話，歐尼撒馬是不是就會喜歡上我了呢……果然還是去一趟泰國吧。」
「不准去！你要到何時才能夠理解我們的血緣關係才是問題的根源啊？」
「沒錯沒錯！況且是男的話，不會懷孕罪惡感也不會這麼重……」
「九条你不要給我在旁邊火上加油！」"
病嬌弟弟好可怕(02)賢慧滿分的手做料理與情趣加分的手銬,帝華席亞,BL耽美,完結,91,飛燕文創,BL,,,,,https://mojoin.com/novels/3388,"每到用餐時間，餐桌就會擺上一桌的美味菜肴等著我享用，午睡醒來，浴缸裡已經放好了熱水等著我去洗，洗好澡一出來，立刻就能吃到熱騰騰的晚餐。
不需要做任何家事，茶來伸手飯來張口，這樣備受尊寵的生活，舒適得讓我產生入住五星級飯店的錯覺，直到隔天早上，我才猛然想起——
家裡的網路被切斷、手機通訊錄的號碼也被刪光、我房間的門鎖甚至還在弟弟身上。昨天的我，被斷絕了一切與外界的連結，簡直和被監禁沒兩樣。
天啊我這個超級大白痴！快點給我從弟弟的廢人養成計劃中清醒過來啊！

「雖然是男的，但和也你真的不考慮把你弟給收服了嗎？」

「到底要我說多少次你們才會明白啊？性別不是應該被妥協的部分！血緣才是不能跨越的界線啊！」"
病嬌弟弟好可怕(01)飽含愛意的圍巾與承滿殺意的美工刀,帝華席亞,BL耽美,完結,810,飛燕文創,BL,,,,,https://mojoin.com/novels/3387,"黑澤和也本來以為雙胞胎弟弟聖也只是喜歡黏著自己而已，
但隨著弟弟表達愛意的方式越來越過激失控，他才察覺到，
那種要把他的一切全部占為己有、讓他的眼中永遠只能注視著自己的強大獨佔欲，其實是……

「是讓人撲通撲通心跳加速的愛情喔！」

「這是哪門子的吊橋效應啊？而且從兄弟關係起點的愛情也很不妙吧！」"
異星天使，用愛馴服(06)自由之翼(END),子陽,BL耽美,完結,28,飛燕文創,BL,,,,,https://mojoin.com/novels/3300,"「我想要自由與真相，我希望正義得以伸張，但我知道它們得來不易──
因為除非我完成復仇，否則，綠星上才不會有什麼自由與真相！」

普希拉回來了，他以復仇天使之姿，帶來恐懼與殺戮。
尼葉里、伊綱和謝林被以違反戰爭法入獄，德拉維茲家的軍團潰敗，
綠星風雲變色，葛利路也在一夕之間失去家人；改變到底是好是壞？

葛利路將父親、妹妹、傭人和母親的兩隻寵物接到自己家裡躲避戰亂，
但當他再度回到自己小時候生長的高塔，家園變得殘破不堪。
他將全家福的照片收進胸前口袋，他終於站出來反抗……"
異星天使，用愛馴服(05)謊言真相,子陽,BL耽美,完結,8,飛燕文創,BL,,,,,https://mojoin.com/novels/3299,"「你是母星上的驕傲，你是走在一切正確道路下的男人，
葛利路．凡．格利斯，你是天生的戰鬥天使，
但你不能被馴服，或被愛。」

葛利路坐在舒適的房間裡，對著鏡頭向綠星上的公民做出聲明，
拉依奴在躲避從天上掉下來的炸彈；
他們曾經是一起飛來飛去的青梅竹馬，如今已經回不去當年的模樣。

高塔上的秩序恢復了，壞地卻變得滿目瘡痍，
沈書枋駭然得知，綠星人居然對自己的星球使用禁忌的武器？

雷蒙救起拉依奴後，透露出自己的過去，
但拉依奴沒有想要成為雷蒙口中的自由與真相，
他才剛知道自己的母親是誰，卻又在同一天失去了親人，
他只想找個地方哭泣……"
異星天使，用愛馴服(04)萬眾一心,子陽,BL耽美,完結,7,飛燕文創,BL,,,,,https://mojoin.com/novels/3284,"葛利路從壞地回來了，他身負重傷，但有人為葛利路張開了翅膀，裸身擁抱他。
那個人不是沈書枋。

沈書枋心裡有酸酸甜甜的感覺，他為葛利路的傷勢痊癒而高興，
但又不敢把自己的感情告訴葛利路，因為他總有一天要回地球；
他沒有翅膀，他不可能生活在綠星的高塔……

「我不會讓你掉下去的。」

葛利路的聲音讓沈書枋全身酥軟，沈書枋總認為枕畔耳語不可信，
只要夜晚過去、太陽升起，這些話語都會失效，
但這一次，他可以相信葛利路嗎？

葛利路的傷勢發作了！他不得不回到壞地，見叛軍首領雷蒙．卡珊拉，
雷蒙提到了拉依奴的名字……是那個在地球上的拉依奴嗎？
綠星上即將有爆炸性的動盪！"
異星天使，用愛馴服(03)母星解密,子陽,BL耽美,完結,9,飛燕文創,BL,,,,,https://mojoin.com/novels/3283,"葛利路在壞地掉進叛軍的陷阱，他在絕望中大喊，他的聲音沒有人聽見，他被壓在地底下，他的家人卻都在雲之上，還有他的寵物沈書枋……

不想要再承受一次椎心刺骨的愛情了，不想要滿腦子想著的都是同一個男人，心情的好壞也隨他起舞，不想要變得只想獨占那個人……沈書枋雙手摀著臉，在深沉的呼吸裡，眼淚掉了下來。

「我們需要有人從異星帶回資源，我們也需要有人打掃家裡，維持乾淨的門面，壞地的『垃圾』……需要有人清除。」
「不要把我的兒子丟在那裡，求求你，謝林！」

強烈碰撞的門板聲，兩個男人善用他們的舌頭和嘴脣。
雲之下隱藏著祕密，雲之上是一片繁榮之景。

綠星的過去，曾經有一段義無反顧的愛情──
「即使我的名字會遭萬人唾棄，我還是想要跟你在一起。」"
異星天使，用愛馴服(02)性感小寵物,子陽,BL耽美,完結,58,飛燕文創,BL,,,,,https://mojoin.com/novels/3264,"從密室甦醒的沈書枋，不斷經歷著輪迴的惡夢，他尖叫、他哭泣，他奔向自由，
想起自己曾經為「一個男人」把心都賠進去。
他，不只是一個男人而已。

「葛利路，你對我做了什麼？」
抓住沈書枋手臂的男人，張開鐵鏽色的翅膀，他的聲音是如此篤定，
他的姿態是如此霸氣，撞擊到了沈書枋心裡。他恣意的親吻……
「你的身體是我的！」

沈書枋被帶到綠星，被當成寵物、實驗品，他已經回不去地球了，
他要怎麼在綠星活下去？
他們用親吻來瞭解，用黏膜接觸來探索思想的最深處──
來自遙遠星系的天使，能不能以愛交流？"
異星天使，用愛馴服(01)從天而降,子陽,BL耽美,完結,293,飛燕文創,BL,,,,,https://mojoin.com/novels/3257,"嘴唇、手指、身體──
用我們熟悉的地方接觸，只因相愛，而渴求更多。

來自異星的小天使拉依奴，在降落地球的時候衣服被燒掉，又被地球人開車撞到～～～～嗚嗚嗚嗚，他怎麼會這麼倒楣啦!?
沈書榕和闕士欽聽不懂外星人的話，但是看到小天使急急急！很急！為了幫助外星人適應地球環境、為了讓美少年展開笑顏，兩個男人只好──獻吻了。
追著拉依奴而來的綠髮男人，殺氣騰騰，他是擁有鏽色翅膀的主塔軍官，人見人怕，他將帶來血腥殺戮和……壁咚！

跨越星際的愛戀，在光年之外尋找你。"
第一次告白短篇小說集,悍兔,BL耽美,完結,232,作者授權,BL,,,,,https://mojoin.com/novels/3256,從現代短篇到架空腦洞，從甜蜜小品到懸疑短作，一共收錄十六篇短篇文章。
異外！不獸控制,M.貓子、依讀,BL耽美,完結,5346,獨家原創,萬聖節,奇幻,吸血鬼,狼人,捐血,https://mojoin.com/novels/3099,"〈男友是儲備糧食〉依讀

〈萬聖節的小小驅魔人〉M.貓子

繪師：雪人

————————————————————————

〈男友是儲備糧食〉依讀

#BL #人類×吸血鬼 #你的血是甜的 #誰是誰的儲備糧食？
身為吸血鬼的維特有個煩惱，就是他常常吃不飽。
沒辦法，吸血鬼在科技發達的現代實在太難生存，很容易攻擊未遂或剛得手就被警察逮捕，這要叫他怎麼活？

為了確保糧食來源，維特決定弄一輛假的捐血車，但可能是外型太過可疑，受騙的人少之又少，有一餐沒一餐的維特簡直餓到要發瘋了！

就在他即將斷糧之際，終於有個人上鉤──然而這個叫萊恩的傢伙，是個警察。
驚慌的維特還以為自己事跡敗露了，想不到萊恩卻輕易相信他，還真的捐了血！更重要的是，萊恩的血……非常美味。

要是以後再也喝不到這麼好喝的血怎麼辦？
想到這裡，萊恩決定把握機會，首先就從要萊恩每週來捐血開始！反正萊恩的身材這麼健壯精實，應該不至於被他「榨乾」的……對吧？


〈萬聖節的小小驅魔人〉M.貓子

#BL #小正太 #吸血鬼×狼人 #不給糖就搗蛋 #甜點店

剛轉學到新城市的小男孩尚銘，在迷路時遇到甜點店「糖妖精」的美人店長迪特里希。
溫柔的迪特里希邀請他擔任店裡的試吃員，也成為了尚銘在這裡的第一位新朋友。

在那之後，尚銘每天都會到店裡品嚐新品，日子香甜而恬靜，直到那個高大冷漠的男人司鍵出現。

迪特里希說司鍵是他的老朋友，會借住在店裡一陣子，但只有尚銘知道司鍵的祕密－－他其實是個凶惡又殘暴的狼人！
為了保護迪特里希，尚銘只能趁萬聖夜時潛入「糖妖精」，拿著銀餐刀和十字架埋伏在櫥櫃裡，想伺機戳破對方的偽裝。

然而就在他打算牙一咬撲上去時，卻看到迪特里希將司鍵壓在櫃台上，俯下身貼近……

咦、咦咦咦──？難不成迪特里希也發現司鍵的真面目了？
但他沒聽說過親親可以驅魔啊……"
狼人先生的私密授課(06)裸湯!森林的學園祭(END),子陽,BL耽美,完結,44,飛燕文創,BL,,,,,https://mojoin.com/novels/2975,"森林小學的學園祭開幕了～～～～（灑花）
有手工餅乾、舞台劇、有小狼人圍著你叫「主人、主人」，以為是酒店其實咖啡廳！

下課後，誠老師和瑛老師一起泡溫泉，樹叢後面傳來吸氣的聲音。
美麗的前吸血鬼王，拖著衣襬緩緩靠近。
誠老師覺得心慌，少年太美了，如果他脫光了衣服和黑毛一起滾到樹上，怎麼辦？

吸血鬼和狼人同時出現在森林小學，宿敵相見，這不開打不科學！誠林的心更慌了……

「你不是吸血鬼的俘虜，我才是你的俘虜。」 少年深情款款地訴說，他的愛、他的吻會印在誰的手上？

──狼人與吸血鬼系列，告白最終章♥"
狼人先生的私密授課(05)第一堂歷史課，兄弟拉腐拉腐,子陽,BL耽美,完結,82,飛燕文創,BL,,,,,https://mojoin.com/novels/2974,"隨著純血族的家主出征，黑毛背起了「韓小玉」的身分，他穿著紫紅色鱗甲，拿起金色長劍，
誠林相信他們不會再見面了，但撫摸著他狼耳的手，卻又那麼熾熱……

要忘掉好難，一旦身體被撩撥似地觸碰，又會想起來。

回到森林小學的誠林與瑛理激動相擁，雖然他被吸血鬼咬了脖子還被傷害，
但他有愛他的弟弟，對他不離不棄，時間會治癒傷痛的──對吧？對吧？
弟弟，你怎麼摸上來了？

──不不不不不不要舔啊！

「你還認為我們的相遇是個錯誤嗎？」"
狼人先生的私密授課(04)深淵的校外教學,子陽,BL耽美,完結,2,飛燕文創,BL,,,,,https://mojoin.com/novels/2947,"「老師對不起，我害你一個晚上都沒睡……」

誠林為美腿和腹肌付出了代價，他一直「啊啊啊～～～」，他的嘴唇任黑毛品嚐，他的身體和心裡都像在坐雲霄飛車，飛得七上八下。
他為黑毛滴下了眼淚流出了鮮血……隔天還睡過頭了！

為了找回黑毛昔日的夥伴，誠林和高年級三人組被傳送到一個虛擬空間，誠林的槍和黑毛的劍都不能用了，怎麼辦？

來自黑暗深淵的觸手，正悄悄伸向黑毛！"
狼人先生的私密授課(03)第一堂劍術課，一樣都是長的跟尖的,子陽,BL耽美,完結,50,飛燕文創,BL,,,,,https://mojoin.com/novels/2946,"浴袍的長度到腳，上面有黃鶯的圖案，少年第一次穿著它去見嚴龍會的少主，在他洗完澡還濕漉漉的模樣。
三個月後，那件浴袍跑到他弟弟身上，在一場爭執中，他變成狼人……

當那亞麻色髮的少年長大後……
他成立森林小學，他早上起床看到黑毛在做運動，汗水沿著腹肌流下來，大腿內側想必也是濕的吧？

「我真希望自己永遠不要放手。」
黑毛的手掌有一點粗糙，摸在誠林的脖子上。
一想到浴室裡會有黑毛的味道，誠林的臉就紅了……"
狼人先生的私密授課(02)老師，請大聲點我的名字！,子陽,BL耽美,完結,163,飛燕文創,BL,,,,,https://mojoin.com/novels/2937,"「老師，請讓我負起責任，把你洗乾淨吧！」
黑毛趴在床上，聽著浴室傳來水聲……為什麼誠林要沖兩次澡呢？他們肯定是做了什麼吧？
他從沒這麼希望恢復記憶啊啊啊啊！

誠林允許黑毛留在森林小學，兩人同住一屋簷下，誠林這才意識到，黑毛不是未成年，他是個男人了！
這個男人有胸肌、有腹肌，把他那把好長的劍耍得很好，擦槍技術也一流，他跟誠林最重要的學生們相處融洽，一起上課、一起蹺課、一起舉辦燒烤派對
當他想起自己的本名，也想起自己曾經被白狼扶養。

「那個人會在晚上來找我爸爸，房裡會出現奇怪的聲音
「你那麼小就被啟蒙了？」"
狼人先生的私密授課(01)老師！請讓我在你身上計算加減乘除,子陽,BL耽美,完結,729,飛燕文創,BL,,,,,https://mojoin.com/novels/2936,"「誠老師，你連我的內褲裡面都檢查過了嗎？沒有外傷？因為我都不記得了……」

一個沒穿褲子的少年，倒在誠林家門口，失憶失得很徹底。
誠林身為森林小學的老師兼校長、校長兼撞鐘，當然是要先把自己的褲子脫下來——呃不，是以一顆助人為樂的心，給少年療傷、給他飯吃、給他褲子穿。

少年有超齡的冷靜和結實的肉體，不知道從哪來的他，隨身攜帶的劍不見了。
——你掉的是金劍？銀劍？還是這把肉做的劍……

誠林每天都在提醒自己，不能超越師生的極限，但少年無意識的挑逗、天真的笑容，還有那謎一般如飛蛾撲火的身世，他把持得住嗎？

一座離群索居的森林小學，一群毛茸茸的可愛生物，等你來探索！"
夜裡的北極星,李勤英,BL耽美,完結,370,原創星球,HE,都市,溫馨,成長,戀愛,https://mojoin.com/novels/2311,"生活被工作填滿，對開啟新戀情感到無力的設計師吳元青，偶然在下雨天找到一間名叫Polaris的咖啡廳，並被咖啡廳裡打工的少年——陳聖硯迷住。
在與陳聖硯相處的過程，漸漸展現彼此內心的傷痛。在對方身上看見的自己，縱然滿身傷痕，卻是完整的。
You are my Polaris.
你是在黑暗中指引我方向的北極星，亦是暮然回首時，永遠的存在。"
親愛的，我把你掰彎了03尾行篇,釉子酒,BL耽美,完結,408,作者授權,重生,甜文,校園,輕鬆,,https://mojoin.com/novels/2704,"苦逼前編輯重生後的生活不輕鬆，心酸誰人知。

男朋友醋勁太重讓人很煩惱，
但是男朋友惹來的桃花太多，讓人更煩惱！

薛景不只要忙著應付大考、小考，
還得阻止美少女對殷離莫的積極進攻。

誰知道防線才剛剛拉起，怪事也同時找上薛景。

睡到一半鬼壓床，耳邊的無人低語，以及揮之不去的窺視感。

是誰，躲在角落裡看著他？"
親愛的，我把你掰彎了02社遊篇,釉子酒,BL耽美,完結,473,作者授權,重生,甜文,校園,輕鬆,,https://mojoin.com/novels/2295,"殷先生吵著要跟去社團旅行怎麼辦？線上急，求解！
一趟陰盛陽衰的社團旅遊引發了殷離莫的危機感，
堅決要以監護人身分陪同親愛的外甥出遊。
追求尚未成功，情敵必須排除！
但是誰也沒想到，薛景的警報器體質竟然在度假山莊發作了！
陰魂不散的漆黑身影、悲戚執著的亡者呼喚， 這一切，竟牽涉到燕曉曉的重生之謎……"
吸血鬼育兒日記(06)一個吸血鬼的誕生(END),子陽,BL耽美,完結,1,飛燕文創,BL,,,,,https://mojoin.com/novels/2452,"「你願意跟我結婚嗎？」
在浪漫的海景懸崖，韓昭明拿出鮮血般的鑽石戒指，單膝跪下。
米御卻抽回了自己的手，吞忍淚光。

「很久很久以前，宮席詩對我下了一個詛咒。直到現在，它仍然有效……」

一個沒有人提起的名字，獨自面對塵封的歷史，那擋在韓昭明與米御中間的「鬼魂」，那橫跨了千年的愛與恨，韓昭明能順利把戒指套進去嗎？
育兒日記最終章，揭開北燕王爵、宮席詩與米御的過去──
雪花，慢慢堆積，在沒有聲音的北境。"
吸血鬼育兒日記(05)監禁重生,子陽,BL耽美,完結,0,飛燕文創,BL,,,,,https://mojoin.com/novels/2451,"「你該學的是怎麼服侍我，怎麼討我歡心。」
韓昭明前往企業實習，羊入虎口地來到米氏的地盤。
他在總裁面前跌倒、在總裁面前跪下，總裁室裡的巨龍吐焰多麼張狂，他跪下又張開了嘴巴。
他知道米御不會傷害他，他是自願被束縛……
但他脖子上卻出現別人的咬痕。
米御沒有發火，他異常冷靜地問韓昭明：「有人逼迫你嗎？」

留下你的手臂，還能用來擁抱，留下你的雙腳卻只會到處亂跑，現在跑出問題了吧？……所以那雙腳就不用留了吧？
只要不讓你知道是我做的，就好……

琅族族長宮禹揚和吸血鬼少爺米樂──聯手育兒？小玉，我們打個商量……可以不要咬咬嗎？"
往後餘生,悍兔,BL耽美,完結,909,作者授權,BL,現代,虐心,一方死亡,小編哭3次,https://mojoin.com/novels/2309,"褚雲走了。
留下同居人鄭安書孤身一人。
他們結婚，但他們不是情人。
他們同居，但他們只是家人。"
成為全台迷因後,牧昭昭,BL耽美,完結,300,原創星球,HE,耽美,清水,戀愛,,https://mojoin.com/novels/350,"*封面為作者自繪

傲嬌中二攻Ｘ傲嬌中二受
一個全世界只有他們不知道這是愛的戀愛喜劇！

高中時的擦肩而過、對上眼時那股奇妙的悸動感。
只需一眼，中二少年們便同時有了預感——這是絕對主角遇見一生死敵的場景！
同樣想成為漫畫家的他們一觸即發，往後的生活就這樣密不可分、互相追逐，還開始共同創作一部漫畫。
據兩人所述，這都是為了更方便「較量」而「逼不得已」的。
而他們意外的一個公主抱成為迷因後，人氣提高、各種合作邀約蜂擁而至。
兩人暫時擬定了休戰契約。

然而，創作瓶頸、酸民嗆聲、粉絲騷擾，各種問題向兩人接踵而來。
江祐成訝異極了，總是在他被黑粉留言帶風向時跳出來回應的鐵粉大將軍，其實是那個討厭鬼的分帳。
馮浩希也嚇了一跳，當自己被粉絲騷擾時，第一個替他反擊的人居然是他那為人高傲的宿敵。

關係漸漸改變的兩人並不知道，
其實早在高中初遇時的那驚鴻一瞥，就已定下情根。
－
快樂輕鬆向（大概吧）
歡迎大家一起來推幼犬cp！"
吸血鬼育兒日記(04)爸爸們的奢華海島行,子陽,BL耽美,完結,21,飛燕文創,BL,,,,,https://mojoin.com/novels/2450,"「我是小玉啊啊啊啊～～～～～～」
你在海上不是山上，不會有回音的啊，孩子！
韓昭明帶著小玉搭上豪華郵輪，接受來自海上吸血鬼的熱情招待。

夜裡，魔爪來襲──
「我把你變成我的形狀了。」被槍口指著腦袋，米御卻能不慌不忙。他被韓昭明抓進房間、壓在門上，他被轉過身來，熱情像要從腳底竄上，融化了腦袋。

西海的幽靈船危機，同時也是解開北燕王爵千年前祕密的關鍵，夾在人類與純血族之間、夾在米御的過去，為了保護小孩並與心愛之人在一起，韓昭明該如何抉擇？"
吸血鬼育兒日記(03)主人與他的「新娘」,子陽,BL耽美,完結,0,飛燕文創,BL,,,,,https://mojoin.com/novels/2449,"天真活潑又可愛的小吸血鬼──韓小玉，失蹤了！
為了救回小玉，在一大票吸血鬼的注視下，韓昭明脫下了琅族的窄袖袍，當然是穿在他自己身上的這件！
琅族族長宮禹揚表示：我終於知道為什麼吸血鬼會為你神魂顛倒了。

一陣砰砰砰砰（？）之後──
把……把拔？小玉終於叫「爸」了！恭喜～～～～

「他跟我情同兄弟……」米御話沒說完，韓昭明就有摀住那張嘴的衝動！
什麼情同兄弟？不要跟我說你們是「你摸摸我的兄兄、我摸摸你的弟弟」的關係！
看他怎麼教訓……他不敢教訓米御，但他會讓米御舒服的❤"
吸血鬼育兒日記(02)你有看見我的衣服嗎？,子陽,BL耽美,完結,2,飛燕文創,BL,,,,,https://mojoin.com/novels/2448,"「米御，你永遠都會這麼美嗎？」
「你的嘴只能用來說話嗎？」
「不然要用嘴幹……」

他的衣服被撕掉，他的胸膛被踩踏，他的血液被抽出，他從高樓往下跳……韓昭明不知道他還可不可以過得辛苦一點，但這都是跟米御在一起的代價。
人類Ｘ吸血鬼，好……好想躺下來、而且是躺在柔軟的床上啊啊啊！
韓昭明拿起手槍，和米卡卡一起拯救家主（捉）宅邸（鬼），那躺在他懷中的小人兒，讓米御看了很生氣？
床頭吵，床尾……韓昭明不知道他們合不合，還是先跪下再說吧！"
吸血鬼育兒日記(01)「女王」和他的情人,子陽,BL耽美,完結,103,飛燕文創,BL,,,,,https://mojoin.com/novels/2447,"大學生韓昭明和前吸血鬼王米御，經過這樣那樣和各種翻滾碰撞的體力活，兩人終於成為ㄆ開頭的朋友～──呃不，是終於成為有特殊性關係的……朋友？

「我只是想見他一面，有那麼難嗎？」韓昭明心念著米御，但米御不知道在忙什麼，大概是忙著統治世界吧！
兩人好不容易見一面，滾到天花板又滾下來，啊～啊～～啊啊啊啊啊───！
在水晶燈吊底下、在華麗的宴會廳裡，吸血鬼們齊聚一堂，一起與家主大人舉杯敬酒，大聲祝賀：早生貴子！多子多孫！
吸血鬼與狼人的吸吸、舔舔和咬咬，連載再開"
好想要個抱枕,吐維,BL耽美,完結,3612,作者授權,BL,現代,溫柔電波青年攻x軟綿抱枕少年受,療癒與被療癒,暖心短篇,https://mojoin.com/novels/973,"肅水想要一個抱枕，一個可以緊緊抱在懷裡的、暖和的抱枕。
所以他把站在雨下的連帶回家，讓他在自己的客廳棲身，和躺在沙發上的柔軟抱枕們一起。

「我可以做得比抱枕更多。」連說。
「但我只想要一個抱枕。」肅水回答。

連沒有當過抱枕，但還是努力做好抱枕的工作，從不多問什麼。
比如肅水為什麼想要抱枕、比如洗手台上的兩副牙刷。
他只是聽話地當顆好抱的抱枕，在肅水出門時哼著歌做飯、回來後被撈進懷裡揉揉捏捏。
直到某一天，肅水的「室友」回來了。
連才知道，客廳裡的所有抱枕、都是為了這個人存在的。
而格格不入的他，也該離開了……"
親愛的，我把你掰彎了01碟仙篇,釉子酒,BL耽美,完結,980,作者授權,重生,甜文,校園,輕鬆,,https://mojoin.com/novels/26,"一場車禍讓編輯薛景重生為高中生，除了要重溫學生的念書考試地獄，更無法享受社會人士眼也不眨的揮霍買書的小確幸，還要想辦法調查原身體主人的死亡真相。
苦逼的是，他竟然有被掰彎的危機？！
原本對他漠不關心的「舅舅」，開始關注起他的一舉一動。
那視線，就像是在看著某個熟悉又眷念的人？
但是薛景願意用他買的所有小說發誓，他根本不認識這個男人。
最重要的是，長得比他帥的男人都要列入黑名單啦！"
窒愛,程雪森,BL耽美,完結,115,獨家原創,耽美,黑暗,驚悚,,,https://mojoin.com/novels/817,"這個夜很冷，細雨打在街邊那個失了魂的漂亮男人身上， 令小高忍不住多看了幾眼。
他邀請男人踏進自己準備打烊的酒吧，倒了杯威士忌，
而一如他所料，眼前的男人正為情所困。

男人被自己的情人拋棄了，他們從學生時期就交往至今，曾經在無數個夜裡相互依偎、傾訴愛語，然而幸福的時光卻終有結束的一天。

小高覺得男人十分可憐，他在對方身上看見了自己的影子，
隱隱動心之際，男人卻這麼對他說了──

「我不能喜歡你。」
「為什麼？」
「你不會願意的。」"
乖，坐下別汪。,百沫歌,BL耽美,完結,11567,原創星球,HE,耽美,奇幻,戀愛,快穿,https://mojoin.com/novels/571,"這是在講一隻少年汪如何跟大魔王談戀愛的故事。
【簡到不行的簡介】穿越前——

落曦：我是一隻汪汪~♪ 穿越後——
（第一個世界）落曦：我是一隻被家暴的魚~♪
（第二個世界）落曦：我是一個人人唾棄的歐米迦~♪
（第三個世界）落曦：我是一個……等等，為何換我成了反派？！
總結：這是一隻汪被大魔王拐走的故事。

【閱讀說明書】此文元素包含 #快穿 #黑暗 #搞笑 #言情 #BL
註1：每一個世界的攻都是同一個人。
註2：是充滿黑色又粉色泡泡的愛情故事。
註3： 受對情感極為遲鈍，所以戀愛線會比較慢熟！！

【毀天滅地魔王攻 X 情感遲鈍汪汪受】
以下是其他出沒地點，歡迎乃打招呼呦！(●´ω｀●)ゞ
▲ FACEBOOK搜尋【百沫歌】
▲ 巴哈姆特搜尋【百沫歌】
書籍封面/ 百沫歌自製"
過激性索愛症,熒夜,BL耽美,完結,210,獨家原創,耽美,監禁,雙重人格,扭曲,,https://mojoin.com/novels/932,"空蕩的臥房、鐵鍊腳鐐，和一扇觸碰不到的門，
從三個月前在這裡醒來至今，沈靖寬幾乎要習慣這個房間和這種時不時的「綁架」了。
綁架犯──同時也是他戀人的橋墨，雖然平時溫柔而完美，卻擁有完全相反的第二人格，那個人格常常將他鎖在床上，什麼都不做，只是沉默地望著他。
「這樣你就走不了了。」
明明心中無比抗拒，但時間一長，他卻漸漸習慣這種感覺，直到他察覺橋墨身上不對勁的矛盾……"
The Legend,AstorBT,BL耽美,完結,8,原創星球,冒險,異界,,,,https://mojoin.com/novels/626,"這是一本很輕鬆很輕鬆的日常系小說（誤
一位魔王狼和他的小夥伴們踏上旅程的冒險故事～

不建議上課偷看，最好準備一杯清涼的水放在一旁。
咱寫得很輕，基本上有點兒守護朋友那種感覺的。
有一種默默的別人無可取代的淡淡魔力。

不過大概還是說一下程度，屬性：帶有點輕獵奇（注意）、輕BL向、正太向、獸耳向、不死向、軟軟嫩嫩的。
另外看不習慣是有點正常的，因為我有稍微改良了下，老虎個人在用的格式，所以感覺會跟你平常看得稍稍不同？

有評論或心得老虎會很開心的，看完沒腦袋空空的話。
喜歡別忘推廣一下:3
第二集正在慢慢寫～

tag: 正太、貓耳、獸耳、軟軟的男孩子、冒險、奇幻、異世界"
都是後母惹的禍,killer,BL耽美,完結,851,原創星球,戀愛,校園,清水,,,https://mojoin.com/novels/558,"為了報復父親再婚，他決定要變成壞孩子。
他的做的第一件壞事是：吻了男同學……"
黑吃黑生存法則,知岸,BL耽美,完結,313,原創星球,微腐,架空,,,,https://mojoin.com/novels/186,"這是一個人與人外共同存在，行種族制度的世界。
已經被劃分好的宿命，基於互利而簽下的契約，究竟能不能產生其他羈絆？
黑社會吸血鬼貴族與電波系人類不良少年達成協議，好像不單純是得到儲備糧食這麼簡單？
* * *
這是個人與人外共同存在，行種族制度的世界。
世上有六大種族，人族與聖族被分為良民，其餘血族、精靈族、魔族、亞人族都是惡徒。
惡徒生活限制多多，即便作為冥月國首都最大的惡徒家族族長，大吸血鬼尼可拉斯．德古拉七世依然過得很委屈。
家族與良民政府簽了互惠協定，成為黑社會之首暗中維護秩序，對上帶領家族為政府查案攻堅出生入死，對下應付各路冤家挾怨報復——而且還吃不飽。
因為法律管制血液，血族只能天天餓肚子。很餓，很累，很！怨！念！
而此等慘況，讓尼可拉斯在某次懲戒監獄不良少年的任務中，對一個聞起來特別好吃、看起來還有點傻愣愣的人族少年動了歪腦筋……

「孩子，看在你讓我挺滿意的份上，有個大禮物送給你。」
「嗯？」
「這個禮物就是——我。」
「……」
「……」
「……不要。」

黑社會吸血鬼貴族與電波系人類不良少年達成協議，好像不單純是得到儲備糧食這麼簡單？
德古拉家族成員含淚表示：族長最近怪怪的啊，吸血鬼也會中邪嗎？"
未知的乙女攻略,李子李,BL耽美,完結,2144,原創星球,推理,奇幻,穿越,,,https://mojoin.com/novels/73,"一場意外穿越到乙女遊戲裡還不夠慘
所有的被攻略男角竟都發瘋似的愛上了他，屬性還都是病嬌外加變態，甚至還想殺了他？
看似簡單的任務與穿越的背後似乎隱藏了更大的秘密，究竟背後的幕後黑手是誰？"
鬼鏡狂想曲（２０１８版）,killer,BL耽美,完結,8,原創星球,戀愛,校園,清水,,,https://mojoin.com/novels/12,"在學校被排擠的小翎，在一場意外中撿到一面鏡子，也撿到一個出乎意料的室友（？）。
從此他的人生成了一場混亂的大冒險。"
謊言彼岸的妳,希澄,GL百合,連載,14797,獨家原創,GL,穿越,平行時空,虐心,,https://mojoin.com/novels/3692,"丁紫甯替同事代班婚禮主持，意外與高中暗戀對象白弦重逢——
她代班主持的是白弦的婚禮。

一對新人準備交換戒指時，忽然發生強震，
宴會廳裡的雕花柱朝丁紫甯砸落，是白弦撲過來用身體護住了她。
失去意識前，丁紫甯看見白弦的衣衫被鮮血浸透，仿若彼岸花盛開。

再次睜開眼睛，丁紫甯發現自己回到了高中時代，
然而許多事都跟她經歷過的不一樣，
像是原本由外婆撫養長大的她，變得父母雙全，
以及她竟然已經與白弦穩定交往一年……"
地府犯罪調查中心 1st case：請詭,馥閒庭,GL百合,完結,64,三日月書版,百合,靈異,犯罪,推理,,https://mojoin.com/novels/3749,"碟仙、碟仙，請問我們之中，有幾個活人……？ 冰山美人黑長直地府調查官╳知性溫柔大學實習生，聯手調查靈異犯罪！

藉緣而生，有生之法終必壞滅。所有的現在都會變成過去，直到過不去為止——

大三女生楊雅晴非常無奈，因為她的實習被莫名搞砸，只能到奇怪的地方「地府犯罪調查中心」工作。裡頭的同事各個個性張揚，一個比一個怪，而且和她搭檔的美少女同事——林羽田似乎很討厭她，一直想把她趕走！這時，楊雅晴收到了高中同學會的邀請函。誰也想不到，同學會上的碟仙遊戲，竟接連造成兩人「意外」身亡。楊雅晴與林羽田為了追查這些不尋常的「意外」，也差點遭到惡意殺害！

年少的無知輕狂、奪人性命的惡咒、掩藏在某個角落的過往記憶……這場「碟仙」遊戲，究竟隱藏著什麼陰謀？兩人又該如何化解這個「詛咒」？"
校園冤家,晉子,GL百合,完結,93,原創星球,溫馨,成長,感動,青春,校園,https://mojoin.com/novels/3708,"高冷貧窮女高生 × 機掰千金女高生

徐可綸和林璦媛，一對社經地位與價值觀光譜異端的冤家。
在一次紛爭下，原本對立的兩人，逐漸走入彼此生活之中……"
不考慮一下嗎,亦白,GL百合,完結,51,作者授權,GL,百合,現代,OL,殺手,https://mojoin.com/novels/2294,"畢業即失業，遲遲找不到工作，除此之外還得面對經濟壓力和家庭逼婚的社會新鮮人楊品宣，在最後一刻抓住的救命繩索，是一份名為「經紀人」的可疑職缺。
只是她萬萬沒想到，這名為「黑鷲物流」的公司，竟然是專營殺手派遣的「業界」企業。
而她必須負責的，還是人稱業界最強的殺手 ── 「OL」。
話雖如此，找到工作的楊品宣並沒有脫離困境。
在業界的收入都是論件計酬，作為經紀人，如果沒辦法替旗下的殺手招攬生意，那自己也只能喝西北風。
菜鳥經紀人在這見不得光的業界究竟能不能順利走下去呢？
而她與自己負責的殺手之間，又會有什麼樣的關係變化呢？"
以愛為名,色之羊予沁,GL百合,完結,2147,作者授權,GL,百合,西方古典,騎士,,https://mojoin.com/novels/764,"受到名字詛咒的備選聖騎士，以及深受神殿寵愛的祭司。
陰陽差錯下，進入彼此心中。

簡單來說就是單蠢的聖騎士，
被表裡不一的祭司看上後拐走的故事。
---
「神啊，請原諒這愚蠢的孩子。」阿芙拉翻白眼後畫出祝福的手勢：「全殿都知道她喜歡妳，結果就妳自己不知道。」"
少女晝寢,亦白,GL百合,完結,445,作者授權,GL,百合,年齡差,年下,逆綁架,https://mojoin.com/novels/1137,"在公司保險櫃前一綑一綑取出鈔票的情景，被少女用手機拍了下來。
「姊姊，你這樣不行喔。怎麼可以偷拿公司的錢呢？」
「呃……不，那個，我不是——」

總經理長年信賴的助理，以及拍下「犯案現場」的年幼少女。
在這荒謬的構圖之後，是更加滑稽的延續。
「我呀，希望姊姊能聽聽我的願望。這樣的話，我或許可以考慮一下這張照片的處理方式喔。」
「什麼願望？」
「我希望你能綁架我。」

這是一場向下的旅程。
這是一場從五月到十二月的旅程。
或許，沒有終點。
「那就麻煩你綁架我囉，姊姊。」
「……就當作是我綁架了你吧。」
像是傳接重要信物一般，她輕柔且慎重地托住少女潔白的手掌。"
唯一解藥,1382,GL百合,完結,0,原創星球,虐心,百合,成長,青春,,https://mojoin.com/novels/688,"*——獻給陪我度過國中生活的朋友們，還有在我遇到寫文瓶頸時，仍繼續支持我的各位。*

這是一個有關一個女孩成長的故事。
隨著時間流逝，人生路上經歷的事情不斷累積，於是我們漸漸茁壯且變得看起來圓滑，但是這也可能意味著我們漸漸的迷失自我，失去了一些對於自己極為重要的存在。

一向被老師視為問題兒童的趙玥粼，自從升上國中後突然變成了所謂的資優生。
對於老師的話語一一記在筆記中反覆閱讀，對於同學的互動客氣而不帶任何情緒，無疑的大家都認為她成為了一名成熟的大人。
但事實上，她不再會主動幫助不認識的人，也不會再繞一條比較遠的路看看風景，更不會嘗試和他人有太多的互動。
其實，她正在一點一點的失去對於這個世界的感覺，更或是說是在壓抑和抹殺。
直到某天發生了一連串的事情後，她毅然決定了離家出走……"
頭子他老婆,亦白,GL百合,完結,768,作者授權,GL,百合,療癒,,,https://mojoin.com/novels/609,"我，沈甯軒，在交友軟體上找到了堪稱天菜的炮友，巫郁硯。
不只長相、身材、個性和「技巧」都無可挑剔，似乎還是有錢人家的大小姐。
然而我們始終維持著戀人未滿的曖昧關係，相互試探、卻沒有人主動踏出那一步。
直到我遭遇新主管跟縱後，郁硯終於把我帶了回家──卻突然說要介紹她老公給我認識！？
「……妳剛剛說什麼？妳有老公！？結果妳明明就是直的嘛！欺騙蕾絲邊的感情很好玩嗎！」
「先讓我把話說完好不好！」
「頭子」──郁硯這樣稱呼她法律上的老公。
就這樣，透過頭子他老婆，我認識了頭子這個人。
一個對之後的郁硯和我來說，非常重要的男性，幾乎改變了我們的後半生……"
抽二手煙的正確姿勢,亦白,GL百合,完結,91,作者授權,GL,百合,現代,短篇,,https://mojoin.com/novels/155,"沒有什麼波折，也不是什麼奇特的因緣際會，妳成為了和我同住的室友。 妳得到了我的料理，我得到了妳的二手煙。

「新的煙我抽不慣，所以我都抽二手的。」
「哈哈，什麼跟什麼。」
「不是很好嗎？二手煙。不用花錢，也不用找打火機。方便輕鬆無負擔。」
「最好是無負擔啦。」

我不懂香煙。可是我知道，這是屬於妳的氣味。
要我把這說成是負擔，未免太過份了點。

「妳們聊了什麼？」
「她們說曉星妳的手藝很好，要我好好珍惜。」
「我有被好好珍惜嗎？」
「有啊。我今天也會好好地把飯菜全部都吃光的。」

就像妳手裡常常點著的煙，縹緲、變幻不定。
我也不曉得我對妳單方面的若即若離會持續到什麼時候。我只知道——
只要是生命中關於妳的那麼一點點沙粒般細小的美好，我都會拾掇起來。"
殘愛,色之羊予沁,GL百合,完結,30,作者授權,GL,百合,奇幻,,,https://mojoin.com/novels/1095,"全天下都知道，颯猊恩跟瑪希雅相看兩厭，如果某天，她們卻被迫一起出任務怎麼辦？
瑪希雅暴跳如雷，忍住想弒父的衝動，颯猊恩翻翻白眼，就接下老師的指示。
明明是一趟折磨人的旅程，卻在無意中磨掉瑪希雅的刺，甚至對颯猊恩動了情。
---
「不然？」颯猊恩直接打斷她的話：「妳希望我們是什麼關係？」
當她這麼問時瑪希雅毫不猶豫說著：「至少是搭檔吧？我們都互相幫忙這麼久了！」
可是話一出也不對，颯猊恩的挑眉彷彿在嘲諷『妳剛剛說了廢話？』，正是因為自己被當成臨時搭檔，對方才把帳棚給別人，如果兩人之間的關係還像之前疏遠，怎麼可能會相處到一塊？
「妳期待聽到什麼答案？」她冷靜問著，瑪希雅已經慌亂起來。
期待什麼？"
穿越雲空戀上妳,亞蘇,GL百合,完結,1699,作者授權,GL,百合,溫馨,療癒,催淚,https://mojoin.com/novels/1012,"她是個上天眷顧的幸運兒——在二十歲以前。
對于曉甯而言，二十歲以前的生活幾乎稱得上無風無浪；就在她最幸福的時候，錦上添花似的，她與暗戀已久的知名樂團吉他手交往。
他是她的陽光、空氣、水，帶給她無比的幸福感……然則一場意外、惡意的背叛，幾乎讓她封閉自我。
「妳應該為自己而活。」

一台相機、一個笑容，以及溫柔的筆觸，陶思綺悄然無聲，卻像顆燦爛的流星闖進她的生活。
先是宛如大姊姊般的人物，然後變成朋友，進一步成為旅伴……看似平順的友誼發展，卻因一枚深情卻突然的吻，一舉敲碎了兩人之間的平靜。
「我知道妳不是……但我無法克制自己的情感……對不起。」

如果她的「Mr. Right」注定是個「她」，那打破原則又何妨？
「不……我喜歡妳。」"
竹先生,色之羊予沁,GL百合,完結,520,作者授權,GL,百合,架空背景,現代,,https://mojoin.com/novels/983,"曾經有個人說她很愛我。
現在的社會或許開放，但是非主流的戀情總會有人說閒話，她不顧自己的身分地位無視言論壓力與異樣眼光，整整五年的追求，我才將自己交給她，卻換來家破人亡的下場，遭人凌虐後丟入寒冬時的河川，最後奇蹟般活下來，我卻成為半身不遂之人。
我還記得當時的水溫有多冰冷，因為不甘就這麼死去，在地上爬了許久後昏過去，據說有人發現我時地上是條長長的駭人血跡，醫生是抱持救不活的心態行動，結果我卻活下來了。
這是多麼幸運卻又不幸。"
初戀非男友,亞蘇,GL百合,完結,3,作者授權,GL,百合,青梅竹馬,,,https://mojoin.com/novels/494,"曾經親密的兩人，因為父母工作的關係而分別，在相處的短短半年中，她們再度分離，然而記憶中的美好不曾消逝，她們也曾往返魚雁，或是互贈禮物。
她把對方當作她的初戀！
然而，多年後的重逢，一切都變了調！

「阿岑！我是小劉啊！」
岑凱琳眼睛都快掉出來，因為自稱「小劉」的人，不是當年那個皮膚黑黑、眉清目秀、頭髮短短卻十分個性的帥氣小正太，而是個長髮飄逸、丹鳳眼，擁有一七零模特兒級身材的大美人！
被她視為初戀的「小劉」？

「小劉……不是男生？」
大美人卻異常冷靜地說：「我一直都是女生。」
天啊！是誰偷走了她的初戀，把她的初戀對象還給她！
然而，辛紫琉卻會用實際行動告訴岑凱琳——誰說女生初戀一定只能找男友！？"
我睡了前男友他媽,色之羊予沁,GL百合,完結,2270,作者授權,GL,百合,現代,年齡差,年下,https://mojoin.com/novels/399,"快樂的睡錯人，才發現是當年自己花式作死。
果然自己挖的坑，要自己填呀d(d＇∀＇)
只是太太麻煩妳不要這麼氣勢洶洶我會怕啊啊啊啊啊啊啊！！！"
高捷少女：直到下一站,時零,GL百合,完結,0,原創星球,日常,,,,,https://mojoin.com/novels/1099,這是我寫的高捷少女二創小說 如果是對高捷少女有興趣的朋友 歡迎來我的粉專按個讚 可以提早閱讀最新的高捷少女故事喔！
【GL】燈火闌珊,愛不說,GL百合,完結,1,原創星球,百合,都市,治療,,,https://mojoin.com/novels/1059,"葉佳誠說：「我們重新結婚吧，不用管其他人怎麼想。」
許懿蓮說：「我們不能背叛蘭，不然，蘭會離開的……」
梅子說：「安姊，那麼，妳是同時在和她們兩姊妹交往嗎？」
許懿蘭說：「妳是我最重要的寶物。」

出生後，跨過了三十一個年頭的劉安樂，即便知道父母會事後暴怒，她還是毅然決然向丈夫提出離婚。
她和丈夫相處融洽，雙方並沒有人不守規矩出軌，然而，就是在這樣的情況下，她選擇離婚。
這不是什麼推理謎團，一切的答案都只是為了愛情。

恢復自由之身的安樂將會面對她所愛的雙胞胎，憑藉微弱的燈火，走向結局。
題外話：
這是個有關同性戀的故事，也是個無關同性戀的故事。
如果你抓到了名為「愛」之物，上頭是否會貼著五顏六色的標籤？"
中二妄想．少女日常,雷明,輕鬆搞笑,完結,1730,原創星球,青春,暗戀,中二,校園,快穿,https://mojoin.com/novels/2981,"可可和白一兩人是從小一起長大的青梅竹馬，同時在國中二年級的時候一起進入了中二病。

雖然上了高中後，白一順利脫離了中二病，但是他的青梅竹馬，可可卻依然還是處於中二病狀態，
雖然大家認為她的中二病很可愛，但是卻讓白一特別頭痛。

某次兩人到跳蚤市場買了一對來路不明玉製飾品，然而可可配戴的黑色玉製飾品，
卻給了她出口成真的力量，讓這個中二病少女給世界帶來天翻地覆的改變，並沒有自覺的樂在其中。

白一為了要制止這個胡搞瞎的青梅竹馬和挽救自己正常的高中生活，於是展開了壯烈的史詩。"
魔法校草☆颯爽變身！(04)終結一切混亂(END),青鷹,輕鬆搞笑,完結,0,飛燕文創,輕鬆搞笑,,,,,https://mojoin.com/novels/3304,"溫和良善，謙恭有禮，人見人愛到簡直可以競選校園模範青年的張蓮，居然是大魔王？
而且他深情款款地擄走了吳亦悅的姊姊吳亦晨，還說是他等很久的愛人？
在我還沒反應過來，世界已經開始大亂……
羅密歐與茱麗葉的故事，兩個人婚成眷屬？
法海、許仙、小青、白素貞則是快樂四人行？
不管怎樣，快把姊姊還我，不然我這魔法少女就要發威啦！"
魔法校草☆颯爽變身！(03)校園熱鬧無比,青鷹,輕鬆搞笑,完結,0,飛燕文創,輕鬆搞笑,,,,,https://mojoin.com/novels/3289,"「人家要看！」
「滾開，誰要給你看了啊？」
「說不定可以成為魔法少女衣服的新設計喔？」
「你要是敢參考，我現在就把你抓去用火烤！」
原以為考過見習魔法使的考試，順利拿到道具，之後的日子可以海闊天空。
沒想到會長居然給我出了一個難題，要我在校慶園遊會時用魔法少女的姿態來吸引人氣？
而且，還要做表演？
等等，那是什麼暴露淫蕩的衣服啊？我才不穿！
什麼？還要穿著這套衣服在校園當行動客服？
喂，魔法少女的業務沒有這個吧！"
魔法校草☆颯爽變身！(02)生活亂七八糟,青鷹,輕鬆搞笑,完結,0,飛燕文創,輕鬆搞笑,,,,,https://mojoin.com/novels/3290,"原以為堂堂校草成為魔法少女已經很淒慘，沒想到更悲催的還在後頭。
首先是坐我隔壁的李志洋，一點都不理智地要追我……變身的魔法少女！
再來是學妹的瘋狂追求，原因是找我畫BL本本！？
接著是姊姊突然找我去遊樂園，竟然是想要幫她找男朋友？
還要搭配週末的魔法使考前特訓，這是要我變出分身嗎？
拜託！等那隻兩光的瑞比學會分身法術前，我就已經分身乏術了啊！
這些莫名其妙的事情，到底哪一天才會結束啦！"
魔法校草☆颯爽變身！(01)校草歡樂變身,青鷹,輕鬆搞笑,完結,205,飛燕文創,輕鬆搞笑,,,,,https://mojoin.com/novels/3278,"「騷年啊──」
「蛤？」
「想成為魔法少女嗎？」
「勞資是男的！」

高一時當選「閉起眼睛深呼吸投出你心目中最佳天菜」鳥活動的我，成了鏡影高中的校草之一，從此過著每天被不同女生告白的麻煩生活。
有天晚上，一隻神秘的兔子出現在我的面前，還說只要簽約成為魔法少女，就可以解決不停被女生告白的困擾。
雖然這提議不錯，不過我可是男的，誰要成為魔法少女啊！（掀桌
在一次性命危急中誤上賊船，然而，見習魔法使LV1的瑞比，一問三不知。
我不僅要幫忙瑞比尋找聖物、想辦法讓中了黑魔法的人恢復原狀，什麼？還要幫瑞比通過考試？牠不是來帶領人的魔法使嗎──"
練愛地圖,多人合集,輕鬆搞笑,完結,580,獨家原創,搞笑,,,,,https://mojoin.com/novels/3247,"文學星 × 漫畫星、小說家 × 漫畫家聯手鉅獻
七種「練愛」組合歡樂大亂鬥！
⧒年末大賞給你一點顏色，立即測:https://bean.fun/oABfX
當不同作品的角色們被迫一起參加戀愛實境節目、莫名其妙一起被關進密室、突然一起被困在異世界……
據說如果不相親相愛合作，就無法逃離這樣的窘境，然而大家互相傷害的互相傷害、調戲幼女的調戲幼女，甚至爆橘的爆橘(?)──

等等，說好的練愛難道不是「練習戀愛」嗎，怎麼會變成這樣？( ；∀；)
"
原子占星咖啡館的日常,紫曜日,輕鬆搞笑,完結,2409,獨家原創,youtuber店員的日常記事,C8取n的有趣互動,各色美男應有盡有,,,https://mojoin.com/novels/2855,"為了尋找真正想做的事，普通大學生「地球」應徵了原子占星咖啡館成為店員。
這裡不僅有群星環繞般的溫暖燈光、濃郁的咖啡香氣，還有各式的占卜服務。
然而剛上工沒多久，地球就被店裡奇形怪狀的同事們（？）顛覆了世界觀！
總是隔空互嗆的店員水星和咖啡師火星、溫和卻最不能惹的店長金星，還有神出鬼沒的天王星、環保系（？）木星、嘮叨的土星「媽媽」和捉摸不定的海王星這四位個性迥異的占卜師們……
究竟原子占星咖啡館裡，會上演怎麼樣歡樂又嬉鬧的日常呢？"
原子公館的少年們,初雲,輕鬆搞笑,完結,3921,獨家原創,青春校園,同居日常,穿越道以女遊戲裡變成狗狗是不是搞錯了什麼?,,,https://mojoin.com/novels/2802,"那天，毛毛開心地買下期待已久的遊戲《原子公館的少年們》，卻在回家路上出了車禍。

當她睜開眼睛，遊戲裡的少年們就在眼前，而她還被自己的天菜、代號為地球的溫柔少年抱在懷裡！
只是，為什麼地球看起來這麼大？為什麼她有毛茸茸的肚子，甚至還有狗爪子！？
WTF，人家穿越都是當女主角，怎麼就她變成了一隻豆柴！

雖然身為柴柴的福利不差，不時會被揉揉抱抱搔搔下巴，還可以近距離欣賞少年們的帥臉、腰線、腹肌……簡直完美！（擦口水）
但毛毛知道，她必須引導遊戲女主角來到原子公館，幫助少年們喚醒施展行星魔法的能力，讓他們順利進入魔法學院就讀，自己才有恢復人形的機會。
她記得女主角是在一個下雨的夜晚，撿到在公園被野狗攻擊的小狗毛毛，也就是她──
現在窗外正下著雨，女主角飄然經過，而她還在屋裡耍廢。

完蛋，她錯過女主角在遊戲中出場的時機了，這下靠北了⋯⋯

《原子少年—STAR formation》全套漫畫這邊看https://bean.fun/W01Yz"
請跟我交往！拜託啦！,名為星賊的草莓蛋糕,輕鬆搞笑,完結,2,原創星球,戀愛,日常,校園,,,https://mojoin.com/novels/2706,"據說，只要單身到三十歲的男人，就會成為魔法師。

那麼，單身一輩子的男人呢？"
在非人類高中就是要活著畢業呀！不然要幹嘛？(06)台日電擊大作戰(END),雷明,輕鬆搞笑,完結,0,飛燕文創,奇幻校園,輕鬆搞笑,,,,https://mojoin.com/novels/2469,"台日大戰！
超越時空，時隔百年的未婚夫再次降臨！

「林誠，我這次一定會把小雪帶回日本！」

原本只是日本姊妹校聯合運動會，卻牽扯出了百年來的恩怨！
應該死掉的小雪未婚夫──誠哥，居然出現在一行人面前。
並對石牌高中的學生會和所有同學宣戰，同時還把小雪當作賭注，要林誠在這場妖怪運動會出賽。
小雪也因為整個人亂糟糟，而離開了林誠的身邊。
在沒有小雪的幫助下，林誠有辦法活下去嗎？有辦法帶著石牌街區高中的所有同學獲得最後的勝利嗎？

波瀾壯闊的瘋狂戀愛喜劇！為您獻上比前面更超展開的最終回！"
在非人類高中就是要活著畢業呀！不然要幹嘛？(05)太棒了！沒有暑假作業！來玩大逃殺吧！,雷明,輕鬆搞笑,完結,0,飛燕文創,奇幻校園,輕鬆搞笑,,,,https://mojoin.com/novels/2468,"只要有爭議，就用死亡網遊，更正，是死亡遊戲來處理吧！

打敗了茉莉後，石牌街區高中學生會的一行人，終於能好好在小島上渡假。
然而原本感情就不是很好的本校學生會和分校學生會的妖怪們再一次在內衣失竊事件中，整個引爆！
為了要解決兩方處理兩方的不爽，於是展開了街區高中的傳統團康遊戲──大逃殺。
雖然設定上對這群妖怪和仙人來說只是跟鬼抓人差不多的打打鬧鬧，但身為脆弱的人類，倒楣的林誠只要被輕輕摸一下，就會直接變成幽靈。
當然那些妖怪才不在乎這點，他們只想把林誠撕成碎片，報之前的仇，於是林誠成為那群妖怪同學的狩獵目標！

林誠有辦法活過獵殺嗎？有辦法找出引發這場遊戲的幕後主使者嗎？

最火熱的人類大獵逃，今夏火熱展開！"
在非人類高中就是要活著畢業呀！不然要幹嘛？(04)鬼島餘生之殭屍才不是鬼,雷明,輕鬆搞笑,完結,5,飛燕文創,奇幻校園,輕鬆搞笑,,,,https://mojoin.com/novels/2467,"暑假！
大海！
中元普渡！

說到暑假就會令人聯想到蔚藍的大海、雪白的海灘、火熱的太陽與刨冰以及萬鬼出籠的農曆鬼月。
林誠順利活過高中一年級，迎來人生中第一次的暑假。
然而身為學生會長的他，卻要在農曆七月時普渡那些在外島分校上的好兄弟們。
但林誠卻被島上的大殭屍咬到，甚至還在半夜爬起來攻擊夥伴。
為了避免林誠變成殭屍，所有人必須要在中元普渡前把殭屍女王幹掉，才能讓林誠免於變成殭屍的命運。

活著畢業不可怕，真正可怕的是暑假出意外。
生人禁地！閒人勿入！"
在非人類高中就是要活著畢業呀！不然要幹嘛？(03)在思考失業前，妳知道畢業嗎？,雷明,輕鬆搞笑,完結,21,飛燕文創,奇幻校園,輕鬆搞笑,,,,https://mojoin.com/novels/2466,"要是無法畢業找到工作，就會變成鳳梨──！

林誠順利的當上了學生會長後終於逃離被煮成火鍋的死亡命運。
然而新危機卻從內部開始醞釀。
留級的學姊──鳳梨，更正，是王鳳來，因為不喜歡讀書、也常常幹些蠢事，讓她一直無法畢業，她的班導再也看不下去，於是把她丟到一年級的班上，變成林誠的同班同學。
鳳來為了要畢業，同時要找到工作，於是逼林誠完成她的心願，為了更進一步讓林城幫她，甚至還對林誠下了變鳳梨咒。
於是林誠為了要解除變成鳳梨的魔咒，於是開始了考試外加求職大作戰！

延後畢業不可怕，活著畢業也不可怕。
真正可怕的是畢業了，就是失業──！"
在非人類高中就是要活著畢業呀！不然要幹嘛？(02)拚死拚活的競選、拚死拚活的選上！,雷明,輕鬆搞笑,完結,20,飛燕文創,奇幻校園,輕鬆搞笑,,,,https://mojoin.com/novels/2465,"「我的政見就是要把林誠煮成火鍋！讓所有同學一起享用！」
一年一度的學生會選舉又再次來臨，然而這次只有一個名叫牛平天的牛魔王妖怪出來競選。
而且他選上後還決定要把林誠這學校唯一的人類煮成火鍋，讓所有肉食妖怪享用。

為了要逃離被煮成火鍋的危機，林誠聯合小雪和他的好友們決定也一起參選學生會長，一場熱烈競選抹黑大戰，就此展開。

延畢不可怕！可怕的是如何活著畢業！"
在非人類高中就是要活著畢業呀！不然要幹嘛？(01)莫名其妙被冥婚、莫名其妙被索命。,雷明,輕鬆搞笑,完結,562,飛燕文創,奇幻校園,輕鬆搞笑,,,,https://mojoin.com/novels/2464,"「快跟小雪冥婚！你已經撿起白包了！快點負責！」

林誠來到學校的第一天，在穿堂撿到了一個錢包，沒想到仔細一看那是個冥婚白包。

沒想到下一秒冥婚的對象──宮之下雪，像是神燈精靈一樣從白包冒了出來，並拔出菜刀砍殺林誠，逼他到地獄跟小雪一起冥魂……
於是林誠展開了校園生存大作戰，為了要活著畢業，林誠不僅要想辦法超渡惡靈般的鬼妻、還要逃離小混混妖怪的找碴、彷彿掃把星的留級學姊的糾纏，努力活過悲慘的一年級校園生活！
延畢不可怕！可怕的是如何活著畢業！"
收到收費袋的我，開始了萌寵召喚師生活,抹茶熊熊,輕鬆搞笑,完結,560,原創星球,戰鬥,冒險,,,,https://mojoin.com/novels/1116,"警告！警告！別帶任何智商進入此作品。
除非大大想留心得，否則不建議，
不然……後果請自負，本熊絕無責任承擔大大們那被內容殘害腦袋的責任！

戴可媛，20XX年進入高中，由於因為數學不好而參加神飛補習班，可是……她卻認為這根本不是在補習，而是——這是在選救世主吧！！！！！！！
召喚系統：收費袋
主召喚獸：飛天小柴犬
召喚咒語：～～（沒有！只要打開收費袋即可！）
但一連串的荒唐事件中，卻演變成了——補習班與補習班的較量！！！（非課業成績較量）
「所以說……要繳費，為甚麼收費袋不還給他們呀！！！！」
我不知道……沒錯，我——戴可媛，一名15歲，數學成績極糟糕透頂的女高中生，碰上了……一家給收費袋可是卻不想讓他人繳回來的奇怪補習班的遭遇。

這是本熊在寫作作品中，寫得最「無腦的」一篇（好啦！其實不是無腦，而是作品都是讓人「致鬱」且「帶感」的。"
《我的師傅宇宙可愛，不服來戰！》卷五,二迴林,輕鬆搞笑,完結,0,原創星球,蘿莉,武俠,戰鬥,軟萌,搞笑,https://mojoin.com/novels/2302,"【師妹與師姊的「國王泳裝」（R15）更新】

武俠✕輕小說，王道熱血✕歡樂惡搞──

「自古雙修就是要裸體呀！徒兒你也快點脫了吧！」
「住手啊師傅！我的尚方寶劍不聽使喚出鞘見血的話，會被判死刑的呀！」
你想見識，極限的擦邊球嗎（X）"
《我的師傅宇宙可愛，不服來戰！》卷四,二迴林,輕鬆搞笑,完結,0,原創星球,蘿莉,武俠,戰鬥,軟萌,搞笑,https://mojoin.com/novels/2301,"【師妹與師姊的「國王泳裝」（R15）更新】

武俠✕輕小說，王道熱血✕歡樂惡搞──

「自古雙修就是要裸體呀！徒兒你也快點脫了吧！」
「住手啊師傅！我的尚方寶劍不聽使喚出鞘見血的話，會被判死刑的呀！」
你想見識，極限的擦邊球嗎（X）"
《我的師傅宇宙可愛，不服來戰！》卷三,二迴林,輕鬆搞笑,完結,0,原創星球,蘿莉,武俠,戰鬥,軟萌,搞笑,https://mojoin.com/novels/2300,"【師妹與師姊的「國王泳裝」（R15）更新】

武俠✕輕小說，王道熱血✕歡樂惡搞──

「自古雙修就是要裸體呀！徒兒你也快點脫了吧！」
「住手啊師傅！我的尚方寶劍不聽使喚出鞘見血的話，會被判死刑的呀！」
你想見識，極限的擦邊球嗎（X）"
《我的師傅宇宙可愛，不服來戰！》卷二,二迴林,輕鬆搞笑,完結,0,原創星球,蘿莉,武俠,戰鬥,軟萌,搞笑,https://mojoin.com/novels/2299,"【師妹與師姊的「國王泳裝」（R15）更新】

武俠✕輕小說，王道熱血✕歡樂惡搞──

「自古雙修就是要裸體呀！徒兒你也快點脫了吧！」
「住手啊師傅！我的尚方寶劍不聽使喚出鞘見血的話，會被判死刑的呀！」
你想見識，極限的擦邊球嗎（X）"
《我的師傅宇宙可愛，不服來戰！》卷一,二迴林,輕鬆搞笑,完結,25,原創星球,蘿莉,武俠,戰鬥,軟萌,搞笑,https://mojoin.com/novels/1001,"【師妹與師姊的「國王泳裝」（R15）更新】

武俠✕輕小說，王道熱血✕歡樂惡搞──

「自古雙修就是要裸體呀！徒兒你也快點脫了吧！」
「住手啊師傅！我的尚方寶劍不聽使喚出鞘見血的話，會被判死刑的呀！」
你想見識，極限的擦邊球嗎（X）"
哎呀、變成寶箱怪了！,鬱兔,輕鬆搞笑,完結,10,原創星球,冒險,搞笑,蘿莉,重生,,https://mojoin.com/novels/1049,"史上首位無機質、珍稀吉祥物主角ｘ女孩們的精采大冒險！

以下為超萌女角名單：
天才煉金術師－－苳兔
寄宿寶箱怪的紅髮幽靈－－安蒂希亞
腹黑雙胞胎公主姊妹花－－茉莉卡與茉莉娜
還有獸人族女王（呃？

請問面對貪婪的冒險者們追擊，變成寶箱怪的伊多又該如何應對呢？

伊多：嗯，大概只能逃命吧O口Q!!

封面擔當：Minari
封面設計：神祕小編編
內頁插圖：榭芙"
天使的贈禮,鬱兔,輕鬆搞笑,完結,0,作者授權,天使,少女,宅男,失戀,願望,https://mojoin.com/novels/614,"林勳終於向自己暗戀的女神告白被拒，還聽她對朋友嘲諷自己。
作夢也沒想到暗戀的女孩居然是這樣的人，他既氣憤又不甘，卻又無法放棄，此時竟遇見一位天使，她答應要送給林勳一個願望──
無論如何都想追到女神的他，開始了他的反攻計畫！"
那些被寫成輕小說的短篇故事,芸光,輕鬆搞笑,完結,1,原創星球,戀愛,冒險,,,,https://mojoin.com/novels/666,"拳頭ｘ戀愛ｘ曼陀羅草ｘ戰鬥ｘ職場ｘ蘿莉
胸罩ｘ魔法師ｘ討厭鬼ｘ必殺技ｘ笨蛋ｘ姊姊
夢想ｘ吟遊詩人ｘ創作ｘ程式碼ｘ戀愛ｘ同班同學

閱讀這本故事就像吃七彩糖罐。
每篇都有獨特口味，每篇都是驚喜。

讓噴飯系兼殘念系的寫作者芸光告訴您──
這個世界即使紛擾，您還是能擁有一段值得喘息的閱讀時間！

快來吸一口短篇小說吧！

* * *
當你忍受不了狗屁倒灶的生活瑣事，推薦《活不下去，只好逃離這個世界》
當你不知道怎麼在創作平台擁有人氣，推薦《從行銷魯肉飯到行銷寫作事業的方法》
當你身邊有個一知半解讓你很煩躁的傢伙，推薦《沒必要說話時，妳可以安靜一點》
當你跟女同學關係不好卻總是在意她，推薦《胸罩與花海》
當你覺得自己的專長很蠢，推薦《無用能力者也可以拯救世界唷》"
難道勇者回原本世界過年，連親戚都贏不了？,白瓷,輕鬆搞笑,完結,0,原創星球,奇幻,日常,,,,https://mojoin.com/novels/874,"費盡千辛萬苦，打倒魔王後從異世界回到原本世界的退休勇者姜陽明，等著他的卻是幾天後的農曆新年。
消失三年的姜陽明，身旁還帶著在異世界結交的女友，不但要面對親戚朋友的質問，走春拜拜還得過關斬將，甚至連傳說中的年獸都跑出來湊熱鬧？
姜陽明：「總覺得魔王還比二姑婆三姑媽四叔叔五叔公還好對付……。」"
妹妹說要靠新手裝打進排名第一，沒搞錯吧！？,雷迪,輕鬆搞笑,完結,67,原創星球,戰鬥,遊戲,,,,https://mojoin.com/novels/697,"你看過用新手裝打天下的玩家嗎？
最爛裝備、最低等級、最少技能，但卻是最強技術！
輕鬆搞笑的日常、熱血精彩的戰鬥、扣人心弦的劇情，你是網遊迷嗎？
那這作品絕對適合你！"
這樣的守護神 真的沒問題嗎？,胡說,輕鬆搞笑,完結,55,原創星球,奇幻,青春,日常,,,https://mojoin.com/novels/633,"神明 X 年紀較長 X 人世間敬老尊賢的習俗

「哈哈哈哈哈哈哈哈哈——跪下吧，愚民。」
「這到底是怎麼得出的結論……」

所謂的守護神難不成是——在一旁「守」望並「護」送人們走上絕望道路的存在吧。"
老子就是不想接家業啊！,吉郁隆程,輕鬆搞笑,完結,0,原創星球,職場,日常,,,,https://mojoin.com/novels/428,"如同標題

還有這是我朋友的故事
我
朋
友
的

很重要所以改成直行
今天我就告訴你們一個故事，一個關於我朋友的故事，是我朋友的喔，一段他離家出走後所發生的事情。"
蘿莉幽靈纏上我！,走路跌跤,輕鬆搞笑,完結,40,原創星球,靈異,蘿莉,,,,https://mojoin.com/novels/338,"青梅竹馬因意外死去，變成幽靈回到自己身邊，但不知為何，她的外表和心智都退回到了十二歲！
天才少年穆晨有一個很大的煩惱，面對總是想「強上」自己的蘿莉幽靈，他該如何是好？

* * *

「你忘了那天晚上是怎麼迷上我的肉體了嗎？你把ｘｘ放進我的ｘｘ然後嗚嗚嗚嗚嗚嗚……！！」
穆晨直接衝過去摀住了穆晶的嘴。
禍從口出說的就是這種白癡女人，見鬼，自己是有招惹到她嗎？
「我的人生總有一天會被妳毀掉的……」少年流著冷汗，有些後怕的說道。
「……嗚哈！」穆晶奮力掙脫穆晨的手掌後得意洋洋地回道，
「那也比被別的壞女人毀掉要好！而且姐姐有什麼不好，人漂亮胸部又大，你們這種年紀的男孩子不是最喜歡了嗎？」
「……」穆晨紅著臉微微偏過頭。
「哼哼，太好懂了我的弟弟。」
「……才，才沒有！就算真的是我也喜歡智商比較正常一點的！」

補充、在閱讀本篇文章之前，請先注意以下幾點：
一、本文和FBI合作，在您點下這篇文章的瞬間，您的IP位置就已經曝光。
二、蘿莉控不是病，是生活方式。
三、作者絕不會是蘿莉控，他已在追求巨乳的路上和各位漸行漸遠。
四、作者本性純良，開坑必定填坑，若是不在意牢獄之災，還請放心閱讀。
五、劇情可能有小虐，非單純愛情喜劇，還請多多包涵。
六、以上有兩點是假的，但窩不能告訴你是哪兩點。"
魯蛇們！成為偶像吧！,天兵,輕鬆搞笑,完結,0,原創星球,現代,,,,,https://mojoin.com/novels/277,"有天，腦袋有洞的老闆對我們下達命令 「公司快倒閉了，你們去當偶像吧！」
重點是，在座要組偶像團體的人有…… 從不開口說話的冰山美人 有人群恐懼症的大學巨乳妹 長得猥瑣的肥宅 以及 裡面最正常但也最路人甲的我
這個偶像團體該怎麼經營下去！？"
七日內靠刮刮樂獎金賺一億元！,六花,輕鬆搞笑,完結,2,原創星球,戰鬥,現代,,,,https://mojoin.com/novels/68,"父親離開後，留下大筆債務，為了媽媽跟妹妹......不不不，這絕對不是這樣的故事！！
「從今天算起，你要在七天內，靠刮刮樂獎金賺到一億元。」 「姑且問一下，妳剛才說的『完蛋』，具體來說會怎樣完蛋？」 「我會惡靈化，永久性的附在你身上，讓你衰一輩子唷。」 「會有多衰？」 「結婚當天才發現女友是你親妹妹，差不多比這衰十倍的程度吧。」 ──沒事手賤撿什麼鬼刮刮樂！
喂，就算運氣再好也不可能在七天內刮中一億元唷？ 既然如此，就靠「刮鬥」一決勝負吧！
熱血系刮刮樂激鬥！卡牌戰鬥X刮刮樂！！

──除了天賦，你什麼都沒有。 ──紅蓮魔眼嗎？倒是挺有意思…… ──拼手速還敢跟我玩錢，你忘了我的綽號？ ──若不盡早判斷出大獎落點，一旦陷入膠著戰，便會頻頻遭到這般攻擊。 ──怎麼？貴國是沒人了嗎？每次決賽遇見的都是你們這些手下敗將，真夠無趣。 ──沒錯，而我所能賦予你的，正如我的名字──真希，真正的希望！
因手賤而遭到怨靈纏身的冉佑星，被逼迫要在七天內靠刮刮樂獎金賺到一億元，否則將會永遠被怨念纏身，甚至造成國運衰敗！

粉絲頁：六花的魔界花園，裡頭都是我用負能量辛苦栽培的魔界植物跟垃圾話，歡迎來玩！"
福氣囧少女,killer,輕鬆搞笑,完結,34,原創星球,校園,奇幻,,,,https://mojoin.com/novels/46,"因為哥哥離家出走，她不得不女扮男裝進入男校就讀，卻發現學校裡充滿各種謎團……
* * *
曾綏堯是曾氐集團總裁曾士春的掌上明珠，卻從小楣運纏身，常遇到許多讓人啼笑皆非的倒楣事。
由於雙胞胎哥哥離家出走，為了完成父親的心願，患有恐男症的綏堯不得不女扮男裝，代替哥哥進入貴族名校「超凡中學」就讀。
沒想到她一入學，就得罪了校內的惡霸蘇謙達，因而展開一段驚天動地的（愚蠢）爭鬥。

然而，抽屜裡的一張神秘字條，讓她發現，學校裡似乎藏著不得了的陰謀。
學校本身是個巨大的結界，用來囚禁女神，神秘組織「七星」潛伏在校園中，負責看守女神並消滅試圖援救的人。

而她自己，居然是身負解救女神重任的「預言之子」？

在同學穆德的幫助下，她必須努力避開「七星」的監視，同時還要克服自己的楣運，一步步解開校園中的封印，以拯救女神。"
泡菜熟成，宜殺人,慣看春秋,懸疑推理,完結,50,FireLink Studio,懸疑,推理,,,,https://mojoin.com/novels/3793,"薇薇安，大學音樂系的一年級生，在一次殺人案件中，因為室友被捲入其中，為了幫助室友洗清嫌疑，與某個作風詭異的「偵探」相遇──對泡菜有著狂熱偏執的怪人羅倫。

封閉的空間、醉人的紅酒、殘留的藥物、被割喉的受害者，以及與屍體共處一室的少女──
夜晚的美術教室、充當凶器的石膏像、以及腦袋被重擊，差點就死掉的天才美術生──
相談甚歡的主賓、風雨交加的夜晚──突兀停電，以及伴隨而來的槍響，當一切恢復光明時，展露在眾人面前的是被近距離射殺的女主人。

三起案件，三個展露在薇薇安與羅倫面前的，或許是簡單的謎題，或許是一場無可救藥的鬧劇。然而真相容易推敲，但人心──卻總是難以捉摸。簡單系推理，堂堂登場。"
冬青樹下的福爾摩斯01,散狐,懸疑推理,完結,58,三日月書版,靈異,推理,怪談,偵探,青春校園,https://mojoin.com/novels/3791,"「妳認為世界上有幽靈存在嗎？」

好奇心旺盛的好動女孩與睏倦零活力的偵探少年，解開帶有濃厚怪談色彩的神祕案件，共譚青春校園推理篇章──

初冬季節的夕陽餘暉、光禿的櫻花樹下，散發著透明感的美麗女孩。如此光景令尤亞難以忘懷，打聽之下卻發現那名女孩已不在人世。上吊自殺的女高中生幽靈傳說，在茗川高中的學生間迅速傳開。前往社團辦公室的途中必定會經過那顆櫻樹，二度現身的幽靈讓身負社長重責的尤亞不勝其擾。於是她找上了據說曾經破解「茗川七大不可思議」之一的同班同學──夏冬青……

「櫻樹下的幽靈」其真身是……？隱藏在事件背後的真相又為何……？"
他媽的AI吃人豪宅,芙蘿,懸疑推理,完結,2760,華星娛樂,劇本殺,本格推理,科幻未來,,,https://mojoin.com/novels/3775,"限時解謎劇本殺，揪出兇手或死亡！元宇宙 LARP
3小時定生死！自己的命運，自己救！

林瑞媛一醒來就在虛擬世界「第1010號宇宙」，被AI告知自己的大腦受創、即將腦死成為植物人！她必須在真實世界的3小時內，即虛擬世界的72小時內，拉高大腦效能、解開豪宅凶案、揪出真兇，才能從真實世界中醒來。

隨著遊戲進行，她發現遊戲劇本是妹妹創作的小說改編而成，但沒想到走向逐漸偏離劇本，一切開始失控！而激烈的腦力推理，也使得她失去的記憶逐漸復甦，但卻反將她陷入過去悲慘回憶的牢籠……

 林瑞媛要如何破關解謎、絕境重生？同行的玩家，又懷抱著什麼秘密？謊言、利刃與劇毒，這是他們多謀的詭計，也是愛與被愛的真心。"
怪奇殯儀館,芙蘿,懸疑推理,完結,4643,恐怖喜劇,靈異搞笑,懸疑推理,,,,https://mojoin.com/novels/3762,"殯儀館裡追趕跑跳碰，背後追你的是人還是鬼？
人人都是暴風雨中的小船，而這裡正是他們的避風港……

失業走投無路的阿翰，到了殯儀館當夜班保全。雖然入住員工宿舍得以暫時安頓，但同事個個陰陽怪氣，還有奇怪的《夜班保全守則》要遵守！唯一小確幸是同事的女兒美若天仙，常來送晚餐探班。

阿翰這會兒工作都還沒上手，那會兒各種怪事已經各種猛：傳說中半夜點屍體會多出一具？地下層明明只有到B2，有時卻會出現B3？不只如此，竟然還有面具怪客持刀來攻擊，人氣網紅分屍懸案沒破！最讓阿翰無法置信的是，為了更好地服務生人和死人，他竟然必須得開天眼……

衰上加衰、人鬼不分，這個不平靜的殯儀館背後祕密一旦被揭開，後果恐怕是阿翰無法承受……"
流焰的迴旋曲,薩佐,懸疑推理,完結,25,原創星球,魔法,戰鬥,架空,,,https://mojoin.com/novels/3654,"流焰輪轉，千物不移。
只要花還盛開，貝里的繁榮就會持續下去。"
查無此人，請勿再寄,吐維,懸疑推理,完結,18968,獨家原創,懸疑推理,寫實,信件解謎,劇情翻轉,微BL,https://mojoin.com/novels/2895,"「在那時，我第一次體會到──人原來可以如此喜歡一個人、同時又如此痛恨一個人。」

幾個月前，盧彥為拿著幾封查無此人的神祕信件到派出所報案，希望能將信件物歸原主。
菜鳥員警涂偉翔於是展開調查，卻發現信的寄出地遍及東南西北、彷彿寄件者不想被找到似的，甚至還有其他人為了偷信在盧彥為家附近徘徊。
無奈之下，涂偉翔只好收留沒有家人的盧彥為在住處落腳，但隨著相處時間漸長，他也愈來愈在意這個謙遜卑怯的青年。
然而循著線索愈挖愈深，信件的祕密也逐漸顯露出來，證據全都指向了同一個人──

「打從一開始，就沒有該收到這些信的人，對吧？」
「……對不起，涂大哥。」
「你、到底是誰？」"
地獄的轉生生存秀,壹那由他,懸疑推理,完結,958,原創星球,歡樂,解謎,生存,惡搞,搞笑,https://mojoin.com/novels/2304,"一場不是死就是生的遊戲，不願活著的人們垂「死」掙扎
死或是生，歡迎來到地獄的轉生生存秀
全球新型疾病肆虐，死亡人口創新高，直逼過去戰爭死亡人數，加上少子化問題，造成地獄人口爆炸，流浪漢四散，嚴重影響人類靈魂投胎。
在地獄生活有房有車有錢，也嚴重影響人類投胎意願。
為了解決人口爆炸問題，十殿閻羅決定趁著人間的人造嬰兒生育計畫及疫情趨緩之戰後嬰兒潮，舉辦強制轉生的生存秀。
死亡，即強制投胎。
閻羅天子秘書兼遊戲策畫李述︰「這公司鐵定要完。」
遊戲策畫兼遊戲主持人紀雨桁︰「請答出地獄的轉生生存秀，生字不相連、完全相連、不完全相連及八個字任意排列各有幾種排列方式。」

——那一天，人們回想起被庭院深深深幾許數學題支配的恐懼。
－－－－－－－－－－－－－－－
腹黑主持人x呆蠢主持人
意外死男神x自殺死女神
大致上有兩組主角
立意良善，和平和諧的生存遊戲
各種網路梗時事梗
地獄設定有私設，主要參考地獄遊記"
勇往直前吧！捕物少女！,亞蘇,懸疑推理,完結,61,作者授權,日式古風,推理,輕奇幻,,,https://mojoin.com/novels/1133,"平靜的南町突然發生了殺人事件——

繪雙紙的名家，在自宅被人一刀刺穿胸口，當場斃命，兇手是他招來的藝妓，還是另有其人？
番所裡的姑娘出嫁不久與丈夫失和，卻又為何在夢境裡牽扯到另外一名武家小姐？
低價義診的女大夫同時也是過去商家的情婦，她的目的究竟是什麼？
失去記憶的男人，到底真實身分為何？

活潑青春，且正義感十足的薰，即將出手釐清真相，化解危機！"
魍魎之宴,月雨海魅,懸疑推理,完結,90,作者授權,懸疑,推理,都市,靈異,驚悚,https://mojoin.com/novels/534,"一場朋友間的歡樂聚會，一次痛徹心扉的殘破離別，一段不為人知的不堪過往，一場交錯複雜的本能與感情拉扯刻劃出的慘劇。
從一句路口算命師的詭異預言開始，將這群故事裡的每位人物環環相扣，開啟了數十年前就悄悄展開的黑暗筵席。
在被當成「魍魎」的佳餚之下開始互相殘殺、互相包庇、互相猜忌、逐一成為暗影的一部分。
他們不知不覺間被邀請一一入席，直到那名男人的出現，那名女人的告白……"
無朽色華(Ｉ),星野咪魯,懸疑推理,完結,0,原創星球,腹黑,百合,懸疑,,,https://mojoin.com/novels/815,"人都沒辦法擺脫痛苦的束縛，
我們唯一能做到的，就是試法保留真實的自己
將自己浸泡在藥劑之中的女子說道：
這個世界儼然需要的，是為你執筆，為你服務，為你利用的這副肉體，而並非存留在這具形體之中的，叫做陳霧的靈魂……
────而你們 共罪

無形之形系列第二部：無朽色華　連載開催
「今天的你活著還好嗎？」"
【都市/懸疑/罪案/心理】 黑暗中的犯罪側寫師,巨蠍羊,懸疑推理,完結,2057,原創星球,都市,懸疑,,,,https://mojoin.com/novels/1108,"一直以成為像父親一樣的正直法官為人生目標的柏皓霖發現父親當年被害一案另有真兇。
為了尋找真相，柏皓霖進入警署成為一名犯罪側寫師，擅長行為分析和心理側寫的他漸漸獲得了警署高層的信任。
在尋找父親被害一案的線索時，柏皓霖發現這個城市中不少高智商的連環殺手、或是有強大背景的罪犯沒有得到應有的懲罰。
為了維護正義，柏皓霖秉承「正人行邪法，邪法亦正」的人生信條接管了法律之外的法。
白天，柏皓霖是警署專業的側寫師，利用犯罪側寫幫助警方破解疑難案件，與諸多連環殺手鬥智斗勇；
夜晚他化身為代表著正義的判官，他從不親自參與犯罪，而是通過心理誘導或設下心理陷阱將不能被法律制裁的罪人送到上帝面前接受審判。"
群青推理－成為偵探助手的方法,CC,懸疑推理,完結,0,原創星球,日常,校園,,,,https://mojoin.com/novels/996,"全篇已完結。
單元劇形式校園輕推理作品，不燒腦請安心食用。

* * *

夏曉萱好不容易進入了當地的第一志願南海附中，沒想到在開學第一天就被一位自稱是偵探社社長的學長──藍楷昱──搭訕。
因緣際會之下，她選擇放棄普通的高中生活，加入校內的偵探社，當時她還不知道自己早已跳入火坑。
才剛加入社團，廢社危機便擺在眼前，更慘的是，明年學長升上高三，自己很可能得接下偵探社社長的職務。
對於這個頭銜，曉萱可是敬謝不敏，無可奈何之下，她便立定志向，決心要在這一年內網羅校園內的推理人才。"
GAME,Rin45,懸疑推理,完結,1,原創星球,戰鬥,校園,,,,https://mojoin.com/novels/961,"Let's play a game.
這是最近突然流行起來的一封訊息。
並非問句，亦不是邀請，而是「一同參與」遊戲，勝者可以獲得高額的報酬，敗者，所付出的代價是生命。"
白鬼曼蘿,米米爾,懸疑推理,完結,10,原創星球,推理,架空,戰鬥,,,https://mojoin.com/novels/463,"失去一切的「少女曼蘿」，終於如願以償地長大了。
當她進入罪惡之城巴比倫時，她獲得了新的稱號：「白鬼曼蘿」。

一邊以右手的白手為淨化之匕，一邊以左手的鬼手為追蹤抓擄汙鬼邪靈之爪，將罪惡之城《巴比倫城》弄得雞飛狗跳，人心惶惶，因為誰的內心沒有罪惡？誰又能真正無辜？誰的體內沒有那熱愛犯罪的汙鬼邪靈棲息？

所向披靡的她，成為黑白兩道避之唯恐不及的存在。
正當她萬念俱灰，只求以命與言寧錄相搏卻失敗時，因緣際會之下，白之王的同伴「黑之王」，邀請曼蘿加入事務所，以幫忙調查解決汙鬼邪靈造成的各類案件，換取害她一無所有的「邪靈之王言寧錄」的線索。
白鬼曼蘿一面心不甘願的和搭檔花牧師調查辦案並滅鬼，一面想盡辦法調查奪走白之王身體的死敵下落，然後，一起回到那隻存在夢中的山神山村。"
對神宣戰的偵探,昇華,懸疑推理,完結,0,原創星球,架空,,,,,https://mojoin.com/novels/360,"霍克．夏凡特爾。
以驚人的推理能力活躍於各個犯案現場中、被人稱之為「奇蹟」的存在。
然而，卻有人不這麼認為。
雅莉，霍克聘請的助手，在一次無意中，發現了他對「神」的宣戰布告，察覺不對勁的她，決定深入探究其中。
然而，似乎不只是霍克，連她自己有隱藏著的秘密。

同一時間，黑社會的殺手正蠢蠢欲動……"
迷途之羊01,微混吃等死,青春校園,完結,6,三日月書版,輕推理,青春,Youtube,台灣冒險,,https://mojoin.com/novels/3787,"★暖心作者微混吃等死攜手超人氣繪師手刀葉，再次帶來溫柔的輕推理物語。
★當紅Youtuber在人氣中迷失了自我，她的消失帶給男孩重大震撼，決心踏上尋人之旅。順著男孩的旅程，臺灣各地美景亦在作者筆下栩栩呈現。
★我是誰？在別人心中的我又是甚麼樣子？成長中的迷惘，與現代人疏離的人際關係，然後發現，原來我們雖不孤獨，卻都為寂寞所苦。

姓名、身分；代號、面具……拋下一切，是否就能見到真正的自己？

「遲早有一天，我會消失。但我希望，有人能找到真正的我。」白宣，女高中生，同時也是極高人氣的Youtuber，在高二寒假突然失蹤。沒有留下隻言片語，只有懷抱「真心」，才能找到線索。

 柳透光，白宣的同班同學、影片協力者，以及某種他自己也說不明的關係，心中只有想要找回女孩的純粹感情。

 於是，冬末時分，迷途的女孩與沒有方向的男孩，一起踏上了旅程。"
三餐飯後閱讀此書,一真,青春校園,完結,11,原創星球,溫馨,成長,感動,日常,校園,https://mojoin.com/novels/3759,"「學長，請你教我說謊。」──充滿謊言與欺騙的故事，從這句話開始。

參加「書目療法研究社」的千蒔，因為無法說出違心之論，將難看的書推薦給讀者，為此煩惱不已。

她偶然認識筆名為「羽漪」的高二學長陳伊宇，而羽漪對外宣稱的人設卻是「二十歲的女大生」。

因為小說家最會編故事了，他一定會是個很棒的說謊老師吧。"
臨時戀愛條款,蒼燁,青春校園,完結,1,原創星球,成長,青春,戀愛,校園,,https://mojoin.com/novels/3726,"意外目睹同學葉恭賢的女友劈腿，突發狀況下，她被當作擋箭牌，加入這場莫名的關係中。
為了報復，他們協議宣示虛假的戀情，卻在這樣的關係裡，逐漸發生變化......"
討厭學校的我，意外開啟了戀愛冒險遊戲般的生活,散狐,青春校園,完結,37126,獨家原創,青春校園,,,,,https://mojoin.com/novels/3555,"以攻略各種遊戲為唯一興趣的少年──白帆野，對即將開始的高二生活可說是不抱任何期望。
直到真正踏入校門的那刻，他才不得不改變原本的想法。
與其說前景是一片灰暗，不如說……事情變得有點奇怪。

視野所及之處，閃爍著光芒的視窗不斷從人們頭頂彈出，那是名為「狀態欄」的介面，只要是遊戲玩家肯定都認得，帆野自然也不例外。
但是……為什麼？

別說狀態欄了，他甚至能看到大多數人的能力數值──除了那位年級第一美女高織凜。
只見高織凜的頭上浮現金色的問號，代表著超稀有任務對象，於是，帆野戀愛冒險遊戲般的生活就這樣開始了……"
【網遊】何處不染塵,安普特,青春校園,完結,0,原創星球,網遊,戀愛,校園,,,https://mojoin.com/novels/3713,網遊x書法x師生戀
10⁻⁹,toilet,青春校園,完結,18,原創星球,清水,奇幻,溫馨,戀愛,,https://mojoin.com/novels/3683,"這個宇宙以10⁻⁹公尺作為尺度分界，以上是人類眼之所及的巨觀世界，以下是粒子活躍的微觀世界。

立志成為檢察官的少女氫海潔，夢想就讀元素大學法律系。
!可是，老爸不支持！
為了支撐夢想，海潔應徵了警察總局的僱用偵探，展開了半工半讀的新生活......"
難道純愛戰士的我，要轉職成牛頭人？,四月一日的羊,青春校園,完結,19,原創星球,暗戀,戀愛,校園,,,https://mojoin.com/novels/3686,"外表雖然像是不良少年，但其實是忠誠的純愛戰士男高中生，經歷了千辛萬苦終於搓合了好友和好友的心儀對象。
本來以為可以功成身退的他，卻看到了他們交往後的酸甜苦澀，以及他內心中一個無法說出口的衝動。
請問是否轉職「牛頭人」？"
記憶的編織者,神崎結弦,青春校園,完結,4,原創星球,輕鬆,治癒,溫馨,感動,日常,https://mojoin.com/novels/3670,這是失去記憶的「編織者」為失去記憶的「迷失者」撰寫的故事。
羽化之後,小蛇hebi,青春校園,完結,6,原創星球,追尋自我,成長,日常,,,https://mojoin.com/novels/3669,為了隱藏祕密而關起心房的少年，因少女的積極親近而面臨平衡生活崩潰的危機。
【實驗日誌】我的TA,toilet,青春校園,完結,287,原創星球,短篇,追尋自我,溫馨,成長,感動,https://mojoin.com/novels/3665,"【青春微(矯)酸(情)甜系列】
劉語昕：
一個對未來感到迷茫的重考大學生
vs
簡文則：
一個讓學生敬而遠之，外冷內熱的化學助教

獻給在升學一途陷入挫折與迷惘的你"
我的笨蛋妹妹,一真,青春校園,完結,74,原創星球,蘿莉,溫馨,成長,感動,軟萌,https://mojoin.com/novels/3663,"十六歲的妹妹因為遭受霸凌成為家裡蹲，又因為不明原因，心智年齡倒退至國小程度。
退化後的坂上白子，生活能力盡失。
不但要哥哥幫忙換衣服，還要哥哥幫忙洗澡，甚至整日沉迷於兒童動畫。
坂上黑太為了這樣的妹妹，捨棄掉許多事物，只希望能夠成為拯救妹妹的英雄。
這個故事的本質僅是一個，妄想拯救笨蛋妹妹的笨蛋哥哥──屬於哥哥與妹妹的故事。　"
《女主角填空問題是否過於困難了》,雷迪,青春校園,完結,3870,原創星球,戀愛,日常,,,,https://mojoin.com/novels/3630,"一名大學二年級生兼具網路小說家，他因為罹患「女主角靈感缺乏症」而寫不出有女主角的小說。

為了治好他寫不出女主角的病症，於是他的友人告訴他「先為自己找到『女主角』吧」，從此開始，這位男主角將和三名女主角展開一場青春戀愛喜劇——"
今日的動漫社依舊無所事事,應該,青春校園,完結,222,原創星球,懸疑,惡搞,日常,搞笑,校園,https://mojoin.com/novels/3623,青山高中動漫社的社團宗旨是「過著動畫般的校園生活」。四名性格迥異的社員和一位隱藏社員，展開充滿歡笑與淚水的青春物語，照理說本該是如此…
不可告人的校園情事,多人合集,青春校園,完結,5135,獨家原創,BL,GL,百合,禁斷戀,,https://mojoin.com/novels/3615,"～文學星同志驕傲月特企《不可告人的校園情事》怦然登場～
人氣作家冰殊靛、希澄、鹿潮、碰碰俺爺
四個故事，四段青春裡萌芽的曖昧戀曲

男孩與男孩、女孩與女孩，在高中廢棄的掃除間、在被詛咒的宿舍、在校舍走廊的窗台邊、在陰暗無人的校園角落，那些心動和試探，都成為不可言說的祕密情事……


————————————————————————


【BL】冰殊靛〈被詛咒的下鋪〉

#男神學霸 #小透明學渣 #長久照在心上的白月光

高中住校的吳秉杉，換到一間新寢室，
原本睡在下鋪的學長卻主動把下鋪讓給他。
當晚，睡在下鋪的吳秉杉在夢中被逼著寫了一張又一張考卷，
學渣如他，每張考卷上的分數都是紅字。

第二天，滿臉慶幸的學長才告訴吳秉杉，這張下鋪被詛咒了，
除非能考到八十八分，或者找到另一個人當替死鬼，
否則他每晚都得陷入考試地獄。

為了拯救吳秉杉，學霸謝文城自願和他一同睡在下鋪上。
吳秉杉的心臟跳得飛快，不是因為即將降臨的噩夢，
而是為了肌膚相貼傳遞過來的體溫……

【GL】希澄〈閉眼之後〉

#JK百合 #查出暗戀者  #告白要在閉眼後(?)

身為高中老師的虞霏，最近桌上頻繁出現語帶關心的紙條，
她懷疑是哪個學生的惡作劇，讓她非常困擾，
於是決定暗地監視自己的座位，找出那個人是誰。

監視途中，忽然有風颳起，沙塵被吹進了虞霏的右眼，
她閉上右眼，睜著左眼，
恍惚之間，竟看見穿著高中制服的芮筑坐在窗邊。

十年前，虞霏是這所高中的學生，芮筑也是……

【GL】鹿潮〈兩短一長〉

#JK百合 #好強小叛逆資優生 #偽乖巧神祕感班長 #反差

成績優異的蔣詩瑄，從小就是班上的風雲人物。
她原以為自己會一直佔據第一名的位置，
卻在升上高中後遇到了難以打敗的勁敵──班長徐夢瑜。

但徐夢瑜那副乖巧端莊的模樣，
在蔣詩瑄看來根本是無趣的同義詞。

直到某天，蔣詩瑄撞見徐夢瑜悄悄躲進廢棄的掃除間，
從門內飄散而出淡淡的菸味，
讓她鬼使神差伸出了手，在門上敲出兩短一長的節奏。

門打開了，
徐夢瑜隱藏在乖巧面具底下的另一面，也在她眼前展開……

【BL】碰碰俺爺〈你是不是喜歡我？〉

#高冷(?)校園男神 #騷包啦啦隊員 #讓你看完露出姨母笑

身為一個「娘娘腔」，包紹秉為了不受欺負，一直努力做到兼具美與力量，
即使腳上還踩著高跟鞋，也要反擊霸凌。
然而上了高中後他卻發現，揍人好像不能有效解決問題了，
還會傷到他美麗的臉蛋和塗了指甲油的手指！

於是，包紹秉換了個方法，
他加入了啦啦隊，每當有臭直男嘲笑他是個死娘娘腔時，
他就會帶著姊妹們換上啦啦隊服，來到對方的班級前大跳熱舞，
一邊質問「你是不是喜、歡、我！才、每天都來、找我麻煩？」
通常對方就會漲紅了臉，往後看到他還會自動讓道。

可是有一天，當他對似乎看他不順眼的校草楊璿這麼做之後，
為什麼校草的反應卻是──
「在你問我喜不喜歡你之前，你應該要先告訴我你喜不喜歡我吧？」"
因夢想而死的我們,小鹿,青春校園,完結,16434,獨家原創,戀愛喜劇,十年創作經歷,因妹妹而死的我,熟悉的小鹿最對味,,https://mojoin.com/novels/3280,"剛成為高中教師的千衍，除了工作和重病的母親，最擔心的就是休學追逐寫作夢的妹妹千鳶──她的作品簡直堪比毀滅性武器！
「妳說千鳶寫的作品叫什麼？」
「《繼母帶來的拖油瓶是我的前女友，但驗了DNA後發現是親兄妹》。」
「這人際關係也太混亂了吧！」
「簡稱《其實繼母以前是我爸爸的前女友，之所以最後沒有結婚是因為是親兄妹》。」
「為什麼簡稱把真相直接說出來了！而且比書名還長啊！」
那些禁亂兄妹戀作品不僅會讓他社會性死亡，還可能讓母親物理性死亡啊！
為了迴避死亡結局，千衍只能向青梅竹馬灰詠求救──
「在實現跟JK交往的夢想之前，我還不能死啊！」
「你還是去死吧！」

──這是一個少年少女們為了追夢義無反顧、因夢想而死的故事。（無誤）"
青梅竹馬能追嗎,啊儀,青春校園,完結,119,原創星球,戀愛,成長,日常,校園,青春,https://mojoin.com/novels/569,"七歲那年，是他們的相遇。

國小、國中、高中的生活都在一起，漸漸熟悉彼此、也漸漸疏遠了彼此。會意識自己感情為何物嗎？

「青梅竹馬能追嗎？」
「追吧！」"
鄰座的城隍小姐不除妖！,小夜妹子,青春校園,完結,611,原創星球,長篇,妖怪,奇幻,成長,校園,https://mojoin.com/novels/898,"✦IG : yoru0822

✿ 鄰座的城隍小姐不除妖！第一集 ✿
超級可愛又離奇玄幻的校園生活
腦洞大開的華麗開始！

「這位同學，你的後面跟了超妖嬌的美女，要不要幫你？一次只要三十五噢。」
一名身穿古典旗袍的古怪少女搓著雙手，形跡相當可疑。

男高中生孟裕某天在上學途中，莫名其妙遭遇車禍，
所幸毫髮無傷的他眼前出現一名力大無窮，散發不凡氣場的嬌小女孩──鈴花。
這位少女正是孟裕班裡的新進轉學生，只要長得可愛，一切應該都會沒問題吧？
但是事與願違，鈴花的出現彷彿是孟裕人生裡的毀滅展開，
開學第一天就在禮堂開導亡靈，面對惡鬼直接打入地獄，就連城隍爺都拿她沒轍。

只是這樣的她，竟然嫌除妖麻煩！？
唯一的目的竟然是──

「從現在起，我要攻略全世界，擄獲全人類的心！國民女神的稱號非我莫屬！」
「那首先妳得要先超越媽祖娘娘哦。」
「……(((ﾟДﾟ;)))我看還是棄權好了。」

p.s.果然連魔王都說，人間是很難攻略的呢（攤手）

✿ 鄰座的城隍小姐不除妖！第二集 ✿
地府的快樂加班日常，跨維度的相聲組合誕生！？

玄齋高中一年一度的舞台劇表演即將展開，
正式成為地府新房客的孟裕提議演出地獄的審判故事，
為了忠實呈現角色個性，擔任編劇的他只好擔任閻羅天子的七日秘書。
不過天子的個性霸氣又強勢，讓孟裕每天差點過勞死。

好不容易完成劇本，到了演出當天卻忽然發生意外，
扮演謝范將軍的其中一人受了重傷無法演出，
不只如此，孟裕還收到通知，黑白無常追捕的惡靈躲藏到禮堂內，
不想讓學生們的心血泡湯，鈴花靈機一動。

「那就讓真正的謝范將軍上場演出吧！」

唯有如此才能保全大家的性命，兩人將攜手踏上未知的舞台──
然而無法一面演出，一面戰鬥的范無救很快陷入了困境，
貪婪的靈魂甚至開出交換條件……？！
與此同時，徹底被惹火的謝必安終於舉起扇子。
「不要小看我們了！」

在危機四伏的舞台上，他們將以彼此的羈絆斬斷接踵而來的惡意！"
有病吃藥～跟青梅竹馬一起成為小說家吧,拾文字戰士,青春校園,完結,108,原創星球,職場,戀愛,日常,軟萌,搞笑,https://mojoin.com/novels/854,"22歲的駐院藥師宋梓洛，原本過著一日復一日，看似有意義但其實枯燥乏味的社畜日常，並且對小時候跟心儀的青梅竹馬何沅彤一起成為小說家的夢想忘記得一乾二淨。 某天，這位失聯已久的青梅竹馬竟然搖身一變成為SSR級美少女？！

「如果由梓洛你來餵我的話，我就吃藥！」
「幹什麼？有病吃藥—！！」
「沅彤，你肯吃藥的話，我就送巧克力你吃。」
「蛤？我又不是小朋友⋯⋯」
「不要巧克力的話，你想要什麼？」
「那麼⋯⋯我要你跟我這個青梅竹馬一起成為小說家吧！」

欸⋯⋯？
要成為小說家嗎？
而且還要跟何沅彤一起⋯⋯？

以青梅竹馬的身份，
以病人和藥師的身份，
以寫作夥伴的身份，
以及⋯⋯同居人的身份。

早已經因為現實而對夢想、對戀愛熄滅的光芒，又能否再次被點燃起來？
「我在過去十年無法跟你共渡的時光⋯⋯
接下來的十年也想以雙倍送贈給你！」

***

為了保護各位的眼睛，在進入內文前請戴好墨鏡。
為防止吃糖過多而蛀牙，也請定期進行牙科檢查。
然後，歡迎來翻閲這部有關於廢宅藥師男主與小惡魔系女主的日常系青梅竹馬戀愛喜劇（X

文／illustration：拾文字戰士"
夜北芋冰物語,幻華鼠,青春校園,完結,0,原創星球,短篇,蘿莉,治療,日常,架空,https://mojoin.com/novels/15,"不善言辭的無口女孩江棠硯、溫柔治癒的天然呆女孩葉南蓮、淘氣可愛的茶行千金西宮玖瑠實；
以這三個小學生為中心，展開像芋冰一般軟綿綿、甜蜜蜜的日常故事。"
我與青梅竹馬的少年漫畫取材記,亦白,青春校園,完結,45,作者授權,輕小說,戀愛,青梅竹馬,,,https://mojoin.com/novels/991,"「從現在開始，你要成為少年漫畫的主角。」
國中時期就得獎，並以學生之姿出道的李翡媛，在身為少女漫畫家的同時，也是我從小就相識的青梅竹馬。
這樣的她卻突然要轉戰少年漫畫的領域，叫我當她的「取材對象」，還要我扮演一個稱職的「主角」？
在翡媛的脅迫下，我得逐一達成各種「主角」必須有的「要素」。
換上獨樹一幟的造型、演繹活潑外向的性格，甚至還要尋找屬於自己的「宿(對)敵(手)」？
但是，就在追逐這些要素的同時，我也被捲入從未想過的麻煩之中……！"
倒數三次的告白,1382,青春校園,完結,10,原創星球,BE,HE,科幻,青春,日常,https://mojoin.com/novels/1091,"這是一個著迷於邏輯及常理的少年和他直屬學姐之間的故事。
時間是無法逆流的，正因如此，我們總說要珍惜當下。可事實是我們往往會受外物影響，最後只能不斷錯過。
但真的有如果的存在，我們就能夠一切順心嗎？
發生時間：2018.12～2019.07/2029"
最終不能成為主角的我,鏡道記,青春校園,完結,231,原創星球,戀愛,搞笑,校園,,,https://mojoin.com/novels/1023,"「我從未放棄自己，但也未曾想過要站在主角的高度。」──葉泛之
這是一本披著異能戰鬥皮的校園戀愛喜劇"
女友是個想39歲安樂死的厭世傢伙,五月八日,青春校園,完結,701,原創星球,成長,青春,戀愛,日常,校園,https://mojoin.com/novels/345,"因為無趣，她交不到朋友。因為沒體力，她找不到好工作。
因為不幽默，僅僅七天就被男友甩掉。
唉……這個世界真的好麻煩啊，還是找個工程師包養活到３９歲安樂死算了──
儘管外在條件完美，她仍然在內心如此怒吼著。

作者：五月八日
繪師：芦川ゆる"
不良少女矯正計劃,On,青春校園,完結,0,原創星球,戀愛,校園,,,,https://mojoin.com/novels/1076,"如果我的故事
能為你的心中帶來一點感動
人們總是在尋求原諒，也在學習著如何原諒。"
指考前七天的憂鬱,青色的文字玩家,青春校園,完結,0,原創星球,推理,戀愛,日常,,,https://mojoin.com/novels/918,"節節逼近的指考、嶽麓高中的地下社團走迷宮部，以及為期七日的盛大狂歡──蘭亭宴。
所謂的蘭亭宴，是四年一度，由筆、墨、紙、硯四場宴會組成，由走迷宮部與躲貓貓社兩方對抗，爭取唯一的社團教室使用權的競賽。
最重要的是，要解開四場宴會的題目，不可或缺的要素就是文學。
隨著指考日期毫不留情的逼近，一場貫穿了文學、青春與愛情的地下競賽，堂堂揭開序幕！

* * *

「……幫幫我，冬徹。」
酷熱的六月。
在決定臺灣高中生未來四年的命運，一般被稱為「指考」的大學入學指定科目考試即將展開的前一個禮拜，作為應屆的考生，深陷在各種數學公式中焦頭爛額的少年冬徹，接到了一通莫名其妙的電話，要求自己立刻前往母校──嶽麓高中的301教室。
受到好奇心的驅使，依約前往的少年面前，出現了三名自稱走迷宮部的人影。
在文壇早早成名，取得了一流大學的入學許可，卻在畢業前夕神秘失蹤的名人學長曜亞、同班同學葛薇兒，以及二年級的學妹喻凌華。
三人均否認是自己打電話給冬徹。但因為有過數面之緣，曜亞對少年展現了意外的興趣。
明白冬徹喜歡文學的曜亞，向少年提出了走迷宮部的入部測試，以及某項競賽的邀請。
「冬徹，加入我們走迷宮部，一起參加蘭亭宴吧！」"
Stalker☆Club,MisterZoo,青春校園,完結,0,原創星球,懸疑,日常,,,,https://mojoin.com/novels/905,"雖說不是只要喜歡，做什麼都可以，但還是有一些神經病為了愛可以不惜一切。

Stalker☆Club，也就是「跟蹤狂俱樂部」。
2016年的舊文搬運，有機會會修改跟寫後續吧。

大家的行為都是犯法的，請不要學習（喂"
宅男女神,芃凡,青春校園,完結,249,原創星球,搞笑,校園,,,,https://mojoin.com/novels/884,"今年夏天！
充滿著活力、熱血、友情、感動的青春戀愛喜劇（誤）即將開始！
每個宅男心中都有一個女神，但我應該不算是宅男，可是我心中依然有一個女神……"
我的妹妹哪有人格分裂,汪界,青春校園,完結,362,原創星球,奇幻,,,,,https://mojoin.com/novels/723,"如果要用一句話形容妹妹那就是——十項全能。

 沒錯，不管是體育、音樂、美術或國、英、數等等，從來沒低於滿分過的吧。
那時的我還不知道隱藏在妹妹身上的秘密，當秘密揭曉時將我和全世界捲入。

謬絲。
米娜。
小零。
圍繞於四位少女的物語，寄宿不同靈魂的計畫實驗體 AG1Z0(伊莉玲)，最後少年的選擇是——"
和金錢談場戀愛吧！,粉紅夜/紀帥哥,青春校園,完結,0,原創星球,架空,奇幻,,,,https://mojoin.com/novels/596,"愛錢有什麼不對？
錢很好，又漂亮又溫柔，懂你的興趣，在你寂寞時還能陪伴你、與你聊天。
我可不是在說夢話，錢已經變成這樣了。
第四代貨幣：貨幣精靈。
顧名思義已經不是數值或物品了，而是貨真價實的生命體。
他們有意識、能思考、並且隨著主人的消費行為會改變型態、外貌、與性格。
只要控管好自己的積蓄，培育完美情人不是夢想……

# 繪師：雁冰　
# 標題：值言　
# 有沒有標題設計比作者本人還暢銷的八卦？
# 隔壁棚《主角在此，還不下跪！》也請大家多多指教！"
兩個世界 百分百之美,東之冊,青春校園,完結,20,原創星球,戀愛,校園,,,,https://mojoin.com/novels/497,"在兩個平行的世界裡，各有一個『你』。
兩個世界裡的『你』共同分享著百分百之美。
當其中一個世界的你美若天仙，那在另一個世界的你，將會醜陋不堪。
倘若你長得平凡，那另一半的美貌將平分給另一個世界的你……
兩個世界十個少年男女，美與醜的互換將會帶來怎樣的一場鬧劇？
外表變得美麗是否就能擁有一切？失去美貌難道就註定成為悲劇？
究竟愛情和友情是建立在動人的外表上，還是美麗的心靈？"
致彼此的藍色繡球花,aipi,青春校園,完結,,,,,,,,,
櫻時雨,MisterZoo,青春校園,完結,3,原創星球,成長,校園,治癒,,,https://mojoin.com/novels/31,"受傷的少年，遇見了櫻花樹上的少女。
互相撫慰的故事，大概。"
就算被妖怪包圍也要談戀愛！,killer,青春校園,完結,0,原創星球,戀愛,校園,妖怪,,,https://mojoin.com/novels/5,"五芒巿建立兩百多年以來，始終靈異事件頻傳。

五芒大學新媒體社是一個即將倒社的社團，連社長都退社，只剩一個正式社員和一個專門搗蛋的幽靈社員。
某日忽然加入一個喜歡男扮女裝的富二代攝影師，而一個天性膽小畏縮卻有夢識超能力的女生。
藉著她在夢中看到的片段線索，社員們將一個一個解開巿內的謎題。"
那年夏日天光大作,東澤,文學寫實,完結,196,華星娛樂,罪惡,救贖,音樂,青春,殘酷,https://mojoin.com/novels/3754,"青春的純愛與狂暴冷絕的命運，殘酷地進行著……
榮獲 BenQ 華文世界電影小說獎，兩岸三地媒體競相報導
東澤以最初筆名「莫小城」出版之感動傑作

蕭至傑是個平凡男孩。母親彷彿為了彌補父親意外死亡的悲劇，強迫他接受嚴苛的小提琴訓練，生活陷在日復一日的灰暗音階裡。女孩孫以芃奇蹟似地走進他生命，短暫的相處竟成至傑永恆而純淨的愛。

剛滿18歲，一場擦槍走火的意外，把蕭至傑送進了監獄，十二年苦牢，歷經許多扭曲的暴力，心性幾乎徹底摧毀。出獄後，他展開一場尋找孫以芃的城市冒險。他一心渴望要回到那個與女孩並肩的美好下午……但，古怪的是，他竟是需要一把槍！"
霸凌者的告別式,李勤英,文學寫實,完結,2,原創星球,虐心,懸疑,成長,校園,,https://mojoin.com/novels/2923,"雙胞胎妹妹世瓔自殺了，穿著她最喜歡的水手制服
家人自殺的衝擊、告別式上的惡作劇還有校方的冷嘲熱諷，讓羅世傑決定找出妹妹自殺的真相，踏上屬於自己的「贖罪」
妹妹所留下來的訊息，最終導向了一次次的霸凌事件，還有暴力背後隱藏的孤獨靈魂……"
網路情緣,康莊,文學寫實,完結,25,作者授權,成長,,,,,https://mojoin.com/novels/397,"本篇「網路情緣」係作者擔任律師工作期間，協助某育幼院處理法律事務時，獲育幼院院長告知某院童兄弟自立奮發，協助家中脫貧又回饋育幼院的故事改編而成。
對一個出身窮困家庭的孩子而言，努力讀書，無疑是青少年時期回報雙親，及充實學識，提升自我競爭力的唯一途徑，故事的主人翁透過自我約束，寒夜孤燈苦讀，考上時下最夯的國內一流大學科系，其間雖然遭遇種種挫折及歧視，但憑自己對工作的專注及努力，終能克服萬難，突破困境獲得長官的肯定及美滿的婚姻，值得我等青年借鏡！"
在房間流浪的人,互生眼,文學寫實,完結,0,原創星球,校園,戀愛,,,,https://mojoin.com/novels/365,"圍繞著封面的主角，這是關於渴求他人獲得幸福的性工作者、替公主找尋城堡的馬夫，以及深愛著北極熊的某個便利商店店員的故事。
沒有一個人擁有正確的愛情觀，也在追求愛情這方面得到不同的結果。
然而人的情感本來就不可量化，運氣也佔了一部份，於是在名為愛情的賭局中，本來就無法產生所謂的「正確性」吧？"
今宵異譚：卷一魍魎之夜,四隻腳,靈異驚悚,完結,331,三日月書版,神怪,異想,奇幻,靈異,,https://mojoin.com/novels/3836,"輕輕翻過書頁，俊美的青年悠悠低語。說故事與聽故事的人，其實，都在故事之中……

大學畢業，一直找不到工作的我，為了逃避父母的壓力，搬到了朋友家裡。朋友有本小冊子，記錄了許多稀奇古怪的事件。畫面不停變動的照片，寄宿著妖物的畫卷，永遠吃不飽的男孩……聽了每每讓我驚嘆連連。

今夜，他又將為我講述什麼樣的故事？"
魔障之樹,路邊攤,靈異驚悚,連載,482,獨家原創,恐怖,靈異,驚悚,,,https://mojoin.com/novels/3815,"擁有詛咒他人的力量，
究竟是上天的禮物，還是魔鬼的陷阱？

為了逃離前夫，季璇帶著女兒雨萌搬進一棟老宅，期待展開全新的人生。
某天，雨萌班上忽然流行起魔法對決的遊戲，
見老宅庭院有棵老榕樹，季璇便折下一根樹枝，製作成「魔杖」送給雨萌。

不料雨萌的同學因為嫉妒，拿美工刀在魔杖上重重劃了一道，
雨萌氣得舉起魔杖，詛咒對方也被刀子割傷，
結果詛咒居然成真了，令雨萌自責不已。

季璇認為這只是巧合，但是當她巧遇前夫和新歡，並遭到兩人嘲弄時，
她突然希望，要是魔杖的詛咒力量是真的就好了。
於是季璇舉起魔杖，詛咒那對狗男女去死。
當天晚上，她的前夫和新歡竟雙雙上吊自殺……"
怪談病院PANIC!01,小丑魚,靈異驚悚,完結,50,三日月書版,靈異,搞怪,怪談,,,https://mojoin.com/novels/3797,"靈異界爆笑暢銷大手「小丑魚」再度出擊，關注度UPUP！

怪談天天有，醫院特別多。當粗神經又有引鬼體質的小護士綠豆，碰到天師後代、但除靈力趨近於靈的學妹依芳時——史上最大靈異PARTY開辦啦～

誤喝假酒枉死的病患化為厲鬼，大鬧加護病房。依芳只好求助地府之力──鬼差組長玄罡(牛頭馬面誠心推薦)沒想到，陰間救援公道價一次要五千萬？！再沒志氣，也不能向超級貪財鬼差低頭！

「咳咳，可以刷卡分期嗎……」"
我的家人就是鬼的那些事,多人合集,靈異驚悚,完結,782,獨家原創,靈異,鬼月,溫馨,,,https://mojoin.com/novels/3743,"MOJOIN鬼月短篇小說特企「我的家人就是鬼的那些事」
特邀四位人氣作家帶來四篇風格各異的精彩作品，一次滿足你對靈異故事的各種想像！鬼故事不一定只能可怕，也能歡樂搞笑，甚至溫馨催淚……

Div〈殺死老公的十九種方法〉
#我的老婆每天都想殺我 #越想越不對勁 #眼見不為憑

我叫做王大維，是個賣靈珠的小業務員，
長相普通、收入普通，唯一的優點是特別愛老婆。
我的老婆人美個性佳，只是最近好像迷上了殺老公──也就是殺我。

她把《殺死老公的十九種方法》這本書上所寫的各種方法
全都用在了我身上……

小島〈成功離婚就投胎〉
#愛情 #離別 #最終的心願

車禍過世後，呂文智獲准返回人間七天，了卻生前的遺憾。
當他以靈體之姿返家時，卻發現妻子彷彿對他的死去無動於衷，
不僅冷靜處理保險金理賠事宜，還火速丟棄他留下的遺物，
包括那張他藏在書裡、來不及送出的離婚協議書……

宋亞樹〈是誰亂丟神主牌？〉
#路邊的神主牌別亂撿 #有拜有保庇 #笑中帶淚

吳湘美第一次知道，原來人若衰，丟個垃圾也會撿到神主牌！
這塊神主牌不僅會說話，還逼她天天上香抄經，
說這樣才有功德迴向，能保佑子孫，
吳湘美只覺對方滿口鬼話……喔抱歉，還真的是鬼在說話。
不過只要她肯幫忙，就會被保佑發票中獎，那……就勉為其難當個「孝女」吧？

瀟湘神〈貓鬼〉
#只有你聽得到的貓叫聲 #死貓吊樹頭 #民間傳說

生下孩子後，皓正的妻子每夜輾轉難眠，說是不斷聽見惱人的貓叫聲，
皓正卻什麼都沒聽見，他以為妻子是產後憂鬱，導致出現幻覺。
幾天後，皓正竟也聽見了貓叫聲從窗外傳來，
窗外的陽台上聚集了一大群貓，他認出了領頭的那隻，霎時間背脊發涼。
那是菲菲，是他父母養在老家的貓，可是菲菲上個月就死了……"
童話開膛手,松櫝,靈異驚悚,完結,872,原創星球,無CP,驚悚,童年,超級英雄,爽文,https://mojoin.com/novels/3679,夜裡，穿著紅鞋的少女找上了門，想要從陳安身上獲取她想要的......
"鬼聽 —Hey, can you hear my VOICE?—",蛋目卡凡,靈異驚悚,完結,2093,原創星球,推理,解謎,校園,,,https://mojoin.com/novels/3652,"將和也是個孤僻寡言的天才學霸，一把男童的聲音鑽入他的腦裏驅使他著手調查十多年前在他家裏發生過的一場大火。
穿著黑色雨衣的幽靈、詭異的通靈少爺和謎之駭客少女陸續闖入和也的生命裏。
究竟過去的慘案是不是一場意外？與和也被緣分牽連著的夥伴能不能夠幫助他一同揭發事情的真相？周圍的鬼魂想要帶走他還是幫助他？
這一切究竟是個謎，還是個局？
「你能聽見我的聲音嗎？」
一本妄想推理作，扭轉一名高中生命運的起承轉合。"
貓與靈異,明月昭,靈異驚悚,完結,129,原創星球,短篇,都市,追尋自我,,,https://mojoin.com/novels/3651,"一個平凡無奇的女大學生，愛好是打遊戲、吸網路上虛無的貓，偶爾思考家裏突然的燈光亂閃、門突然地關上、夜半時女人低低的哭泣聲。
但是誰在乎，蘇容嘉要是有錢才不會住這破房子，她可沒有閒錢搬家啊，那些東西只要不要影響她打遊戲、趕報告，她才不在乎那些破事情。
某日，出租房隔壁情侶爭吵時，被丟出來一隻橘色虎斑貓，水汪汪的眼睛、不算順滑的毛皮、還有些許被燙到的禿毛處，一隻手就能撈起的大小……"
異常 第二部：影子裡的怪物,路邊攤,靈異驚悚,完結,9951,獨家原創,恐怖,靈異,驚悚,每個人都是異常者,,https://mojoin.com/novels/3627,"每個人都是異常者，只是每個人都壓抑著，直到有一天再也無法隱藏……

惡名昭彰的奪命路口發生了車禍。
看似只是又一場不幸意外，但一名女孩找上了刑警陳威助。
「那起車禍不是意外，而是謀殺，我可以作證。」
女孩提供車禍前一刻的照片，照片中，十多個黑色影子抓住死者的腳踝，
而女孩表示，就是這些影子將死者拉到馬路上，讓他慘遭撞死。

威助並不想相信這番過於荒謬的證言，
女孩卻鍥而不捨，並告訴威助，只要她能證明那個人是被謀殺的，
威助就要讓她拍攝他在太陽下的影子，因為那其中潛藏著「怪物」……"
攤叔叔短篇故事集：-1詛咒,路邊攤,靈異驚悚,完結,1100,華星娛樂,恐怖,靈異,驚悚,,,https://mojoin.com/novels/3634,"我在住宅區的小巷子裡開了一家咖啡店，
某天晚上，一個意料之外的客人來到店裡，是我的高中同學，宇康。
久別重逢原本令人欣喜，宇康卻告訴我，我們的高中班級受到了「-1」的詛咒──每年都會有一個同學從大家的記憶中消失。

回家翻閱畢業紀念冊後，我發現宇康所說的是真的，
我們畢業十二年了，同時也有十二個同學在我的印象裡完全空白，其中包括燕彤，她似乎曾是我的女朋友。
為了尋回和燕彤之間遺失的時光，我決定和高中時的幾個好友追查詛咒的真相，但宇康卻打來電話警告：
「不要去找那些不見的人，去的話……」

說到這裡，宇康就掛斷了電話，而我回撥給他再也沒有接通……"
攤叔叔短篇故事集：三年闇班,路邊攤,靈異驚悚,完結,728,華星娛樂,恐怖,靈異,驚悚,,,https://mojoin.com/novels/3633,"我的同學朱喬盈失蹤了。
老實說，我不太在乎，畢竟我們幾乎沒有交集。可是失蹤幾天後，喬盈突然在上課時出現在了座位上。
她的皮膚呈現暗綠色，制服骯髒、髮絲凌亂，怎麼看都已經不是人類，而接下來的每一天，喬盈都會現身，同時班上開始流傳一個謠言──
殺死喬盈的兇手就是我。

但我當然不是，為了洗清嫌疑，我想找出真兇，
沒想到隨著我展開調查，喬盈也開始獵殺班上的同學，一天一個。
明明只需要向殺死她的兇手復仇，喬盈卻彷彿被怨恨蒙蔽了理智，決心將全班同學都殺光……"
異常,路邊攤,靈異驚悚,完結,3508,華星娛樂,恐怖,靈異,驚悚,每個人都是異常者,,https://mojoin.com/novels/3503,"這是一樁異常的案件，有著異常的受害者、異常的兇手、異常的證人，以及異常的搜查者──

在一棟只租賃給女性的大樓內，發生了一件失蹤案，
失蹤者是一對雙胞胎姊妹中的姊姊，而報案者正是妹妹。
奇怪的是，妹妹似乎並不認為姊姊是失蹤，而是早已死亡。
根據監視器畫面，姊姊某天回到家之後，便離奇地消失在陽臺上，
而隔壁空屋的地板上，留有大片令人觸目驚心的血跡，
彷彿有什麼人被殘忍地砍殺，甚至──肢解。

無論是大樓警衛的證詞、匿名人士提供的線索，還是在空屋中逮到的流浪漢，或者是雙胞胎妹妹的說詞，全部都隱藏著一絲不尋常，有什麼骯髒的祕密被隱藏在這樁案件之下，沒有人敢說出來……"
代職城隍,紬實,靈異驚悚,完結,880,原創星球,靈異驚悚,,,,,https://mojoin.com/novels/3602,"陰七月，百鬼出。
地府引渡旺季，城隍爺卻為了尋找真愛申請留職停薪去流浪。
為了不讓引渡開天窗，文武判趕緊找人來當替死……不，城隍代理人。
段承霖救了學生不幸成為植物人，文武判看著他的魂魄在醫院遊蕩了三年，決定和閻王商量將他的名字從生死簿上抹除，然後拿著「下輩子任選投胎家庭協議書」請他對代理城隍一職說「我願意」……"
攤叔叔短篇故事集,路邊攤,靈異驚悚,完結,2666,華星娛樂,靈異驚悚,,,,,https://mojoin.com/novels/3405,"▌恐怖小說大師路邊攤 ∙ 經典短篇集結 ▌

九個故事，九個出人意表的日常怪談，
最令人渾身發毛的，總是生活中那些小小的不尋常……

你準備好了嗎？歡迎光臨攤叔叔的路邊攤，讓攤叔叔對你說說故事──
或者，你也可以成為他的故事？


✦收錄篇目：〈漩渦盡頭〉、〈在她腦中割腕的他〉、〈中間那間〉、〈不敢超車的原因〉、〈單眼〉、〈就是你〉、〈恐怖小說家的背後〉、〈認領回憶〉、〈遺書寄託所〉"
天才刑鬼師4：行屍走肉的逃殺,不帶劍,靈異驚悚,完結,100,華星娛樂,靈異驚悚,,,,,https://mojoin.com/novels/2684,"林志鴻摀著嘴，三步併兩步地衝向男廁，關門鎖上，一把扯下了口罩，兩個鼻孔激動地撐大呼氣，密閉的空氣中瀰漫著濃重的不安。
他頹喪地倚靠在瓷磚牆上，拿出口袋裡的手機，開啟相機，選擇對向自己的鏡頭，螢幕上顯現出他的面孔。
只見他的嘴巴扯開雙唇用力張大，露出兩排牙齒以及不斷伸動的舌頭，唾液從嘴角緩緩淌下。
儘管面部的肌肉痠痛異常，但他卻無法將自己的嘴巴闔上，只能任由它肆意地扭動歪曲，讓唾液亂七八糟地滴了滿地。
然後「它」就慢慢地爬了上來。
從嘴巴向上，鼻子、雙眼、眉毛、額頭……他的面孔徹底失去了控制，他在搖晃的視線裡看著螢幕，裡頭的自己像是個瘋狂的小丑，正感情豐富地擠眉弄眼。
──糟糕，看來是完全失控了……"
天才刑鬼師3：慘絕人寰的飢餓,不帶劍,靈異驚悚,完結,80,華星娛樂,靈異驚悚,,,,,https://mojoin.com/novels/2683,"斗六舊市場菜販整理剩菜時，驚聲摸到了一顆血淋淋的頭顱。
彰化八卦山早起運動的民眾，發現大佛前廣場被割斷咽喉的裸屍。
台南某女子高中側門口，放學時間來來往往的學生都看到了側門旁躺著的一隻腿，還穿著白襪黑鞋血淋淋的腿。
高雄愛河，搭乘愛之船的情侶，指著河面漂浮的屍塊尖叫。

基隆、花蓮、墾丁、三義、竹科……

幾天下來，全台各地連續發生的命案都只有一個不能說是共同點的共同點：
沒有監視畫面、沒有留下指紋與生物跡證、沒有線索、沒有動機、沒有任何嫌疑對象。
隨機殺人魔已經從對象的隨機，延伸到地點的隨機，彷彿致命病毒的擴散一般，人們真切地感受到自己活在無邊的恐懼當中。
捷運站前的大螢幕新聞台正映送著這幾天的好幾起殺人案件，週遭的人車聲忽然都靜止下來，大家清楚地聽見自己的心跳與呼吸聲。"
天才刑鬼師2：玩鬼自焚的失控,不帶劍,靈異驚悚,完結,311,華星娛樂,靈異驚悚,,,,,https://mojoin.com/novels/2682,"偌大的實驗室突然發出玻璃碎裂的聲響，陰暗的角落傳來獸的低吼。
巨壯歪曲的身型，跌撞的緩慢腳步，卻有張著利牙的血盆大口，以及無比飢餓的攻擊欲望，閃動在血紅的瞳內。
一隻，兩隻，三隻，四隻……實驗室以壯漢為中心，包圍了十幾隻巨壯醜陋的殭屍，看著眼前的獵物，大剌剌地淌著惡臭的唾液。

凝峙的空間中，一個氣息突然閃過。
壯漢與范離都聞到了這股氣息，充滿鬼殺人的血腥臭味。
手上的搖鈴聲響，包圍的殭屍突然像是衝出牢籠的野獸，飢渴地撲向壯漢。

「去你媽的，我們走著瞧！」

壯漢怒極，一拳揮去，不符合物理定律地產生誇張的爆炸。
三隻巨壯殭屍瞬間破爛成模糊的肉塊，血液碎屑噴濺出一條通路，壯漢奪路而出，一個起落已經看不見身影。

「我他媽的抓不到你，我鍾魁的名字就倒過來寫！」"
天才刑鬼師1：吞食大腦的恐懼,不帶劍,靈異驚悚,完結,776,華星娛樂,靈異驚悚,,,,,https://mojoin.com/novels/2681,"三秒。
白煙幾乎要消失在視線範圍內了。
黑衣男子睜開眼。
瞳孔竟然變成了紅色，像火一樣的紅色。
她不敢相信，遠方的半空中爆炸似的突然冒出火焰，將白煙一口吞噬掉，焰色在黑暗中刺眼著。

「哈哈，連逃跑都跑不快，可憐的小鬼鬼。」

他撥了撥瀏海，轉身離開，遠方空中的那團火也跟著瞬滅，小巷又被帶進黑暗中。
她一時還無法接受眼前的瞬息萬變，愣愣地看著黑衣男子的背影消失在巷口。
後來她拿起了地上鬼遺留下的那張紙片。那是一張黑色名片，上頭寫著幾個白色中文字。

「天才刑鬼師　靂月」"
好兄弟袂歹鬥陣,多人合集,靈異驚悚,完結,7762,獨家原創,讚豆拿搞鬼盒,溫柔女鬼讓你不再孤單(?),陰陽兩隔也要永遠相伴,因果業障,都市傳說,https://mojoin.com/novels/2786,"〈隔板後的他們〉路邊攤

#溫柔女鬼陪你吃飯 #聽你說話 #讓你不再孤單（？）

每天下班後，我都習慣獨自在車站的美食街吃晚餐。
因為疫情的關係，某天用餐座位裝上了霧面塑膠隔板，
而我看見眼前的隔板映出了女人的身影，其他隔板後方也有人影，
可這裡明明只有我一個人。

我想我顯然是見鬼了，但我感覺得到對方不抱惡意，
不知不覺間，我開始向隔板後的女人分享自己的生活。
她總是安靜傾聽，每當透過隔板看到她微笑，我就感覺一天的疲憊也跟著消失。
然而有一天，我得知了她的名字，發現了那個令人心痛的真相……


〈親愛的老婆〉浮靈子

#執子之手 #生死與共 #陰陽兩隔也要永遠相伴

某日爭吵後，明澤的妻子負氣離家，之後便失蹤了。
警方在附近的港口堤岸打撈起明澤妻子的座車，裡頭卻不見人影。

所有人都懷疑是明澤殺了妻子，再偽裝成意外，
但明澤不願承認妻子的死，同時雇人在海中打撈，持續了一年仍未放棄，
甚至為此去學習潛水，想要親自下水尋找妻子，於是殺妻的傳言也不攻自破。

一天消息傳來，有人在港口發現了一具女屍，
而屍體的異狀令眾人都驚懼不已……


〈債〉月亮熊

#無頭命案 #因果業障 #父債子償 #最複雜是人心

一週前，林茹欣繼父的屍體在深山被尋獲，屍身卻獨獨缺了頭顱。
但連凶嫌都說不清頭究竟丟在哪，警察也束手無策，林茹欣只好找上在廟裡「辦事」的叔叔林澤順幫忙。
然而林澤順對哥哥的死毫無波瀾，只是冷漠地打了通電話，之後沒過多久，頭顱就被找到了。
原以為這起事件會至此落幕，林澤順卻在告別式後，語帶保留地告誡林茹欣：不要回去林爹的家。
篤定林爹死因有蹊蹺的林茹欣，不怕死地回去尋找線索，卻在途中看見一生無法忘懷的惡夢…‥


〈別去那個地方〉瀝青

#無人廢墟的詭異聲響 #不能接近的地方 #都市傳說

阿星從小就被鎮上老人耳提面命地囑咐著：絕不能接近學校後面的水泥屋廢墟。
傳聞住在那裡的人家在數十年前一夕搬空，卻沒人記得他們的姓氏來歷，彷彿從不曾存在過。
在那之後，那間水泥屋就大小謠言不斷。
比如明明沒有人，卻總是傳出淒厲的哭聲和哀嚎聲；比如毫無來由地燃起大火，救火的人卻連滾帶爬地逃出來，說裡頭滿是白骨、血跡，還有可怖的龐大黑影。
其中，「水泥屋住著吃人的怪物」是鎮上流傳最廣的傳說。
而正值暑假的阿星和朋友們，卻因為好奇推開了水泥屋詭異的鐵門，也解放了鎮上最陰的「東西」……"
昆琴奇察回憶錄,艾傑葉林,靈異驚悚,完結,0,原創星球,神話,歷史,史詩,架空,,https://mojoin.com/novels/2705,潛伏在昆琴奇察小鎮裡的魔神，到底是誰？
燈炎蒼刃,蓬暗,靈異驚悚,連載,3,原創星球,長篇,妖怪,異能,奇幻,,https://mojoin.com/novels/1051,"驅魔人空唯嘆是一場災難的唯一倖存者，而兇手正是一種被稱為掌燈人的陰界存在。
對於掌燈人，他與他的打刀，早就寂寞難耐。
「那麼，我們應該從哪裡開始說起呢，空唯嘆先生？」小小的掌燈人坐到了空唯嘆的對面，她確信空唯嘆是一定有事相求。
空唯嘆的內心裡五味雜瓶。
誰能知道，所謂的「討厭」，只是不敢正視的一種措辭。
或許正好是團圓的日子，才會是這樣的收尾。"
雙生緣起之相聚,許花錢,靈異驚悚,連載,20,原創星球,輕鬆,科幻,玄幻,日常,,https://mojoin.com/novels/364,"某天，李彥無來看看案發現場，剛走上頂樓，卻發現有個女孩在這。這裡不是已經被封鎖了嗎？為什麼她還能進來？
許若梓剛被送回現世，她也是一臉懵好嗎？

既然已經被捲進了麻煩裡面，她也只能認命走一步看一步了。
只是…眼前的人為何帶給她一種莫名的熟悉感？

李彥無懷疑她的身份，她也好奇他身上的秘密，兩人各懷鬼胎，開啟了同居生活。"
死亡樹海,路邊攤,靈異驚悚,完結,436,華星娛樂,恐怖,驚悚,,,,https://mojoin.com/novels/618,"在這一站排班的計程車有些規則：
第一，不能隨便亂喊價，價錢乘客說了算。
第二，嚴禁搶客，來到這裡就是要乖乖排隊。
第三，除非必要，否則不能隨意跟乘客交談。
第四，乘客下車後，絕不能說再見或是謝謝。
第五，乘客上車後，不能擅自改變目的地，因為他們要去的地方只有一個——火車站周遭的樹海。

傳聞，每年都可以在樹海中找到五十具以上的自殺屍體，數字每年還會攀升更新。而會在這個火車站下車的人，都是要到樹海的人。
他們是不會回來的……"
新的地獄遊記,聖,靈異驚悚,完結,11,原創星球,冒險,懸疑,,,,https://mojoin.com/novels/1024,"一本絕對與宗教無關的警世小說。

這是一個，無論你信不信，它都真實存在的空間；這是一篇，詢問多年，終能公開撰寫的＿地 獄 遊 記。
「如果可以，我真的寧願相信，這一切都只是幻覺……」
「地獄不恐怖，如果，你沒做壞事……」

好人讀後感：大開眼界，真有趣。
壞人讀後感：根本不敢看完，以生氣掩護恐懼。"
今宵有鬼，莫熄燈！,北府店小二,靈異驚悚,完結,1196,原創星球,玄幻,日常,搞笑,,,https://mojoin.com/novels/925,"全文五集已經連載完，請安心食用！
㊣本作曾獲2015年POPO華文創作大賞三獎㊣

▼半調子道士x文弱書生＝七分搞笑三分恐怖的捉鬼生涯！▼

劉白，原本只想過安穩大學生活的他，居然因為一本書，莫名其妙地成為了陰間鬼差「黑白無常」的助手，從此再無清淨日子可過！
鬍子越，對道術略懂一二、精通風水玄學，自從劉白被開眼之後，義無反顧地扛起了保母一職，替他捉鬼降妖！（友情價九折）

劉：「再怎麼都是過命的好兄弟，你就不能算便宜點嗎？」
胡：「你要是不想真的去做好兄弟，就乖乖給老子付錢。」
劉：「……」"
回生,廬陵筆邪,靈異驚悚,完結,0,原創星球,靈異,冒險,奇幻,,,https://mojoin.com/novels/916,"莫名其妙下了陰曹地府的李騰，為了還陽而展開的一段旅程。
傳說中的陰曹地府究竟是什麼樣的世界？
因果循環的天數將帶著李騰一步一步揭開自己進入陰曹地府的真相以及前世今生。"
渡靈詞,不眠不咻,靈異驚悚,完結,40,原創星球,靈異,治癒,,,,https://mojoin.com/novels/908,"幽黃泉，一名永遠身穿白色制服的少女，在掛著搖搖欲墜寫著「渡靈」招牌的事務所內，處理著人們各種渡靈的需求和委託，在形形色色的事件中，也緩緩道出了黃泉那不可告人的悲慘的過去……

「你我本是同路人，奈何陰陽兩相隔，黃泉路上莫忐忑，青燈久伴你身側」少女輕聲吟誦，將一縷又一縷在人世間徘徊的幽魂送入輪迴
這是她的業，她的因，她的果，被束縛著無法掙脫的命運

在她漫長且黯淡無光的生命中，突然闖入了一個如烈陽般耀眼的男孩
他命中熊熊燃燒的火焰是否能燒盡束縛住她的荊棘？
而她命中的寒冷又是否能夠平息他那炙烈到要將自己都燃燒殆盡的火焰？"
第三方事務所,Rin45,靈異驚悚,完結,11,原創星球,架空,懸疑,妖怪,,,https://mojoin.com/novels/501,"第三世界突然出現於世，鬼魂、羊男、雪怪等等，過去偶然發生的怪異都有了解釋，他們被統一取名為「存依」。
於此，有一間專門處理相關的怪異事件，名為第三方事務所。"
第一次遇到鬼就上手,ghfjdksl,靈異驚悚,完結,71,原創星球,日常,冒險,,,,https://mojoin.com/novels/447,
書靈,犬本,靈異驚悚,完結,0,原創星球,治癒,奇幻,,,,https://mojoin.com/novels/295,"林弘毅是一個夢想找到獨一無二感人肺腑好作品的熱血編輯，碰到死前還在創作到死後仍對自己原稿念念不忘的失憶幽靈作家黃舒玲。
就在舒玲半推半就之下弘毅展開了尋找幽靈死前作品的故事，而且發現事情沒有這麼單純。"
異語短篇集,killer,靈異驚悚,完結,0,原創星球,職場,古風,日常,,,https://mojoin.com/novels/264,"幾篇帶著詭異風格的短篇故事
《紅顏禍水》——一場酒後糊塗，造成滅門血案
《妙筆生花》——為了得到才能，你願意付出多少代價？
《墜落》——想學飛，就得有從高處躍下的覺悟
《旅伴》——一場永遠無法結束的旅程
《吳鳳》——聖誕夜裡，最糟糕的紅衣訪客
《孝子》——他的母親憑空失蹤了，唯一的解答，是在相片裡莫名出現的紅衣小女孩……
《餓神》——中元節的夜裡，重病的男孩和已死的女孩結成了最奇妙的搭檔。"
黃泉代理人,喵醬子（蠢貓）,靈異驚悚,完結,1,原創星球,都市,奇幻,,,,https://mojoin.com/novels/64,"某網站的徵人啟示如下：
工作名稱：黃泉代理人
工作內容：抓妖，除靈，封印惡鬼……除了以上，還有其他工作內容，暫不一一條列
工作薪資：視當天的表現而定，最高至少有百萬 *-**~最低只有一百塊*
工作條件：不限性別，只要是活人皆可

邪惡的接洽小姐，腹黑的引導員，外加一個惡魔上司和大神級契約者……
惡魔上司：「趕快把契約儀式做一做，我想把下午才開始的班排到早上做。」
*@**+等等，我才不想當這種血汗勞工啊！*"
直播修仙－我的抖內主個個要我命,流轉,武俠玄幻,完結,20,FireLink Studio,直播斗內,實境,仙俠,,,https://mojoin.com/novels/3795,"曾為大能的葉長空因為一場賭約墜入了自己打造的沙盤世界，成為眾大能眼中的實境節目。

歷經進入被封去神識真靈；被天降命中對頭打壓一世；目睹天梯斷絕，小世界正規逃生途徑灰飛煙滅；次次失敗，次次輪迴，終於小世界靈氣枯竭在即，整個世界再無人能突破化神，遑論飛升。

眼看就要被困死在沙盤世界，為了突破能主導命運的大能們桎梏，第五次輪迴，葉長空首先便自己搞砸和名門大派的聯姻。

「正所謂開局不退婚，天才洋溢也枉然！」以退婚流開場獲得自由，反手送走窺伺自身肉體的隨身老爺爺後，累積五世記憶的葉長空打算在大能們設置的套路間衝浪橫跳，在死局中逆天改命。"
血色如墨,Ditto亦然,武俠玄幻,完結,5,原創星球,虐心,古風,世仇,殺手,陰謀,https://mojoin.com/novels/3728,"十個孤兒，十段仇怨。一碗湯麵，一則故事。
「因為在我身邊之人，只有已死之人跟將死之人，自古至今，皆然。」
血色如墨，低述著什麼樣的過往塵埃？"
我在地府當差2,哆魚,武俠玄幻,完結,0,原創星球,長篇,靈異,古風,雙向救贖,戀愛,https://mojoin.com/novels/3703,"•《我在地府當差》第二季•
通過七境試煉的我，正式加入冥官的行列，成為孟婆的徒弟。
一邊維持好和孟婆的師徒關係，一邊和白無常在到處蹭吃蹭喝，我在地府實習×吃喝玩樂的生活忙碌展開～
但是……總感覺白無常老是奇奇怪怪的，孟婆對白無常也異常的反感，似乎與白無常的過去有著莫大的關聯。
隨著孟婆、黑白無常的前世逐漸揭開，我和白無常關係似乎也有了些微妙的變化……"
我在地府當差,哆魚,武俠玄幻,完結,0,原創星球,長篇,靈異,古風,雙向救贖,戀愛,https://mojoin.com/novels/3702,"•《我在地府當差》第一季•
我，鳳朝夕，世人口中十惡不赦、喪心病狂的女魔頭死了。
我下地獄了，又沒完全下。閻王殿下竟然想邀請我在地府當個差？！！！！！
喂、拜託……你們當真不怕我把地府也攪他個天翻地覆嗎？
「如果我說不呢？」我抿了抿唇笑道。
「那麼……妳會接受其他幾殿的審判，但我保證，妳還沒資格下十八層地獄。」秦廣王雲淡風輕地表示。
「那還真是有點遺憾呢。」我微笑。
性格迥異的黑白無常、高深莫測的秦廣王、成熟美豔的夙鸞大人……欲知後事如何，快來「地府」和我一起當差吧！"
鬼姬傳說,紅塵,武俠玄幻,完結,0,原創星球,靈異,陰陽,天師少年,,,https://mojoin.com/novels/3635,"少年燃燒自身的煞氣與生命，全身宛如烈焰一般，開口說道：「如果說天師的職責是導正這個世界，維持世界的平衡，那身為最強天師家族的我，可不能只當一個旁觀者啊！」

人們都以為天師能窺夠探命運，遮蔽天機，逆天改命，是最強的職業，但哪怕在強大，依舊無法憑藉一己之力改變整個世界的走向，如果演算的未來是一片死寂的世界，你是否會奮不顧身的挺身而出？"
神魔變(13)Head Of The Line（誰領風騷）(END),白夜,武俠玄幻,完結,0,飛燕文創,武俠,玄幻,,,,https://mojoin.com/novels/3610,"神族與魔族現蹤，強大帝國一夕崩解，
諸族各國必須屏除成見合作才能對抗。
至親驟逝讓薩摩決心根絕後患，此番豪賭成敗難料！
神族與魔族錯綜複雜的權力爭奪、神王與魔王的恩怨情仇、
神族不為人知的秘密、薩摩的新人生、世界的新格局，
盡在神魔變完結篇！"
神魔變(12)The Respective Calculations（各自盤算）,白夜,武俠玄幻,完結,0,飛燕文創,武俠,玄幻,,,,https://mojoin.com/novels/3609,"北方大陸、里爾公國、巴耶帝國，各處風起雲湧，危機四伏，
薩摩如何機變百出，翻手扭轉乾坤，解開困局？
魔王甦醒，為薩摩的命運投下變數。
入魔？出魔？薩摩站在抉擇的十字路口……
神魔族中，各擁山頭，各懷機心，朝薩摩一步步逼近，
薩摩發現，若他想守住自己，守住琉璃，
必須用盡所有可能的辦法……"
神魔變(11)False or True（虛實之間）,白夜,武俠玄幻,完結,0,飛燕文創,武俠,玄幻,,,,https://mojoin.com/novels/3608,"被神族所救，薩摩不得不正視自己的身分，於是返回學院第一件事，便是造訪神秘的黑塔，豈料遇上個性古怪的囌囉……
神能周天初體驗，薩摩在精神深處迷了路，卻遇上了無法想像的人……
為了龍人族、為了精靈人族、為了愛他的和他愛的人……
是時候決定自己的道路了！
里爾公國、獸人族、龍人族，大戰正是時候……
且看他將陰謀一一揭露！"
神魔變(09)AFTERMATH（餘波盪漾）,白夜,武俠玄幻,完結,0,飛燕文創,武俠,玄幻,,,,https://mojoin.com/novels/3600,"敵人步步進逼，狂亂中，魔刀再現！
陷入迷亂的薩摩，命在旦夕的琉璃，龐希爾斯火中取粟，只為謀得一線生機！
被迫發下血誓的龐希爾斯、成為魔眼之靈的渥德，薩摩的身分呼之欲出！
龐龐再現，琉璃的災厄竟是其來有自？
學院危機再升溫，視察團到來，陰謀一角初顯，學院眾人進退兩難！
欲知詳情，請見神魔變第九集─餘波盪漾！"
神魔變(08)Flickering Shadows of Demon（魔影幢幢）,白夜,武俠玄幻,完結,0,飛燕文創,武俠,玄幻,,,,https://mojoin.com/novels/3589,"為了尋找琉璃，薩摩走過一個個奴隸團。血海中，驚見魔影。
為了探尋神秘的「龍社」行蹤，意外揭露了魔族的陰謀。
孤身一人的薩摩，如何能全身而退？
與琉璃重逢，可那伴著她的人卻是……！
命運讓兩人再度周折，要如何才能無憾？
欲知詳情，請見神魔變第八集─魔影幢幢！"
神魔變(07)The Clue（初現端倪）,白夜,武俠玄幻,完結,0,飛燕文創,武俠,玄幻,,,,https://mojoin.com/novels/3588,"為了快速提升眾人實力，學院破例動用了「獸圈」！
在精神錯亂的迷亂中，一切都失去了控制，薩摩面臨身分曝露的危機！
同一時間，落入人口販子之手的琉璃也岌岌可危！危急之際，誰來解救？
欲知詳情，請見神魔變第七集─初現端倪！"
神魔變(06)Unpredictable Storm（風雲詭譎）,白夜,武俠玄幻,完結,0,飛燕文創,武俠,玄幻,,,,https://mojoin.com/novels/3577,"緊接而來的第二關測試，薩摩的超常成績引人側目！學院眾師長要如何安排薩摩等人？
墨君和馬索沃背後，流亡之島竟是另有勢力？就連奴里諾達恩也不單純？
重重謎團，暗潮洶湧，偏偏這時候的學院也只是風雨前的寧靜，為了因應即將到來的危機，院長樊勞瑞做了一個令人意外的決定……！"
神魔變(05)Conflict＆Newborn（考驗的旅途）,白夜,武俠玄幻,完結,10,飛燕文創,武俠,玄幻,,,,https://mojoin.com/novels/3576,"從塔里沙港出發，蘭普頓魔武學院的新生考驗第一關正式展開。薩摩等人不按常理出牌，打亂學院部屬。
東陸軍團參與學院新生考核，是協助還是介入？
在有心人的操作下，一介小兵如何敵得過身為龍人族精英的尼路等人？兩方遭遇會擦出什麼令人意外的火花？
魔獸天堂中的薩摩，再度發現能量的奧秘，並偶遇神秘的斑夏達。
一人一獸相偕抵達蘭普頓魔武學院，又將掀起怎樣的風浪？"
神魔變(04)Conflict＆Newborn（衝突與新生）,白夜,武俠玄幻,完結,0,飛燕文創,武俠,玄幻,,,,https://mojoin.com/novels/3563,"薩摩終於從沉睡中醒來，得知琉璃香消玉殞，幾乎崩潰……
圖甦與薩摩的衝突，一觸即發！
鎖魂池與聖靈岩有什麼祕密，為何能化腐朽為神奇？嗒嗒長老的實驗會成功嗎？
薩摩與六衛再度踏入人類國家，目的為何？"
神魔變(03)The Price Of Growth（成長的代價）,白夜,武俠玄幻,完結,0,飛燕文創,武俠,玄幻,,,,https://mojoin.com/novels/3562,"好不容易回模里邦聯，怎麼好好地看個夜景都能惹事？
龐龐的出現讓薩摩平靜的生活掀起波瀾，他還能安心尋找琉璃嗎？
幾番曲折，兩人終能得見？
龐龐不願虛擲青春，為達目的，不擇手段，不料弄巧成拙，竟將薩摩和琉璃推向危機！"
魂鬥士：變亂(12)毀滅與新生(END),諸戈,武俠玄幻,完結,0,飛燕文創,武俠,玄幻,,,,https://mojoin.com/novels/3559,"元帥陣亡，皇帝隕落。
大仇得報，這個世界上誰還能阻止我魔神王！
我是尼斯，我是風飛揚，我是毀滅世界的大魔王，在我所過之處，將是所有人的終點。
沒有人能夠阻止。
是生存還是毀滅？這是最後的戰鬥，一切終將畫上句點。

《魂鬥士》殺青慶功宴上──
風飛揚：「我要去《淒厲人妻》的劇組報到啦，導演說我無神放空的樣子演夾在兩女間的男人剛剛好。」
魔：「《魔戒》找我演『乾到膚』，雖然要畫老妝，不過光聽片名就知道我是主角嘛！哇哈哈哈哈……」
蕭哭：「我去《馴龍糟糕手》跑『龍』套……」
莎士比亞：「太陽劇團高薪聘請我去當顧問喲。」
妲己：「有演藝經紀公司要幫我、紫倫、鳳心、咲月組女子天團唷！對了，剛才有個黑大個遞名片給我，說他來自神盾局……」
"
魂鬥士：變亂(11)死鬥,諸戈,武俠玄幻,完結,0,飛燕文創,武俠,玄幻,,,,https://mojoin.com/novels/3558,"混蛋！該死的多塞納教皇，把我逼入了死路，老子不想死，老子和尼斯徹底融合，老子要你死！
可是……
失去意識，變成六親不認的殺戮機器，這真的不是我想要的……

白癡風飛揚，先是失憶的小哭，然後是失去意識的你，本大爺是保姆嗎？一天到晚要照顧你們這些廢材！
不過無所謂了，英雄總是忙碌的，反正到最終還是要本大爺親自出馬，看堂堂魔神王我一手扭轉乾坤！先殺元帥再殺皇帝，然後本大爺要把風飛揚你這個白癡轟成渣啊！

被斷頭的正太小皇子：「猜猜我是誰？哦～～呵呵呵呵～～」
作者諸戈：「滾！本書不走靈異恐怖路線！」"
神魔變(02)First Sign Of Budding Talent（初試鋒芒）,白夜,武俠玄幻,完結,0,飛燕文創,武俠,玄幻,,,,https://mojoin.com/novels/3552,"六衛終於齊聚，琉璃為何不告而別？
為了找回琉璃，七人踏上旅途，千里迢迢前往伊闊利市。
晶匠阿瓜達、奴隸谷韃、人族嬌嬌女麻宓、唯恐天下不亂的院長鈕克多……
自由港鑑院，即將風起雲湧。"
神魔變(01)The Beginning Of Destiny（宿命之始）,白夜,武俠玄幻,完結,0,飛燕文創,武俠,玄幻,,,,https://mojoin.com/novels/3551,"相斥的血脈，近乎不可能的結合，使薩摩一出生就帶著雙守護精靈與高階龍人的光環，但也使他必須承受能量失衡的折磨。
當精靈人族與龍人族聚焦在年幼的薩摩身上時，命運使他和流亡到此的琉璃相遇。
噬巫的身分成了薩摩的救贖，牽引著薩摩一步步走向宿命的道路。
風眼四年，以及神劍和魔刀的出世，為薩摩與平靜已久的新世界帶來翻天覆地的改變……傳說中的神族與魔族是否真的存在？"
魂鬥士：變亂(10)光明聖女,諸戈,武俠玄幻,完結,0,飛燕文創,武俠,玄幻,,,,https://mojoin.com/novels/3548,"改進版的戰爭傀儡？有點太誇張了吧，生化武器在魔幻世界裡亂入？龐克和水月你們真是太有創意了。
本少爺真是掃把星的命啊，走到哪裡麻煩纏身到哪裡。
那個水月妳不要笑，妳也好不到哪裡去，背後靈嗎？哪裡都能撞到妳。
至於雷帝，跟我搶女人？不是在開玩笑吧？我可是主角！主角！跟主角搶女人能有好下場嗎？就算你是超限級的又怎麼樣！
我……我還真打不過他……

因費大主教：「水月妳到底要站在哪一邊？」
水月（無視貌）：「你知道我在找你嗎，你如果真的在乎我，又怎會讓無盡的夜陪我度過……想你了，龐克……」"
魂鬥士：變亂(09)屠龍之旅,諸戈,武俠玄幻,完結,0,飛燕文創,武俠,玄幻,,,,https://mojoin.com/novels/3547,"屠龍嘍，這個世界上唯一的一條龍哦。唔，或者說是一個人也可以啦。
不過小哭，你能不能不要這麼猛啊，這麼多人群毆你一個，你把我們打得屁滾尿流算什麼？我是主角好不好，不要這樣搶戲啊！（魔：第一集封面是你還不滿足嗎？）一男兩女的怨念。
唉！人生自是有情痴，可惜愛到大白痴。
竟然把小哭當寵物養，戈美妳這惡毒的女人等著下地獄吧！不過，把整個伊甸園當做愛情的陪葬品，小哭你玩得太大啦……

沉睡的蕭哭變成失憶男──
小風：「我們現在應該怎麼做？」
魔表示：「失去記憶？打到他恢復記憶好了。」
咲月表示：「殺了他，好不好？」
鳳心表示：「打暈帶出場。」"
魂鬥士：變亂(08)欽差大臣,諸戈,武俠玄幻,完結,0,飛燕文創,武俠,玄幻,,,,https://mojoin.com/novels/3538,"被擊潰了，又重生了。我風飛揚，可是沒有那麼容易死呢！
雖然付出的代價是和噁心的尼斯融合為一體，並且失去了力量，但是卻找回了曾經被無良老頭封印的記憶，以前的我，可不是一般的人呀……鳳心、魔、咲月，再加上天才的本少爺，應該足夠將小哭打得屁滾尿流哭爹喊娘吧？

這小子竟敢對我下殺手，我一定要打腫他的屁股啊！不過目前，還是要先解決討厭的天使軍團……"
魂鬥士：變亂(07)再見故人,諸戈,武俠玄幻,完結,0,飛燕文創,武俠,玄幻,,,,https://mojoin.com/novels/3537,"狗屎的海妖城堡！
我只想要那一千枚金幣好不好？什麼聖物都是狗屁，不要每次都把我捲入這些陰謀行嗎？這樣我很為難啊……

什麼潘多拉、什麼伊甸園、什麼水月……你們不要這樣亂入呀，我只不過是想去找小哭，能不牽涉到我咩？
帶著絕世睡美人和堂堂海皇落跑，這就是雞婆換來的狼狽代價嗎？
一等公爵、拿統帥令，這些都沒用。還有光明聖女的畫像，這女人越看越眼熟。

真的見到小哭了，可是……
小哭，你為什麼，要殺我……"
天地萬年情(06)悲歡離合(END),燕南飛,武俠玄幻,完結,0,飛燕文創,武俠,玄幻,,,,https://mojoin.com/novels/3506,"劉羽臻與羈羅的萬年情仇，終是前嫌盡釋。奈何魔帝雷爾從中作梗，逼迫身為羈羅一魂的白顏瑜魔化，魔化後的白顏瑜若與羈羅融合，羈羅終將成魔……
眼看婚期漸近，劉羽臻卻鬱鬱寡歡，因為她想起了整個計畫的前因後果……
染血的嫁衣、動人的歌聲，百姓們聞之動容。這日民間的傳說又再添一樁──白色的花瓣，是黑龍尊者為愛而流的眼淚……"
天地萬年情(05)破鏡重圓,燕南飛,武俠玄幻,完結,0,飛燕文創,武俠,玄幻,,,,https://mojoin.com/novels/3505,"一場陰謀，讓不知情的劉羽臻被打入天牢！
劉羽臻一直把白顏瑜當作朋友，沒想到他對她懷有那樣強烈的恨意，更沒想過白顏瑜竟是羈羅的五覺之一！
沒見到白顏瑜之前，她不願畫押，然而反抗的結果，卻是讓女獄卒割斷了右手筋。她……不能再畫畫了！
好吧！如果她的死，能夠將這數萬年來的愛恨情仇完全償還，她願意承受。羈羅，縱使死後還有靈魂，我們也不再相見……永遠！"
天地萬年情(04)痛徹心扉,燕南飛,武俠玄幻,完結,0,飛燕文創,武俠,玄幻,,,,https://mojoin.com/novels/3496,"羈羅是矛盾的，劉羽臻也是，明知不該接近白駒逸，卻不想放手……
羈羅殘忍的報復，波及無辜的百姓。

一場痛徹心扉的抉擇，令劉羽臻升起隱世的念頭，告別繁華的城市，遁入淳樸的鄉村……
原以為逃離羈羅，可以重新生活，卻沒想到陰錯陽差入了宮，當了個九品官，甚至住入白顏瑜的府邸，成了他的食客！
面對返回王城找尋她的羈羅、施上詭計逼她現身的古靖煌，劉羽臻該怎麼辦呢？"
天地萬年情(03)至死不渝,燕南飛,武俠玄幻,完結,0,飛燕文創,武俠,玄幻,,,,https://mojoin.com/novels/3495,"從莫名其妙的穿越，到被傳說中的魔物羈羅追殺……
劉羽臻認為自己是名受害者，然而記憶回籠，讓她陷入前所未有的矛盾情感……

原來，她和羈羅曾經深深相愛。熾烈的愛，卻是毀滅的開端。
因為險些失去，所以她選擇放手，殊不知反而造就現在的局面──割捨不下的愛情，剪不斷，理還亂……

明白前因後果的劉羽臻，面對同樣是羈羅的靈魂──溫柔深情的白駒逸，她躊躇了……"
天地萬年情(02)命運流轉,燕南飛,武俠玄幻,完結,0,飛燕文創,武俠,玄幻,,,,https://mojoin.com/novels/3494,"什麼！旭崢兄竟然是羈羅的視覺之魂！
不管了，就算溫柔的旭崢兄是羈羅大魔王的魂魄，她也不怕……

劉羽臻決定與趙旭崢一同離開王城，卻在近郊地方見到一群想偷她檔車的人，為首者竟是古靖煌！

意外變身，令她得以施法離開這個世界。
孰料，就在她穿梭宇宙，尋找地球之際，見到立於宇宙之中的羈羅！

在不可抗拒的因素之下，劉羽臻回到凡紹界。
原以為至少有趙旭崢的陪伴可以是快樂的，誰知道發生了一件意想不到的事情……"
天地萬年情(01)初來乍到,燕南飛,武俠玄幻,完結,0,飛燕文創,武俠,玄幻,,,,https://mojoin.com/novels/3493,"萬年前，漫天紅血，天地毀滅；萬年後，神祇再造，人民安居。
然，毀天滅地的魔物羈羅已經甦醒，殊不知他是神非魔，是這個世界的初創之神。
愛極好友錦玥，卻被錦玥親手封印兩萬年之久。愛多深，恨便有多濃……

撲朔迷離的前世，跨越萬年的時間軸，剪不斷，理還亂，恨與愛的矛盾，反覆糾纏。
然而這一切，到底是誰忘了誰，而誰又負了誰？

等等！這是怎麼一回事？
她、她、她……居然騎車穿越了！
玉鳳神祇，妳捉錯人了吧！她不是錦玥呀！

穿越很好玩嗎？一點也不！
她可不像一般穿越小說的女主角那麼隨遇而安，她有家人、朋友，哪能這麼容易放下？
還有羈羅是誰？她可不認識！

她決定了，她要對天抗議！"
魂鬥士：變亂(06)亂世佳人,諸戈,武俠玄幻,完結,0,飛燕文創,武俠,玄幻,,,,https://mojoin.com/novels/3474,"路漫漫其修遠兮，吾帶著寵物和女兒翻山越嶺……
尋找小哭的道路漫長而危險，不僅有魔獸，還有粗魯的人，更有瘋狂的女人！

魔你這個大色狼，為了破你的處男之身用不著如此不擇手段吧？
連瘋女人都要？你的飢渴如江河氾濫一發不可收拾，我也是處男，我都不急啊。
哦，我忘了，你憋了幾萬年了……

衝冠一怒為紅顏，真是熱血的風格，可是你千不該萬不該，為什麼要帶笑月去劫船？
難道我們就不能堂堂正正的賺錢嗎？
你這個混蛋！"
魂鬥士：變亂(05)新世界,諸戈,武俠玄幻,完結,0,飛燕文創,武俠,玄幻,,,,https://mojoin.com/novels/3473,"混蛋啊，為什麼我每次穿越都是如此的淒慘。
這個小姑娘到底是誰，為什麼要吃掉我？
尼斯的觸角，你這個恐怖的東西，能不能從我身上爬開呀？
討厭的魔，原本還以為可以依靠你的，沒想到這麼的靠不住。

還要復國？還要報仇？有沒有搞錯，那可是有好多個超限級強者好不好？
你這個Ｑ版召喚魔，老老實實待在戒指裡吧！
我現在要當保姆，還要去找某個失憶男，沒心思陪你玩爭霸遊戲！
這個世界實在是太討厭了！"
魂鬥士：變亂(04)陰謀,諸戈,武俠玄幻,完結,0,飛燕文創,武俠,玄幻,,,,https://mojoin.com/novels/3458,"黑暗議會是什麼東西？為什麼那個長得像貴婦的女人想殺了我？
真是知人知面不知心呀，我似乎誤會了龐克學長呢。
這些上古禁忌科技到底是什麼東西？為什麼我走到哪裡就被追殺到哪裡呢？上演大逃殺的同時還要帶著一個拖油瓶，然後逃個難還能遇見老朋友……

魔、小哭，我好想你們，有你們在我都不用自己動手……。不過沒關係，我們應該快要見面了，但是，還得先解決掉眼前的麻煩才是……"
魂鬥士：變亂(03)魔神王,諸戈,武俠玄幻,完結,0,飛燕文創,武俠,玄幻,,,,https://mojoin.com/novels/3457,"嗨！暴力女，我們又見面了呀！還有龐克‧卡魯斯學長，真是仇人相見分外眼紅呢……
黑暗議會？那是什麼東西？感覺好像我又發現什麼陰謀了，不過不管了，我現在要緊的是去找天空之城，去找小哭和魔！
魔和小哭，你們一定要等我喔！

可惡啊！混蛋啊！我快要死了！我堂堂暗魔大人、魔神王大人，竟然會在這個世界失去了一切，我要殺了他們，殺了所有人，我要再次毀滅世界！
可是……力量呢？"
影傀者(06)位面異變(END),東邦,武俠玄幻,完結,0,飛燕文創,武俠,玄幻,,,,https://mojoin.com/novels/3451,"位面座標之地出現異變，死了很多人，也牽動許多人的心，包括葉涼沁、可可，還有魑跟魘……但為了龐大利益，還是有一堆人不顧危險的來到位面座標之地。
造成位面異變的紅光再現，自來到位面座標之地就失蹤的宇文風也跟著出現。自詡為神的宇文風將在位面座標之地掀起什麼風波？可可等人是否有辦法阻止宇文風？
在逐囚天一邊找人一邊想辦法完成任務的雷子徹，對現實世界發生的一切完全不知情。岳父大人出現，帶給雷子徹的是衝擊，是擔子，而為了現實世界的愛人和好友，他無法逃避。
差一步，結果兩樣情，面對悲劇，崩潰的雷子徹將如何挽回？"
影傀者(05)古封界石,東邦,武俠玄幻,完結,0,飛燕文創,武俠,玄幻,,,,https://mojoin.com/novels/3450,"哇靠，我一點也不想要這樣的緣分！
雷子徹在虛靈異界被可可坑，回到現實世界竟然又遇見可可！然後，他又被坑了──唯一令他好過一點的是，被坑還有額外升級禮，只是這樣一來他連發火的理由都沒了……
為了最後一塊古封界石，雷子徹和風茗兒槓上，等解決掉風茗兒，成功收集完十五塊古封界石，一人一狗因此被傳送至古星界。
圖魔斯利用古封界石開啟星空空間，進行本源蛻變，結果，靈魂珠竟然「搶」了圖魔斯祖先留給後代進行蛻變的本源力量……"
魂鬥士：變亂(02)得與失,諸戈,武俠玄幻,完結,8,飛燕文創,武俠,玄幻,,,,https://mojoin.com/novels/3440,"原來穿越並不僅僅只是失去一些東西，同樣會獲得新的東西，譬如九尾妖狐變成人形的能力，可是我為什麼這麼倒霉，什麼能力都沒有獲得？
妲己妳這個惡魔，妳變態的愛好害慘了龍翔天下所有的人！包括我！
該死的夏天大哥！該死的伊瓦大哥！就算你們很可憐，也不用為了區區一千萬就把我賣了吧？
讓我當男保姆？殺了我吧！
不過，小哭好像比我還可憐，紫色的眼眸，不再靈動……穿越時空之門，蕭哭獲得了傳說級的力量，卻失去了過往的所有記憶，就像一張白紙般，任由別人掌控著他的思想，在屬於黑暗魔王的大陸上，掀起了腥風血雨……

番外篇「風行天下」之星空明月，風行雲帶著兩個翹家的小孩如何勇闖離別森林？
司空兄妹各有何「豪情壯志」？
司空星月和風行雲之間又會有什麼承諾呢？"
魂鬥士：變亂(01)見鬼的穿越,諸戈,武俠玄幻,完結,0,飛燕文創,武俠,玄幻,,,,https://mojoin.com/novels/3439,"歷盡千辛萬苦，風飛揚終於從時空之門中走出，但是卻倒霉的掉進了險惡的魔獸森林之中。
穿越成功又或者失敗？
這是個兩者皆可的答案，風飛揚只想對天怒吼，他竟然僅僅只是向後穿越了兩年的時間！
更何況，是在付出如此慘重的代價之下！
兩年後的聯邦，已經是截然不同的世界，風飛揚究竟能否完美的融合這兩年缺失的記憶呢？
若婉星的再次出現，將他捲入了又一次的危險之中。
神秘的「龍翔天下」名譽團長，這個漂亮到幾乎可以讓任何人流口水的女人，究竟是誰？
還有，夏天大哥竟然也會被調戲？
我有沒有看錯！這位女王陛下，您到底是哪位？

番外篇描述了大風風行雲的童年故事，與獲得「尼斯的觸角」的由來。"
影傀者(04)圖魔斯,東邦,武俠玄幻,完結,0,飛燕文創,武俠,玄幻,,,,https://mojoin.com/novels/3434,"圖魔斯說，清靈小境有讓人「成神」的關鍵；圖魔斯也說了，魔魘洞是通向清靈小境唯一的一條路。結果咧？
雷子徹跟風閒閒只是為了尋找天夢，找著找著就找到清靈小境，而且清靈小境中還有一堆人在等著「打怪」──哇哩咧，圖魔斯的話也太不可信了吧！
來到清靈小境，雷子徹發現天夢成了妖女，早該到達清靈小境的圖魔斯跟可可則不見蹤影，還有人在暗中窺視自己，這是怎麼一回事呢？
書亞的探險邀請，竟讓雷子徹意外見到親生父親！驟然相遇，在毫無心理準備下，雷子徹會認雷震風嗎？"
影傀者(03)古雷令,東邦,武俠玄幻,完結,0,飛燕文創,武俠,玄幻,,,,https://mojoin.com/novels/3433,"雷子徹原以為虛界道具古雷令只是一塊能夠提供他無限家族貢獻點的令牌，誰知卻在雷氏家族知情者之間掀起一波震盪，他也因此捲入麻煩漩渦中。
為了解開疑團，他只想辦法進入尖角樓頂樓，尋求答案。和雷夢丹的合作則是讓這一步提早，但……
真正的古雷令竟被靈魂珠吃掉了！他的實力竟一下往上跳四段！誰能告訴他，現在到底是什麼情形？"
影傀者(02)靈魂珠,東邦,武俠玄幻,完結,0,飛燕文創,武俠,玄幻,,,,https://mojoin.com/novels/3420,"為了修補受損的靈魂核心，雷子徹他們遇上了一個神祕酒鬼，卻因此激發出隱藏在他靈魂核心的靈魂珠的力量。
因為它，他「認祖歸宗」去；
因為它，他有了變強的可能；
因為它，他逃過一劫。
之後，「它」又會帶給他什麼意想不到的變故呢？
賈人杰的幫助、虛靈異界的存在，帶給他的機遇和謎團才剛開始──他只有變強才能把握一切，所以，他現在需要做的就是修練，修練，修練……"
影傀者(01)活下去,東邦,武俠玄幻,完結,0,飛燕文創,武俠,玄幻,,,,https://mojoin.com/novels/3419,"生與死，雷子徹選擇了生，從此他成為影傀者，一個一當受到召喚將不受自我控制的傀儡。
好友的存在讓他有了「人」的感覺。
愛人的義無反顧成為他變強，一直活下去的支柱。
不過，影傀者在控傀者眼中終究只是「工具」，只因為「吃醋」，雷子徹成為他人設局滅殺的對象，幸好有人出手救下他，但他也此失憶……
為了活，他必須變強，再變強！"
上仙(09)這不會是結局吧？(END),貓邏,武俠玄幻,完結,0,飛燕文創,武俠,玄幻,,,,https://mojoin.com/novels/3409,"隱藏在岤狩天原的天魔禍患解決了，接下來就是開始建設逍遙宗，讓逍遙宗壯大起來啦！
韓非：「在此之前，還有更重要的事情要辦！」
金渝：「什麼事？」
韓非：「結婚。」
金渝：「喔！原來是這件事啊！韓非，你願意嫁給我嗎？」
韓非：「……願意。」
既然要結婚，當然要辦得熱熱鬧鬧，盛大無比！
絕對要好好地謀劃謀劃才行。
餐盤要用玉雕的盤子還是瓷器？
桌巾要雅緻的款式還是華麗？
酒水要烈酒還是淡酒？
筵席的菜餚要找幾位廚師烹煮？
金渝：「……」
這也未免太……太繁瑣了吧？
做事要有效率啊！再這麼討論下去，我什麼時候才能結婚？"
上仙(08)這不就是組團刷祕境副本嗎？,貓邏,武俠玄幻,完結,0,飛燕文創,武俠,玄幻,,,,https://mojoin.com/novels/3408,"噹噹噹～～
門派大比終於熱熱鬧鬧的展開啦！
啥？有壞人要來鬧場？
怕什麼？來了就直接打回去！
什麼？那群壞人的總部是祕境？
那個傳說中有著各種天材異寶、凶猛悍獸、仙靈洞府、珍貴傳承、特殊奇遇跟機緣等物的祕境！
不管是要尋找寶物、傳承、祕笈，狩獵奇珍異獸，進行生死搏鬥，暗中處理掉仇家，來個英雄救美或是美救英雄，譜下一段優質好姻緣……
祕境都是最佳的選擇、最好的地點！
心動了嗎？
快點組團去刷祕境副本吧！
祕境副本求組！缺坦、缺輸出、缺治療……

※

「等哥哥回來，我就跟他提親？」雖然是問句，韓非的語氣卻是相當篤定。
「你聘禮都準備好了？」金渝挑眉反問。
「之前不是說過了嗎？我的一切都是妳的，包括我自己。」
「既然你已經是我的了，那還舉行婚禮做啥？」
「難道妳不想給我一個名分嗎？」
「……」"
上仙(07)這不是所謂的變相聯誼嗎？,貓邏,武俠玄幻,完結,0,飛燕文創,武俠,玄幻,,,,https://mojoin.com/novels/3407,"設計陷害展家的幕後黑手終於有了線索，然而，揪出林懷風的同時，卻又牽扯出更多謎團。
受人操控的獸潮、人造陰屍和荒獠、不明的上古祭壇，這些有著明顯人為痕跡的手段背後，真的只是針對展家布下的一場陰謀嗎？
那三名身分不明的黑斗篷，其背後的主子又是誰？
他們做出這一切又有什麼目的？

受到各門派矚目的「門派大比」又要開始了！
每一屆的門派大比都是由迦羅城主辦，評審則是來自各界的頂尖高手，其權威性絕對沒有疑慮。
原以為會見識到一場場精彩刺激、針鋒相對、硝煙瀰漫的場面，卻沒想到……
緊張是緊張，但只有選手們在緊張，至於那些陪同前來擔任啦啦隊的人卻是挺悠閒的。
「公子，真巧，我們又遇見了，前面的荷花池開得正豔，我們幾位姊妹正打算過去賞花呢！要不要與我們一同？」
「嘿！前面那群逍遙宗的弟子，要不要跟我們歡花樓的去烤肉呀？」
「敢問姑娘尊敬大名？師從何派？興趣嗜好？前面那個八角亭正在舉辦一場小茶會，要不要一起參加？」
喂！這種門派大比的場合，你們這些啦啦隊竟然互相搭訕，約著一起去玩，這樣真的好嗎？"
上仙(06)這不是所謂的怪物養成嗎？,貓邏,武俠玄幻,完結,0,飛燕文創,武俠,玄幻,,,,https://mojoin.com/novels/3397,"突兀出現在南疆及北疆的荒獠，從修士莫名轉變而成的荒獠，究竟這幕後之人有什麼目的？
針對展大少爺的陷阱陰差陽錯地傷了展二少爺，緊接著而來的是難以治癒的傷勢，被賊人搶走了藥材，又得到陌生人給出的藥方……
而華星瑩帶著白燄孔雀返回時，又遭到不明的敵襲，這群襲擊者甚至不是人類，是荒獠！
而且是人為養育出的荒獠！
幕後真凶究竟是誰？
他培養這些荒獠有什麼目的，又為什麼要如此針對展家？
被層層疊疊隱藏的真相，將要抽絲剝繭地顯現出來……"
上仙(05)這不是常見的○○橋段嗎？,貓邏,武俠玄幻,完結,0,飛燕文創,武俠,玄幻,,,,https://mojoin.com/novels/3396,"被吸入黑洞的金渝和蒼胤會有什麼樣的際遇？
為了救人，金渝讓他服下九轉大環丹，卻沒想到好心辦了壞事，讓蒼胤的身體被改造了！
基於歉意以及研究這新奇變化的心理，金渝和蒼胤達成共識，決定暫時一起行動。
在聊天中，金渝意外得知魔修蒼胤竟跟逍遙宗有著莫大的牽扯！

『當初弄出空間裂縫將妳捲入，又以元神離體脫逃的殺手，元神已毀，他再也不會出現在妳面前了。』
在韓非傳來的訊息中，金渝感受到一股隱約的暴虐殺意，這讓她的眉頭微蹙，心底那份不安也越發凝實了。
她在那樣的情況下跟韓非分開，雖然是無可奈何之舉，卻也對韓非的心境造成一些影響，再聯想到她先前無意中察覺到的情況，心底的擔憂更盛。
韓非的心境並不像他表露出來的那般剛強無暇，那裡頭埋藏著隱隱的結、淺淺的裂痕。
若是這心結沒有被外物激發，日後或許會隨著各種際遇機緣、隨著他的視野拓展、閱歷增多、心境轉變而消除，但若是在這結還沒消除時出現了變故……
那可就危險了！"
上仙(04)這不是傳說中的淘寶嗎？,貓邏,武俠玄幻,完結,0,飛燕文創,武俠,玄幻,,,,https://mojoin.com/novels/3386,"「聽說黑市是由隱藏勢力在經營的，沒人敢在那裡搶劫，不然就會被黑市背後的勢力追殺，這是真的嗎？」
「……」對上金渝充滿求知慾的晶亮黑眸，韓非的嘴角微抽，實在不忍心潑她冷水。
「是不是啊？你快說啊！」金渝扯著他的衣袖，要不是韓非的力氣夠大，手臂夠穩，端著的水果盤就被弄翻了。
「乖，以後那些話本還是少看一些吧！」他只能這麼回答。

「妳是怎麼認出它是桃心遁草的？」
「桃心遁草的花形跟果實都是桃心狀，怕酷熱、懼乾寒……」
「桃心遁草怕熱畏寒，什麼樣的環境才適合種植？」
「四季如春的地方，天氣稍微熱一點也沒有關係……」
「它遁入土裡以後，有沒有辦法找到？」
「……」
聽過銀貨兩訖，也見過以物易物……
就是沒遇過交易之前還要先考試的？
難道這是黑市獨有的交易文化嗎？"
上仙(03)這不是傲嬌忠犬啊！,貓邏,武俠玄幻,完結,3,飛燕文創,武俠,玄幻,,,,https://mojoin.com/novels/3385,"「金渝，以後出門跟我說一聲……」
「金渝，我也不是要限制妳的自由，只是外面壞人太多了，我陪著妳比較安全……」
「這是誰教妳的？誰說遇到搶劫要扒光對方的衣服？」
「書、書上看的……」
「……以後別亂看書！」

錯覺吧？是錯覺吧？為什麼一覺醒來，小韓非長大了不說，還變得黏人又愛嘮叨？（此句放大）
以前那個酷酷的小非呢？
以前那個酷酷的、一逗就臉紅的小非呢？
以前那個酷酷的、一逗就臉紅而且有些傲嬌的小非呢？
這個嘮叨、性情溫和綿軟，一副老好人兼保父模樣的傢伙是誰啊？
把彆扭又傲嬌的小韓非還給我！"
上仙(02)這不是正常的成仙程序啊！,貓邏,武俠玄幻,完結,7,飛燕文創,武俠,玄幻,,,,https://mojoin.com/novels/3374,"有沒有搞錯啊？竟然這樣就頓悟了？
那些修真小說不是都說，悟道這種事情是一生難求，要有稀奇的機遇才會發生？
她剛才也不過隨口說了幾句，順便抒發一下感慨，竟然就有這麼多人悟道？未免也太幸運了吧！
難道她是來給這些人開外掛，幫他們快速升級的？
嘖嘖！果然是人比人、腦袋疼！
不能小看古人的智慧啊！

嗚啊啊啊！這道光是怎麼回事？為什麼把我困住了？
金渝：「嗚嗚～小非，我要被外星人抓走了！」
韓非：「妳想太多了，那是仙界的接引光束。」
金渝：「咦咦？我是來看人飛昇的，為什麼我也要跟著飛？放我出去！」"
上仙(01)這不是Online Game！,貓邏,武俠玄幻,完結,64,飛燕文創,武俠,玄幻,,,,https://mojoin.com/novels/3373,"穿越的情況有哪些？
被雷劈、被車撞、走路遇到黑洞、在遊戲中穿越、靈魂穿越、身體穿越、重生……(字體不同，顏色不同)

咱們的女主角「金渝」又是哪一種呢？
鏘鏘～(放大，不同字型)
是最典型的雷劈穿越+新式的電玩穿越呦！ 

咦咦？
這穿越大神給的福利也太好了吧？
一穿越就變成仙人了？！
來個人讓我捏一把，看看我是不是在做夢吧！"
天地萬年情之 綣殘雲(03)(END),燕南飛,武俠玄幻,完結,0,飛燕文創,武俠,玄幻,,,,https://mojoin.com/novels/3232,"受了重傷的桔雲，被殘天帶回了裏魔界，少了醇酒的幫助，顢頇的他總被殘天吃得死死的，難以招架得住。

面對夜冥那明顯的妒意，還有死纏爛打的殘天，他只覺得煩惱越來越多，思緒越來越亂。不過他沒忘記，他與桔梗談好的計畫，不管要花多少時間，他會努力去達成的。

桔雲堅持拒絕為妃，倒是願賭服輸，決定臣服於殘天，任職魔界官員。

可是在相處了二十多年之後，桔雲發現事情好像不太對勁了。

糟糕了、糟糕了，面對死纏爛打的殘天，他應該厭惡才是，但……他的心臟在激跳個什麼勁啊？怎麼辦……他是不是喜歡上殘天了？

救命啊！這不在他的計劃範圍之內啊！"
天地萬年情之 綣殘雲(02),燕南飛,武俠玄幻,完結,0,飛燕文創,武俠,玄幻,,,,https://mojoin.com/novels/3231,"雲帶著炎冰返回天界，面對桔雪突然熱烈的追求，他感到驚慌且不知所措，亦擔心假扮思雪的這件事會被發現。

果然，當桔雪發現雲假扮思雪後，怒不可遏，將他打入絕寒天牢還不足以洩恨，竟又將他關至幻懼天牢，讓他一顆心受幻象侵蝕殆盡，過去遭受欺辱的傷、排斥的痛、朋友離去的悲，全都在幻懼天牢內一一浮現。

身心遭受摧殘的雲，自幻懼天牢出來後就不再有反應，趕回天界的桔梗憂心忡忡，就在缺乏安魂魔血為藥引之際，隱於一旁的魔帝殘天竟願意為雲劃破手臂，贈送魔血，這下不只桔梗感到疑惑，就連殘天本人也感到不解。

他不是一直以來都很討厭雲的嗎？可是為何當他見到雲受苦，心裡就倍感焦躁甚至心疼？

殘天越來越不知道，雲對他而言到底是怎樣的存在了。"
劍俠沒有情緣,綸生,武俠玄幻,完結,1,獨家原創,武俠,玄幻,,,,https://mojoin.com/novels/3204,"《劍俠情緣3》同人作品，發生在台服傲血戰意的90年代，

一名萬花專精玩家的真實故事改編。"
劍靈-再起,巧咪,武俠玄幻,完結,0,獨家原創,武俠,玄幻,,,,https://mojoin.com/novels/3202,"風起雲湧，經過了千年的沉寂，
魔皇即將再次重返現世；這次沒了天下四傑，
天下會遭到怎麼樣的浩劫?該如何阻止魔皇重返？
四傑傳人又會有甚麼樣的冒險呢？"
酒劍仙,白浪,武俠玄幻,完結,2,獨家原創,武俠,玄幻,,,,https://mojoin.com/novels/3201,改編自遊戲<<仙劍奇俠傳>>透過不同的主角，再一次回溫浪漫的感動
大話修仙,K,武俠玄幻,完結,0,獨家原創,武俠,玄幻,,,,https://mojoin.com/novels/3200,"神的語言有著不可違逆的力量，儘管修真大能也無法擁有，

可當這世上唯一的言靈之力落在一個少年身上，究竟是詛咒還是祝福...？

言之靈，彷如神通，

欲承其冠，必承其重，

若可以，我寧願做個普通人…"
暗夜星塵,鯨頭鸛先生,武俠玄幻,完結,13,獨家原創,武俠,玄幻,,,,https://mojoin.com/novels/3198,"精靈族鍛造的名劍甚多，「暗夜星塵」卻沒有英雄事蹟為人歌頌，也許劍的來由之謎更吸引人吧，但是「暗夜星塵」卻是最難再鍛出第二把的寶劍。

由拜月時代流傳下來的寶劍，在這神族已然消逝的時代，寶劍還能夠乘載多少信仰，以成就人類的期望？"
天地萬年情之 綣殘雲(01),燕南飛,武俠玄幻,完結,0,飛燕文創,武俠,玄幻,,,,https://mojoin.com/novels/2984,"思雪與夜冥是人人稱羨的天界伴侶，然而神魔大戰開打，夜冥突然背叛天界，
為取魔帝殘天的信任，逼得自己的愛人思雪跳崖。

雲是醜陋不堪的下等神祇，卻有雙藍眸與三萬年前神魔大戰中，
跳崖輕生的高等神祇思雪相似，為了安撫暗戀思雪已久的桔雪大神，雲假扮思雪。

魔帝殘天與為重大任務而背叛天界的夜冥，同不知自己正是思雪的雲，會發生怎樣有趣的事情呢？

且看長年遭受欺辱，沒有自信的雲，怎麼在酒醉之際神智轉清明，以己之力，化解天界的危機。"
殘神記(07)神願星殿(END),東邦,武俠玄幻,完結,0,飛燕文創,武俠,,,,,https://mojoin.com/novels/2749,"神願星殿出事，夜一陪著月雅清他們回去，結果發現暗中盯上神願星殿的敵人竟然又是鬼殺樓？
中了埋伏，使得夜一等人不僅受傷，還分散開來｜｜夜一體內能量被封，畢啾傷得只剩一口氣，幸虧兩人各自遇到「故人」，
冷燡和羅立坷則都是被人發現，帶回救治，運氣最不好的就屬月雅清和蠻姜氏，前者成了殺手，後者則被當成犯人關了起來……
為了醫治月雅清毀容的右臉，夜一前往極北之地，不小心掉進魔淵縫中，結果無意救出一個猥瑣老頭，因為他，夜一取得真正的「雪凌果」，
因為他，夜一落得被魔影淵所有人追殺的可憐局面，因為他，夜一終於離開了魔影淵，還因此找到最後一塊靈魂碎片。
六塊碎片聚集，「夜幽綾」終於復活，只是為什麼大家都稱呼她為至高神？面對此景，夜一會做出什麼決定，其他人又會做出怎樣的選擇，而他妹妹是否會回到他身邊呢？"
殘神記(06)皇權風波,東邦,武俠玄幻,完結,0,飛燕文創,武俠,,,,,https://mojoin.com/novels/2748,"為了妹妹，夜一大闖皇宮，不過他明明只是要偷皇靈鑰，卻衰透的被侍衛當刺客追，
幸好，他遇見了「好人」，不僅願意把皇靈鑰交給他們，而且還自願把風的讓夜一能悠哉的找出感應到的靈魂碎片！

夜一先是感到自己被偷窺，之後他又遇上一連串令人哭笑不得的設計事件，後來發現這一切全是來自魅巫魔人的報復？

好佳在，有人願意出賣色相來平息她的怒火，順帶從她口中掏出等同麻煩的消息，因為對被人利用沒興趣，
所以夜一他們第一時間落跑，只是他們又攪和進蠻姜氏族人的事情中......啊啊，難道他們跟麻煩真的這麼有緣？"
殘神記(05)認親,東邦,武俠玄幻,完結,0,飛燕文創,武俠,,,,,https://mojoin.com/novels/2747,"確定了羅立坷的身世，大家都很替他高興，但羅立坷卻沒啥感覺，讓夜一他們不得不替即將跟他相認的親人掬一把同情淚，不過之後換夜一覺得他才是需要被同情的那人｜｜他有事要走，羅立坷執意要跟，他也勸阻不了，為啥無辜的他得面對羅立坷親人的怨念呢！

關於靈魂碎片的可能線索斷，夜一他們卻因為救了一個小蘿莉，而有了更確定的碎片下落，這本是好事，偏偏小蘿莉本身就是個麻煩，害得事後眾人得面臨被人追殺的困境，但為了妹妹，不論前方有何阻礙，夜一都不會退縮的！"
殘神記(04)黑衣人,東邦,武俠玄幻,完結,0,飛燕文創,武俠,,,,,https://mojoin.com/novels/2746,"黎子芊，一個充滿魅力的女子，因一時正義感作祟，
她被夜一他們救下，暫時成為他們其中一員。

來到旅途目的地，她替他們惹了一些麻煩，也因此意外結識了幫助他們的莫兆軒，
而之後被打的他還幸運的被羅立坷救下，更在羅立坷出手醫治他父親的病時，發現羅立坷的身世……

為了靈魂碎片，夜一下海搶劫去，沒想到想搶的人不只他們，
既然如此，為了妹妹，不管事後會有什麼麻煩，夜一乾脆心一橫｜｜全搶了！"
殘神記(03)追緝兇手,東邦,武俠玄幻,完結,0,飛燕文創,武俠,,,,,https://mojoin.com/novels/2745,"波夷村慘案使得夜一等人受到莫大震撼，
從意外俘虜的兇手口中卻牽扯出鬼殺樓這一殺手組織，而他們也因此被迫捲入其中。

「迎接神的歸來」是鬼殺樓在巨神遺跡行動的最終目的，為了靈魂碎片，夜一他們也將前往巨神遺跡，
兩者看似無關的線就此交集｜｜鬼殺樓為了避免他人打擾布置的一切恰巧成為夜一他們行進的阻礙｜｜

在祭祀堂他們先和一批又一批的面具人打，再和被召喚出來的魔神一戰，
進到遺跡中，又忙著找尋靈魂碎片，順便把待在遺跡中，不屬於己方的人全幹掉……不用誰說，
他們自己也知道他們無心破壞了他人的行動，結仇結怨不在話下，不過為了妹妹，夜一是絕對不會退縮的！

一頓酒，一頓飯，能換來什麼？答案是一個有著流浪狗情結的蠻人。
因為認定夜一是好人，所以他要跟在夜一身邊，所以他送了一份結親禮給夜一，
結果不知情的夜一一接下，就莫名其妙多了一個「兒子」……當「媽」的夜一很想問，這到底是怎麼回事啊？"
殘神記(02)神之子,東邦,武俠玄幻,完結,0,飛燕文創,武俠,,,,,https://mojoin.com/novels/2744,"人的代價，除了實用的金幣，還有兩條甩不掉的尾巴，夜一甚至莫名奇妙的被冠上「神之子」這一個聽起來就很崇高的稱號，
幸好，趕不走的兩人各有好用的好處在，而他，還是那個只為妹妹而活的自私男人！

落崎山脈，妹妹靈魂碎片的可能所在，因為見死不救不是夜一的風格，
既然有人呼救，他們只好出手救人，擊斃雙頭環蛇。

救人一次，沒人規定一定要救人救到底，但為什麼要閃人是這麼困難的事？
先是被救的其中一人因為嫉妒化身成化魔人，再是大戰不該出現在山脈中的八等黑暗魔獸｜｜慶幸的是，打到一半，
黑暗魔獸就突然跑掉，不過之後還因傷遇到一個死纏著夜一要血的毒醫學徒，最後大家甚至差點被山掩埋……這一切到底是怎麼回事呢？"
殘神記(01)預言現,東邦,武俠玄幻,完結,0,飛燕文創,武俠,,,,,https://mojoin.com/novels/2743,"預言現，保管瑪奎克預言書的神願星殿派出星女和守護靈使祕密出外，
來到神澤之塔外，只為了尋找能夠喚醒神的神之子。

神澤之塔中，夜一和他的契體畢啾正在挑戰關卡中努力，
絲毫不知道從另個空間來到此的他已經多了一個「神之子」稱號，
只是一心朝著能重新復活妹妹這一目標踏上變強的道路。

一個冒險者任務，讓夜一在無形中得罪了一個魅巫魔人｜｜不過他真的是無辜的，
都是畢啾要求，他照做而已啊……但他也因此和身負重任的月雅清二人有了牽連，
而他們的相遇帶給夜一的會是什麼呢？"
山海妖異奇譚,徐行,武俠玄幻,連載,0,原創星球,古風,玄幻,成長,感動,戀愛,https://mojoin.com/novels/838,"「我，驍勇善戰。為守護你，萬夫莫敵！」
降妖伏魔的奇人異士「山海師」，天之驕女鬧烏龍，在被不明的妖魔殺害全家之後，帶著她的滿級神獸好夥伴，踏上追尋妖魔報家仇的奇幻旅程！

* * *

本應風光無限的天之驕女跌落神壇，作為最尊貴的復祖出生，法力卻比凡人還不如！
「欸，那個鬧烏龍的小復祖在全家被妖魔殺光之後，居然還重出江湖啦！」
操縱《山海經》中封印的妖魔，守護人類的奇人異士「山海師」，少女任鈴踏上追查殺她全家的仇人、神秘妖魔真實身份的旅途

「算你運氣好，我是五神獸裡唯一能靠自己的力量現界的。不然照妳這種功夫，大概死了也沒辦法召喚我。」
「少囉嗦！我已經滿十六歲了，一定會成功的！」
新手上路卻沒有新手運的烏龍復祖與她的滿級神獸夥伴白虎，出發降妖伏魔報家仇！

註：
※低魔玄幻不古風，敘事情節角色etc.全部大雜燴，輕鬆看輕鬆看
※自認為劇情在打完新手副本、NPC開解完以後才開始精彩（？）"
百歌行,慣看春秋,武俠玄幻,連載,11,原創星球,玄幻,架空,,,,https://mojoin.com/novels/1025,"江湖何處尋？
──這個世間，就是江湖。
每一個人，便是這江湖中的一首歌。"
一個築基期密探的消失,愛不說,武俠玄幻,完結,0,原創星球,武俠,戰鬥,冒險,,,https://mojoin.com/novels/261,"【修仙Ｘ探案Ｘ現代科技】

某個世界，修仙與現代文明這兩種截然不同的的體系，在兩塊隔海遙望的大陸各自發展。
一位築基期密探的失蹤背後，竟牽扯到足以影響世界的陰謀。
且看東大陸的修士璇朝安，如何揪出藏於西大陸的幕後真兇。

你以為修士就會對科技一竅不通嗎？
不，身為一位合格的修士，就該與時俱進！
璇朝安表示：為了查案，我連筆電都毫不猶豫買下去。"
