書名,作者,分類,狀態,按讚數,出版社,tag,,,,,連結,簡介
第二遊戲世界 第二部：無限樹海,佐渡遼歌,奇幻科幻,完結,351440,獨家原創,異世界,穿越,異能,科幻,生存遊戲,https://mojoin.com/novels/3700,"──能使人們奉獻出一生的，只有他們所虔誠信仰的事物。

原以為成功破關就能返回現實世界，不料倖存下來的玩家們卻被迫參與新的遊戲。
一夜之間，我和以璇等人便被轉移至文明徹底崩毀的臺北，放眼望去周遭盡是茂密樹海，並出現十二座高塔與被高塔圍繞的世界樹，塔內是玩家們唯一安全的棲身之所，卻不時會有敵兵來襲。

面對強大的遠古巨獸、無情的機械士兵，所有人必須利用自身擁有的一切守住高塔。
為了生存、為了延續微弱的希望，我們不得不再次面對神所給予的殘酷試煉……"
雙馬尾幼女抱著大腿求我穿越這能不答應嗎？,值言,奇幻科幻,完結,6861,獨家原創,天然呆蘿莉,中樂透,穿越異世界,公主婆爆,,https://mojoin.com/novels/2350,"在中了十億樂透的下一秒穿越到異世界是什麼概念？
「搞什麼鬼？讓我回去啊啊啊！！！」
前略，高中生周璟穿越了。
「恭、恭喜你，你成功穿越了……」
出現在周璟面前的，是身為【幸福之神】的幼女「神蘿」。
她的工作是隨機把人傳送到各個異世界裡、拯救那些瀕臨毀滅的世界。
然而不知道為什麼，那些穿越者總是活不了多久，
不是被龍吞掉、被圍起來燒燬，就是因為摸到軟綿綿的胸部而被淨化消失（？）。
秉持著不能揮霍十億至少也要摸到一次、咳，也要拯救人命的精神，
周璟就此展開了跨越時空的異世界巡遊之旅──原本應該是這樣。
沒想到會在第一個世界就被絕世美女撲倒！而且美女還是貴妃！
這難道就是所謂的給皇上戴綠帽？
周璟的人生就到此為止了嗎？"
原子少年──在星芒綻放之前,拆野拆替,奇幻科幻,完結,5721,獨家原創,幻想冒險,青春熱血,少年們的合宿生活(?),這次你要PICK哪一個？,,https://mojoin.com/novels/3020,"在遙遠的某個宇宙中，太陽系的八大行星各自發展出了獨特文明，居民們都過著安穩的生活。
然而有天，各大行星由於不明原因遭到「黑暗物質」侵襲，受感染的生物都逐漸失控，唯獨有一群能不受黑暗物質影響的少年，成為了眾人的希望，而這群少年就被稱之為──「原子少年」。

為了創造出能夠消滅黑暗物質的「永恆物質」，分別來自八大行星的少年們，受到宇宙聯盟召集進行訓練，同時也將進行各項任務，在訓練及任務中的表現，都將影響他們獲取永恆物質的數量。

由於想替自己的星球爭取更多永恆物質，少年們各自懷抱心思，是該將彼此視為競爭對手，還是合作夥伴？而身負使命的他們，也擁有著各自的夢想，以及迷惘。在他們的光芒綻放之前，所要面臨的挑戰才剛剛開始……"
《周處除三害》電影番外小說：我的87多重人生,何守琦,奇幻科幻,完結,4782,獨家原創,電影改編,黑幫,平行時空,遲來的救贖,,https://mojoin.com/novels/3650,"電影《周處除三害》獨家授權番外小說
在酣暢淋漓的觀影體驗之後，藉由小說一窺陳桂林的內心世界，滿足你更多的想像！

遭到槍決後，陳桂林迎來了閻王的審判，結果卻被宣告得投胎當一隻鵪鶉！？
陳桂林不願意，再怎麼說他都是全臺最出名的通緝犯了，怎能淪落至此？

在押送途中，他注意到長廊兩旁有許多扇門，於是溜進了其中一扇門，不料卻落入一處奇異空間，先是被戴著豬頭頭套的殺人魔追殺，還遇見一個個長得和自己一模一樣的「陳桂林」們──不過也不能說一模一樣，那些陳桂林，有的比他白胖、有的少了一隻眼睛，有的甚至才只有十歲……

從那些陳桂林的口中，他拼湊出自己本來可能擁有的其他人生……"
關閉太陽,小說/薛西斯、授權/血肉果汁機,奇幻科幻,完結,377,獨家原創,世界末日,彗星撞地球,愛能夠被複製嗎,,,https://mojoin.com/novels/3656,"血肉果汁機人氣歌曲改編小說 ‧2023《看你聽的》音樂X漫畫X小說跨域特企作品

因為母親是天才科學家，他從小在人類語言模型「勒托」的教育下長大，
在母親過世後，他接手對於勒托的訓練。
和母親一樣，他深信只要能複製人類的語言思維，終有一天可以複製人類，
然而這份信念卻在遇到「她」之後破滅。

她既不瞭解他母親的偉大，也不懂勒托對人類的意義，
甚至沒有發現與她通信多年的並不是他，而是勒托複製的他。
他本來應該為此感到高興，勒托成功複製了他的語言思維，
然而，他卻產生了一種奇妙的挫敗感……"
神與畜,阿曦 A-Xi,奇幻科幻,完結,698,原創星球,微腐,百合,都市,,,https://mojoin.com/novels/3681,二十二世紀，為了打破「紅心傑克」的宿命，李晴煬加入名為「神與畜」的組織。作為《愛麗絲夢遊仙境》後代，他們不是童話故事的英雄，而是早已被安排的羔羊。
一擊會心‧加杜克！,化風,奇幻科幻,完結,18,原創星球,長篇,軍事,戰鬥,異世界,,https://mojoin.com/novels/3678,"傳統感覺的機器人故事，以幽默的小說形式登場！？
面對巨大的野望，僅一隊的游擊軍，為正義而勇敢的挺身而出！"
身為主角當然要拯救惡役！,leviatas,奇幻科幻,完結,1568,原創星球,戀愛,魔法,,,,https://mojoin.com/novels/3678,"傳統感覺的機器人故事，以幽默的小說形式登場！？
面對巨大的野望，僅一隊的游擊軍，為正義而勇敢的挺身而出！"
沒魔法資質的我在異世界靠科技成為救世主,做過頭主義,奇幻科幻,完結,0,原創星球,科幻,軍事,科技,異世界,穿越,https://mojoin.com/novels/3690,"台灣護國神山用的矽晶圓，切割前的矽晶柱，竟是最好的魔石？誰說台灣沒有硬科幻小說，這就是了。
主角雖然開外掛，但不是萬中選一、沒有血脈加持、並非神明賠償、不搞臥薪嘗膽、沒有莫名奇妙的幸運、不玩生死徘徊後覺醒…那他如何開掛、在異世界當上救世主？憑著他靠科學知識鑽了魔法規則的漏洞，並依此召喚出大量的科學家、學者、工程師、技師、現代軍隊，建立出他的專屬團隊…是的，簡單來說，這不但是一部轉生穿越龍傲天作，還是一部微硬科幻小說。"
在劍與魔法的世界要怎麼玩Minecraft！？(轉生當個創世神),呼嘎HOGA,奇幻科幻,完結,120,原創星球,冒險,架空,異界,,,https://mojoin.com/novels/648,一個熱愛「我的世界」遊戲的玩家，在一場離奇意外中失去了意識，當他醒過來的時候卻發現自己以「我的世界玩家」的身份轉生到了一個充斥著魔法與怪物的世界。在無法使用魔法的狀態下，他利用「我的世界玩家」的能力在這片未知的土地上展開了生存。
無機質研究員觀察日記,薩佐,奇幻科幻,完結,6,原創星球,黑暗,虐心,成長,,,https://mojoin.com/novels/3676,任性、跋扈、難以溝通──這是邵海對上司蘇唐的第一印象。但直到後來，他才發覺，屬於第三研究院和蘇唐的「真相」，唯有願意追尋並相信的人，才能看見。
被女神寵愛的最終反派,本艾,奇幻科幻,完結,22,原創星球,奇幻,溫馨,戀愛,重生,異世界,https://mojoin.com/novels/562,"凱旋的歌聲響起，在黑夜之中、在暴風雪之中，眾人高呼魔女已死！白髮紅眼還有蒼白的皮膚，那是聖書裡惡魔的外貌。
那是我的樣貌……

我和我的父母長的完全不一樣，他們都說我是惡魔的化身，北境的魔女。
我以為只要我表現出我的力量，展現出我的能力，就能獲得他們的認同，他們就不會因為我的外貌而討厭我。
可是每當我完成常人辦不到的事，帶給他們的只有更深的恐懼。

我累了……
我不想再追逐他人的關愛了。

或許就這樣被當成魔女，被當成反派殺死對我才是最好的。
可是當我的頭顱被斬下，我並沒有死去，而是回到我剛出生的那一刻。
因為我雖然被所有人討厭，被所有人視為惡魔。

但我倍受女神的寵愛。"
反方向攻略史上最大的地下城(01)奧爾菲雅絲的大迷宮,佐渡遼歌,奇幻科幻,完結,8435,飛燕文創,奇幻,科幻,,,,https://mojoin.com/novels/2849,"原本應該被魔法召喚到異世界成為勇者，
卻因為陰錯陽差與種種意外而在異世界轉生成為小嬰兒。
考慮到自己保留了前世的記憶，姑且沒有問題吧？
這麼想完才發現自己竟然身處於史上最大的地下城深處，
究竟是怎麼一回事啊！"
黎明騎士團三部曲《假面騎士：恐怖玩笑Kamen Rider: The Thrilling Joke》,鏟屎公,奇幻科幻,完結,6,原創星球,新手上路,懸疑,戰鬥,追尋自我,英雄,https://mojoin.com/novels/3694,"「如果有一天我變壞了，不要怪我，因為我曾經好過，你們沒有珍惜。」
超級英雄拯救世界，人們習以為常；但當英雄們落難，誰又能來拯救他們？
一名身兼見習變裝英雄的高中生，在學校舉辦盛大耶誕舞會前夕遭到襲擊並被囚禁在自己的秘密基地裡，也就是深埋在學校地下的古老地道，為了活命，他必須想辦法密室逃脫並且直面最終的真相...
等等，如果我說這是勵志小說，有人會信嗎？"
穿越到Zombie滿滿的世界就算了等級還是0,哩哩呱哩,奇幻科幻,完結,749,原創星球,戰鬥,搞笑,冒險,,,https://mojoin.com/novels/508,✦殭屍末日穿越冒險輕科幻 ✦髒話有、台語微量、女主台中人
虛空的分岔路,言湘隱,奇幻科幻,完結,1047,原創星球,解謎,戰鬥,生存,追尋自我,架空,https://mojoin.com/novels/3696,"愛與恨為何物？
黑暗與光明能否並存？
無形的虛空，將威爾森、賦晌影、席娜．霍華德三人的命運緊緊牽纏。"
銜尾：飄茵落溷的群星,意外,奇幻科幻,完結,0,原創星球,妖怪,都市,異能,戰鬥,日常,https://mojoin.com/novels/3693,"《銜尾》系列第一集
起源於神奈川縣的，一個故事。"
界外之寰,藍星諾,奇幻科幻,完結,300,原創星球,都市,異能,玄幻,戰鬥,成長,https://mojoin.com/novels/3689,世界上有人擁有特殊的能力，能使用凡人無法掌握的力量，因此人們稱其為異能者，而他們身處於人群之中。人類為了研究異能的知識，使用各種方法，令他們置身於危難之間，因此他們成立組織以守護他們的世界，它的名字叫做虹。
在異世界？的那些事,緬因吉,奇幻科幻,完結,31,原創星球,幻想,科幻,成長,重生,異世界,https://mojoin.com/novels/3717,常睦民穿越到了滿是獸人的異世界？來這兒不拯救世界，不打魔王，而是來幫忙收集素材，拯救一名大叔而已！
海潮迴聲,DZ,奇幻科幻,完結,0,原創星球,都市,奇幻,神話,,,https://mojoin.com/novels/3691,"「黎恩牧師，請妳告訴我......神，真的聽得見我的聲音嗎？」
「愛里......不要再鬧了。」
「為什麼，不回到大海裡來？愛里？」
「愛里。妳屬於大海。」
「潮汐會撫平妳的病痛、海流會治癒妳的靈魂。」
「愛里，妳屬於這裡。」"
第一次養魔神仔就上手,killer,奇幻科幻,完結,0,原創星球,治癒,奇幻,養成,溫馨,甜寵,https://mojoin.com/novels/462,"你相信有魔神仔嗎？
你認為魔神仔是什麼樣子呢？
紅衣小女孩，還是玉山小飛俠？
如果遇到魔神仔，對方又是個激萌的小正太，單兵該如何處理？

廢宅少女游虹翼無意間撿到正太魔神仔「噹噹」，不得已只好擔起「魔神仔保姆」的重責大任。
問題是，身為以誘騙人類為專長的魔神仔，噹噹拐人的技術簡直爛得令人髮指！

於是虹翼除了照顧噹噹的飲食起居，還得負責教他騙人。
而最高明的騙術當然就是——賣萌啦！
結果學生學得太好，賣萌賣得太上手，連監護人虹翼都快受不了惹……"
雙子小搗蛋2&貓耳大姊姊,黑米BR,奇幻科幻,完結,0,原創星球,姊妹,奇幻,日常,架空,異世界,https://mojoin.com/novels/3668,暑假來了！即將升小五的雙子－璐和艾－前往法納屋商會進行人生首次的見習，且將面臨震撼教育！職場不比學校，宿舍不同於家中，面對各種艱難的處境，她們能否順利度過難關呢？
轉生成為勇者和魔王的老師到底要如何迴避世界末日？,悠月,奇幻科幻,完結,761,獨家原創,魔法,穿越,異世界,魔王勇者,妖精使,https://mojoin.com/novels/2316,"從小開始教魔王和勇者是什麼感覺呢？
穿越到養成遊戲成為家庭教師的賈桂琳表示：壓力超絕爆炸！
原以為知道遊戲劇情的自己可以無往不利、輕鬆攻略魔王和勇者，結果這世界的時間點比遊戲提早了十年、根本沒用啊！
為了阻止他們在十年後決裂，迴避世界被魔王毀滅的命運，
她必須一邊當兩人的老師、一邊引導遊戲走向「真相路線」，找到這個世界的「神明」。
然而看著腳邊喊著「傑姬老師～」的正太勇者和魔王，她頓時猶豫了起來……
那個，可以先抱緊處理嗎？"
魔王的生命是用來消耗勇者的存檔次數嗎？,筆尖的軌跡,奇幻科幻,完結,630,飛燕文創,奇幻,科幻,,,,https://mojoin.com/novels/3273,"這是一個不公平的世界！
「為什麼連世界都在幫他開掛？」

身為全世界最強最有錢的魔物之王「薩塔利安」，沒什麼好憂鬱的，除了一個——他預見了自己被勇者殺死的Dead End。
做為領先時代的傑出魔王，他當然不可能坐以待斃。
趁著勇者Lv 1，趕緊欺負弱小，一刀解決後患。
然而沒想到，勇者死後——
世界居然重啟了！

憑什麼勇者拔劍相向就叫「正義」？
為什麼魔王坐下來好好談談就叫「陰謀」？

沒錯，這是一個不公平的世界！
所以魔王靠著財力、實力與魅力玩弄勇者的身心，也是理所當然的！"
末世風華(01)重生後的末世,貓邏,奇幻科幻,完結,306,飛燕文創,奇幻,科幻,,,,https://mojoin.com/novels/2938,"擁有治療異能的徐婕，因為治療能力不高，即使身為異能者，日子也同樣過得很艱辛。
在一場為了人類生存而戰的戰役中，眼看著人類這方就要落敗，徐婕挺身而出，拉著蟲皇陪葬。
自爆後，竟然讓她回到末世來臨前，也因這場重生，她多了強悍的新異能，憑著她對末世的了解，這一世，她肯定會過得衣食無缺，當一個幸福快樂、悠哉悠哉的後勤人員……
嗯，這是她的目標，也是一直追求的夢想，至於會不會實現……
一切都是個謎！"
魔法之道,黑霧,奇幻科幻,完結,20,作者授權,冒險,奇幻,戰鬥,架空,異世界,https://mojoin.com/novels/1072,"道，是什麼？

一個連自己都不知道自己沒有過去記憶的人，飽嚐了痛失親人自己無力阻止的痛苦，決定將自己的心封閉，永遠沉睡。
在命運的殘酷下，這條本應了結的生命卻為殺害自己雙親的人所救，並賜予了他朋友、目標甚至親人，得悉一切，恩仇交錯，何去何從？

他選擇了自己的道，決定擠身這個魔法世界，不為創一番功名，只為尋求自己的快樂，自己身邊的人的快樂。
他的選擇是命運的安排，還真是他自己所想，無從得知；只能知道的是，他為了朋友能夠不惜一切，甚至是自己的性命，
審判團與魔法管理局的鬥爭，他被捲入了其中，一個分不清正邪對錯的鬥爭，一個令他能得到更多或是失去所有的鬥爭，一個……

他不想去理會審判團的正義，也不想去釐清魔法管理局的陰謀，更不想處理統治權的分裂，然而……
一切都在他決定的道之上，他為了貫徹自己所選擇之道，必須去面對一切，即使不願意也好。

因為——
道，就是依照自己所想，不顧一切。"
遺失的情書,鬱兔,奇幻科幻,完結,1641,華星娛樂,奇幻,穿越,歷史,愛情,,https://mojoin.com/novels/3736,"一封封來自五十年前濃烈思念的情書憑空出現，接下來的奇幻穿越揭開了所有背後乘載的故事。

林昱丞發現租屋處每週都會有人送信，但誰也不認識信上的收件人，且寫信日期還是距今五十餘年前。他原以為是惡作劇，卻聽見古怪的聲音自信中傳來，他拆信發現竟是封染血的遺書！也在這一瞬間，他穿越到了1970年的戒嚴時代！
時代混亂讓林昱丞處處惹麻煩，還好偶遇葉婉佳相助。林昱丞漸漸被其吸引，但她卻有個生死不明的未婚夫羅泰祥。

林昱丞與葉婉佳會有怎樣的發展？羅泰祥究竟在哪？那封染血的遺書又究竟從何而來？
在這個欣欣向榮，卻暗湧不斷的時代，人們該何去何從？
原來看不見的事物，不代表並不存在。"
是魔．非魔02 懲罰性任務,東邦,奇幻科幻,完結,15,飛燕文創,奇幻,科幻,魔法,冒險,,https://mojoin.com/novels/3697,"神月圖書館是神祭學院書籍收藏最豐，也是學院唯一一棟圖書館，可對剛進學院的倫來說，圖書館對他有著莫名的吸引力，而且一碰到圖書館，他就會出問題──
第一次他被奇怪的黑影誘引，進到圖書館中，在拿到黑晶盒的同時，手心突然出現奇怪的封塵印，更在圖書館中昏迷。
第二次因為某人的挑戰不果，進而找人包圍芙雅，引發雙方私鬥，最後險些火燒圖書館，結果被學院懲罰，丟到群龍島去找翠玉荷苞。
結果翠玉荷苞沒找到，倫倒是收了一隻「特別」的魔寵，並在魔寵的帶路下取得群龍島的控制權，這到底是怎麼回事呢？"
身為女裝少年的我，貞操快要不保。(01)偽娘的征途,上絕,奇幻科幻,完結,131,飛燕文創,奇幻,科幻,,,,https://mojoin.com/novels/3214,"偽娘是變態？
噢噢不，我只是、只是……我只是有點苦衷！

文弱少年余本泱＝廢柴／靦腆系宅宅
美豔少……女（？）零＝一刀在手天下我有抖Ｓ女王

人家說歹路不可行，為什麼別人走歹路，衰尾是我？

從小因個性內向長相清秀而飽受霸凌的余本泱，換上女裝卻激發百分百本能，從廢柴變超強狩獵手。

嗯，這樣感覺也是美賣啦，能夠順利接近心中的女神更是美賣中的美賣，但有一好沒二好，出任務遇上性騷擾狂狼女軍團長夏菲兒，還意外發現軍方不可告人的黑暗內幕……

嗯，我會加油der！（哭）"
地球之眼,Breeze 湯碗貓,奇幻科幻,完結,176,原創星球,黑暗,驚悚,科幻,科技,冒險,https://mojoin.com/novels/3677,地球之眼是一部微恐怖的科幻小說，故事講述Bloody Swan對人類的研究。
不聽吸血鬼的話，就會被咬喔！(01)千年之後,子陽,奇幻科幻,完結,694,飛燕文創,奇幻,,,,,https://mojoin.com/novels/2423,"老爸不小心從古墓裡挖出一個沈睡千年的吸血鬼王，從此，高中生韓昭明的日子就是不停的貢獻脖子、貢獻鮮血，和各種翻滾碰撞的體力活。
「我喜歡看人們求我，跪下來求。」吸血鬼王這麼說，「那能讓我多吃一碗飯。」
——那你去吃飯不要來吃我啊！
韓昭明求助同班同學米樂，本以為米樂是吸血鬼獵人，一定能助他脫離苦海，沒想到米樂是吸血鬼與人類的混血兒？
——靠！你們都是自己人啊！
吸血鬼王是個妖豔俊美的少年，他身上有緬梔和玉蘭的花香，韓昭明腦中的警鈴大響，卻還是和他從廚房地板滾到了房間床上……
——淦，怎麼辦？"
顛覆童話(01)翠狼與紅帽,草子信,奇幻科幻,完結,744,飛燕文創,奇幻,,,,,https://mojoin.com/novels/2457,"從遇見妳那天開始，我的心臟就只為妳而跳動。

四年前，被同伴背叛而逃進死亡森林的迪諾，
在幾乎放棄希望的時候，遇見那名改變他一生的少女。
為了報恩，迪諾開始尋找她，卻始終沒有任何收穫，
直到傭兵公會帶來的委託，讓他重新燃起希望。

亞特賽斯大國外的森林，有個傳說，
一名能夠實現任何願望的魔法師居住在此，
這個傳說帶給翡翠相當大的困擾，
也給她再次與少年相遇的機會。

從前有隻狼，吃掉了無辜少女的奶奶，
狼被路過的傭兵殺死，卻無法讓少女止住淚水。
──因為那並不是故事的全貌。"
遊戲結束之前01–依存禁止–,草子信,奇幻科幻,完結,785,三日月書版,奇幻,遊戲,驚悚推理,,,https://mojoin.com/novels/3782,"生存守則①：絕對不要相信任何人。

高智商玩家╳偏執系犯罪者
殺戮、生存、信任、背叛，歡迎一起加入這場死亡遊戲──

意外收到尋人委託，左牧被迫登上無人孤島，參加一場隨時會危及性命的死亡遊戲。黑暗中的莫名耳語，無處不在的詭異窺視，當殺戮變成唯一選擇，只有遵循規則，才能獲得一線生機。

而參加遊戲的第一步－－「左牧先生，請先找到你的犯罪者搭檔。」"
這樣的學園，沒問題嗎？(01)墜入學園的兔子,初雲,奇幻科幻,完結,309,飛燕文創,奇幻,科幻,,,,https://mojoin.com/novels/3222,"「妳的夢想是什麼？未來想成為什麼樣的大人呢？」
梅悠握緊了手中的志願選填單，大聲回答：「我不知道！」

對於胸無大志，未來志願一片空白的梅悠來說，要決定大學的志願簡直比登天還難。但不知道是誰和她開了天大的玩笑，居然把她的志願盜填了，而且還填上了異界魔法學園啊啊啊！

隨著放榜日到來，麻煩也跟著接踵而至──

先是氣勢直逼撒旦等級的直屬學長找上門來，接著被迫參加緊張刺激的新生訓練……白值測驗、魔法石測試、商店街大採購，還有璀璨絢麗卻暗潮洶湧的資助人舞會！

在舞會上，梅悠差點落入壞心公爵手中，幸好被神祕的貴族青年柯爾所救，兩人還簽訂了為期四年的契約。

天啊！這麼亂來的新生訓練，這樣的學園真的沒問題嗎？"
輪迴轉生物語,霜楓,奇幻科幻,完結,0,原創星球,冒險,架空,異世界,,,https://mojoin.com/novels/900,"第一卷：起點 身為地方貴族的達哈克，為了挑戰自己而踏上了冒險者的生活。 在經歷過第一次成長(升級)後獲得了不屬於自己的記憶，並為了達成記憶中人們未完成的遺願而開始了旅程。 ───帶著過人的天賦以及失落的知識，踏上旅程的大少爺冒險物語正式開始！

----------

第二卷：友人 在被迫接下救援隊的委託後，達哈克、雷昂與黛潛入了迪拉米斯迷宮，並正式的與探索者公會接觸了！ 除此之外，在迷宮之中邂逅了前世友人的達哈克會做出什麼樣的冒險呢？ ───邂逅前世友人與得到助力，踏上旅程的大少爺冒險物語還會持續下去！

----------

第三卷：啟程 成功成為冒險者後，達哈克贏了與前世友人的打賭，選擇了離開迷宮去增進自己的道路，接下了商隊護衛的任務。 但路途開始沒多久，就遇到了魔物潮導致商隊不得不轉換移動路線，選擇在附近的村莊暫時調整狀態。 ───詭異的空村、新的同伴、與前世加強的連接，踏上旅程的大少爺冒險物語第三章，請繼續期待#"
極北的伊蓮諾亞,哩哩呱哩,奇幻科幻,完結,20,作者授權,奇幻,民族風,正劇,BG,末日,https://mojoin.com/novels/634,"她是伊蓮，也是諾亞，她和其他弟兄們一樣，是貴族們眼中，沒有進化資格的人類。
他們是貴族的奴隸，更是貴族們彼此切磋的道具，命如螻蟻，不值一提。

從小，她就常常夢見一個詭異的夢，夢裡面的世界，沒有貴族、沒有階級、沒有怪物，只有美好的食物、歡笑、淚水──還有「她」，那個教她許多知識的快樂女孩。
因為那個女孩，她知道遙遠的彼方，有個璀璨的世界，讓她無比嚮往；只要活下去，總有一天，就會得到自由。

他是貴族，是新食物鏈最頂端的存在。
壽命、知識、財富、資源……他擁有一切，卻視之如敝屣。
所有的一切都無聊至極，但他為什麼還活著呢？
為了義務？為了延續？為了自尊？
對了，說到延續的義務……
他最近在自己的領地裡，難得發現了有趣的事……
有隻小小母老鼠，跑到男人堆裡去了……"
撿到裸體幼女的二流冒險者,Ocean,奇幻科幻,完結,365,原創星球,異能,戰鬥,成長,冒險,,https://mojoin.com/novels/3632,"就算只要登記就能成為冒險者，可如果不是冒險者世家出身的可不會被認同——畢竟這世界可是世襲制。
經歷了被人藐視度過的三、四年磨練後，沒有冒險者世家背景的我——戴斯總算被人認同登上二流冒險者的階段，只要再找個老婆成家就有可能成為真正的一流……只不過這還遙遙無期。
當我像往常一樣出去城外冒險討生活時，卻意外發現了一名黑髮的裸體幼女……？
在設定真實豐富的奇幻故事背景下的異色養女兒故事就此展開！"
娘化魔王的我與傲嬌勇者的兩三事,霜楓,奇幻科幻,完結,280,原創星球,異世界,,,,,https://mojoin.com/novels/637,"因為母親的獻祭，讓年幼的我覺醒了前世的記憶，屬於特別者的印記，也因此躍昇成魔王的標記。

不過、當魔王什麼的也太無聊了，決定了！
我要甩鍋，將這件麻煩的事情甩給別人！
與我同樣擁有印記的你，接受我的贈禮吧！
禮物是這個世界的一半（魔王的寶座）！"
來世，還要再當妳的貓,天兵,奇幻科幻,完結,111,原創星球,奇幻,科幻,,,,https://mojoin.com/novels/3611,"生命，是會輪迴的。
下一世便能成人的九世貓，在即將逝世的雨夜裡，遇上了她落魄且智商不高的新主人--瑜芳。
本以為這一世能過上普普通通、輕輕鬆鬆的貓生生活，卻在新主人的窗邊遇上了來自冥府的陰差。

「你是來帶走瑜芳的嗎?」望著烏漆摸黑的陰差，我問。」
「不是。」
「那是來將我帶走嗎?」
「......也不是。」
「葉瑜芳，陽壽未盡，卻靈魂離體，屬於重度看管對象。」

這時我才知道，由於瑜芳爛到不行的桃花運，導致她曾經有過孩子，並親手將他流產掉。
他喚那孩子，「豆豆」
這一世的我，也叫「豆豆」"
以世界為煙花，許你一場盛大的告白,無聊種子,奇幻科幻,完結,1040,原創星球,輕鬆,系統,異世界,穿越,,https://mojoin.com/novels/3626,"神的告白一定要這麼浮誇嗎？
究竟要毀滅世界多少次，才能讓你知道我愛你？
這年頭，毀滅世界都比告白容易多了……"
台灣勇者協會T.G.G(01)勇者襲來,玥主朽紅,奇幻科幻,完結,1029,飛燕文創,奇幻,科幻,,,,https://mojoin.com/novels/3566,"我，原本是一位很平凡的國中生，明天開始就是位很平凡的高中生。
是的，原本應該是如此。
但我一時好奇，一不小心就在自動販賣機前轉職成了魔王。
是的，就是魔王，一種沒有勞保的無薪職業。
等等……自動販賣機？現在ＲＰＧ或小說的設定有那麼無腦嗎？

從那一刻起，我的平凡生活離我而去。
台灣勇者協會、恐怖大王、台客戰隊五人組、智慧三十點的美少女勇者、夫族的蘿莉狂戰士、惡魔學姊……等、等等！什麼跟什麼啊！

不管這設定有多腦殘，但我成為魔王似乎是項不變的事實。
至少，我知道，我所熟知的世界已經離我而去了。
事到如今，不論我願不願意……

我與台灣勇者協會ＴＧＧ的戰鬥會一直持續下去……"
帕安卡之鎖（The lock of PerAnkh）,安普特,奇幻科幻,完結,1450,原創星球,魔法,奇幻,冒險,,,https://mojoin.com/novels/595,"埃及X祭司X魔法
全系列完
封面／微靈
* * *
❅如果這千年的懲罰是我的宿命，我願意困在這永生永世的輪迴中。❅

柳映雪原本是一名優秀的準神殿祭司，卻意外被分到受人譏笑的阿努比斯神殿。
在神殿中，她遇見了兩名與眾不同的少年。
賽洛人帥又對她很好，使她不禁深深迷上。
努比神秘又溫柔，卻總是帶給她似曾相識的感覺。
徘徊在這兩名少年之間，令她困惑又不知所措。
然而她也無暇顧及對兩人的感覺了。
因為一場更深沉的陰謀，已經漸漸地浮上了檯面……

✜♦☼♦✜——✜♦☼♦✜——✜♦☼♦✜——✜♦☼♦✜——✜♦☼♦✜——✜♦☼♦✜

第二部 失落的神殿

「我聽不見，聽不見神呼喚我的聲音……」
阿努比斯總是無時不刻保護著我，對我呵護備至。
他說我像玻璃，彷彿一捏就碎，消失不見。
我想告訴他我並沒有這麼脆弱，但面對賽特接踵而來的攻擊，我才明白，一個失去魔能的祭司根本和普通的人類沒兩樣。
然而，我真的就只是普通的人類嗎？
我到底是誰，千年前又到底發生了什麼事？
而我和阿努比斯之間，又到底是什麼關係……

第三部 沙之聲

「請你們……一定要幸福。」
急欲喚醒班塔娜納的賽特不但奪走了映雪的神核，連阿努比斯也不放過！
失去力量的阿努比斯性命垂危，甚至有可能再也無法在人界化型
最後倒數的鐘聲已經響起，祭司們只能憑著自己的信念向前行
面對被打破的生死平衡，映雪只剩下一個抉擇
一個犧牲自己，導正一切的終極犧牲……"
怪異幽冥尋物所：您今天遺失了眼睛，鼻子，還是人生呢？(01),DARK櫻薰,奇幻科幻,完結,182,飛燕文創,奇幻,科幻,,,,https://mojoin.com/novels/2953,"歡迎光臨，這是委託率百分百的尋物所。
只要是有什麼難以解決的事件，進入本尋物所，就可以心想事成……才怪！

笑顏常開，萬年紅圍巾不怕熱的爽朗大學生。
流連酒店，喜歡甩著金色風鈴，看似流氓的待業青年。
看似正太，宅在家裡需要嗷嗷待哺的電腦通。
居住在一起的怪異三人組，各自擁有不為人知的特殊能力，譜成新的都市傳說。

「委託到府，使命必達──在那之前請給我好一點的委託人！！」"
蜂舞(01)術士再臨,貓邏,奇幻科幻,完結,121,飛燕文創,奇幻,科幻,,,,https://mojoin.com/novels/3258,"咦咦？重生已經是世界的新潮流了嗎？
怎麼才撞一下車，我就被撞回七年前？
不過就這麼回到以前也不賴，這時候的爸爸媽媽仍舊健在，一切的錯誤還沒展開，所有的事情都可以從頭再來！

前世的方宛是一名職業玩家，重生後更是擁有「先知先覺」的優勢！
看她如何運用對遊戲的熟悉，在「異域」裡頭混得風生水起！"
反方向攻略史上最大的地下城(03)魔族村落的復仇血戰,佐渡遼歌,奇幻科幻,完結,1370,飛燕文創,奇幻,科幻,,,,https://mojoin.com/novels/2853,"轉生進入異世界這麼長一段時間，
終於來到必經場所的冒險者公會了！

接下來就是註冊成為冒險者，
接受任務賺取賞金和經驗值，
努力提升等級累積攻略奧爾菲雅絲大迷宮其他區域的資本。

儘管如此，世事總無法盡如人意，
首次承接的第一個任務就引導向了最不想遇見的人們？"
妖怪料亭01,微混吃等死,奇幻科幻,完結,196,三日月書版,妖怪,推理,青春,迷茫,,https://mojoin.com/novels/3744,"記憶消逝在錯落的光影之間，我們卻依然故我地追尋著寂寞的意義──

「我接觸過很多妖怪和神祇，但我不知道他們為什麼存在，又為什麼消逝。」

高三畢業的暑假，無所事事的林隱逸回到了寂寞隱世的玉溪小鎮，邂逅了那個穿梭街巷之間、神祕清冷的少女──姚令瑄。她的出現，讓林隱逸平靜無波的日常逐漸漾起漣漪。

一人一鳥的午後絮語，靜謐夏日的點滴故事，座落小鎮一隅的食堂，讓人與妖的界線不再如此分明；光怪陸離的世界如畫卷般鋪展，越來越多的細碎往事一一浮現，而在她身上，似乎隱隱傳來讓他難以言明的熟悉悸動……"
反方向攻略史上最大的地下城(02)成為召喚勇者的人們,佐渡遼歌,奇幻科幻,完結,1814,飛燕文創,奇幻,科幻,,,,https://mojoin.com/novels/2850,"夥伴增加了一位龍種公主，話雖如此，艾維斯攻略地下城的進度卻沒有因此變得順遂，反而為了討阿芙拉的歡心，不得不更加地勞心勞力。

當兩人終於抵達上層區域的時候，阿芙拉的任性妄為卻變得更加劇烈，吵鬧過招不成，竟然在路上撿了一隻魔族，打算養起來栽培成將來的過招對手……所以說，真的要養嗎？"
末日與我無關,黑霧,奇幻科幻,完結,63,原創星球,虐心,異能,解謎,奇幻,末日,https://mojoin.com/novels/591,"地球突然遭受「同化體」襲擊，唯有伴隨而誕生的超能力者才能夠對付，即使如此，長年的戰爭下來人類仍是節節敗退。
讓世界得以殘喘的，是僅僅一名世界最強的超能力者，讓人類數度挺過難關的英雄，如今卻拒絕繼續出手？
少女與少年，在末日中必然的邂逅，等待他們的未來是……"
守衛龍騎(01)王龍的甦醒,鬱兔,奇幻科幻,完結,155,飛燕文創,奇幻,,,,,https://mojoin.com/novels/2435,"在菲索尼洛大陸，凡是到達自立年齡的人都必須自食其力。
初出茅廬的修．雷里洛一出城就碰上龍族，卻對出手相救的藍髮「少女」一見鍾情，因此決定加入他們的公會，但加入的瞬間，發現自己根本誤入賊船。
公會據點竟然只是個疑似危樓的教堂，公會成員人數更是在最底線……
更慘的是，阿修所心儀的「少女」索伊，其實是個「他」！而且當初騙他簽下合約的蕾芙亞是個與天使外表不符的腹黑，再加上個動物系少女莉莉，三句不離吃之外又愛消遣他。
在全世界都在狩獵龍族的今日，他們公會卻標新立異地想要保護龍族？身為「最強龍騎士」之子的阿修，常常提心吊膽，就怕以獵龍為豪的父親知道之後，會把他給砍了！
這次聽說了有傳說中已滅絕的王龍出沒，普雷特公會一行人前往尋找牠的蹤跡，卻意外碰上了同樣在尋找牠的獵龍團，更慘的是，阿修的妹妹花婗也在隊伍裡面。
為了避開他們，普雷特公會成員們選擇繞遠路，卻在荒煙蔓草中誤打誤撞地找到了被時間所遺忘的「龍隱國」遺跡。
在阿修探索遺跡的同時，父親傳給他的劍居然像是受到吸引似地發出了奇異的光芒。他跟著劍的指示走，卻沒想到這把劍，竟是解開滅絕千年的龍隱國公主「席娜．羅卓尼」的時間封印鑰匙──
跟隨著脫線、被定位為誘餌的倒楣龍騎士，與各種雷(？)的夥伴們出發，在這塊與龍族密不可分的神祕大陸，來場驚心動魄的冒險吧！"
狂襲之屍,紫電昭陽,奇幻科幻,完結,0,原創星球,戰鬥,青春,校園,冒險,架空,https://mojoin.com/novels/710,"男主角龍神奏汰，是個會為了下課要跟朋友去哪裡吃晚餐而煩惱，再平凡不過的高二生。
雖然成績並沒有非常理想，不過擁有愛他的父母；可愛的妹妹以及關心他的老師已是一件非常幸福的事情。
然而他平靜的生活在一種名為『喪屍』的怪物出現後一夕變色，『如果我們本身身處地獄，那我們又該何去何從』，面對338倍於人類的怪物—喪屍，一場對抗絕望的戰爭就此拉開序幕。"
黃泉之狩(01)守護,貓邏,奇幻科幻,完結,11,飛燕文創,奇幻,科幻,,,,https://mojoin.com/novels/3322,"有些人不相信鬼神，認為那是看不見、摸不著的虛構物，但，如果能看見呢？
有些人不相信外星人，但，如果有一天，外星訪客真的出現在你面前呢？
套句MIB中的台詞：「人們之所以能快樂的過生活，就是因為他們什麼都不知道！」

個性嗆辣、風格很「豪邁」的少女，除了要為了生活打拼，有時候還要被迫管「閒事」，降妖伏魔、幫助往生者超生，路見不平、扛水泥造橋鋪路……生活過的多彩多姿。
人客啊，不要不相信你的眼睛，就是有這麼誇張！小說咩～～
某日，她的青梅竹馬──一「隻」開朗、天真、有時候很欠揍的鬼少年，不小心闖了禍，為了救他，她甚至勇闖死神殿！
究竟！結果會如何？！
翻開書頁看了就知道！"
反方向攻略史上最大的地下城(04)命運交錯的第五區域,佐渡遼歌,奇幻科幻,完結,1232,飛燕文創,奇幻,科幻,,,,https://mojoin.com/novels/2854,"再次確認過佩兒與諾亞的決心，
艾維斯等人依照阿芙拉的提議，
前往攻略奧爾菲雅絲大迷宮的第五區域。

根據阿芙拉的情報，鎮守者的『大賢者』精靈族公主薇薇安
可是性格惡劣、陰險至極、胡作非為、為達目的不擇手段的笨蛋，

面對這位鎮守者所負責的區域，眾人能否成功地攻略呢？"
在崩壞學園中狩獵少女心,亞蘇,奇幻科幻,完結,79,作者授權,奇幻,校園,青春,,,https://mojoin.com/novels/436,"【當一個只會畫畫的廢柴少年踏進超殘酷的獵場裡頭會發生些什麼事？】

因為那個該死的抽選機制，路仁豪與青梅竹馬進入伊里亞高中就讀
對於狩獵一竅不通的他只能依靠同伴在獵場勉強苟活
但在那次特別艱難的訓練中，遇到了難以解釋的突發事件，學校被怪物所毀壞

伊里亞高中的學生們被迫流離失所，在最艱困的情況下求生、尋找出路。
他們將重返崩壞的校園，努力找到生存與救贖之路
然而等在他們眼前的，除了當初破壞學校的怪物之外——
還潛藏著意想不到的冷酷殺機。"
末世風華(02)我是國英團成員！,貓邏,奇幻科幻,完結,99,飛燕文創,奇幻,科幻,,,,https://mojoin.com/novels/2939,"加入國英團啦！以後我也能成為曾經崇拜過的英雄嗎？
徐婕有些惶恐，可是又有些興奮。
加入國英七隊以後，她發現，這個七隊已經不能說是金手指啦！要叫金大腿！
一堆特殊異能者都在隊伍裡面，隊長的挑人眼力真是強大！
不過話又說回來，同樣被尉遲隊長挑中的她，其實也是很優秀的嘛！（自豪）

工欲善其事，必先利其器！
所以我們要先搜集蟲殼，製造蟲甲和異能武器！
蟲子們！把你們的殼洗乾淨！我們來啦！"
反方向攻略史上最大的地下城(05)昔日雙親的冒險夥伴,佐渡遼歌,奇幻科幻,完結,856,飛燕文創,奇幻,科幻,,,,https://mojoin.com/novels/2909,"雖然打從轉生到這個世界的前幾天就得知了那些人的名字，
然而除此之外的情報幾乎為零。

畢竟是和雙親共同冒險的夥伴，
甚至願意一起挑戰奧爾菲雅絲大迷宮，
大概都是些好人吧？

這麼想的艾維斯終於在機緣巧合的情況下遇見了他們，
然而二話不說就動用見血封喉的絕招殺過來究竟是怎麼回事？
其中肯定有所誤會吧！"
女巫養成記02 孵化,東邦,奇幻科幻,完結,80,飛燕文創,奇幻,科幻,異能,冒險,,https://mojoin.com/novels/3698,"盧筱希知道她很衰，好好一場校內競賽竟被一個她不知怎麼招惹來的變態女人破壞，幸好，她還有額外的競賽獎勵──只是就算拿到曾成功孵化出小女巫的主人的心得筆記影本，她孵化過程依然是失敗、失敗、失敗……
好不容易因為一顆「石頭」，她成功孵化出女巫蛋，結果，她孵出的竟是一隻擁有女王性格的小女巫，還專門指定麻煩一堆的女巫騎士人選，想跟小女巫商量，她從小女巫那得到的卻只有一句：「我說的話不打折扣。」
媽的咧，到底她是主人，還是小女巫是主人啊？"
曦光試煉,時零,奇幻科幻,完結,0,原創星球,冒險,戰鬥,,,,https://mojoin.com/novels/1075,"二十年前的「時空大震盪」，改變了世界的運行法則。
異象過後，能夠穿越時空的超能力者出現，被人們稱為時空行者，這些人有著各異的頭髮與眼瞳，能夠在異世界和現實之中來去自如，並具有不為人知的超能力，是時空大震盪附帶的產物。
沒有人能確定時空行者如何生成，他們如未知數般覺醒，任何人都有可能成為，也都有可能一輩子無法獲得他們的能力。
劉亞傑活了十六年，在短暫的人生中，他從未了解過時空行者，他不認為自己會覺醒，或是和時空行者扯上關係。
直到他發現擁有藍色太陽的世界為止。"
末世風華(04)蟲皇大軍來襲！,貓邏,奇幻科幻,完結,94,飛燕文創,奇幻,科幻,,,,https://mojoin.com/novels/2949,"原以為已經死亡的蟲皇再度出現了！
這一次，牠竟是藏匿在暗處，指揮著蟲怪攻擊人類聚地，完全不露面。
尉遲鷹和徐婕奉命調查，跟蟲皇展開一場大戰，可惜沒能殺死蟲皇，被牠逃了！
兩人還因此身受重傷，性命危在旦夕！

潛伏一段時間後，蟲皇率領著大軍再度來襲！
這一次，蟲皇從北方基地開始橫掃，人類似乎又要重蹈覆轍……"
魔族少女的藥引(01)尋找藥引之旅,花鈴,奇幻科幻,完結,50,飛燕文創,奇幻,,,,,https://mojoin.com/novels/2454,"「別用可憐的眼神看著我，憐憫我並不需要……保護我，就要拿得出對應的愛，否則不要輕易談保護、談愛。」

十八年以來，她佟真只能待在伊珞華聖殿，那是她的家、她安身立足的地方，只有待在那裡才感覺到自己是存在的。
可是魔祿司侵蝕她的視力，讓她不得不循著列兮的線索尋找魔神的後代、找到藥引「魔神之血」。
就在踏上尋找之旅不久後救下一名男扮女裝的神秘男子，可他一句「親愛的」宣告她被他訂下，就算她警告他不准纏著她，他仍舊陪伴她、保護她前往魔神後代的居住地。
一句：「佟兒，我會保護妳。」逐漸攻佔她的心。
可是他忘了嗎？她不能因為感情變得脆弱，否則就會被魔祿司吞噬，成為死亡的養分……

「雖然我喜歡看妳吃醋，不過很可惜，我的妻子遠在天邊近在眼前。」
遠在天邊近在眼前──不就是我嗎？思緒在腦袋裡轉了一圈，佟真心跳突地加快。"
天龍的呢喃,黑糖君,奇幻科幻,完結,0,原創星球,熱血,戰鬥,校園,架空,,https://mojoin.com/novels/281,"《校園異能熱血打鬥＋架空世界龍人種族＋傳說武器巨大文具》

天龍與地龍的混血，亞瑟. 康斯坦丁，持有傳說文具，因為親人的死而踏上復仇之路，前往天龍族鬥士培育學校就讀。
學生會的高層似乎清楚多年前的真相。
亞瑟需要打贏副會長才能問出真相。副會長要亞瑟先打幹部才有提問資格。
不料，在亞瑟好不容易打贏各個學生會幹部之後，才發現一個驚人事實。
特別撰寫此書，以紀錄他的事蹟——我那不同種族、可同樣是驕傲的龍人，同母異父、但沒有任何血緣關係，做人無比失敗卻令人尊敬的兄長。"
末世風華(05)開啟大航海時代(END),貓邏,奇幻科幻,完結,115,飛燕文創,奇幻,科幻,,,,https://mojoin.com/novels/2976,"跟著蟲皇的一戰，竟然讓尉遲鷹和徐婕穿越到未來。
距離那場戰役已經過去了三十幾年，世界漸漸步入和平，
國英總局擴大了，任務也沒有以前的繁重，
讓尉遲鷹和徐婕提早步入「退休生活」。

兩人從大英雄轉職成為野外生存真人秀主持人，開啟了新事業。
本以為是簡單的教導生存技能和知識，
卻沒想到一次的航海之旅讓局勢又有了新變化。
人類開啟了大航海時代！"
少年土地公 紀事本末(01)被自稱城隍的傢伙纏上了,楊寒,奇幻科幻,完結,78,飛燕文創,奇幻,科幻,,,,https://mojoin.com/novels/3305,"放學路上遇到的紅衣小女孩……居然是城隍大人？
城隍大人諭令我就任土地公，還附贈一位金髮帥哥當「輔佐」。
為了戰妖魔、護鄉里百姓，我毅然決定成為土地公！
但千年巨蛇盤據鄉里，我們真的能夠全身而退嗎……

城隍大人說了：「死掉的話，剛好就可以名正言順當土地公了!!!」"
反方向攻略史上最大的地下城(07)結束，與嶄新的篇章……(END),佐渡遼歌,奇幻科幻,完結,599,飛燕文創,奇幻,科幻,,,,https://mojoin.com/novels/2940,"雖然認為自己必須阻止雷契爾，然而阻擋在前面的
是等級、實力、經驗與計策都位居巔峰的六位鎮守者。

即使有著重溯時間的外掛技能，
面對這樣的難關大概重新數百次都會失敗，
況且自己還沒有那樣的技能，挑戰的次數只有僅僅一次。

《反方向攻略史上最大的地下城》的奧爾菲雅絲大迷宮篇，在本集降下終幕！"
終焉之島X兵器少女(01)奔馳戰場的紅蓮之箭,八爪魚,奇幻科幻,完結,233,飛燕文創,奇幻,科幻,,,,https://mojoin.com/novels/3250,"煌日帝國的太陽旗遍佈世界，
戰火燎原，自由的光芒黯淡。
獨裁者的白色軍隊侵略四地。
然而，「反抗軍」沒有投降。

就在此時，某位註定要成為王者的少年，得到了足以逆轉一切的「奇蹟之力」。
規則：
1.必須親吻對方。
2.對象必須是年輕貌美的姑娘。
3.親吻過的屬性不能重複，如：天然呆、傲嬌、病嬌……
……等等，這根本是後宮之力吧！"
星降：北域凰城,蓬暗,奇幻科幻,完結,0,原創星球,BE,長篇,魔法,奇幻,,https://mojoin.com/novels/1058,"她有許許多多的身份，只是目前是不著調的賞金法師。
一直以來，她都不願意接受有關王城的懸賞令，可是，她忽然有了些興趣，莫名其妙的。
懸賞人的身份特殊且高上，她擁有了留在王城的理由，和天真無邪的學生在一起生活完全不一樣了。
直到，她始終躲避的人出現在面前。
然而一些諾言、一些年幼時候發生的事情都沒有解決好，她血液里有著難以磨滅的東西。
那麼，結局肯定不會太好吧？

每卷為正篇【Chapter】+回憶篇【Memoir】"
末世風華(03)國英團的未來,貓邏,奇幻科幻,完結,100,飛燕文創,奇幻,科幻,,,,https://mojoin.com/novels/2948,"嗚哇！遇見半蟲人了！而且他們還是在被追殺！
什麼？追殺他們的幕後主使正在進行惡劣的人體實驗？
那怎麼行！
這種反人類的機構就該毀滅！

國英團招收少年新生啦！
這可是未來的國英團精英呢！
少年強則國強！
壯哉，我國英少年，與國無疆！"
神月online(01)屬於同伴的信任,禾惠,奇幻科幻,完結,104,飛燕文創,奇幻,科幻,,,,https://mojoin.com/novels/3195,"以真實度高達百分之九十的虛擬實境遊戲──神月ONLINE為舞台，女生玩男角的路彌月，以「冥夜」這個名字開始他的冒險旅程！

她最大的目標是成為一個帥氣的獨行俠──本來應該是這樣的，不過為什麼……

隨著斯巴達魔鬼天使、嬌蠻任性的烏鴉大小姐、以及上門討債的狼獸人一個個出現，他覺得自己離帥氣獨行俠的目標，好像越來越遙遠了？"
墮落聖女的危險誘惑,無胥,奇幻科幻,完結,220,FireLink Studio,奇幻,魔法,冒險,,,https://mojoin.com/novels/3792,"「願女神予你祝福——」聖騎士艾德里安虔誠的聲音總是讓人感到安心。最年輕的「四聖」騎士、神聖精神的實踐者、聖女的忠實護衛、教會法理的守護者……擁有無數響亮外號的他，卻在聖殿中被嬌弱少女強壓在地！？

邪惡力量染指了神聖的殿堂，純淨無暇的聖女遭受魅魔詛咒！
潔白肌膚浮現異樣的紋路，受到詛咒支配的少女渴求著精氣——

信仰與慾望的拉扯、禮法與本能的衝突，因緣與宿命在此交會，少年少女們的世界為之改變。
謊言與虛假的傳承、潛伏於暗處的殺機，攜手踏上除魔解咒之旅的他們，終將一同墜入深淵！？

「沒錯——這就是我，復仇的劇本。」"
龍之狂想02 真假公主,東邦,奇幻科幻,完結,90,飛燕文創,奇幻,科幻,架空,冒險,,https://mojoin.com/novels/3701,"駱曉曉為了南陵；費哲堯為了祖先留下的遺願，雙雙來到聖明大陸，原本他們還在考慮該如何在這人生地不熟的大陸生存下去，曉曉卻意外成為莫達斯帝國的鳳玉公主！
小不點被綁走了？南陵著急的放開精神力去搜索小不點，意外發現一人一龍多了心念聯繫，這是否有利於南陵把小不點搶回？小不點的身上又有何秘密存在呢？
聞名全大陸的紫的誘惑又要展開表演，請來無傭兵團保護紫色，結果紫色和無傭兵團的團長竟然認識？他們又是誰呢？
敬請詳閱《龍之狂想》第二集！"
穿越變蘿莉(01)混亂異時空,白日幻夢,奇幻科幻,完結,65,飛燕文創,奇幻,科幻,,,,https://mojoin.com/novels/3221,"二十二世紀的天才科學家林日揚，號稱不是人的他甚至被譽為跨新時代的指標。
在一次實驗失敗後，林日揚的靈魂意外穿越到異世──盤古大陸，那是個各個時代的人物亂七八糟攪和在一起，相似卻又不同，時代背景類似古代中國卻又有個魔法王國的地方！
穿越就穿越吧，可是還偏偏穿成一個十二歲的極品小蘿莉！
穿越後的林日揚不僅要適應自己ＸＸ穿不見的事實，還得收拾小蘿莉本尊留下的一堆爛攤子。
力敗了一隻臭猴子之後，正興許是要時來運轉了，卻又因為自己愛「非禮」古文物的壞習慣招惹了朱雀神君回來，搞得自己老是得力阻那幾個據說是神，實際上卻老是喊搶喊殺的煞星！
麻煩不斷、禍事連連不說，林日揚還得知了自己的靈魂其實是不完整的惡耗，簡直堪稱是災難的聚集體！
天啊～這還讓不讓人活啦──！"
魔法禁止事項(01)禁止用魔法延續生命,楊寒,奇幻科幻,完結,313,飛燕文創,奇幻,科幻,,,,https://mojoin.com/novels/3219,"澹臺球高中入學前，因為未曾謀面的爸爸來了一封信，
讓他轉到神秘學校聖伯多祿第三中學去。
沒有想到，這是一所培育聖騎士的學校！
除了要學拉丁文之外，還另有各種莫名其妙的課程？
校園裡有會散步、聊天，還會挑釁學生的石雕像，還有試煉用的墳場。
看起來，想要成為聖騎士之路，肯定會相當困難……"
《夜行者-The Son of Cain》,玫瑰,奇幻科幻,完結,0,原創星球,歷史,異界,,,,https://mojoin.com/novels/544,"《玫瑰首部宗教奇幻作品》
這不是一個人的自傳
不是一對情侶步入教堂的歷程
而是殘酷的現實下一齣又一齣的悲歌
* * *
19歲的夜行者們終於可以踏出聖德芬學院，到人類世界去旅遊。
第一次來到人類世界的蕾蒙娜，很快就遇到了他命中注定的愛人——一位神祕男子。
他們迅速展開熱戀。
但在蕾蒙娜嘗到愛情的滋味時，身邊的朋友卻一個個與他脫節。
蕾蒙娜該選擇愛情？還是友誼？難道兩個,不能兼得嗎？
* * *
來自上帝懲罰給該隱的，到21世紀，變成了一個保護。
撒旦在那時施加在米哈伊身上的，卻成為他的百年累贅。
如此不相容的兩人生命線偏偏卻交疊在一起 這是救贖？亦或是萬劫不復的墮落？"
反方向攻略史上最大的地下城(06)千百年前伊始的故事,佐渡遼歌,奇幻科幻,完結,506,飛燕文創,奇幻,科幻,,,,https://mojoin.com/novels/2910,"雖然決定和悠斗聯手攻略奧爾菲雅絲大迷宮，
然而艾維斯姑且還是留了一手，
混好交情之後偷偷跟在悠斗等人的隊伍後方。

套句諾亞的形容就是：「不愧是哥哥！真是宛如反派的策略！」

總而言之，兩組人馬前後進入奧爾菲雅絲尚未被踏破的第六區，
面臨前所未見的強大最終……"
蜂舞(05)遊戲改版,貓邏,奇幻科幻,完結,80,飛燕文創,奇幻,科幻,,,,https://mojoin.com/novels/3307,"改版啦！遊戲改版啦！
網路商店開放、錢幣兌換開放、新寵物登場、新地圖開啟、新功能增加，就連競技場、戰場也出現啦啊啊啊～～
越來越多的功能，越來越多樣的玩法！《異域》變得更加有趣了！
還在等什麼呢？心動不如馬上行動！立刻上官網下載……
咳！請遊戲公司不要混進來打廣告！（舉黃牌警告）

營地指揮官：「菜鳥們！你們還不夠格來這裡，快回去鍛鍊！」
咦咦？新地圖還不能去？
那、那、那只好去解任務、刷副本去了。
副本首殺是我們的！
第一名的榮耀是我們的！
所有東西都是我們的！吼吼吼～～"
龍與騎士與伊諾芙,微靈,奇幻科幻,完結,1,原創星球,戀愛,冒險,架空,,,https://mojoin.com/novels/3666,"論親愛的騎士大人要如何追到自家下屬的故事(x)
論親愛的騎士大人什麼時候會被老師打死的故事(o)"
這樣的學園，沒問題嗎？(02)開學前夕的祭典,初雲,奇幻科幻,完結,262,飛燕文創,奇幻,科幻,,,,https://mojoin.com/novels/3230,"「新生們，做好準備了嗎？」
請確認你有一顆強健的心臟，以及100％的精力，因為魔武學園要正式開學囉！

梅悠原本以為，新生訓練結束後的假期可以讓她睡到自然醒，卻發現自己大錯特錯，因為麻煩依然持續接踵而至啊！
好不容易搞定分班測驗和新生選課，突然又被拉去參加一年一度的祭典，結果意外在黃昏的廣場上遇見了柯爾？
開學以後，關於這個世界的一切慢慢展現在她眼前。魔法、魔物，以及各大陸的聖物，對她而言既神祕又不可思議。被大家寄予厚望的梅悠該如何面對自己的能力？又該如何回應王子與親衛隊們的期待呢？
來自異界的新生，充滿驚奇與冒險的大學生活，正式展開！"
蜂舞(02)紅手神人,貓邏,奇幻科幻,完結,119,飛燕文創,奇幻,科幻,,,,https://mojoin.com/novels/3261,"大神無所不在，多的就像大白菜！
咳！怎麼以前難得一見的高手，現在全都出現啦？
難道這就是「同類相近」？
高手認識的也是高手，大神身邊的都是大神？"
重生之電競女王,壹那由他,奇幻科幻,完結,10,原創星球,熱血,軍事,戰鬥,網遊,重生,https://mojoin.com/novels/3661,第三人稱射擊X電競「什麼合作意識，那都不重要，我們只要追求勝利！」「但是隊長，這樣不合主流耶，電競圈不都要有熱血、同伴、合作跟基友嗎？」
萌物娘使用手冊(01)論地雷隊友們的正確使用法,午夜藍,奇幻科幻,完結,30,飛燕文創,奇幻,科幻,,,,https://mojoin.com/novels/3220,"如果今天玩寶可夢初始選御三家時，發現博士將三屬性都送給你，這時如何抉擇？

穿越到異世界的少年林明日已經多年沒有外出冒險，僅是在咖啡廳工作過生活，但這樣寧靜的日子注定被她的姐姐林明月所打破。
送上門的三色寶──三個女孩子各有特色，不過強大的介紹背後，似乎隱藏著什麼秘密？
是機會還是災難？這充滿著各種問題的冒險者隊伍，真能出外探險嗎？除非能找到她們的使用手冊……
啪！
獲得隊裡的暴力劍靈的一巴掌。
果然，還是帶著這群地雷回去咖啡廳打工吧！"
童話彼岸的小王子,天兵,奇幻科幻,完結,430,原創星球,溫馨,軟萌,冒險,異世界,,https://mojoin.com/novels/3617,"童話城，由魔法、夢想，及一切美好組成的城鎮。
當小男孩睜開眼睛時，發現自己身處於童話故事中，他昔日的友人玫瑰及小紅帽告訴她，他名為小王子，是童話城的居民。
但是他清楚記得自己是從另一個世界來的，那裡有他思念的家人，他必須回去。
童話城是甚麼?童話城居民怎麼來?小王子，又是誰?
隨著越深入的了解，童話城的原貌在他面前逐漸呈現"
永樂神社的巫女(01)寡言驅魔師與聒噪長矛,阿次,奇幻科幻,完結,10,飛燕文創,奇幻,,,,,https://mojoin.com/novels/2429,"伊織鈴音是永樂神社的當代神主兼唯一巫女。平日受到村民們尊敬，日子也過得平淡安逸。
然而，就在某日，神社的前庭突然出現一位手持長矛且酷愛喝牛奶的驅魔師——冶金。
原本對伊織而言這不算什麼大事，但這位驅魔師卻一臉酷樣地對伊織說：「奉組織命令前來保護妳。」
……說真的，被一位面癱卻帥氣、寡言卻能幹的男孩所保護，本該是眾多女子的夢想，畢竟這如童話故事般的美妙。
但從這時候開始，伊織才開始頭大，因為她發現自己原本安逸的生活再也脫離不了妖怪事件……
究竟是伊織早被妖怪所注意，或僅是冶金的到來而引發帶衰？
一段巫女日常生活所展開的淡淡粉紅色輕冒險除妖故事就此揭幕……"
身為特務！除了要賣命工作還要拯救世界。,晴空希望,奇幻科幻,完結,0,原創星球,冒險,戰鬥,架空,,,https://mojoin.com/novels/821,"人類、獸人、惡魔、天使、精靈、機械、龍彼此的爭鬥的世界。
一個國家的陰謀，卻意外帶領特務們邁向世界的真相，究竟在世界的盡頭等待著的會是誰？
獸人男特務與可愛女特務交織而成的架空世界小說。

* * *

在未來，不同的世界可以透過傳送門「世界樹」交流，
原本沒有交集的人界、魔界、天界互相連結，
隨之而來的是前所未見的敵人，
三個世界的人們攜手保護曾經戰火肆虐的世界，
在已經和平的現代，大戰已經漸漸被世人遺忘，
然而最近，從獸人王國的失蹤案，
逐漸引導主角探索世界不為人知的黑暗面，
失蹤、背叛、內戰、戰爭與審判，
已經將世界再次導向從前紛擾的時代。

五位主角交織的命運：
冰狼：獸人男主角，最喜歡的龍是企圖毀滅世界的龍族，賭上性命的冒險，只為再與重要的親人再見一面。
布偶：人類（？），無比熱愛貓咪與玩偶，瘋狂迷戀冰狼，生活的意義只為了能待在他身邊，她將不計代價消滅靠近他的女性。
黑貓：獸人，擁有皇族血統，祖國充斥著危機，使她不得不冒險拯救王國，一生只為洗刷世人對貓族的評價和獸人與人類的和平。
藝術家：惡魔，幾乎沒有紀錄的謎樣人物，她隱藏自己的真實身分，擔任特務的原因一直是一個謎。
無情：機械，他被最喜愛的父親製造出來，相信自己是帶給世人希望的物品，始終相信自己的父親內心中的正義。"
魔王城育幼院的勇者老師,TonyTony,奇幻科幻,完結,10,原創星球,日常,軟萌,搞笑,異世界,,https://mojoin.com/novels/3638,"「成為魔王城育幼院的老師吧，勇者！」
「我才不要！」

因為意外穿越到異世界成為勇者的陳勇哲，
身上擁有天神贈與的180項能力與道具，每一項都有著外掛般的威力，
讓他戰無不勝，再強大的敵人都能擊敗。
只要有了這180項贈禮，就能輕輕鬆鬆打倒魔王，
成為異世界的英雄，享受榮華富貴，酒池肉林的生活！
本來應該是這樣的……
但是魔王與人類的戰爭早就結束了，現在是和平的時代，
魔王經營著一間小小育幼院，照顧著魔族的幼童，
沒有了敵人，身上這些能力與道具根本就毫無用武之地啊！
「成為魔王成育幼院的老師吧，勇者！」
在魔王的威脅利誘之下，陳勇哲成為了育幼院的老師。
他將面對各個不同種族的學生，
調皮搗蛋的狼人，沒大沒小的吸血鬼，疏遠人群的史萊姆。
這時勇者才知道，就算擁有所向無敵的外掛能力，
也沒辦法應付這群讓人頭痛的小鬼啊！"
我的蘿莉勇者變御姊(01)古代勇者，姆露姆降臨！,雷明,奇幻科幻,完結,10,飛燕文創,奇幻,科幻,,,,https://mojoin.com/novels/3274,"「你是本座的奴隸嗎？本座快餓死了！快去煮飯！！」

身為高中生的艾赫，某天下課回家，看到自己考古學家的父母，寄回來一個超大包裹。
他緊張的把包裹搬進了地下室，打開一看裡面居然是一個裝著粉髮幼女的水晶棺材，艾赫小心翼翼的打開棺材，沒想到原本在棺材裡面的幼女忽然張開了雙眼，還忽然變成了一名十六歲的美少女。
她幫艾赫的脖子套上項圈說：
「豎起汝的耳朵，聽好了，張大汝的眼睛，看仔細！本座是姆露姆．古娜，是萬物的救世主、世界的燈塔、獨一無二的存在，也是拯救萬物蒼生的偉大勇者。」
就這樣艾赫莫名其妙的變成這名美少女的奴隸。
自稱姆露姆的少女，自稱自己是拯救世界的勇者，就在她使出恐怖的怪力把艾赫給拖出去之際……
艾赫從來都沒有看過的超巨大魔物，卻出現在兩人眼前，然而面對魔物的姆露姆不僅不害怕，反而還拔出魔法劍，把巨大的魔物給砍成了渣渣。
然而打完魔物的美少女勇者，就這樣變回了小女孩。
就這樣子普通的高中生艾赫，就這樣莫名其妙的變成了這個勇者的奴隸，同時也變成了她的保母……"
超超能力者NOT日常生活權(01)內褲與存在哲學,二迴林,奇幻科幻,完結,218,飛燕文創,奇幻,科幻,,,,https://mojoin.com/novels/2985,"「這世界不存在科學無法解釋的現象；如果常理無法解釋，那就一定是超能力。」

這是一個超能力者高達八成，各式各樣的能力大放異彩，但並不是人人都能成為超級英雄的時代。
因為在這個世界裡，多數超能力者持有的能力，
都是喝熱茶不會被燙到、走路不會跌倒、不會被野狗追擊……之類不太有用處的能力。

當然，凡事總有例外──

在這樣的世界裡，有一位天下最強的少年，
其強大程度，可以說毀滅世界與守護世界只取決於他一念之間。
不過這樣的他只打算普普通通的生活、普普通通的度日……

無奈麻煩總是接踵而來，這次的事件是──
一隻貓、幾件少女的內褲、路上的少女，還有刑警的槍消失了！

「空之上大人，幫幫我呀……」
看著完全不顧自身形象而跪在地上求助的刑警先生，空拉Ａ夢將會用最快的速度解決問題！

「當有人交代了代辦事項之後，先把那個人殺掉，這樣就變成不必要的事，於是就可以不用做了！」
這就是天下最強的「普通」日常生活美學……"
§星詠傳說§,安普特,奇幻科幻,完結,0,原創星球,奇幻,冒險,,,,https://mojoin.com/novels/400,"50%路癡 30%搞笑 10%各種控 10%遲鈍愛情
這是一個路痴拯救自己學校的故事 她叫慕黎，一個平凡形同路人的準高中生 然而，當踏入慕恩萊特學院大門後，未來已註定無法平凡。 入學便引起學院最高層組織，九星委員會的注意。 原來……死去的兄長慕玄竟是學院惡名昭彰的背叛者！ 慕黎下定決心，打敗威脅自己學校的大魔王凱格爾與兄長慕玄 殊不知，背後的陰影悄悄謀劃著一場龐大的棋局……

良善背後必有惡，黑暗背後必有星芒。
☆星詠傳說，正式啟動☆
前傳：路西法遊戲

*女主喜歡亂叫，喜歡吐槽，到處亂迷路，還有從小就幻想自己在有魔法的異世界裡，所以對異世界接受度超高。"
守護的特伊西亞斯-帝國篇,吉郁隆程,奇幻科幻,完結,0,原創星球,戰鬥,戀愛,搞笑,,,https://mojoin.com/novels/893,"我明明還有重要的任務要完成 絕對不能死在這裡身受重傷的男子被追兵前後包圍著
我該怎麼辦把你變成女孩子就好啦
打不贏敵人就哭說不過別人就鬧這樣不是天下無敵了嗎
身為帝國騎士團團長的特爾身為帝國通緝要犯的艾莉娜
抓與被抓的倆人碰在一起究竟是特爾先發現艾莉娜的秘密還是艾莉娜先完成自己的使命呢
讓我們看下去

* * *

在法蘭德克帝國為了慶祝二皇子成年的晚會上，發生了令人髮指的暗殺事件，雖然身帝國的第一騎士團團長「特爾」成功的將一名男性兇手砍成重傷，但還是讓狡猾的犯人全數分散逃跑。
原本奄奄一息的犯人倒在森林中，在喜歡惡作劇的「妲己」幫忙下，不但治好了傷口，還轉換了性別！？
為了追捕犯人的特爾離開了皇宮，來到了案發現場，雖然找到了跟犯人擁有相同特徵且配戴相同武器的人，但是性別卻不對啊！突然轉換性別的犯人，為了活命，只能將自己化名為「艾莉娜」的女性。
跟隨著犯人腳步的特爾能不能找到犯人呢？時時刻刻被緊盯的艾莉娜又能否完成自己所背負的重任？一段戀愛？戰鬥搞笑故事就這樣開始了序章。"
魔女之夜 第壹夜 午夜的血紅薔薇,Setsuna,奇幻科幻,完結,0,原創星球,奇幻,戰鬥,日常,都市,魔法,https://mojoin.com/novels/472,"我是一位從異世界來的魔女，名叫水無月櫻，又被稱為「光之公主」、「露米洛莎」，總而言之，無人能敵。
但我現在只是個普通的上班族。
沒錯，現在的我不再是魔女，只是社畜。

日常　ｘ　魔女　ｘ　都市奇譚！
來自香港的社畜魔女，今天繼續公私兩邊走！
已完本，第貳夜預定於2022年連載。
另外也有在Penana更新

作者IG：@setsuna_violette
來找我聊天吧！"
翡翠之冕,亞蘇,奇幻科幻,完結,0,作者授權,硬奇幻,戀愛,,,,https://mojoin.com/novels/845,"克莉絲蒂娜是一位失去右眼、右手的殘缺少女。
身為富商之女，從小就生長在富裕的環境，依賴醫療與科技，她從悲傷的深淵裡復甦，並且發誓要為了自身家族的利益而活。
在某一個經過計畫的夜晚之下，她潛入並殺害了阻礙家族利益的子爵，然而重要的設計圖卻落入掌控一切的教廷手中……

聖祭司葛拉瑞斯著手調查子爵死亡原因的同時，也在一次茶宴中結識了擁有祖母綠雙眼與金髮等高雅外表的美麗少女，然而他卻不知道，眼前的少女不僅就是他所要追查的兇手，更糟的是，他似乎漸漸為她而傾心……
西瑟爾原是效忠於林文斯頓家的木匠，也作為地下武器交易的橋樑，在子爵被暗殺之後，他的任務也就此「取消」，他沒想到取消任務身分的同時，也將會因為得知交易內幕而遭到滅口；他還有任務要完成，他不能死，至少他會撐到告訴她實情之後。

一個眾人亟欲隱瞞，意想不到的真實……"
蜂舞(03)坦術風采,貓邏,奇幻科幻,完結,104,飛燕文創,奇幻,科幻,,,,https://mojoin.com/novels/3292,"有句話說：謠言止於智者。
也有一句話說：民眾是八卦的。
還有一句話說：人紅是非多。不遭人嫉是庸才。
儘管方宛很低調，但是討厭一個人是不需要理由的。
當方宛進入《異域》時，首先聽到的就是跟她有關的八卦……
從這些八卦中，方宛確定了一件事──紅顏是禍水，藍顏則是禍害！

妖孽滾開！八卦退散！"
是魔．非魔01 怪卡傭兵團,東邦,奇幻科幻,完結,0,飛燕文創,奇幻,科幻,,,,https://mojoin.com/novels/3641,"可愛的小魔王──倫，和以教導人走向變態之路為樂的水煮蛋──米格勒，因為待膩了一成不變的魔宮生活，加上米格勒總在倫的耳邊慫恿，所以他們偷偷溜下山，決定來過個不同於以往煩悶的人生。
自戀長舌的迪亞安、動手比動口快的傑諾，甚至是死不承認自己有戀童癖的堤洛司，一一出現在倫的生命中，他們甚至組成了一個「怪卡傭兵團」，接下一個替身任務──
他們這四人一蛋的組合，會在前往神祭學院進行任務期間，惹出多少風波？又會在學院中碰到什麼麻煩呢？"
屠龍者與女武神,艾雅,奇幻科幻,完結,0,原創星球,戀愛,冒險,架空,,,https://mojoin.com/novels/194,"龍紋傭兵團團長．希莉雅收到了一位公爵的委託，要前往龍骸之谷拔龍鱗或龍骨，正好她和同伴來到薩茲參加鬥技比賽，曾經殺死巨龍法夫納的屠龍者與奧斯特武鬥比賽連贏一百多場的女武神都來薩茲參加鬥技比賽，於是這位年輕的團長便在鬥技比賽後，厚著臉皮找上了這兩個神奇的高手，一場史詩級的華麗又浪漫冒險旅程（？？？）
就此展開……"
Legend：光與影的羈絆(01)傳說奏章,翼翎,奇幻科幻,完結,6,飛燕文創,奇幻,科幻,,,,https://mojoin.com/novels/3392,"我大概是這個世界上最無能的穿越主角了。
先不說莫名的從現代宅女穿越到異世去整天打打殺殺，還不巧遇上史上無敵惡質的夥伴，之後的冒險更是千奇百怪、異想天開。
不過這群夥伴美的美、帥的帥、惡質的惡質、變態的變態，雖然每天拿來賞心悅目養眼自己喜歡美麗東西的個性也不錯……但我並不想變成那個被壓榨的傢伙啊！
親愛的創世神，請您保佑我能平安的找到回家的路，不然也請給我一個不被欺壓的方法啊！

By伊絜翼薩妲斯大陸1561歷年。"
零度領域 新裝版(01),貓邏,奇幻科幻,完結,14,飛燕文創,奇幻,科幻,,,,https://mojoin.com/novels/3193,"唉，自從我們成為「狙擊手遊戲」全球第一名之後，
好像就遇不到什麼像樣的對手了，現在的日子還真是悶……
啊？要轉移陣地，去征服另一個遊戲？

哥！你、你說什麼？
那個遊戲是你跟你們那群「變態工作小組」製作的？
不會吧！我、我可不可以不玩啊？

可惡的老色龜！竟敢吃我豆腐？不想活了你！
就讓我這個正義使者來懲罰你！受死吧！

嗚啊～～
這隻非常性感、個性卻惡劣到極點的NPC，是從哪裡冒出來的？
土匪啊！搶劫啊！我的錢全被這隻NPC拐光了啦！
（暴雷：嘎啦啦，主人！負債啊！）"
闇騎士Ⅱ(01)秘密挖、挖、挖！,暮辰,奇幻科幻,完結,0,飛燕文創,奇幻,科幻,,,,https://mojoin.com/novels/3535,"一張從賭場得來的紫晶卡、一件從拍賣場競拍來的破爛皮甲，卻骨牌效應般的引發了一連串事件。
原來，繼洛特的魔族身分、穆亞的神族同化、馮勒的翡翠幽曈之後，乍看唯一正常的塔迪，真實背景也讓人目瞪口呆？
因為塔迪的血統事件，導致昔日上司部屬再相逢的洛特和斯拉戈，又該如何面對敵對狀態的彼此？
背叛者的一句「問心無愧」，又是否意味著當年叛亂的不單純？"
蜂舞(06)渣男渣女,貓邏,奇幻科幻,完結,90,飛燕文創,奇幻,科幻,,,,https://mojoin.com/novels/3308,"遇見前世的渣男渣女該怎麼辦？
涼拌！
方宛說，我們要用開闊的心胸面對這個世界。
方宛說，我們不能讓渣渣左右人生。
方宛說，不小心踩到大便，難道就要因此難過一輩子？
方宛說，遠離渣渣，人生將會更美好！
方宛說，人生在世，誰沒遇過幾個渣？丟遠點！別理他們！

「要不要比一場？」冬夜公爵向方宛下戰帖。
「贏了有什麼好處？輸了又怎麼辦？」方宛問道。
「妳贏了，任選兩件裝備，我贏了，妳就當我的手下一個月。」
「沒問題！」

「呦呦！設下這種圈套是想做什麼啊？」傾城妖孽戲謔地打趣，「一個月的手下？你該不會是想讓小舞穿貓耳女僕裝，叫你『主人』吧？」他掐著嗓子，模仿著嬌滴滴的女生嗓音，「主人，要不要搥背背？主人，要不要喝茶茶？主人，要不要玩親親？」
「這種欺負小女生的事情你也幹得下去。」冬築搖頭感慨，「士別三日，你可真令人刮目相看，越來越不要臉了。」
「難怪我妹說你變了，該不會真的栽了吧？」上邪上上下下地打量冬夜公爵，笑得戲謔。
「……」冬夜公爵鬱悶了。他不過就是因為之前跟方宛去遊樂場，輸得太慘想要贏回來，怎麼被他們這麼一說，他就好像成了圖謀不軌的人？"
這樣的學園，沒問題嗎？(10)與你攜手的未來(END),初雲,奇幻科幻,完結,274,飛燕文創,奇幻,科幻,,,,https://mojoin.com/novels/3288,"我們曾在漫天星光下，以世界相約。
而今，我們將再度於星光中，許下讓彼此永遠幸福的承諾。

黎明的曙光籠罩大地，世界正式揭開和平時代的序幕，南魔武也在此時迎來了新的一批新生。

成為學姊的梅悠，將如何教育像個小綿羊一樣的新生學弟呢？

一樣的新生訓練，一樣的祭典，一樣的開學，卻是截然不同的感覺，這才知道，每個時刻都珍貴無比，每場相遇都值得用心紀念。

當梅悠與柯爾再一次回到最初相遇的地方時，彼此心中最深切的願望，真的能如迪倫學長的預言般順利實現嗎？

關於夢想，關於未來，關於成長，關於幸福──
我的心裡已經有了答案，那你呢？"
這樣的學園，沒問題嗎？(06)來自彼方的守護,初雲,奇幻科幻,完結,232,飛燕文創,奇幻,科幻,,,,https://mojoin.com/novels/3246,"「我好像、喜歡上你了……」
面對梅悠懵懂的告白，柯爾該繼續克制自己，還是直接出手？

大賽進入尾聲，梅悠透過諾亞察覺自己擁有不凡的能力，而這竟和她的身世息息相關！她該如何使用自己的能力？又該如何面對接連來到她面前，宣稱將永遠保護她的「守護者們」？

這一回柯爾再次帶著梅悠涉入險境，而且還直闖魔物聚集的危險地帶！他的目的是什麼？為何在碰觸她後，開始小心翼翼保持著距離？

在好友菲碧的開導下，遲鈍的梅悠終於發現自己對柯爾的感情，但是柯爾隱忍的舉動卻讓她陷入困惑。

大賽過後，光影兩班聯合舉辦了班遊，直闖神秘的下城。梅悠意外在街上遭到襲擊，目睹她遇險的柯爾會採取什麼行動？

兩人之間剛萌芽的戀情，會有美好的結果嗎？"
這樣的學園，沒問題嗎？(04)揭開序幕的大賽,初雲,奇幻科幻,完結,293,飛燕文創,奇幻,科幻,,,,https://mojoin.com/novels/3236,"傳說中的魔武大賽終於開打，來自四個大陸的頂尖高手齊聚一堂！
前哨戰、裝備戰、資訊戰，還有高潮迭起的搭檔戰……
彷如真實戰爭般的比賽讓來自異界的梅悠大開眼界。
黑桃的魔法師、紅心的祭司、方塊的工匠與梅花的學者，四大學院皆拿出看家本領，在各賽場中放手一搏，竭力為自己的學校爭取榮耀。

當夜幕低垂時，梅悠穿上美麗的禮服出席選手舞會，竟意外被別校王牌邀舞，還被告知關於她身世的重大秘密！原來她並不如自己以為的那樣平凡？
一波又一波的謎團連番襲來，梅悠該如何面對突如其來的身世之謎？又該如何面對柯爾留下的資助人空缺？
各就各位，正面迎戰吧！屬於我們的戰鬥──"
蜂舞(11)神祕遺跡,貓邏,奇幻科幻,完結,100,飛燕文創,奇幻,科幻,,,,https://mojoin.com/novels/3384,"《異域》公告：「基於玩家冬夜公爵和蜂舞各種慘無人道的秀恩愛行為，導致其餘玩家怨氣沸騰、火把高舉！於是我們決定開啟『婚姻系統』！情侶玩家可以到教堂領取
『結婚任務』，步入甜蜜的婚姻殿堂……」
方宛：「……」
冬夜公爵：「……」
眾人：「厲害了兩位，秀恩愛都秀到官方也知道了！」

※

「來，叫聲粑粑來聽聽。」司空龍開心地對著小企鵝說道。
「啾！」
小企鵝方宛歪著腦袋，一副「你在說什麼我怎麼都聽不懂」的模樣，配合著小企鵝憨頭憨腦的可愛外表，可真是萌翻了一堆人。
「哎呀呀～～我家寶寶怎麼這麼可愛！來，粑粑親親……」
冬夜公爵：喂！不要趁我不在，誘拐我家親親女友！
司空龍：嘿嘿嘿～～"
這樣的學園，沒問題嗎？(03)暗藏殺意的舞會,初雲,奇幻科幻,完結,221,飛燕文創,奇幻,科幻,,,,https://mojoin.com/novels/3235,"「今晚，要不要跟我一起參加皇家舞會？」
來自柯爾的舞會邀請，卻讓梅悠陷入致命危機！

開學後，貴族與學生的關係開始浮上檯面，環環相扣的利益讓梅悠陷入困惑。
當同學們的話題圍繞著舞會與舞伴時，梅悠好奇地跟隨柯爾踏入下城，參與了秘密酒吧的會議，同時發掘出這世界截然不同的面貌。原來魔法除了用於戰鬥以外，居然還有各種用途！

皇家舞會來臨時，柯爾向梅悠提出邀請，卻讓兩人被捲入一場鮮血淋漓的戰鬥。在柯爾的保護下，梅悠能全身而退嗎？她又該如何使用她得天獨厚的能力，守護重要的人呢？
經歷各式各樣的事件，梅悠這才驚覺，原來這個魔法世界不只美麗……還很危險！"
這樣的學園，沒問題嗎？(07)魔物莊園的冬天,初雲,奇幻科幻,完結,231,飛燕文創,奇幻,科幻,,,,https://mojoin.com/novels/3254,"「梅悠，妳願意成為我的搭檔嗎？」
一則來自準王牌的搭檔邀請，在學園裡掀起驚滔駭浪──

眾所矚目的下任神盾與王牌名單終於出爐了，但還沒上位就得面臨重重關卡。

不只守舊派學長姐處處刁難，實力還遭受其他學生質疑。梅悠、伊兒雪與王子該如何向大家證明自己的能力？又該如何讓這問題層出不窮的學園徹底改革，邁向新的時代？

同一時間，在學園城牆外的世界也正動盪不安著。東方組織不斷逼近，王城陷入混亂，南方七大家族則面臨了一次次嚴峻的魔物侵襲。

在這樣的亂世中，柯爾和梅悠的戀情會如何發展呢？第一次的約會，能夠順利結束嗎？

寒假到來後，梅悠終於帶著柯爾回到久違的家裡──他們的戀情會被梅家家長們接受嗎？是否能得到大家的祝福呢？"
§路西法遊戲§,安普特,奇幻科幻,完結,5,原創星球,奇幻,戀愛,冒險,,,https://mojoin.com/novels/588,"殺戮遊戲X奇幻X愛情X天使 *2016尖端華文大賞十五強入圍作品*
❅不要輕易相信任何人，這是我經歷慘痛教訓才學到的經驗❅ 當妳逝去一切事物，才會赫然醒悟

千年前的一場浩劫 墮天使孩子的交織之歌 晨星之塔崩落的倒數計時 以及一千萬的生存對決！ 究竟……最後露出微笑的是……？
恭喜您獲選為路西法遊戲參賽者！ 本遊戲一切公正合法 經過三輪淘汰後，冠軍能獲得一千萬美金！！ 但是冠軍只能有一個 祝您遊戲愉快

【2015年底殺戮開始！！！！】"
這樣的學園，沒問題嗎？(05)埋藏鮮血的過去,初雲,奇幻科幻,完結,252,飛燕文創,奇幻,科幻,,,,https://mojoin.com/novels/3245,"敵校選手居然趁夜突襲南魔武的選手塔！不只困住所有選手，還把兩位學長打到重傷！
是可忍，孰不可忍！

南魔武主辦大賽，誰知卻是引狼入室。

在幹部與選手皆受困選手塔的當下，營救學長姊的重擔瞬間落在新生頭上。身為最強新生，梅悠與王子等人該如何領導眾人突破重圍，救出受傷的學長們？

另一方面，柯爾在大賽期間悄然潛入學園當中，將梅悠的資助人資格拱手交給他人。他究竟有什麼目的？又隱藏著什麼樣的身分？

梅悠膽戰心驚地迎來新的資助人，卻從對方口中聽見柯爾的過去……

兩人之間橫亙著無數謎團，該如何跨越重重阻礙，牽起彼此的手？"
主角在此，還不下跪！,粉紅夜/紀帥哥,奇幻科幻,完結,110,原創星球,奇幻,冒險,,,,https://mojoin.com/novels/1063,"擁有「主角魔法」，威能爆表的主角，與馬青梅穿越到異次元的歡樂冒險故事。

★作品已經完結囉！★

主角魔法：
一）不知為何幸運指數突破天際的高。
二）不知為何就是可以打贏超強的敵人。
三）不知為何看起來特別的帥。
四）不知為何總能輕易取得女性的好感值。
舉凡跟「主角」兩字沾上關係的好處，都是我的能力。對，我就是一個主角威能爆表的傢伙，怎麼樣，哈哈哈哈！

但是在異世界，可不是只要有主角就能一帆風順的地方。
直到很久之後，我才明白這個道理……

# 繪師：染羽 # 隔壁棚《和金錢談場戀愛吧！》也請大家多多指教！"
禁斷凶獸少女的不當召喚法(01)凶獸降臨,二迴林,奇幻科幻,完結,80,飛燕文創,奇幻,科幻,,,,https://mojoin.com/novels/2951,"十二月一日，少年月炎修的命運因為沒有遵守與妹妹的承諾而改變了。
因故沒有前去避難的他，親眼見到了從天空之上的裂縫出現的怪物──凶獸。
正體不明，存在於上古時代，全身皆由黑霧組構成的百層樓高巨狼，不知為何發了狂似的朝著少年狂奔而來。
「──為什麼故事中主角遇到的都是從天而降的美少女，而我遇到的卻是從天而降的怪物呀！」
那道躍過炎修頭頂的龐大身軀，在落地的瞬間就像回應了少年的期許一般，變成了一名少女。沒錯，美少女──而且是全裸的！
「胸、胸……胸胸……胸胸胸～」
顛覆中國神話的奇幻愛情喜劇，就此展開！"
蜂舞(04)傳承試煉,貓邏,奇幻科幻,完結,92,飛燕文創,奇幻,科幻,,,,https://mojoin.com/novels/3293,"咦咦？這個人好眼熟……
啊！他不就是林華的好朋友、好兄弟，五歲就會打架鬥毆，七歲就知道攔路搶其他孩子的糖果、餅乾跟零用錢，十歲就學會蹺課去打電動，十五歲學會飆車──開著改裝的汽車飆山路的那種──高中重讀了三次，最後還是塞了錢給校方才拿到畢業證書的「司空龍」嗎？
欸？前世感情好得可以同吃同睡同住的兩人，怎麼一見面就打架啊？
混蛋林華、混蛋司空龍！你們兩個打架就打架，竟然還被帶到警察局裡去？還叫我一大早去警局裡保你們！找死啊！

「跟這些人在這裡鬼混，能讓妳通過試煉嗎？」烏諾奇冷哼一聲。
「導師……是過來找我的？」
太讓人驚訝了！導師竟然因為擔心我沒去進行試煉塔的任務特地跑來找我！
嗚嗚～～好開心、好感動啊啊啊！
「少自作多情了，我只是剛好想起這件事，順便過來問問，要是妳無法通過測試，妳……」
「沒問題的！我絕對沒問題！導師放心，有了你的支持跟關心，我一定會順利通過！」發現烏諾奇真是特地跑來提醒她的，方宛激動了、興奮了、熱血了！
「不！不只是通過，身為導師最最親愛、最最頂尖的弟子，我會走上試煉塔最高層，將我的名字記錄在試煉塔之上！在世界的史書上留下我的印記！」"
身為天下第一快劍的我，一不小心就無敵也很正常吧？(01),八爪魚,奇幻科幻,完結,0,飛燕文創,奇幻,科幻,,,,https://mojoin.com/novels/3526,"他有兩把劍，長短不一樣。
長的打混沌，短的打──

在京城，有這麼一段打油詩。
乃是形容年僅十五歲便奪得「天下第一快劍」之名的風家三少爺。

然而，這位小少爺雖然有著讓所有習武之人豔羨的名號，
行為之低下、品格之卑劣，卻也不免讓人懷疑這份傳聞是否有詐。

很快的，他將得到一個前所未有的機會──於三年一度的御前大演武裡，在皇帝面前展示自己的劍法。
同時，也是向天下人證明，他是真正的天下第一快劍。

──當然，前提是這個傳說得是真的。"
花之姬綺譚(01)歡迎光臨，花神茶館,花鈴,奇幻科幻,完結,49,飛燕文創,奇幻,,,,,https://mojoin.com/novels/2441,"歡迎光臨，花神茶館。
凡劈腿、外遇、情傷、吵架、家庭、前世今生等諸多疑難雜症，只要有任何問題，一切「茶」到病除，包準客倌滿意(≧▽≦)

花神歐陽卿養育並教導花秘術給身為孤兒的荷芸櫻，並開了一家名為香庭的茶館。
讓天生擁有感應與傾聽花聲音的少女荷芸櫻，藉由花秘術解決因煩惱所苦的客人。

此時，充滿熱誠開朗的花神徒弟──荷芸櫻因《萬年之愛》吸血鬼系列電影引發的少女失蹤案件引起她的注意，起先不以為意的她，直到好友成為下一個受害者，她下定決心抓到失蹤案件的幕後指使人。

身為花神的徒弟除了顧店外，竟然還要當起偵探破案啊……╮(╯◇╰)╭"
第二世界幻想奇談,黑色油漆,奇幻科幻,完結,1485,原創星球,戰鬥,英雄,冒險,架空,,https://mojoin.com/novels/3628,"蒼炎魔女 夏洛特的冒險之旅

實力不斐的大魔女從普通的冒險者做起，逐漸成為屠龍者與救世英雄的故事。

封面為AI繪製。"
異魂變02 任務,東邦,奇幻科幻,完結,0,飛燕文創,奇幻,架空,冒險,靈異,,https://mojoin.com/novels/3705,"明明就是一件簡單的找貓任務、明明就只是一隻隨處可見的白色小貓，為什麼在任務完成之際，會有人想來搶？宇文翼實在很想對天感嘆他的霉運。
不管任務背後隱藏什麼秘密，既然接下任務，就要百分百完成，即使事後還得付出被人跟蹤的代價；但相對的，他完成任務得到的報酬，卻是他不可想像的……
實驗靈幻衣的功用，卻遇上一個顛倒是非的女孩，之後還莫名其妙收到一封不是給他的情書──都說情書給錯人了，為什麼他還是得在雲水岳的勸說下，陪情書主人去約會，甚至買單啊？
穿女裝去勾引男人，還得忍受別人罵他狐狸精……會長大人，為什麼他的任務都這麼奇怪？根本就是存心整人啊！"
蜂舞(08)新的方向,貓邏,奇幻科幻,完結,83,飛燕文創,奇幻,科幻,,,,https://mojoin.com/novels/3371,"咦？這位時尚名人竟然是冬夜公爵的母親？
她可是我的偶像呢！
「宛宛啊，我家小兒子雖然長得不錯，不過他的腦子實在是……挺蠢的，蠢到我這個當母親的都很想揍他。」溫蘭憂傷地握住她的手，「妳要多多包涵啊，不要太嫌棄他，也不要放棄他，我覺得努力一下，他還是有救的……」
方宛：「……」
冬夜公爵：「……」
他到底又是哪裡惹到了母親，讓她當著「好朋友」的面這麼貶低他？

※　※　※ 

烏諾奇：「為何修煉進度那麼緩慢？」
方宛：「啊？」
烏諾奇：「聽說妳現在整天跟小熊崽子玩？妳想轉職當保姆嗎？」
方宛：「不是，我、我是在刷聲望！」
烏諾奇：「這封推薦信妳拿著，到星風崗哨後，交給那裡的指揮官，他會安排任務給妳。」
方宛：「好。」
收起信件，拿出了好幾盒點心。
方宛：「導師，事情都交待完了，我們開始吃下午茶吧！」
「……」烏諾奇額上冒出青筋。
打開傳送陣，綑人，扔！"
龍之狂想01 夢境,東邦,奇幻科幻,完結,0,飛燕文創,奇幻,科幻,,,,https://mojoin.com/novels/3644,"女校超美型的校園王子凌南倩，因為好友介紹的一個遊戲，和電腦專門為她打造的小不點龍到虛擬世界去比賽，竟然出乎意料的觸動藏在地底的六芒魔法陣，傳送到另一個世界？
到另一個世界也就算了，多了一個便宜爺爺她也不在意，但她明明就是個女兒身，為什麼這個世界的人都不相信她？
好哇，破壞她名聲的便宜爺爺出現了，她急著去理論，卻不小心被他設計，被送到收費第一高的貴族學院，而且這個學費要她半工半讀來支付……
明哲保身的清秀室友、外強中乾的陽剛酷哥、國色天香的極品美男和衰運連連的凌南倩在學院中又會發生什麼有趣的互動呢？
預知詳情，請快快翻開《龍之狂想》第一集！"
初次見面！吾乃惡魔,六月焰,奇幻科幻,完結,128,原創星球,同居,戀愛,日常,軟萌,搞笑,https://mojoin.com/novels/239,"「告訴你喔，惡魔因為體溫低的原因，所以我們最喜歡抱抱了！」
「妳講過了，但是…」
「人類也很喜歡抱抱喔！」
與來自地獄的惡魔美少女展開糖分滿滿的同居生活！想要體驗人類生活的她，遇上被稱為遲鈍代名詞的我，究竟會鬧出什麼意想不到的笑料呢？
舉行園遊會、一起回老家，甚至還成為了vtuber？！
超遲鈍木頭系男主VS熱情十足的美少女惡魔！輕鬆日常的幽默筆法，全新的清甜系戀愛喜劇在此登場！"
退魔教室的半妖轉學生,翔君,奇幻科幻,完結,0,原創星球,妖怪,奇幻,戰鬥,戀愛,校園,https://mojoin.com/novels/1083,"「退魔教室」──那是暗中培育降妖伏魔之人，亦即退魔師的特殊教室。
然而這天，有一位混有妖怪血統的少年轉學到了這間教室就讀。
少年名為黑鳴，雖為半妖之身，卻壞抱著成為退魔師的野望。
年輕的退魔師教師白系璃受命監督這位突如其來的轉學生，不過──

「唉呀，畢竟老師長這麼漂亮，忍不住就想湊近看一看。」
「就算你誇獎我，我也不會在你的成績上加分喔。」
「嗯？難道有隻要誇獎就能加分的老師嗎？有的話我還蠻想看看欸。」
「重點不在那裡！我是叫你不要隨便靠近老師。」

黑鳴頻頻惹麻煩，又總是做出出乎預料的舉動，讓負責監督的系璃傷透了腦筋。
但在這時，未知的惡意也漸漸靠近……
半妖少年與退魔女教師的校園冒險，就此展開！"
槍靈少女 前傳(01)初生之犢,羽毛冰塊,奇幻科幻,完結,41,飛燕文創,奇幻,科幻,,,,https://mojoin.com/novels/3213,"從小被父母拋棄，在孤兒院中艱苦生活的溫璃，偶然一次機會被異能者林毅文救下，從此溫璃下定決心成為一名異能者，或許還能探聽到父母的下落……

順利通過異能者學校考試，成績優異的溫璃受到好老師的努力栽培，卻不受同學們待見，靈能者競賽中也一直被隊友扯後腿……

溫璃跟著一夥人到野外歷險，遇到Ａ級暗獸襲擊，情況危急，她是否能信任她的夥伴？"
我的房裡養了隻笨蛋貓,亞蘇,奇幻科幻,完結,1,作者授權,奇幻,校園,輕小說,獸耳,戀愛,https://mojoin.com/novels/1127,"藤崎俊介——一個平凡普通、帶著點怯弱膽小氣質的國中男孩， 遇上一個被遺棄在紙箱裡，受了傷渾身溼透的獸耳族——蕾咪。
「小櫻不要我了……」貓女孩口中念念不忘的，是她的前主人——小櫻。

如此乖巧的蕾咪為什麼會遭到小櫻的棄養呢？
「是蕾咪的錯……」
蕾咪跟小櫻之間，究竟發生了什麼事情呢？

隨著收養的時間變長，蕾咪與俊介也從原本的彼此信任，轉變為互相依賴。
然而俊介心中的恐懼卻與日俱增——那是可能失去蕾咪的恐懼。

「我是不是根本沒機會讓蕾咪留下來？」
而小櫻，又是怎麼看待蕾咪的呢？

一段追尋與歸屬的旅程，就此展開……"
喵喵魔法屋(01)貓咪們與魔法師,鬱兔,奇幻科幻,完結,90,飛燕文創,奇幻,科幻,,,,https://mojoin.com/novels/2983,"日暮旭為了籌備重建樂團的經費而四處尋找打工機會，
因而到一間神祕的洋宅工作，
沒想到原本只是單純的照顧寵物，
卻意外發現牠們居然還會變成！

一個是處處用暴力威脅人的紅髮大姊，
一個是天然呆的雙馬尾小蘿莉，
另一個則是標準級的宅男……
甚至來個超級帥，
嘴巴卻特別賤的金髮帥哥，
但──全部都是貓咪？

好不容易和這些難纏的貓咪們（？）
搞好關係，卻又發覺原來雇主的神祕身分，
日暮旭為了解除被附身的困擾，只好和他們一同前往魔法界……
他們到底能不能找到那位神秘的黑巫師呢？"
蜂舞(07)情竇初開,貓邏,奇幻科幻,完結,90,飛燕文創,奇幻,科幻,,,,https://mojoin.com/novels/3324,"「我就知道、我就知道你一定是看上我無與倫比的智慧！別以為你這麼誇獎我，我就會對你動心。」女地精亡靈嘴上雖是這麼說，那蒼白的臉上卻是泛出兩朵紅暈。
「妳……」
「不！你別說了！別想試圖說服我！」女地精亡靈用力地搖頭，「醒醒吧！種族不同，是不會有結果的！」
說完，她就操縱飛行船迅速飛升，不再理會冬夜公爵。
眾人：「噗哈哈哈哈哈哈……」
「我都這麼可憐了妳竟然還取笑我？」冬夜公爵很是幽怨。
「又不是只有我一個人笑。」方宛很是無辜地回望。
「不管，妳再不安慰我，我們就絕交！」他很是無理取鬧地回道。
「噗！咳！那個……你穿恐龍裝很可愛。」方宛睜大雙眼，很是真摯地誇獎道。

「蜂舞啊，妳該不會是喜歡翼刃那個叫冬夜什麼爵的吧？」精靈大長老八卦地問：「聽說妳經常跟他一起玩，連修煉也荒廢了，烏諾奇很擔心妳被那小子拐走。」
「我跟他不是那種關係……」方宛無奈地反駁。
為什麼她家高貴冷豔的導師，也會跟大長老一起聊八卦？
「我們是去探險，不是約會！我們組了團的，大家一起去的！一共二十五個人！」
「我知道、我知道，總要找朋友掩人耳目嘛！我瞭解！」大長老連連點頭。"
交錯的薩法魯,散狐,奇幻科幻,完結,21,作者授權,奇幻,科幻,,,,https://mojoin.com/novels/3534,"睜開眼睛的「我」，發現自己正倒在一座巨大的迷宮中。  

為什麼會來到這裡，這裡是甚麼地方，甚至……自己是誰，都通通不記得。
留給我的線索，只有映照在鏡子般光滑大理石上的柔和五官，以及「修伊」這個名字。
名為「薩法魯」的地底世界中，擁有像是西洋棋盤般的六十四格區域，其中外圍三十二格是人類居住的「城區」，中央三十二格則是怪物盤據的「迷宮區」。
傳言只要能到達位於迷宮中心的「世界巨塔」頂端，就能解開隱藏在世界背後的真相。
隨著薩法魯漸漸面臨崩壞，半數的城區覆滅，就在此時，一位身穿斗篷的神祕女孩出現在我面前。

來當我的護衛吧，修伊，我們必須……到達那座塔的最頂端。」
名為莉梓的女孩說道。"
蜂舞(10)表白定情,貓邏,奇幻科幻,完結,61,飛燕文創,奇幻,科幻,,,,https://mojoin.com/novels/3383,"龍族性格高傲不好相處？
沒關係，有方宛。
什麼？方宛的好人緣對龍族不起作用？
沒關係，我們還有幸運餅乾！

釣魚能夠釣到什麼東西？
魚類、水怪、卷軸、寶箱、裝備、藥劑、配方？
不、不、不，讓釣魚大師方宛來告訴你，除了這些之外，還能釣到大海怪！
搭配幸運餅乾服用，效果會更好呦～～

冬夜公爵：「妳有沒有覺得，我們兩個在一起的時候運氣都特別好？」
方宛：「那不是幸運餅乾的作用嗎？」
冬夜公爵：「不，那是我們兩個綁定之後的幸運加成！」
方宛：「欸？」
冬夜公爵：「妳願不願意跟我綁定？我覺得我們兩個綁定以後會幸福一輩子。」
方宛：「欸欸？」
司空龍：「……我反對！」"
以隱藏BOSS為目標,霜楓,奇幻科幻,完結,0,原創星球,冒險,異界,,,,https://mojoin.com/novels/606,"總是主角來主角去的，我偏要背道而馳，既然好不容易獲得了轉生的機會，就以隱藏BOSS為目標，成為遠比正傳勇者和魔王強大的存在！
中二的少年在異世界所演繹的物語，藉由一連串的事件成為聞名遐邇的存在！"
穿越到輕奇幻就會比較輕鬆嗎？,三棵樹,奇幻科幻,完結,0,原創星球,搞笑,架空,異世界,穿越,,https://mojoin.com/novels/184,"雖然原來的世界說不上傳統奇幻，但在施展魔法之前還是要經過麻煩的準備。
我也想去能輕鬆施展魔法的世界，左手烈焰、右手颶風，痛快的大鬧一翻啊～
到異世界去是不是就能輕鬆過活了呢？"
闇!!騎士(01)騎士無良守則,暮辰,奇幻科幻,完結,0,飛燕文創,奇幻,科幻,,,,https://mojoin.com/novels/3394,"什麼是騎士操守？急公好義？鋤強扶弱？光明正大？
至少對威倫帝國皇家騎士團第七大隊長──洛特而言，騎士守則僅供參考。挖陷阱、蓋布袋、打悶棍才是他的最愛！

搶劫城中首富，他號稱「除惡揚善」。
受害者舉發上門，他作賊倒先喊捉賊。
擅闖私有領地被圍，他直接抓小的威脅大的，反客為主……

面對如此無賴、如此特立獨行的騎士，連騎士團長也無可奈何。
除了哀悼早晚「屍骨無存」的騎士團聲譽，他忍不住感概當年──
「為什麼要收下這個瘟神！」"
這樣的學園，沒問題嗎？(08)闇夜襲來的戰爭,初雲,奇幻科幻,完結,209,飛燕文創,奇幻,科幻,,,,https://mojoin.com/novels/3255,"「兔子要好好照顧自己喔！」
柯爾留下叮嚀後便前往王城，卻從此音訊全無……

第二輪大賽在即，沒想到東方大陸的神秘組織竟趁隙入侵，攻打南方大陸！

一夜之間，王城迅速淪陷，各大城市均落入敵軍手中，武裝的東方難民更是占據大片土地。

南魔武的學生們面對這般困境，該怎麼做才能拯救國家，奪回失去的國土？

更糟的是，柯爾不巧在戰爭前夕前往王城，無論梅悠如何嘗試，都無法聯繫上他。

失去柯爾的梅悠，努力和學園裡的大家一起迎戰，伺機前往王城救出柯爾，卻沒想到，在王城等待她的……竟是這場戰爭的幕後黑手！"
LOST星際少女(01)拾回進度5%,羽毛冰塊,奇幻科幻,完結,10,飛燕文創,奇幻,科幻,,,,https://mojoin.com/novels/3249,"傳說中的刺客被人一擊斃命，凶手竟然是個小蘿莉！

哥哥給舒越的雪元石，卻成了指證她是凶手的證據？

既然安分的待在三級居住星，卻還是礙了他們的眼，那麼……她就不再安分了！"
蜂舞(12)迎向未來(END),貓邏,奇幻科幻,完結,91,飛燕文創,奇幻,科幻,,,,https://mojoin.com/novels/3400,"「號外！號外！蜂舞女神跟冬夜公爵男神訂婚了！」
「說錯了吧！是結婚任務……」
「不是！他們不只是在遊戲中結婚，他們在現實中也訂婚了！」
「喔喔喔！恭喜！灑花！」

「聽說了嗎？《異域》官方要徵選遊戲職業代言人！」
「啊？職業代言人？什麼意思？」
「就是遊戲中的每一種職業都找一位代言人啊！」
「以後《異域》拍攝官方宣傳影片、舉辦各種活動、網路採訪、電視採訪等等都會讓他們出席！還會為這些代言人推出週邊！」
「哇喔！那不就賺大發了！」
「何止是大賺一筆，他們還是名利雙收呢！想想看，《異域》可是全球第一的網路遊戲！被《異域》這麼一推廣，不就等於全世界都認識你了？」"
哪都別想逃(01)新手小蘿莉養成計畫！,蔚海,奇幻科幻,完結,0,飛燕文創,奇幻,科幻,,,,https://mojoin.com/novels/3414,"手殘又少一根筋的張巧婉曾向天發誓──絕對不玩網遊！尤其，是破壞她日常生活的那個遊戲！
她深信，她身邊的所有人絕對都被那遊戲下了恐怖的巫術，要不然，為什麼每個人都那麼狂熱？
可是她沒想到，明明只是不小心沾上了一點邊，自己居然也沉浸在那個遊戲之中！
只是，使她著迷的，似乎不單單只是那個遊戲而已，還有他……
她的加入以及大神蒼翼的回歸，讓他們誤打誤撞成了師徒關係──萌萌的師徒戀就此展開！"
窗外是異世界,米米爾,奇幻科幻,完結,420,原創星球,穿越,冒險,,,,https://mojoin.com/novels/22,"遭逢母喪的小雀，在持續低迷的某晚，套房窗外的陽台忽然風雲變色，忽然與異世界的森林連接。
半夢半醒的她，趁機救了被魔獸追殺的半精靈碧圖樂，直到隔天醒來才知道一切都不是夢，但為時已晚，窗外已恢復平日的景象，兩人就這樣被迫同居，開始一段努力磨合，互相照顧，彼此提攜的生活。"
神域密碼(01)天之冠，地之人,二葉,奇幻科幻,完結,200,飛燕文創,奇幻,科幻,,,,https://mojoin.com/novels/2848,"洛伊德．賽雷斯塔，神秘組織「生命之樹」的一名小雜兵。奉組織之命，洛伊德跟隨隊伍調查「伊甸（Eden）」──那是擁有神一般的力量，比惡夢更恐怖的存在。調查過程中，在組織一向遭人忽視，無望出人頭地的洛伊德，意外結識了兩個獨特的女子。

一女名叫奈亞，據稱是被伊甸毀滅的阿卡維拉星系的唯一生還者。一女名叫娜伊娜，雖然是隻小蘿莉，卻擁有徒手撕裂伊甸，可以用「做夢」來形容的超級力量。

洛伊德與她們結識後，被組織授命跟隨她們。從此，洛伊德的命運走上了無法掌控的窘境。一介小兵的他，不但必須面對輕易摧毀宇宙軍團的伊甸、連伊甸也能徒手殺死的超級蘿莉，以及滿身謎團的美女艦長，接著更遭遇智慧生命的天敵，被稱為「支配者」的宇宙怪獸……

無窮宇宙，最深邃、最神秘的事物一件件出現在洛伊德面前。洛伊德腦袋裡的螺絲還沒擰緊，就隨著越發失控的命運，咕嚕咕嚕地滾到了不知什麼地方。"
Math Server Volume 2,伍德．瓦懷特,奇幻科幻,完結,0,原創星球,長篇,都市,熱血,解謎,戰鬥,https://mojoin.com/novels/270,"讀者好評不斷，更加緊湊刺激的系列第二作登場。
融合王道戰鬥、解謎推理的現代輕奇幻「Math Server」系列凱旋迴歸！"
夜行,Rin45,奇幻科幻,完結,0,原創星球,戰鬥,冒險,,,,https://mojoin.com/novels/613,"因為一顆子彈，殺手與吸血鬼的糾纏就此展開。
完結。

* * *

血族，俗稱的吸血鬼。
優異的體能、強大的恢復力，且擁有人類數倍的年歲，可以說是人類的上位者，與之付出的是無法沐浴於陽光之下。
突然竄出頭的他們，在短時間內就癱瘓了好幾個國家，展現了自身的強悍。
但不知為何從十年前停止了侵略行動，甚至開始與各都市締結和平條約，將先前造成的破壞一一撫平，強大似天敵的存在竟然主動求和，沒有理由不接受，短短兩年間就與世界一半以上的大都市達成共識。
這是世界的趨勢──直到那一顆子彈的到來。"
守護天使 全年無休,鬱兔,奇幻科幻,完結,0,飛燕文創,奇幻,科幻,,,,https://mojoin.com/novels/3248,"正太天使全力出擊！

向來運氣超差的何宇斕，每年生日都會更倒楣，上天終於看不下去，破例派了個天使來當他的守護者。可惜這位天使卻非常兩光，雖然小倒楣是避免了，卻惹來更多的麻煩，又因為何宇斕常對空說話，被別人誤以為是瘋了。
何宇斕想盡辦法要驅逐這個不請自來的不速之客，甚至不惜裝壞人，卻意外捲入紛爭之中，還好最後是天使救了他，而他也不得不承認這不是幻影，而是貨真價實的守護天使。
有了天使在身邊，何宇斕決定要出門試試他有多大的能耐。因為有天使在，對比以前何宇斕真是太倒楣，平常的小確幸也讓他覺得非常開心。他發覺有天使在身邊，確實真的不錯，他也欣然接受了。

妹妹的校園霸凌風波，父親的公司裁員事件，守護天使又將如何來幫助他呢……
而何宇斕自身對於母親的心結問題，又將會如何來化解呢……"
叫我大小姐！(01)冥，我美好的大小姐生活就靠你了！,東邦,奇幻科幻,完結,0,飛燕文創,奇幻,科幻,,,,https://mojoin.com/novels/3295,"大小姐要有三大配備：帥哥管家、正太侍衛、痞子殺手。
帥哥管家，一切以大小姐為主，不論大小姐說什麼都要回答：「是的，大小姐。」
方少為眼帶笑意：「是的，大小姐。」
正太侍衛，負責給大小姐調戲……不，是負責保護大小姐的安危。
冷陌竹那張面無表情的臉上多了一絲無奈：「……」
痞子殺手，專門替大小姐打雜、跑腿、打聽消息，對了，還有最重要的暖床……不，是殺人。
歐陽修壹額頭滿是黑線：「大小姐，我是殺手殺手殺手啊，妳一定是看我不順眼。」（淚奔）
配備齊全，就可以環遊大陸了，只是怎麼才剛出們，就招惹了一個強敵，啊啊，這下她美好的大小姐之旅，該怎麼繼續下去呢？"
闇!騎士外傳－模範騎士的學院日誌（上）,暮辰,奇幻科幻,完結,3,飛燕文創,奇幻,科幻,,,,https://mojoin.com/novels/3517,"聽說，騎士學院是威倫帝國菁英薈萃的所在。
聽說，騎士學院今年新生跟前幾屆與眾不同。
聽說，騎士學院本學期的選修課程格外精采。
太多太多的聽說，讓今年考入騎士學院的新生，令眾多關注著的高層充滿期待。
但是開學前幾天，就有人為了泡妞夜不歸宿？不好好專注課業，專搞男男之戀？期中考時間不守規矩，暴打監考老師？
這、這、這……這都是什麼學生啊？

一本模範騎士的日記，即將驚爆人所不知的騎士團秘密！"
暗夜星辰狐,小狐狸警官,奇幻科幻,完結,0,原創星球,妖怪,傲嬌,奇幻,戀愛,搞笑,https://mojoin.com/novels/1115,"失去記憶的少年唯一留存下來的記憶就是父母被殺害的那個雨夜，那段夢境如鯁在喉，因此他最痛恨的一類人就是那些亂用力量給他人造成痛苦的傢伙
少年用盡全力想要擺脫命運的鉗制，但他最終還是失敗了，在生命即將走向終結的時刻，少女慵懶的聲音在他的耳畔響起，還有人不願放棄他，她也成為他世界中唯一的光。

凜冬的寒夜中微弱的的燭火終將熄滅，被仇恨所支配的少年血氣上涌，在乎的人再一次慘死在自己眼前，他的未來是終將成為惡龍的勇者，還是與石頭碰撞后破碎的雞蛋，他似乎只有這兩種選擇。

力量既可以用來守護，也可以用來毀滅。"
正義美食團(01)少年的方糖悲劇,詠名,奇幻科幻,完結,11,飛燕文創,奇幻,科幻,,,,https://mojoin.com/novels/3502,"如果沒有被奇怪外國人欺騙、如果沒有喝下那杯攙有黑色方糖的咖啡，我想我現在應該在享受我的大學生活了。
可惜再多的「如果」都不能讓我變回普通人了！嗚嗚嗚！喝下辣椒醬會變成帥哥，還會爆炸，這是哪招？
這個名為「正義美食團」的怪人團體，聚集了一群與我同病相憐的暴食者，既不正義，也沒有美食，還有超Ｓ大魔頭來當我的搭檔……
不妙，非常不妙啊！在可怕、刺激的方糖爭奪戰中，我能有命活到最後嗎？  

「狂風，那台飛機在『墜機』，等等就要撞過來了，我們趕快去避難吧！」我臉色丕變，佯裝鎮定的拉著狂風，而狂風也轉過頭來，手上還拿著一隻剛烤好的奶油玉米。
人命關天，誰跟你吃烤肉啊！
狂風大口大口的啃玉米，以看好戲的心態望向私人飛機，回答得理所當然，「反正這個距離看起來也躲不掉了，就讓它撞吧！」
開什麼玩笑！我才不要英年早逝！"
對手被隕石砸死難道是我的錯嗎？(01)主角威能,南翁,奇幻科幻,完結,140,飛燕文創,奇幻,科幻,,,,https://mojoin.com/novels/2942,"主角柯恩出生於「胡蘭王國」邊境的小村莊，故事敘述他遵從父親遺命，
以騎士為志願前往胡蘭王國首都，最後卻成為護國大法師、召喚術士、死靈法師、光明祭司的史詩故事（？）。
柯恩的個性大而化之，但有一件事情他始終耿耿於懷──為什麼每個對手通通都會死於非命？

喝水被嗆死、踩到水坑滑倒摔死，甚至是被隕石砸死！就是沒有人能跟他打到最後。
什麼？你說這樣很幸運？但柯恩可不這麼想，他練出強健的體魄、堅忍不拔的意志、舉世無雙的劍技，
卻始終無法與人進行一場真正的決鬥，就像是滿肚子的大便到了肛門邊卻永遠拉不出來一樣慘！

慘！慘！慘！

而這一切的開端，就要從那個在與柯恩對決時，被隕石砸死的魔龍開始說起……"
失去身體的我成為了幽靈鎧甲冒險者,霜楓,奇幻科幻,完結,30,原創星球,冒險,架空,異界,,,https://mojoin.com/novels/673,"在與強大魔物的對戰中我與摯友都變成重傷，在只能讓一個人存活的狀態下，摯友將生命力全都給予了我……
但是……沒想到我還是變成了幽靈鎧甲？
變成幽靈的我追尋著理應死亡的友人的軌跡，重新踏上了冒險的旅程。"
黑貓白白,蒔九,奇幻科幻,完結,180,原創星球,妖怪,傲嬌,溫馨,架空,,https://mojoin.com/novels/3616,"黑貓白白，毛皮油光水滑，營養充足，四肢纖長靈活，貓型倒三角臉上健康黝黑的鼻子，還有一雙碧綠靈動的眼眸，平時靜如處子、動如脫兔、能屈能伸、賣萌、冷豔兼具一身，偶爾還要充當心靈導師的角色，牠敢說，像牠這樣一身才華洋溢又顏值兼具的角色在喵界也是鳳角鱗毛的稀缺貨。
為什麼不說獨一無二？做人......唔......當貓還是得要謙虛一二才能討人喜愛啊，看看，牠還知書達禮。"
遊戲結束之前02–支配禁止–,草子信,奇幻科幻,完結,208,三日月書版,奇幻,遊戲,驚悚推理,,,https://mojoin.com/novels/3805,"生存守則②：敵人和朋友，只有一線之隔。

高智商玩家╳偏執系犯罪者
殺戮、生存、信任、背叛，歡迎一起加入這場死亡遊戲──

隨著鑰匙爭奪任務開啟，島中隱藏的陰謀也逐漸顯露獠牙。玩家「盟友」的意外邀約，神祕敵人的殘酷追殺，當死亡的腳步不斷迫近，左牧只能依循紛亂線索的指引，來到一座無人的廢棄之「巢」……

而等待在前方的，究竟是敵，抑或是友？「你不應該太相信別人，左牧先生。」"
《蛛網：織繭》,LKK,奇幻科幻,完結,600,原創星球,虐心,末世,架空,,,https://mojoin.com/novels/3619,迪薩斯特大陸，這是一片蜘蛛站在食物鏈頂端的詭異黑色大地。而在天空中漂浮著一座都市‧天空城。上頭居住著名為「鑄光師」的第三勢力，他們與人類結成同盟，欲扭轉被蜘蛛統治的命運──卻又在多年前的戰爭中落敗。但蜘蛛方也同樣蒙受了不少損傷而撤退，三方從此陷入了恐怖平衡的態勢。而在這五百年的和平下，命運卻悄悄地開始轉動。蜘蛛為了「徹底毀滅人類」而準備再次出擊，打破平衡。人類為了「保全種族的存續」不得不拿起武器抗爭。鑄光師則為了「神的旨意」，劍指這世界上唯一的仇敵。時間彷彿回到了五百年前那劍拔弩張的時刻。然而自由意志卻早已不再自由。那上頭纏繞著一層又一層蛛絲，猶如織繭般緊緊綑縛──
不聽吸血鬼的話，就會被咬喔！(03)獵人之子,子陽,奇幻科幻,完結,42,飛燕文創,奇幻,,,,,https://mojoin.com/novels/2425,"「你就是我的弱點！」
浴室傳來令人遐想的聲音，純血族的「耀升之星」——米季，正在享受他家新娘的服務。
現任家主米蘿對米御下了誅殺令，米御走到哪兒都被晚輩埋伏，他被妹妹通緝、被兒子封印、被孫子拒絕一起去吃甜點，韓昭明不知道他做人可以失敗到什麼地步，但當「世界末日」來臨，他居然有✕✕米御的衝動!?
「以下稱立約人米御為甲方，韓昭明為乙方……」
韓昭明看到第一行就傻眼了，這種像business man在簽的，到底是什麼？
跟他想像的「新娘契約」不一樣。
不是應該「無論是好、是壞，直到死亡將我們分開」嗎？"
饕餮食堂(01)神獸轉生,逢時,奇幻科幻,完結,30,飛燕文創,奇幻,科幻,,,,https://mojoin.com/novels/2913,"杜櫻恨不得把寄生在身上的饕餮食怪趕出去，
這隻妖怪害她成天吃個不停，還捲進一連串的妖怪殺人事件。
天哪！這座城市裡的妖怪怎麼這麼多？
不管是上市集買菜、進咖啡館聽歌、躲在警察局裡頭，
全都能遇見妖怪喔！

肉片一接觸鐵網，就發出滋滋的聲音，還散出微微的香氣，肉片上常青抹了奶油，有種奶味隨著肉香一起燻烤，空氣中都是勾引人食慾的味道。
鐵盤上的肉片翻了一面，留下格菱紋狀的痕跡，肉慢慢熟了，變成淺淺的褐色，還帶點金黃色的奶油。

妖怪美食圖鑑，食堂日日上菜。
深夜嚴禁翻閱，否則後果自負。"
一擊必殺的不敗聖劍(01)聖劍英雄的黎明,雷明,奇幻科幻,完結,1,飛燕文創,奇幻,科幻,,,,https://mojoin.com/novels/3412,"聖劍英雄伊吉，橫空出世！

人類為了要搶回被亞獸吞沒的世界，分別建立了兩大機構：戰校和學院。妄想成為世界大英雄的伊吉，在某次機遇中撿到了一把名為龍吼之淵的機聖武裝劍，成為了曉星戰校的學生。

然而，伊吉的行事作風，比起像個英雄，不如說更像個魔王，不僅攻擊學校守衛，亂轟光束炮，挑釁老師，甚至誤入女子更衣室，不小心看到女同學更衣，因此還惹上了女同學的姐姐，全校最暴力的惡霸女──琴凱琳。

「就是他吧？妳說的那個男朋友，看起來很弱的樣子。」
「妳說誰很弱呀，金毛矮冬瓜，我可是未來要成為大英雄的人，伊吉，妳最好給我記住了。」
「金毛矮冬瓜！你居然叫老娘矮冬瓜！給老娘去死啦啦啦！」
於是，在大斧頭和刀劍互擊聲響下，伊吉的戰校生活和英雄之旅正式展開！"
Destiny 光與影的羈絆(01)黑與白的交織,翼翎,奇幻科幻,完結,190,飛燕文創,奇幻,科幻,,,,https://mojoin.com/novels/3312,"大陸十一年一次的創末祭典在東大陸劍都正式展開，來自四方的強者齊聚一堂，全都是為了爭奪那最高的榮耀！但這次的祭典跟以往有些不太一樣……
烙印著滅世之咒的犧牲者、神祕的黑色處刑者、四大家族的信仰者、充滿罪障的贖罪者、背負著魔族最高死罪烙印的命運者……以及埋藏於罪惡紅夜中那最卑微的願望，全都隨著那人的出現而浮現於眼前。
曾經犯下不可饒恕的錯，曾經親手抹滅那人的存在，當那失去的羈絆再次回歸，他們想說的何止千言萬語，然而卻一個字也說不出口。
「初次見面，我是曉梧．蘭帝。」
那人的笑以及話語在瞬間打碎了他們長久以來的等待及希望。
就如同這個世界沒有所謂的如果，一切都不可能再從頭了。
對不起──並不是每一次都可以被原諒的。"
舞弦者‧紫(01)〈Mission 1〉紅之夢魘,楚慕風,奇幻科幻,完結,0,飛燕文創,奇幻,科幻,,,,https://mojoin.com/novels/3543,"《舞弦者‧紫》Mission 1.劇情簡介

你所知道的，盡是虛假；你將看到的，才是真實！
以此作扉言的一篇文章，引發了一系列「意外」的悲劇，也打開了一扇未知世界的大門：在這個世界裡，有平時看來與常人無異的妖魔，也有追緝妖魔的狩獵者，貫穿了整個人類歷史的隱秘戰爭，背後卻潛藏著令人畏懼的真相！
還有那些和這個世界一樣精彩的人們：因為一篇文章叛出狩獵者的血腥屠夫「龍」，險些慘死妖刀之下卻又莫名其妙成為它主人的菜鳥復仇者「紅」，當然，絕不能忘記那個成就傳奇之後功成身退、隱居在香港做咖啡店老闆娘的美麗女人……
無論是妖魔還是狩獵者，都敬畏地稱其為──舞弦者‧紫！"
蜂舞(09)再次改版,貓邏,奇幻科幻,完結,50,飛燕文創,奇幻,科幻,,,,https://mojoin.com/novels/3372,"被坑了！被坑了！被坑了！
他們竟然被ＮＰＣ坑了！
＃會坑人的ＮＰＣ不是好ＮＰＣ！嚶嚶嚶……
第二次改版任務全滅！
──雖然說改版任務本來就是要失敗才會改版，可是他們還是想要轟轟烈烈地戰一場啊！
結果竟然……
傑昂佩爾！下次別讓我們遇見你！

※　※　※

方宛擺出霸道總裁酷帥狂霸跩的姿態，對鐵皮人笑得張揚明媚。
「鐵皮人，我允許你喜歡我！」
鐵皮人：「……」
林華和司空龍：「……」
臥槽！這自戀的傢伙是誰啊？
＃這絕對不是我家小妹！
＃進了船屋以後小妹的畫風都變了！這船屋有毒！"
月下紅星,LKK,奇幻科幻,完結,310,原創星球,女主,騎士,戰爭,,,https://mojoin.com/novels/3631,"這是在「破碎的紅寶石」戰爭六年前所發生的事。
弗莉狄‧安翠在這一年成為了達莫奈特帝國史上最年輕的騎士，受盡年輕人的推崇。
但這卻只是一切的開端。
達莫奈特帝國的皇帝，有「改革帝」之稱的莫迪恩‧達莫奈特三世在國會中宣布即將發動戰爭，貴族與軍團之間頓時捲入了主戰派和反戰的漩渦之中。
而在這兩派的人馬卻將矛頭指向這位剛竄起的新科騎士。
因為她是年輕人的偶像，而這極有可能帶動年輕一派的走向。
也因此她被捲入了兩派的鬥爭裡無法脫逃……

＊

──妳可曾聽過那月下的紅星？
──沒有。但不覺得那種誇飾的稱呼很好笑嗎？我們將晚霞稱作「祖奈特的嘆息」；洛索達人將夜晚的銀河稱為「弗洛斯的鏡畫」？明明我們已經可以解釋這些景色，但常人卻寧願將其冠上四神的名諱，好像會讓祂們離我們更近一點。真的很好笑。
──唉呀？妳明明是一個賊，結果卻比我想像的還要聰明呢。
──妳明明是受改革帝敕封的騎士，卻比我想像的還要愚鈍。
──呵，也許我真的很笨吧。不過我還是相信哦，相信那月下的紅星。雖然有很多版本，但我最喜歡形容它是祖奈特神的淚珠。
──妳果然是笨蛋吧？
──我是浪漫，妳這白痴！"
異魂變01 新生,東邦,奇幻科幻,完結,0,飛燕文創,奇幻,科幻,,,,https://mojoin.com/novels/3646,"他，一個只有編號，被組織出賣的殺手。在面臨死地，爆發強烈生存慾望的他，靈魂無意受到某種力量牽引，來到另一個世界，附身於一個剛自殺身亡的軀體──從此，他真正擁有了自己的姓名！
靈魂力是這個世界基本的力量，偏偏他附身的宇文翼，身軀不僅體弱，更不具有靈魂力；但在柳澤醫師的「幫助」下，他重新擁有開啟身體靈魂力的鑰匙。只不過，他需要付出一點代價……
他取代宇文翼，重新回到學院，面臨的第一件事，竟是被人欺負？當他找到機會報復時，卻不小心害錯人，反而被高高在上的學生會長抓到把柄，被強迫加入學生會。
學生會的光環太耀眼，破壞了他原本想過的平靜新生活，而擁有天使笑臉的學生會長，根本就是個愛指使人的小惡魔！學生會長甚至丟了莫名其妙的任務給他，要他限時完成──
突然間，他有種烏雲罩頂、前途無亮的衰運感，而且一時之間絕對散不了！"
龍之聲系列　第一部：被埋葬的說書人,靈魂錯亂,奇幻科幻,完結,15,原創星球,長篇,熱血,奇幻,冒險,異世界,https://mojoin.com/novels/640,這是一個因夢而開始的故事，這個故事因夢而進行著，然後現在──
罪與德,棠巢栗子,奇幻科幻,完結,0,原創星球,懸疑,,,,,https://mojoin.com/novels/515,"七宗罪，為人類惡行的分類。
分別為憤怒、貪婪、色慾、忌妒、傲慢、暴食、怠惰。
在這個世界裡，天神會選擇七位大罪人分別對應七宗罪。
***
棠巢栗子既「Lost Heart」之後，再度與繪師Ao合作，「罪與德」黑暗上架。
社會現實的黑暗面與奇幻異能題材結合，降罪連載。

「罪」的出現，往往都是由另一種罪所逼迫形成。
「德」就真的是正義的那方嗎？

故事講述在西元1977年的時候，天神第一次降罪了七位大罪人「七宗罪」。
而有一群私人教會發起了天罰，為了將七宗罪徹底消滅掉。
殊不知，天神每七年就會降罪一次七宗罪。
而教會也是為了替天行道，使用了民間武力天罰了他們所認為的七宗罪。
就在某次天罰之時，沾滿大罪人鮮血的教徒們得到了獨特的異能力。
隨著教會得到超越人類的力量，人們開始畏懼著教會，而教會也越來越放肆。
直到西元2019年，第六次降罪到來。
只不過這次被降罪成七宗罪的人不在只是單方面被教會屠殺，
他們也擁有了可以與教會抗衡的能力。"
我們班的野良貓同學（上）貓妖的詛咒,鬱兔,奇幻科幻,完結,0,飛燕文創,奇幻,科幻,,,,https://mojoin.com/novels/2851,"邊緣少年楊哲瑋被貓詛咒，將會漸漸變成一隻貓！

當天，他沒覺得有什麼異狀，但班導師早點名的時候，他卻不自覺地發出了「喵」來回答本來的「有」，而引起班上哄堂大笑……
因意外撞到他暗戀的校花蘇小薇，但蘇小薇有嚴重的恐男症，很怕跟男生有任何的肢體接觸，就在楊哲瑋以為完蛋的時候，她卻意外地主動搭話……
楊哲瑋發現自己的感知能力變強，能知道遠處的動靜，出門買東西時，居然遠遠聞到蘇小薇的味道，然而正期待著不期而遇的時候，卻是一隻哈士奇朝他衝了過來……
因這陣子與蘇小薇走得太近，而被不明人士惡作劇，事後楊哲瑋被蘇小薇發好人卡，卻反而與惡作劇同學成為朋友，但他的目的是為了接近蘇小薇……
不過因為楊哲瑋和惡作劇同學突然關係變好，讓班上的腐女們想入非非，甚至提議要在園遊會的時候舉辦女僕咖啡廳，還讓楊哲瑋當看板娘……
園遊會時，貓研社的學姊小婕也來湊熱鬧，而楊哲瑋與小婕的親密互動使蘇小薇有點在意，也許愛情正悄悄地萌芽了……"
我的網遊生活怎麼跟想像中的不一樣？,睦方,奇幻科幻,完結,16,獨家原創,奇幻,科幻,,,,https://mojoin.com/novels/2986,"線上遊戲，曾經是方逸喬沒想過的一個世界，
直到被朋友們連拖帶拉的，才開始嘗試踏入了網遊世界，
誰知道，玩個網遊也能讓一直平淡的生活有了不同的波瀾。

可以不要讓我遇到傻眼又無奈的事情嗎？

我只是想輕鬆玩個遊戲，第一次遇到讓人想穿過螢幕揍死他的人……
當個小透明，舒心自在有這麼難嗎？QQ"
不聽吸血鬼的話，就會被咬喔！(02)銀狼之跡,子陽,奇幻科幻,完結,203,飛燕文創,奇幻,,,,,https://mojoin.com/novels/2424,"「你想射我，就要瞄準。」
韓昭明拿槍指著米御，扣下了扳機，子彈卻沒有打進米御的身體；韓昭明狠不下心殺米御，米御也捨不得傷害韓昭明，但米御卻做了一件讓韓昭明憤而離家的事……
身為一個人類，韓昭明雖不討厭「那種感覺」，但這樣說上就上——噢，他是說湊上，被米御的嘴唇湊上——未免太容易了吧？做人要多一點堅持，才不會被對方吃得死死的！
下一秒……
韓昭明覺得有點痛，舌頭在痛，他不小心咬到啦！
作者保證：這集有更多的咬咬和舔舔。
編輯點評：對付吸血鬼，請準備抹茶巧克力並點滿瑜珈屬性！"
闇騎士Ⅱ(04)隱居魔族大遷徙,暮辰,奇幻科幻,完結,0,飛燕文創,奇幻,科幻,,,,https://mojoin.com/novels/3546,"先有巫妖王，次有聖輝天使，隨後還有眾多魔族正在蠢蠢欲動？
在國家任務終於有了下文的這天，連場大戰接二連三，彷彿命運之神也卯足了勁要與洛特分個高低！
頻繁的戰鬥，終於讓血紅六翼的輝煌，重新綻放人間。
然而，強大的力量也挽不回即將逝去的生命，洛特唯有狠下辣手，將奇蹟寄望在馮勒的召喚魔法陣上……傾聽召喚的彼端生靈，又會是何方神聖？"
神月online(02)試煉之路,禾惠,奇幻科幻,完結,15,飛燕文創,奇幻,科幻,,,,https://mojoin.com/novels/3334,"結識了強力夥伴的冥夜，為了龍王硬塞給他的超麻煩任務，不得已前往大城鎮尋求解決問題的辦法，卻不知在自己看不見的地方，某個重要存在正面臨生死危機……

除了提防暗處逼近的惡意，還要面對各種自己找上門的麻煩，甚至還得拋頭露面參加官方舉辦的PK賽？

這……這全部都要怪那個白癡龍王啊！（怒！）"
冷月FrostyLuna(01)如果不是你的話，這一切就不會發生了啦！,違天,奇幻科幻,完結,0,飛燕文創,奇幻,科幻,,,,https://mojoin.com/novels/3459,"地球要爆炸了！我們還有……五集的時間可以跑？
來自異界的黑暗精靈塔伊拉率領一票黑暗精靈進攻地球，而塔伊拉的妹妹莉諾雅因為想要阻止他，勸他打消佔領地球的念頭，也跟著到了地球，沒想到勸說不成還被一路追殺到我房間？
在陰錯陽差之下，我跟著莉諾雅來到了傳說中的異界！不但看到了黑暗精靈，還碰上了個有雙重人格的美少女跟一票想把我抓去解剖的地球愛好協會成員！到底地球的命運……誰理他啊？到底我的命運會怎麼樣呢？"
神器物流宅配中！,帝華席亞,奇幻科幻,完結,488,原創星球,靈異,微腐,戰鬥,,,https://mojoin.com/novels/2922,"「您好，我們是神器配送公司祀玉社！」
不良高中生周恆某天在睡夢中落入地府，
看見忙翻天的城隍爺，這才得知配送兵器的外送員辭職了，
周恆在百般無奈之下，成為臨時派遣工。
上出天庭，下奔地府，被神明使喚的跑腿的職場生活裡，
周恆與未知的全新世界有了交集──
面癱毒舌的古扇，
極度自戀的關刀，
軟弱封閉的風火輪，
當境界線開始模糊的剎那，
日常與非日常交織的奮鬥物語華麗登場！"
月夜之歌～拾光裡有你～(01),蔚海,奇幻科幻,完結,90,飛燕文創,奇幻,科幻,,,,https://mojoin.com/novels/3504,"震驚！〈晌午拾光〉看上那小公會的原因竟是因為她──！？

頌頌花在個人賽中，打了第101名這個「好成績」，
與高額獎金擦肩而過的她，沒能抄捷徑買回自己被盜走的稀有武器。

然而一波未平一波又起，在絕望的同時，
他們的公會即將被大名鼎鼎的〈晌午拾光〉併吞？

和副會長昭光解副本的視頻被推上了論壇，還被湊成了CP？

然後在讓朋友替她登入帳號的時候，一個猝不及防地就被他告白了？

網遊人生一百八十度大轉變……
但她只想好好賺錢啊嗚嗚嗚！"
精靈之歌,莓果醬,奇幻科幻,完結,0,原創星球,戀愛,戰鬥,異界,,,https://mojoin.com/novels/719,"百年前的戰爭畫下句點，後面的陰謀卻才剛開始，各族看似和平的表面下其實是暗潮洶湧。
百年後，一個名叫艾薇的神秘少女，隱身一人踏進了那偽裝亂的漩渦中，一步步解開那些被埋藏的真相
而她，真正的身分是⋯⋯？"
格林遊戲,壹那由他,奇幻科幻,完結,13,原創星球,推理,懸疑,,,,https://mojoin.com/novels/142,"不小心加入死亡遊戲，結果第一局就被妹妹打敗，從此躺著給大神罩…… 如果只是這樣，就是個幸福的故事了呢 * * * 林格下載了一款以格林童話為主題，含有益智兼育成要素的手遊，原以為只要解謎養妹子，想不到原來是奪魂鋸系兼超能力系…… 不僅要解謎、猜謎，在遊戲中死了現實也會死亡！ 要勝利，就要活用知識及善用源於童話故事守護靈的能力，猜出敵人的童話，或是殺死對方。
「知名度高的童話容易被論斷，但是同時守護靈也很厲害，反之亦然。」 「反之亦然……靠不就是妳弱爆了嗎？」 「所以我只有你了。」 「……」
幸好，林格在第一場挑戰就輸給親妹林歲安，從此林格變成附庸，跟隨大神林歲安，踏上完成霸業之路。 ……如果這是如此輕鬆愉快的故事就好了。"
菜鳥之王(01)死性難改,某宅,奇幻科幻,完結,2,飛燕文創,奇幻,科幻,,,,https://mojoin.com/novels/3437,"自建立以來，為世界提供無數頂尖人材，推動著世界發展的育成機構──地球聯合最高人力資源培訓學院，俗稱王之庭。
為了和妹妹相見，我，蕭子楓隻身來到了這雲集各界精英的人工島上。
「我不認識你！」被妹妹當成陌生人。
「現在怎麼辦？」被奇怪的妹妹依賴。
「有話留到地獄跟閻王說吧……」被不是妹妹的傢伙追殺。
「即使大哥哥叫破喉嚨也不會有人來救你！」被看似妹妹的姐姐綁架。
即使受盡苦難，為了妹妹，一切都是值得的！
只要不放棄希望，努力前進，絕對能到達妹妹所在的地方！"
闇騎士Ⅱ(06)魔隱宮遺址攻略,暮辰,奇幻科幻,完結,0,飛燕文創,奇幻,科幻,,,,https://mojoin.com/novels/3557,"飯可以亂吃、話可以亂說、人絕對不能亂救！
洛特用血淋淋的教訓，換回了這句至理名言。他也料不到，因為一時貪圖省事，想抓幾個壯勞力代工，結果盯錯了人、多管了事，這會變成人家的代罪羔羊，被偷襲一把，再度醒來赫然驚覺──
他竟然躺在魔王眼皮子底下！
難道明天的今天，就該是戰地殺神的忌日？"
業火少女七奈,一真,奇幻科幻,完結,2,原創星球,傲嬌,骨科,戰鬥,青春,克蘇魯,https://mojoin.com/novels/3637,"被全班遺忘的少女是操火使，家裡蹲的妹妹是夢之巫女……而這一切，都是克蘇魯的呼喚。
傲嬌少女X兄控妹妹X克蘇魯──在名為「常理」的是非題中，絕對無法打上圈的故事。"
魔法糖果騎士(01),瀰霜,奇幻科幻,完結,0,飛燕文創,奇幻,科幻,,,,https://mojoin.com/novels/3314,"這個小鎮，據說精靈會從迷你小門來到家中，實現人們的願望。
可惜是許願的方式不對嗎？
渴望朋友的歌莉，怎麼由害羞少女變成魔法少女了？
同時小鎮還出現一連串怪事──巧克力一夜間全部失竊、薄荷迷霧令人徹夜失眠、幽靈搗蛋嚇得人心惶惶……
歌莉無奈披上華麗澎澎裙，認命肩負守護小鎮的重任！
咦？哪裡來的神秘少年，看起來很冷酷卻會主動來幫忙？
什麼──他就是邪惡主謀？
他究竟有什麼企圖？歌莉實在搞不懂啦！

「下次一定要抓住他，把原因問個清楚才行。」"
這樣的學園，沒問題嗎？(09)神所眷顧的世界,初雲,奇幻科幻,完結,209,飛燕文創,奇幻,科幻,,,,https://mojoin.com/novels/3287,"「先回安全的地方等我，拜託！」
即使梅悠苦苦哀求，柯爾卻執意握緊她的手，「我絕不會在這種時候丟下妳，絕不。」

戰爭結束之際，被稱為「神之怒」的魔物海嘯卻忽然襲向整個世界！

轉眼之間，萬千魔物已迫至城下，梅悠與柯爾等人被困在王城中，身邊是這國家曾經的重臣與無數傷患。

冰冷的死亡近在咫尺，究竟該怎麼做，才能保護自己深愛的人？

王子、伊兒雪、洛方等人，這時也面對最艱困的考驗──眼前是這世上最致命的敵人，身邊是最不想失去的夥伴，該怎麼做才能全身而退？

黑夜如此漫長，黎明是否能如期到來呢？"
未知領域(01)伊都娜蘋果,小山羊,奇幻科幻,完結,249,飛燕文創,奇幻,科幻,,,,https://mojoin.com/novels/3461,"隱藏的區域、奇異的人群、無人道的犯罪以及連續殺人事件，一個未曾注意卻又貼近你我的生活，前所未有的故事就此展開。
這是個在臺面下鬥爭的故事。
少年林品哲，一次迷路中進入了他不該進去的區域：暗藏在巷道的奇妙空間：看似普通的街道，沒有人、沒有垃圾，卻感受到受人監視的壓力。

－－「未知領域」－－
知情的人都這麼稱呼他。一般人絕對不會知道，隱藏在這個和諧社會底下，無人知曉、沒有法律、沒有道德標準，純粹憑著才能與戰鬥技巧生存的地方。
對這個環境感到好奇的林品哲，利用自己駭客的才能為交易，與知情者深入交往，卻沒料到，越瞭解「未知領域」，就知道殘酷的真相－－
同時，也將自己逼入危險絕境之中。"
顛覆童話(03)泡沫與糖果屋(END),草子信,奇幻科幻,完結,143,飛燕文創,奇幻,,,,,https://mojoin.com/novels/2459,"由妳來告訴我，愛上一個人是什麼樣的感覺。

臨海大國尤諾里的第一王子，被傳說中的人魚拯救，
而美麗人魚少女的出現，也頓時成為轟動全國的消息，
但這對米拉來說，絕對不是什麼好事。

她不過是很普通地救了落海的人，誰知道那是王子，
而且現在還因為這件事，不得不假扮成宰相格雷姆的護衛，
來到王宮這種讓她最討厭的地方展開調查，
結果沒想到冒牌貨居然是自己的子民，還相當迷戀王子，
接踵而來的事實讓她頭疼不已。

原本不懂愛情的米拉，看著陷入愛戀的夏琪卡，
想起的是格雷姆那張令她心煩意亂的笑臉。
在她意識到自己對格雷姆產生愛意的同時，
也不得不向他坦白，自己究竟是什麼人。

人魚公主愛上人類，但她知道那是不切實際的夢，
捨棄尾鰭選擇雙腿，以巨大的代價換來人類身軀的人魚
在被心愛的人背叛後流下悲傷的淚水，
她不願讓這份痛苦成為仇恨，選擇沉入海底化作泡沫。
──然而這並不是故事的終章。"
我應該拯救你，還是該讓你被殺？,小猴王,奇幻科幻,完結,450,原創星球,驚悚,生存,日常,校園,穿越,https://mojoin.com/novels/3621,喜歡獵奇並不是什麼大不了的事情。畢竟這些都是虛構出來的。只要這些東西乖乖存在於二次元，對現實就一點影響都不會有。是這樣沒錯的……對吧？
異世人生,覓福,奇幻科幻,完結,1,原創星球,冒險,搞笑,穿越,,,https://mojoin.com/novels/543,"世界末日降臨，擁有「異能」的高中生白鳳炎，與兩位青梅竹馬一起被自稱「創世神」的面具男子邀請至異世界。
以為能在異世界度過輕鬆打怪、尋寶、與異世界美少女玩樂的日常，卻突然被強制進行一年的武學修練！
好不容易修練結束，又得在路邊擺小吃攤存錢，應付個性古怪的客人！

對於異世界生活瘋狂吐槽的白鳳炎，終於邂逅令他一見鍾情的白翼美女寒鴞雪。
不料兩人的相遇，牽動出一場神話般跨越百年的愛恨情仇，帶出白鳳炎神秘的身世。
同時，白鳳炎的兩位青梅竹馬也捲入大國間的戰爭，甚至影響整個世界的存亡──

「因為你們需要那個世界，而那個世界也需要你們。」
身懷奇特治癒之力的吐槽役青年、有著白色翅膀的偽冰山美人、擁有怪力和臺灣國語腔的偽娘、身為凡人但外表帥氣的金髮女子。
四人共同打造的異世界奇幻故事，正式揭開序幕！"
鍾馗 鬼王事件簿(01)這個鍾馗很另類,暮辰,奇幻科幻,完結,1,飛燕文創,奇幻,科幻,,,,https://mojoin.com/novels/3482,"「鍾馗嫁妹」往事入夢來，夢見之人還是本代鍾馗傳承者。這，隱藏了怎樣的玄機？
杜財神府夫妻失和，遣盡下人、閉門謝客。這，又是否意味兩者之間具有某種未知聯繫？
一面古銅鏡，牽起鎮守小蓬萊的鍾馗返鄉心思。然而，孩提時的故居乍看如舊，山雨欲來的徵兆卻是掩也掩不住。
潛伏在杜府平靜表象下的陰影，正欲將「祭品」逐一侵吞……"
皇家騎士團屠龍筆記,艾傑葉林,奇幻科幻,完結,0,原創星球,奇幻,科幻,,,,https://mojoin.com/novels/3584,"二十幾年前 ，一位美麗的公主被惡龍囚禁，一位勇敢的少年騎士前去營救，成為不朽的傳說，少年也因此被國王召進皇家騎士團中。
然而，一場陰謀使得少年被流放，從此失去蹤跡。
七年後，現任騎士團團長找上風光不再的青年，說明王國大陸因探測到再度甦醒的龍息而動盪不安，要求青年同皇家騎士團一起執行任務。
而騎士團團長當年正是青年麾下的副官，對於多年後明顯有病的前長官感到十分嫌棄，青年也看這小白眼狼非常不順眼，兩人仍得找回當年默契，好好出發......

一個你看我有病，我看你不爽的故事。一個提到想當年就玻璃心的故事。
「有病的傢伙！」
「小白眼狼！」"
魔王真命苦(01)魔王繼承人,上善若水,奇幻科幻,完結,10,飛燕文創,奇幻,科幻,,,,https://mojoin.com/novels/2993,"征服世界，是魔王的職責和義務──
患有嗜睡症的魔王繼承人莫林，為了繼承老爹的偉大志向，
發誓要成為讓整個大陸顫抖、最有職業道德的大魔王，決定踏上征服世界的邪惡旅程！
但是才剛走出魔界，他就遇到了熱愛搶劫的魔龍納塔斯，
並且意外砸死了教廷主教，立刻變成了勇者和教廷騎士團的討伐目標。
魔王的生活，果然是心酸得讓人喘不過氣，莫林又將如何面對種種危機？
苦命魔王與他的天兵夥伴們，即將在大陸上掀起最無厘頭的冒險物語！"
闇騎士Ⅱ(05)他歸去、她歸來,暮辰,奇幻科幻,完結,0,飛燕文創,奇幻,科幻,,,,https://mojoin.com/novels/3556,"打著冥王旗號的神秘商隊來到魔界，裡頭卻藏著一票種族大融合的成員？
這樣危險的組合也能安然通過關口檢查，叫人不得不感慨，這位四界中最神秘的王者確實名不虛傳。只不過，馮勒似乎被冥王的名號，弄得有些火大？
身在魔界，牽扯著昔日恩怨的麻煩不可避免找上門來，導致商團內部到外頭，有些人就連續燒起好幾把心頭火……
面對接踵而至的舊人、舊事、舊情，洛特要如何見招拆招？好好站穩他重返魔界的第一步！"
神月online(06)雨過總會天晴,禾惠,奇幻科幻,完結,0,飛燕文創,奇幻,科幻,,,,https://mojoin.com/novels/3338,"明明只是單純進行聖地巡禮的任務，卻一波三折？
警報來得又急又突然，身邊的人緊張得團團轉，當事者卻淡定過了頭。
嘛……其實也不是無動於衷，多少有點心兒怦怦跳？
反正船到橋頭自然直，就算歪了再把它扳正就好。
但是麻煩多得跑到現實中來真的很無言……拜託不要挑三更半夜啊！
打斷別人的睡眠時間，還讓不讓人玩遊戲啊！（哪裡不對？）"
來自月亮的愛麗絲,鬱兔,奇幻科幻,完結,0,飛燕文創,奇幻,科幻,,,,https://mojoin.com/novels/2894,"艾維斯是名普通的大學生，某天，一頭藍髮，且頭上有一對兔耳的失憶少女──愛麗絲，闖進了他的生活。
這名少女竟然是從月亮「掉下來」的外星人，具有難以控制的怪力，只要慌張或害怕，一個不小心就會造成大破壞。

自從收留她以來，就發生了許多麻煩的事情，但因為她的身分與外貌像極了母親留給他的繪本故事的主角，他實在無法狠心放她不管。

對超自然和外星人特別喜愛的倫恩也跟著闖入，現在艾維斯平靜的生活又變得更加「熱鬧」了。

然而，愛麗絲在地球闖了大禍，三人瞬間成了媒體追逐的對象，為了避免愛麗絲被抓去研究，他們只好想辦法送她回月球去。
但離別之際，艾維斯才終於察覺自己對愛麗絲的感情……

更糟糕的是，居然有惡魔想要毀滅月球！

身為守護月球的皇族的愛麗絲，面臨抉擇之下，終於還是決定挺身面對勁敵。
但過去的陰影仍然緊跟隨著她……
她是否能在艾維斯與倫恩的幫助下，如同繪本裡的人物那樣，成功守護月球呢？

來自月球的兔子公主，今天也很努力在搞破壞呢！"
自律人偶,水熊,奇幻科幻,完結,0,原創星球,羅莉,戰鬥,,,,https://mojoin.com/novels/677,"原來跟女孩子同居，沒有想像中的好。
等待畢業的大四生木天人，某天在自己的租屋處，收到一個大包裹，裡面裝著一個有如人偶般美麗的少女，她自稱是梅希蒂，職業是人偶師。"
神月online(05)開啟神的國度,禾惠,奇幻科幻,完結,0,飛燕文創,奇幻,科幻,,,,https://mojoin.com/novels/3337,"為了幫忙籌老弟的購屋金，冥夜只得非常不情不願地參與挑戰賽。
目標──百人斬？這麼狂傲自大的挑戰目標到底怎麼回事啊！

不僅如此，雪堯還給他加上了新難題，就連完全不想扯上關係的賭頭二人組都頻頻來找碴……就不能讓他專心一點打挑戰賽嗎？

賽場裡打得熱火朝天，就連場外都不得安寧。更別說挑戰賽結束後還有數不清的麻煩接踵而來……

冥夜表示心累，麻煩來個天使治癒一下他疲憊的心靈吧！"
我的室友是阿飄！,鬱兔,奇幻科幻,完結,0,飛燕文創,奇幻,科幻,,,,https://mojoin.com/novels/3050,"張耀銘立志成為小說家，但卻非常地不順遂，
又被出版社給當面退稿，努力了很久，就只出過一本書。

目前只能在超商打工，過著困苦的生活。

面對現實的種種壓力，在他決定要放棄唯一堅持過的夢想之時，
卻在一次租屋中，
意外碰上了寄宿在房間裡的幽靈──小徹，還有住在隔壁的插畫家方琦。

張耀銘對方琦一見鍾情，但卻不敢行動，
最後與小徹達成協議──
只要他幫他追方琦，那他也會實現諾言，陪他玩遍遊樂園！

卻沒想到小徹第一步卻是附身在方琦所做的兔子玩偶身上，搞得張耀銘的生活天翻地覆……
小徹與方琦都有自己的夢想，也成為支持張耀銘夢想的人，三人在星月下的遊樂園許下心願。
他們的夢想，到底會不會實現呢？"
不聽吸血鬼的話，就會被咬喔！(04)新娘之契,子陽,奇幻科幻,完結,0,飛燕文創,奇幻,,,,,https://mojoin.com/novels/2426,"「我喜歡看你，像砧板上的魚。」
甜美的聲音吐出惡毒的言語，韓昭明要懺悔，他不該對米御開條件，所以……他就自食惡果了！他被打扮得英俊挺拔、戴上項圈，米御向他送上鮮花和鑽石，玩起了監禁＋放置play！？
米御的「前」新娘找上門來了，他有著絕世容顏，清新脫俗，他和普羅郡公聯手綁架韓昭明，害韓昭明覺得身體不舒服，心裡也不蘇湖！
「你願意成為我的新娘嗎？」
下跪、深情款款，如果米御再問一次，這次，韓昭明一定會說……"
顛覆童話(02)夜天使與王子,草子信,奇幻科幻,完結,120,飛燕文創,奇幻,,,,,https://mojoin.com/novels/2458,"即便要我拋棄一切，我也絕對不會放開妳的手。

從小身體虛弱的布萊恩，不過是虛有的王子，
沒有人在意他的死活，就連他的父親也從未愛過他。
原本以為被丟棄在森林的自己，會成為野獸的盤中飧，
卻沒想到在垂死邊緣，遇見了改變他一生的天使。

當年撿到的小小少年，多年後成長為令她驕傲的男人，
維卡將布萊恩的成長全看入眼底，連同他那份愛慕。
明知道自己無法放開布萊恩的手，卻又無法迴避他，
面對布萊恩坦率的告白，維卡才終於做出決定……

從前有位王子，愛上了森林中的少女，
在向她求婚的那晚，邪惡的魔法師蠱惑王子的心，
將真心相愛的兩人殘忍地分開。
被拋棄的少女無助地流淚，眼睜睜看著王子贏取魔法師為妻。
──然而這並不是故事的真相。"
闇騎士Ⅱ(11)瑣事、戰事、天下事,暮辰,奇幻科幻,完結,21,飛燕文創,奇幻,科幻,,,,https://mojoin.com/novels/3596,"神王是大敵，神族卻以救世主的身分加盟普羅斯抗魔聯軍？
赤裸裸的陰謀擺著，洛特一行人既然歸來，當然得揭穿神王的險惡用心！
新的戰火熊熊燃燒，明面對立、暗地裡同歸一人麾下的神魔雙王，似乎已經準備拋卻無用的陰謀，以最純粹的力量結束冥神與奈修瑞恩這一回合的博奕。
在神秘加盟者的幫助下，一場媲美神王計謀的空前大騙局，瘋狂登場！暗地裡，針對魔王的行動，也在悄然醞釀……"
最初與最後之時,七月鼠,奇幻科幻,完結,0,原創星球,科幻,奇幻,神話,末世,重生,https://mojoin.com/novels/3706,"發生在不遠的未來，也比神話更為古老的故事。
因為命運而相遇，卻註定要背叛才能實現的愛－－這就是預言的本質。"
輝銀的阿卡迪亞　第一枚,亦白,奇幻科幻,完結,10,作者授權,GL,百合,奇幻,,,https://mojoin.com/novels/551,"三年前母親病逝後，作為海比克斯家族末裔的蘿莎就與女僕艾可相依為命，在周圍的異樣眼光下低調地生活著。
蘿莎原以為自己也會在不久後和族人們一樣，因為百年前家族背叛魔女的「詛咒」而死，卻在某日莫名進入了一場灰銀色的夢境中，在被黑色影犬包圍的絕境下，與那名幻想一般的少女相遇。
「妳想要繼續活下去對吧？那就支付代價吧──讓我見識一下妳對願望的執著。」"
零度領域前傳 狙擊手篇,貓邏,奇幻科幻,完結,4,飛燕文創,奇幻,科幻,,,,https://mojoin.com/novels/3251,"在「戰神」名揚之前，

他們也只不過是遊走在各處的獨行俠，
一次次的交鋒成就了彼此的相知、相惜，
在槍砲彈藥的烽火中，鮮血交織成生死與共的友誼……

要是看了上面那些，誤以為本文裡頭會有轟轟烈烈的戰鬥，
那貓邏只能說－－你們真是太、天、真啦啊啊～～
所謂的文案啊，就是用來騙人滴！
這裡有的，就只是韃羅貓等人在狙擊手跟現實生活裡的一些片段，
部份不為人知的秘密！"
闇騎士Ⅱ(08)極限瘋狂與秘辛,暮辰,奇幻科幻,完結,0,飛燕文創,奇幻,科幻,,,,https://mojoin.com/novels/3575,"奧納格殞落的慘劇，是怎樣的力量在背後一力主導？
歸來的亡者將親自帶領選定者走上一遭，讓大家用雙眼目睹神界崩潰序曲的上演！
然而，想要知道真相，勢必付出代價。神王的步步緊逼，幾乎讓洛特陷入絕境……
如此絕境，馮勒卻不肯分兵各個突破的堅持，又是基於怎樣的幕後原因？
在死亡陰影逼近的當下，眾人是否能迎來轉機？這時候，驟然出現相護的鐮刀，又將代表哪方勢力？"
王子培育計畫(01)初見天界候選,米契,奇幻科幻,完結,20,飛燕文創,奇幻,科幻,,,,https://mojoin.com/novels/3509,"「如果能再見面，那就好了。」
懷著這樣的思念，夏靜天遇上了那似曾在夢中見過的少年。
少年有著銀色長髮與眼眸，只見他以俊臉擺出誠懇的笑容，緩緩地開口。
「我是神，是天界候選，而你……正是我要尋找的『艾普里歐』。」

  ……咦？
選拔？培育？彼界王？
夏靜天是彼界種子寄宿的「艾普里歐」？
這個少年要將他培育成王？

  與人類社會脫節的天然呆神明亞洛爾，陰陽眼準高中生夏靜天，再加上自稱夏靜天臨時代理監護人、
要保護夏靜天免受某位少根筋神明危害的死黨蘭予希，為期三年的王子培育計畫正式開始！"
神月online(04)遲緩的破滅,禾惠,奇幻科幻,完結,1,飛燕文創,奇幻,科幻,,,,https://mojoin.com/novels/3336,"初次參與城戰，卻因為病毒體的出現而一團混亂。
冥夜一而再、再而三像跳針的唱盤般出現在重生點，眾玩家都炸鍋了！
到底是怎樣強大的對手，竟讓冥夜死了又死？
冥夜表示：轟轟烈烈戰死不可怕，迷迷糊糊陷入溫柔陷阱中，那才真是羞恥得都想死了……
還有你們這些NPC到底怎麼回事啊？又是耍小人、又是搞自殺，對自己的生命這麼不愛惜……通通給我差不多一點啊！"
闇!騎士外傳－時間的此端與彼岸,暮辰,奇幻科幻,完結,0,飛燕文創,奇幻,科幻,,,,https://mojoin.com/novels/3521,"愛情使人盲目，但，盲目有的時候又會使人勇氣倍增！
所以連跟異性牽手都有障礙的塔迪，才有毅力魔界千里追愛，才有膽量找上洛特充當愛情顧問。
然而，皇儲「頑疾」格外難纏，佳人芳心不易討好──一個月的時限，塔迪加洛特的組合該使出何等手段，才有機會馬到成功？《塔迪篇．愛情無界線》，讓人見證愛的勇氣。
篝火晚會、細說往昔，馮勒師承大揭秘！馮勒與他第一位授業恩師究竟是如何初遇？絕對的崇敬是如何養成的？而死靈法師又該怎樣快速培育？《馮勒篇．回首求學時》將娓娓道來。"
神月online(03)血之異變,禾惠,奇幻科幻,完結,4,飛燕文創,奇幻,科幻,,,,https://mojoin.com/novels/3335,"好不容易結束了比賽，冥夜卻被迫開始逃亡？
被力量僅次於月神的強大存在盯上，結果竟意外和辛尼身上的重大秘密扯上關係！
對他起了興趣的高等NPC一個個自動找上門來，是嫌他的麻煩不夠多嗎？
又是遭小偷、又是被跟蹤，連尋找哥哥的小蘿莉也纏著他不放……
冥夜哀傷表示：難道自己真的有吸引怪胎的特殊體質？"
所羅門領域(01)被遺忘的故事,小山羊,奇幻科幻,完結,0,飛燕文創,奇幻,科幻,,,,https://mojoin.com/novels/3570,"在黑暗中緊緊握著對方的手就可以確保不會失去了嗎？千萬要小心是否有未知的勢力正在窺視著自己。
卡希特落入了無法回來的地方？！
被未知領域重要的單位「生命工廠LM」所管理，不能讓裡頭出來、也不能讓外界進去。所謂未知領域的垃圾場──「遺留地」，雖是定期將垃圾清理到無法進入的深處，一旦有人不小心落進去就無法出來。
不論是監視者、清道夫，除非計畫允許，否則誰也沒資格去就裡頭的東西帶出來。
想救卡希特就必須與未知領域對抗！而能夠入侵主機，順利救出卡希特的，全未知領域只有一人──未知領域的清道夫，瀨！"
女巫養成記01 轉學,東邦,奇幻科幻,完結,0,飛燕文創,奇幻,科幻,異能,冒險,,https://mojoin.com/novels/3642,"面對叔叔「一生唯一」的請求，答應轉學的盧筱希越來越後悔她當初為何要心軟
──
靠，這到底是他媽的什麼學校啊？
進校門要精神力；
畢業資格是孵出小女巫；
學校學生除了來自各個星系的外星人還有叔叔曾說過的故事人物……
面對種種出乎她認知以外的學校生活，以及各式各樣的校規規定，她就已經夠傻眼了，偏偏她還跟聖洛亞各相剋，倒楣命運就此和她糾纏不清……叔叔，你就不要有一天被我找到！"
零度領域 新裝版(05),貓邏,奇幻科幻,完結,0,飛燕文創,奇幻,科幻,,,,https://mojoin.com/novels/3225,"酆都真不愧是「鬼都」，路過的都是一些妖魔鬼怪
看起來還真像是來到另一個世界的感覺……

媽呀！要找鬼王還要經過一堆機關跟怪物，真是累死人了！
欸？前面有別的隊伍耶，那個男生好面熟……

呼呼，找了一堆陪練高手，我應該可以進步神速吧？
不過，怎麼總覺得有一股帶有「殺氣」的視線傳來呢？
我應該沒有得罪人啊……

終於、終於要跟其他人開打了！
我一定不能輸！
啊啊！不可以耍賴偷襲啦啊啊啊！
可惡，大家都變奸詐了！"
不聽吸血鬼的話，就會被咬喔！(05)家主之爭,子陽,奇幻科幻,完結,0,飛燕文創,奇幻,,,,,https://mojoin.com/novels/2427,"他被推去撞牆、撞天花板，被咬得頭昏眼花，從他身上流出來的東西弄髒了床單（他指的是鮮血），他褲子都脫一半了，結果米御跑了！
純血族從上到下都知道他是白狼，還跑去他家按門鈴、拍照、朝聖，到底是誰洩漏他的個資？——不要在我的視線裡出現吸血鬼，讓我想起他啊啊啊，混蛋！
他費盡千辛萬苦潛入家主宅邸，當米御就站在他的面前，他知道自己一生都會跟這個人糾纏下去……
「韓昭明，我選擇你。」如果米御不能來找他，就由他去找米御吧！"
我被困在遊戲裡了？,辛亞,奇幻科幻,完結,0,獨家原創,宮廷,奇幻,校園,每週四更新,,https://mojoin.com/novels/1102,"少年發現自己進入遊戲世界，一個平凡的普通人，要如何在擁有魔法、神奇力量的異世界生存下去呢？
他該如何決定自己的道路？首先要找到盟友，少年遇上公主，一個看穿他來歷的人。

少年知道遊戲世界的故事，甚至走過每一塊大陸，向重要人物交付過任務，他什麼都知道，又什麼都不知道。
公主自身也面對著身分、國家、家族、成長的困境。

少年知道世界面臨著危機，他進入世界的時間點不巧，成為一個魔法學校的應屆畢業生。
問題是他什麼都不會，他能做什麼幫助公主？改變世界的命運？"
闇騎士Ⅱ(07)變色的光之故鄉,暮辰,奇幻科幻,完結,0,飛燕文創,奇幻,科幻,,,,https://mojoin.com/novels/3574,"神界的「特產」是什麼？
以前不好說，現在抓十個人，有九個會回答「恐怖活動」，另外三個人則會痛心疾首地告訴你：「失業潮！」
神王的鐵血統治，幾乎把神界營造成另一個魔界，卻無巧不巧，提供了洛特一行人混水摸魚的機會。
只不過，機遇與危險總是相伴，能把握住就會成功；把握不了，勢必成仁。看洛特一行人如何勇闖神界！"
姑涼惹不得(01)命中註定的相遇,蔚海,奇幻科幻,完結,0,飛燕文創,奇幻,科幻,,,,https://mojoin.com/novels/3416,"鼎鼎大名的電腦駭客向韻涼，為了暗中幫〈陞光〉找出最近惡意竄改玩家帳號的兇手，登入一年多以來都沒有碰的〈微風之翼〉，要尋找出隨機惡意攻擊玩家的兇手。

沒有想到一登入到全息系統，想要先試試看手感，在野外區揮個劍就殺死了WWO中的某大神──

覺得很抱歉？願意賠償？可是怎麼辦，大神什麼也不缺──
看來，可憐的小姑涼就只能以、身、相、許了！ヽ(ﾟ▽ﾟ)ノ"
闇!!騎士(02)天使也瘋狂,暮辰,奇幻科幻,完結,0,飛燕文創,奇幻,科幻,,,,https://mojoin.com/novels/3395,"洛特與穆亞，居然也有感情破裂的一天？這下子，騎士團霎時慘遭超級低氣壓籠罩，人人繃緊神經，日子過得低調再低調，偏偏上天不作美，竟派來競爭對手湊熱鬧。

皇家VS禁衛，兩大騎士團的梁子豈是幾日幾夜說得清？奈何友誼交流賽的到來，恰好撞上一肚子鬱悶無處發洩的洛特活火山，搞出了一對十九車輪戰，外帶一場半夜三更的危樓群戰。

洛特是否可以逢凶化吉，或者只能苦哈哈的被人修理一場又一場，仰天祈禱未知的強援？"
Math Server Volume 1,伍德．瓦懷特,奇幻科幻,完結,0,原創星球,戰鬥,奇幻,,,,https://mojoin.com/novels/60,"用定理鍛造武器、用信念開拓未來。
融合校園日常、王道戰鬥、解謎推理的現代都市輕奇幻「Math Server」系列正式登場！"
私人童話,鴉青染,奇幻科幻,完結,0,原創星球,懸疑,妖怪,,,,https://mojoin.com/novels/877,"以童話為基礎或範本的個人創作童話（但並不是給小孩子看的）。
屬於短篇匯集。"
神月online(10)心的溫度(END),禾惠,奇幻科幻,完結,0,飛燕文創,奇幻,科幻,,,,https://mojoin.com/novels/3342,"承載著各種期望、各種想法，全境副本天劫終於落下帷幕。
然而在帷幕之後，這場遊戲卻還未終結。

一如以往的日常底下，瘋狂的執念與惡意交雜，讓通往未來的道路崎嶇難行。
但是最純粹的感情，卻只有這一刻才能擁有。

在現實與虛擬之間載浮載沉，為了抓住屬於自己的幸福，以自身存在作為賭注。

這場遊戲，原來在更早之前就已經悄悄開始了……"
魔法少女年鑑拾遺,互生眼,奇幻科幻,完結,10,原創星球,黑暗,擬人,都市,幻想,,https://mojoin.com/novels/3660,"傘面是透明的，她只要抬起頭，就能望見雨滴的結構被撞得支離破碎。
破碎的雨滴匯集成新的，宛如屍體重新拼裝成新的生命，然後再度支離破碎。
最美的是，世人稱其為梅雨。"
虛月舞曲,小蛇hebi,奇幻科幻,完結,0,原創星球,奇幻,戰鬥,救贖,戀愛,架空,https://mojoin.com/novels/3671,"受虛月詛咒的騎士，與素不相識的旅人青年踏上了旅程，兩人都在追尋各自的目標。
最後，兩人分別做出了選擇。騎士想守護人們，青年卻對騎士說。
「我想守護妳。」"
諾瓦之塔,安普特,奇幻科幻,完結,10,原創星球,生存遊戲,虛心,成長,,,https://mojoin.com/novels/3618,"小說x吃雞x生存遊戲
一場死亡與重生的故事，一份告別的禮物

繪師/浣熊LiRn
封面設計/微靈"
黑霆的噩夢師,蓬暗,奇幻科幻,完結,1,原創星球,戰鬥,冒險,架空,,,https://mojoin.com/novels/207,"在一個落雨的午後，翎夜歌忽然變成了孤兒，給她塞了名片的法醫有著奇怪的邀請，加入黑霆就會成為撰寫師。
編寫噩夢？真是聞所未聞"
怪異幽冥尋物所：您今天遺失了眼睛，鼻子，還是人生呢？(02),DARK櫻薰,奇幻科幻,完結,158,飛燕文創,奇幻,科幻,,,,https://mojoin.com/novels/2954,"後天缺陷不恐怖，真正麻煩的反而是涉及前世因果的麻煩委託人。
這些委託人可不可以退貨……當然不可以！

買賣人強勢來襲，對著尋物所眾人刷了滿滿的存在感。
覃衍昊裝死罷工，柏硯錞含淚跟翟陽諒當起了搭檔……
面對鐵血新搭檔，柏硯錞特別懷念覃衍昊的毒舌。

覃家人、買賣人，他們的目標到底是什麼？"
惡鬼補習班(01)地下十三樓也能有補習班,望宸,奇幻科幻,完結,0,飛燕文創,奇幻,科幻,,,,https://mojoin.com/novels/3464,"我是唐芯苗，一個剛考完基測等待放榜的國三畢業生。
號稱「這輩子最輕鬆的夏天」，我跟其他同儕好友一樣，第一次踏入打工的世界。
可是，同樣是補習班工讀……
為什麼我打工的地方要命得那麼莫名其妙啊啊啊？

地下十三樓的補習班、天黑開始的課程、暴虐冷酷的補習名師、聽都沒聽過的課程，以及──
號稱人滿為患但一個影子也看不到的學生？

除了膽小外，平凡到極點的唐芯苗，竟然誤闖與眾不同、世界上獨一無二的「惡鬼補習班」！
這麼莫名其妙又玩命的打工，她究竟可以撐到何年何月呢？
夏天又冷又熱的打工記事就此展開！"
山神廟後的狐狸村,鬱兔,奇幻科幻,完結,10,飛燕文創,奇幻,科幻,,,,https://mojoin.com/novels/3196,"望月柊樹因太受歡迎而困擾，故到偏遠山區任教。
他原本以為從此以後就能和自己心愛的二D虛擬人物米米過上平穩的日子，也沒想過要有真實的女友。
誰知道有天，他上山參拜了深山中的山神廟之後，竟然遇上了與米米如出一轍的現實存在人物……只是，性別不對啊！

這個叫做蓮華的狐狸一天到晚糾纏他，到底是巴結他還是帶給他困擾，將他的生活搞得一團亂。
蓮華到底有什麼目的？他能平安擺脫蓮華的糾纏嗎？
而這神秘的山神廟到底又與他所在的小村莊有什麼淵源呢？"
於是我回家睡覺,ghfjdksl,奇幻科幻,完結,0,原創星球,戰鬥,異界,,,,https://mojoin.com/novels/56,於是我閉上雙眼，祈求永眠，一如以往。 ──節錄自劉水的遺書，終章
闇騎士Ⅱ(03)離世幽冥島–下,暮辰,奇幻科幻,完結,0,飛燕文創,奇幻,科幻,,,,https://mojoin.com/novels/3545,"叛人者人恆叛之？因為前世種因，今生就要償還那樣的果？
洛特與冥神，前世與今生，糾葛大揭密！
究竟，他們之前有過多少因緣糾葛？為何跨越了萬年的光陰，冥神的目光會再度放到曾經的屬下身上？
明顯不對勁的神王與魔王，在這裡頭又扮演了什麼樣的角色？"
穿越變蘿莉(04)龍朔學苑,白日幻夢,奇幻科幻,完結,0,飛燕文創,奇幻,科幻,,,,https://mojoin.com/novels/3234,"和四神締結生命連繫契約之後，林日揚終於能運用靈力了。
憑藉穿越前的知識，他成功做出他在盤古大陸的第一個作品，以第一名通過了學考，正志得意滿時，卻得知遠在桑林的趙紫雲身受重傷的消息！
林日揚在趙紫雲彌留之際匆忙趕至，五神聯手將趙紫雲從鬼門關拉了回來，誰知死神才剛惋惜的收了鐮刀，神經病患者就接著找碴！讓林日揚感嘆人果然不能太出風頭，不過這老天也太不公道了吧，讓他轉運一下是會怎樣？
林日揚一邊忙著三娘教子，一邊還要跟死神搶生意，不僅要應付神經病，又有來歷被識破跟失身的危機……算了！他看破了，反正他就是個很衰的勞碌命！"
闇騎士Ⅱ(09)被虛化的生死線,暮辰,奇幻科幻,完結,0,飛燕文創,奇幻,科幻,,,,https://mojoin.com/novels/3586,"罪魂造反，冥界大亂！
洛特一行人臨危受命，潛入黑什爾要塞當內應。
心情極度不爽的馮勒藉機發洩，死靈帝君階級上的絕對壓制，無巧不巧壓迫出神魔雙王已將手伸入冥界，叛亂表象下似乎另有內幕的疑慮。
禍不單行，冥界叛亂在前，冥府之門封印被破在後。
為了找回封印用的冥神像，洛特、穆亞重新踏上人界的土地，意外重逢老友。
經對方提醒，這才後知後覺的發現，人界這片天，似乎也變得不太一樣……"
闇!!騎士(07)破繭進行曲,暮辰,奇幻科幻,完結,0,飛燕文創,奇幻,科幻,,,,https://mojoin.com/novels/3444,"專制的定義是什麼？
就是獨斷獨行，說東絕對不允許任何人往西走。
洛特大人就是如此專制，安排了手底下騎士的假期，只為取得雙頭龍蟒的晶核。
踏出別人的一小步，他走向重現六翼天使輝煌的一大步。
偏偏這位重生墮天使的毛病還挺多，身體的傷恢復了，心靈的傷卻裂開了。
騎士團長與眾位大隊長不得不開會討論，最終制定一套「瞭解洛特心靈變化套餐」任務，由穆亞、菲斯洛主導參與。"
404醫院—寂寞科,九命貓,奇幻科幻,完結,34,原創星球,奇幻,日常,都會,,,https://mojoin.com/novels/440,"仇恨、嫉妒、憂慮、痛徹心扉，皆因寂寞。 若寂寞能視、能觸、能醫治。 你選擇與它共處，抑或是，用盡一切方法割捨？
404醫院是一間漂浮在異空間的醫院，專為需要的人開啟。 話說，醫院？ 這……這樣一片白的環境，的確是醫院沒錯啦，但是是不是搞錯什麼啦？

新系列連載，404醫院一共三個故事，先為大家獻上《寂寞科》
ＰＳ：以下兩個管道可以找到我的蹤跡：
FB：Cat 九命貓
IG：storymaker_nine"
闇騎士Ⅱ(12)終點，起點(END),暮辰,奇幻科幻,完結,13,飛燕文創,奇幻,科幻,,,,https://mojoin.com/novels/3597,"非生非死是什麼滋味？死而復生就一定幸福？
混亂的人間界，鬼門大開、罪魂亂舞、弒神再臨，生死線一夕開始傾斜……
隱身幕後的奈修瑞恩底牌一張一張揭開，既在意料中也在意料外的叛徒，關鍵時刻露出了獠牙！
而它，也終於登上自己佈置的舞台！"
零度領域 新裝版(06),貓邏,奇幻科幻,完結,0,飛燕文創,奇幻,科幻,,,,https://mojoin.com/novels/3226,"為什麼喜歡上一個人，就要連帶憎恨其他人？
使用手段將對自己不利的一方逼退，真的就能得到幸福嗎？

到底是怎麼一回事？
為什麼麻煩事一件接著一件出現？
造謠、毀謗、放黑函也就算了，竟然還跑來我們的賭場鬧事？
這未免也太過份了！
不可原諒，你們這些人……
不值得饒恕！

「難道我真的這麼不值得你信任？」
「為什麼你一而再、再而三的相信別人，就是不相信我？」

在你開口之前，我明明已經知道你會說什麼了，
可是我還是對你抱持希望，希望你會站在我這邊，
甚至，希望你會相信我。
真可笑，我還真是愚蠢啊……
遙日，你，真的讓我很失望，非常、非常的失望。"
Destiny 光與影的羈絆(05)被世界遺忘的戰場,翼翎,奇幻科幻,完結,0,飛燕文創,奇幻,科幻,,,,https://mojoin.com/novels/3377,"突如其來的邀請，讓戰靈們一同去到那如同塞納里恩一樣神秘的城鎮中參加著鳳雛城一年一度的新年祭典，然而他們卻隨著初代家主封印的契靈陷入了時間的洪流之中，藉著說書人的歌謠回到了這個大陸的最初，看著那掩藏在歷史中的真相以及最初的真實。
生命之樹的起始、創世與末日的出現、百大種族的興盛、神之戰爭的殞落、殘虐暴君的統治以及那位曾被記載的──消失的第五個人。
「他的惡不過只是希望和弟弟能有個安身之所……妳覺得這個世界上何謂善、何謂惡呢？」
何為善？何為惡？
這個問題老實說梧莘到現在依然沒有找到一個正解。
「在我看來，其實只是想要守護的東西及信念不同罷了。」
善惡之分。
只不過是因為，想要保護的東西，不同罷了。"
闇騎士Ⅱ(02)離世幽冥島–上,暮辰,奇幻科幻,完結,0,飛燕文創,奇幻,科幻,,,,https://mojoin.com/novels/3536,"坐船能夠發生什麼意外？茫茫幽冥海，生靈難近，入海更無生還之理。
然而，一場發生在海上的「內鬨」，卻把洛特等人鬧得雞飛狗跳，險些要發生流血事件。偏偏這一切災難的源頭，只能歸咎於兩個字——夢、遊！
令人膽顫心驚的夢遊事件才剛結束，很快的，冥神的島嶼就出現在前方。但是，這座島卻是個處處有驚喜的地方。不需多時，洛特一行人就能明白，和島嶼上的「驚喜」相比，船上的遭遇只能算是熱身等級……"
闇騎士Ⅱ(10)陰謀、羈絆、黃金瞳,暮辰,奇幻科幻,完結,1,飛燕文創,奇幻,科幻,,,,https://mojoin.com/novels/3587,"罪魂軍收縮地獄防守，冥軍初獲大捷！
回收地獄領土的戰線高歌猛進，洛特前世今生的命運羈絆重新連結的關鍵時刻，也伴隨冥軍對地獄逐步收復而漸漸逼近。
儘管被罪魂收買投敵的間諜被一一揪出，被佔去的土地一吋吋奪回，不祥的陰雲卻依舊籠罩……
當罪魂反叛軍最終陰謀揭露，洛特也走上追尋黃金瞳的道路。他這一去，將會帶回哪些左右戰局的重要線索呢？"
未知領域(02)送葬輓歌,小山羊,奇幻科幻,完結,90,飛燕文創,奇幻,科幻,,,,https://mojoin.com/novels/3462,"這世界並非你所想像的這麼簡單。
邪惡總是在檯面下緩緩進行，在不知不覺的時候。知情的人都明白，究竟是什麼勢力在底下運作著。

──「未知領域」。
2004年，理應抓到真兇的「連續女子分屍案」再度出現。
刑事警官李穹翔奉命追查出真兇，發現事情並非自己想像的這麼簡單……
同時，「醉」已經是個以電腦駭客情報商。他接獲情報，前去調查少年犯罪的真相，然而同時有人窺伺著他……
新世代都市懸疑冒險第二彈，就此展開！"
超廢人,二迴林,奇幻科幻,完結,0,原創星球,科幻校園,廢人社,廢材男主,兄控妹妹,巨乳幼馴染,https://mojoin.com/novels/1128,喝茶無罪、吃餅有理，即便在末日後重建世界也要盡情耍廢。
神月online(09)災難的連鎖,禾惠,奇幻科幻,完結,0,飛燕文創,奇幻,科幻,,,,https://mojoin.com/novels/3341,"軒芸城的事務順利步上軌道，身為城主的冥夜卻依舊沒得閒，因為緊接著又將迎來神月最大的盛事──範圍囊括整個安杜拉的超大型副本「天劫」！
磨拳擦掌準備大顯身手一番的冥夜，卻被下了升等禁止令，這也不能做、那也不能做，到底是想憋死誰？

尋找辛尼最後一個意識體、登上通天閣向月神許願……明明有很多重要的事急待完成，卻有一堆白目傢伙排著隊來扯後腿？
被衰神纏身已經夠倒楣了，拜託爸媽你們別來參一腳，現在不是挑女婿的時候啊！"
逢日．光音【短篇集】,蓬暗,奇幻科幻,完結,0,飛燕文創,奇幻,科幻,,,,https://mojoin.com/novels/3587,"罪魂軍收縮地獄防守，冥軍初獲大捷！
回收地獄領土的戰線高歌猛進，洛特前世今生的命運羈絆重新連結的關鍵時刻，也伴隨冥軍對地獄逐步收復而漸漸逼近。
儘管被罪魂收買投敵的間諜被一一揪出，被佔去的土地一吋吋奪回，不祥的陰雲卻依舊籠罩……
當罪魂反叛軍最終陰謀揭露，洛特也走上追尋黃金瞳的道路。他這一去，將會帶回哪些左右戰局的重要線索呢？"
弒神之劍布諾希黎爾,無胥,奇幻科幻,完結,0,原創星球,奇幻,科幻,,,,https://mojoin.com/novels/3585,"活在世界陰影處的人類們，將如何向命運展開反擊！？
------
「就算是這樣的世界，你也想活下去嗎？」

人類在二十年前終於看見了太陽。
自古壟罩著大陸的「光霧」散去，清澈的天空竟是如此美麗。
人們手舞足蹈、設宴歡愉，感謝偉大的「神」所給予的恩賜。
然而，天空卻崩落了。
無數巨石砸落地面，撕裂了大地、摧毀了文明，
同一時間，天上的「神」突然降世，無情地對人類展開屠殺。

於是人類重新擁抱危險的光霧，隱遁於地底、苟活以度日。
沒有了夢想、沒有了未來，只期盼著神息怒的那天到來──
或許，人類還能重新取得「生存的資格」。

遙不可及的期盼、庸庸碌碌的生活，
人類距離滅亡，已經不遠了。

然而，不知何時起，某個傳聞卻於無數的地穴村莊中流傳......
「只要擁有布諾希黎爾，就能殺死神。」"
闇!!騎士(04)搶救禁忌愛情,暮辰,奇幻科幻,完結,0,飛燕文創,奇幻,科幻,,,,https://mojoin.com/novels/3404,"卡克的強橫讓騎士團眾人束手無策，就在馮勒眼看情勢越來越不妙，準備扯下文弱醫官的外衣動手之際，嘹亮的龍吟，帶來救星降臨的訊息。
只是，這位救星大人挽回危局的方法卻是──彈琴？
老天爺，這時候不適合開玩笑，留著以後好不好？
好不容易度過龍背島風波，骨子裡古靈精怪的帝國三公主又微服而來，拿著魔法古物「西蒂耶卡之遺憾」與金光閃閃的「誘餌」，從洛特那裡買到解答，也買到保鏢。
現實世界一波方止，書中世界一波又起……"
零度領域 新裝版(04),貓邏,奇幻科幻,完結,0,飛燕文創,奇幻,科幻,,,,https://mojoin.com/novels/3223,"一切的事情進展的很順利，任務似乎快要解開了？
呃？怎麼會變成這樣？這一切跟我想的完全不同
這樣的結局、這樣的答案……
遙日啊，我們……找出答案，真的比較好嗎？

戰神總部已經開放參觀了？
啥？狙擊手大幅度改版，還找來一群女生當「辣妹狙擊團」？
嘖！這個討厭鬼是誰啊？
竟然說要用錢找回戰神，幫狙擊手做宣傳？
去去去！我們戰神可不是商品，別想用錢收買我們！"
魔法禁止事項(02)禁止用魔法創造生命,楊寒,奇幻科幻,完結,70,飛燕文創,奇幻,科幻,,,,https://mojoin.com/novels/3348,"梅北望的哥哥，被一頭巨龍擊殺了！？
因為這件事情，聖伯多祿第三中學竟然嚴密監控、保護主角一行人。
澹臺球等人為了查明學校奇怪的態度而前往羅馬。
不過澹臺球等人的確也遭遇到了襲擊，然而襲擊者卻是巨大的……骷髏巨龍……？
他們即將揭開梅北望家族的秘密……
究竟是誰違反了「魔法禁止事項」？"
淵,安普特,奇幻科幻,完結,0,原創星球,奇幻,冒險,,,,https://mojoin.com/novels/1104,"夕陽落下，夜幕悄悄降臨……
歡迎進入最神秘迷人但又最為殘酷的吸血鬼世界

恭喜你們被血族挑上，獲得成為永生吸血鬼的機會。
你們已被初步授血，若你們能在三小時內通過所有關卡及試煉，你們就能轉化成永生的吸血鬼。
只可惜，通過此試煉的機率只有二分之一，因此至少會有四人痛苦的死去！
此外，若你們沒有在三個小時內通過試煉，所有人都會被注入你們體內的吸血鬼血液毒死。
在看完以上這些令人愉快的訊息後，有沒有很期待呢？
時間已經開始倒數了，願命運之神站在你們這邊！

八名男女，莫名其妙地在一間陌生的房間中醒來。
詭異的字條上，宣告了八人未來的命運。
三小時一到沒通過試煉。全滅。
在三小時內通過試煉，一半成為吸血鬼，一半痛苦死去。

面對如此嚴苛的考驗，這八位素未謀面的人類該如何通力合作，通過試煉呢？"
制約天使(04)遊戲終盤與破壞者(END),DARK櫻薰,奇幻科幻,完結,0,飛燕文創,奇幻,科幻,,,,https://mojoin.com/novels/3607,"天使大人的最終棋局開始，冷揆言和連祐程迎來的是最後考驗，還是永無止境的棋局？
天使大人身分揭露，居然是「那個人」。
只是他們面對的，卻是跟密室脫逃沒啥兩樣的無限循環的空間。
這讓冷揆言忍不住仰望著天，想問問那個天使大人，是否怕輸，就乾脆地這樣玩弄他們。
最後的決戰，勝者會是天使大人、還是冷揆言和連祐程呢？"
穿越變蘿莉(02)破碎的靈魂,白日幻夢,奇幻科幻,完結,0,飛燕文創,奇幻,科幻,,,,https://mojoin.com/novels/3224,"姚傲璿跟林日揚說，他的靈魂隨時都有消散危機！
誰知道還沒有想出解決辦法，因為吉雲殿的立威，林日揚又迎來了四方神君中的另外三位。
這種林日揚一點也不想要的買一送三讓他忘了自己的靈魂危機，結果果然就倒楣了──
林日揚在前往龍朔學苑的途中靈魂即將破滅！
前進無門後無退路的林日揚該如何度過危機？他的衰運又會帶賽害了誰？
老天啊！至少留扇小破窗給他啊──！"
台灣勇者協會T.G.G(05)騷年啊，胸不平何以平天下,玥主朽紅,奇幻科幻,完結,20,飛燕文創,奇幻,科幻,,,,https://mojoin.com/novels/3590,"『風，是自由的，沒有人能束縛住。』

一年一度的聖誕節就快要到了。
處處充滿著溫暖的氣氛，尤其是我們的學校。
溫暖過頭到根本是要燒起來的地步了。
艾爾蘭德學園最有名的活動，剩蛋……我是說，聖誕節校慶即將展開！
交織著各種想法，回憶與約定，牛肉蓋飯一年份與敵視你樂園五天四夜遊。
還有大義與……別再說大義了，根本就是私人慾望。
但我不畏艱難……

因為，我要成為，艾爾蘭德之花！……咦？好像有哪裡怪怪的。"
站在死神的肩膀上凝視永恆,亞蘇,奇幻科幻,完結,10,作者授權,奇幻,惡魔,契約,,,https://mojoin.com/novels/834,"雖然姓夏名洛克，組合起來就是大名鼎鼎的夏洛克．福爾摩斯的夏洛克，但其實骨子卻是弱得要命的私家偵探。
原本是三個合夥人合資的事務所，因故只剩下夏洛克一人苦苦支撐；他需要一個足以讓自己擺脫貧窮，事務所起死回生的大案子！
但是在一旁的助手並非華生醫生。
是一個名叫梅菲的十九歲俄羅斯美女……別被她的外表騙了！
她可不是普通女人，而是——"
穿越變蘿莉(10)逝去歸來,白日幻夢,奇幻科幻,完結,0,飛燕文創,奇幻,科幻,,,,https://mojoin.com/novels/3253,"大皇兄趙紫陽終於攜美（誤？）歸來了！真是可喜可賀、普天同慶～
隨之而來的是宇文承皓令人不解的投誠，關於敵人上一秒還在鬧心，下一秒就洗心革面的節奏會不會太突兀？過程呢（拍桌）！由日神做保，大家坐下來敞開了談，原來人家也是可憐的孩子，因為被悲劇所以中二了，中二的孩子轉變總是那麼的突如其來（遠目）……

宇文承皓的臨時反水為林日揚一方帶來大量的訊息，以及掩藏在一連串看似無關的動亂背後的真意，只是真相也不是那麼好接的，當情勢已非人力所能，四神也只能做出選擇──「如果這個世界沒了，一切將不復存在，我們只有一個選擇。」
美花臨時插播報導：「咱們小揚性別真相也終於揭露了！萬年的小LOLI……」被拍飛。"
花蕊,柔親帶笑,奇幻科幻,完結,4,原創星球,議題,,,,,https://mojoin.com/novels/510,"時間設定在未來，科學突破了臨界， DNA 不再是限制人類殘缺的理由。
在2007年，人類DNA就已完整的翻譯出來；2025年，DNA操縱技術趨向成熟；2038年，人類已完全了解並控制住了基因；2041年，是人類新世態的開始。

生下來的孩子不但充聚智慧、美麗，而人類一成不變的外表不再是唯一，更多人追求多功能，可以在夜晚發光、能夠像鳥在天上飛行、不用收音機，便能像蝙蝠一樣收聽電台、擁有狗的靈敏嗅覺。
在2025年到2038年，由於技術還未成熟，這波革命下便會出現許多無辜的白老鼠，在基因革命波動之下，許多未知疾病便紛紛見世。
一位女孩便是這波革命下的無辜犧牲者，自幼開始，便開始與她的生命力賽跑，和死神作搏鬥，不僅僅的堅強，在疾病與家庭糾紛的撕裂下，ㄧ個不同觀點的視野，是不是，能在生命最終之前，也能闊達的回眸一笑？
就在這個神話時代，奔跑吧，月尚氏！"
怪異幽冥尋物所：您今天遺失了眼睛，鼻子，還是人生呢？(03),DARK櫻薰,奇幻科幻,完結,147,飛燕文創,奇幻,科幻,,,,https://mojoin.com/novels/2979,"天有不測風雲，人有旦夕禍福，
尋物所眾人好不容易有個悠閒的休息時光，卻有個不認識的算命師在開大召喚術，送上自動挾帶大型任務鏈的委託人。
面對這自動上門，可說是「蟲蟲危機」的任務，他們一點也不想要！

蠱毒、道法、算命師。
這起有著「裡面」世界色彩的任務，這讓人不禁想問，
——這場委託的背後，究竟有多少不為人知的祕密？"
穿越變蘿莉(03)冒險者,白日幻夢,奇幻科幻,完結,0,飛燕文創,奇幻,科幻,,,,https://mojoin.com/novels/3233,"趙紫雲等人將計就計讓林日揚先行前往龍朔城，林日揚不明白其中原因卻也樂得輕鬆，逍遙自在的跟著程斐等人前往天香城的冒險者公會，還一時興起考了個冒險者證明，一腳跨進冒險者的世界。
日子過得很愉快的林日揚在冒險者公會鬧笑話又惹風波之後，揮揮衣袖就跟姚煞一起出發前往原目標－－龍朔城。
拜託姚煞帶路果然是大錯特錯的決定，人家說一步錯就步步錯，老天果然很不厚愛他，人才開心沒幾天就又開始衰了，四方神君和季翩然在林日揚將入學之際說什麼也要湊上一腳。
沒報名費？找個看起來有錢的人拖進暗巷裡……
入學考？不好意思，打得太用力毀掉你的考場，請去找飼主林日揚討回公道！"
人生狗生,艷少,奇幻科幻,完結,1,獨家原創,遊戲,現代,職場,,,https://mojoin.com/novels/3199,"一個被老闆摧殘成社畜的遊戲ＰＭ，某天下載了一個未知的app，
沒想到居然為他開啟了開掛的人生……"
不聽吸血鬼的話，就會被咬喔！(06)百年之願(END),子陽,奇幻科幻,完結,1,飛燕文創,奇幻,,,,,https://mojoin.com/novels/2428,"「米御，你也親我一下？」
看到米御和張瀛抱在一起，韓昭明吃醋！？
米御答應給張瀛三個願望，他不顧米卡卡反對，搞得宅邸裡人仰馬翻。面對米御的堅若磐石，米卡卡覺得自己像以卵擊石，他只好請出韓昭明……

「你會在家主宅邸過夜的話，別忘了，我想要妹妹。」米卡卡的眼神彷彿能穿透一切，「你懂的～」
「我不懂！我也不想懂！」韓昭明有被騷擾的感覺，這絕對是性騷擾！

想做一件讓喜歡的人高興的事，韓昭明首次登台演出——
兩個人能夠相遇，並且相處，就是奇蹟。
百年之願‧感動最終章！"
零度領域 新裝版(08),貓邏,奇幻科幻,完結,0,飛燕文創,奇幻,科幻,,,,https://mojoin.com/novels/3238,"原來地獄的任務跟其他地方模式不同啊？
遇上怪物沒辦法使用戰鬥技能，那我們也只能多買些防身道具自保了。
喂喂，你們兩個不要吵啦！我知道你們互看不順眼
可是現在大家組隊解任務，你們也該有點合作精神吧？

耶？遙日跳槽去MASK公會？他為什麼要離開？
遙日跟那個女生好像很親密……
他是不是喜歡上她了？
他是因為她才轉公會嗎？

咦？只要能完成零度領域的最終任務，就能擁有一座公會城？
最先完成任務的公會，還能夠選擇公會城設置的地點？
天啊！那還在等什麼！我們快點去接任務吧！
要是晚了，我們的公會城就只能落在偏遠的小角落了。"
台灣勇者協會T.G.G(03)仲秋夜之夢,玥主朽紅,奇幻科幻,完結,22,飛燕文創,奇幻,科幻,,,,https://mojoin.com/novels/3578,"『那一定就是，愛！』
在考完段考的那個週末，因為如此如此這般這般。
住在魔王城（四層樓透天厝）的所有人全部都要出發去墾丁！
當然，身為魔王的我，早就料想到這不可能會是一趟普通的出遊了。

在夜晚的海灘上與憂鬱的少女邂逅是一件很浪漫的事。
在深夜一同找尋失物同樣也是一件很浪漫的事……大概啦。
只是我沒有料到這次的出遊可以不普通到如此突破天際……

對，突破天際了。
搖滾吧！大家一起在墾丁秋天吶喊吧！
陽光、沙灘、海浪仙人掌……還有一位公主艦長？
……難、難道，這一集就要進入傳說中的宇宙篇了嗎？"
神月online(07)承諾與背離,禾惠,奇幻科幻,完結,0,飛燕文創,奇幻,科幻,,,,https://mojoin.com/novels/3339,"守城戰才剛開始，冥夜就察覺到各種不對勁。
有古怪的不只是敵方，連自己人也不知道該不該相信了。
這座地點偏僻的軒芸城到底藏著什麼祕密？竟然人人搶著打？
一封給遠方親人的信、一雙明亮堅毅的眼睛，讓冥夜許下不悔的承諾。
為此，無論是怎樣困難的試煉他都願意拼上性命去挑戰！
只不過……他的債台怎麼越疊越高了？
難道在煩惱怎麼變強之前，應該先煩惱怎麼賺錢嗎？"
Destiny 光與影的羈絆(06)光影的傳說(END),翼翎,奇幻科幻,完結,3,飛燕文創,奇幻,科幻,,,,https://mojoin.com/novels/3378,"「如果可以重來，你還會不會殺了我？」
穿越時光的幻境，回溯千年前的輪迴，隨著時間的腳步不斷前進，泛黃的書卷刻劃著故事的真相，一卷卷訴說著那當年的悲哀，亙古的歌謠傳唱著傳說的始末，一首首掀起那埋藏過去的故事。
命運與機會的操弄，輪迴與時間的選擇，創世與末日的旁觀，滅世與祭品的出現，絕望之聲將響徹昔日的寧靜之鄉，這個世界將被黑暗的子民所籠罩，再無任何一寸陽光及綠草。
「有時候，不是我們去選擇際遇，而是際遇來選擇我們，當際遇來到時，我們能夠做的，只有接受這個挑戰。不要說機會從來沒有出現，它曾經出現過，只是從來沒有人捨得放下自己所擁有的東西。」
人生的構成，交錯著黑暗和光明，光影之後，定有屬於我們的希望。
「我的命運在我自己的手裡，不是在別人的口中，就算是神也一樣。」
──我的傳說是由我自己開啟，那麼就該由我親自寫下結局。"
來自異世界的清水島(01)燦白之光,楊寒,奇幻科幻,完結,10,飛燕文創,奇幻,科幻,,,,https://mojoin.com/novels/2847,"消失在地球上的「清水島」竟出現在一個充滿惡魔生物的星球！
這個星球上的魔獸們經常不懷好意地上門造訪，人類為了抵抗那些惡魔，採取了惡魔體內的基因研發出「魔生物酶」、「全覆式魔生物機甲」和「半覆式魔生物機甲」的武器。
兼具暴力、任性的亮麗美少女大島紫苑操縱「全覆式魔生物機甲」闖進地球，她操縱的「燦白之光」魔機甲被「牛頭惡魔騎士」毀了，卻她「俘虜」了一個地球人回到清水島——結果不幸的我跟著她回到了「清水島」去了！
這個世界真是充滿危機，不但有各種惡魔生物，注射了「魔生物酶」的人類可能魔化成各種魔人，還有敵視地球人的神秘組織想暗殺我，實在太危險了……地球人還是趕快回地球上去吧！
雖然想這麼說，但、但……我實在回不去了啊！
只好和眾多美少女們（可能也有帥哥？）一起在這個世界努力奮戰了！"
闇!!騎士(03)龍背島歷險記,暮辰,奇幻科幻,完結,0,飛燕文創,奇幻,科幻,,,,https://mojoin.com/novels/3403,"騎士團駐地被砸，肇事者的挑釁，揭出一段攸關騎士團長卡洛姆的秘辛──是怎樣的誤解讓一對兄弟反目？
讓弟弟不惜身陷修羅道，也要獲取一身能夠親手弒兄的力量？
被派遣上龍背島拯救人質的皇家騎士們，該如何達成這項艱鉅任務，逮住實力神鬼難測的狂人？
影、霜、霧、疾，狂人麾下四使與騎士們激烈碰撞，為了雙方目的各顯神通。
不屬於當今世上任何體系的力量──安古達拉秘術，在龍背島重現輝煌！
離奇的戰鬥技巧讓勝負的天平劇烈搖擺，勝或敗，運氣成為其中的關鍵因素……"
台灣勇者協會T.G.G(04)艾爾蘭德不思議,玥主朽紅,奇幻科幻,完結,21,飛燕文創,奇幻,科幻,,,,https://mojoin.com/novels/3579,"『你好，安哥爾，我想要和你玩個遊戲。』
艾爾蘭德學園，一間充滿著祕密與不可思議的學校。
台灣的高中命名都是以兩個字為主，就算是教會學校也會將其命名中式化，像道明、明道、伍百、什麼的……
──以上並不是重點。

千萬要記住啊，安哥爾啊安哥爾，謠言起於事實。
不管是多麼不可思議的傳說，都有其起源。
所有的故事，都會有個開始，那個開始甚至早於你有意識之時。
當你在探索無盡的黑暗時，黑暗也悄悄地在窺視著你。
這世上，有許多祕密最好永遠讓它埋葬在黑暗之中。
……不過，既然你想知道真相，那就來吧。
我一直都在看著你，一直、一直、一直──

安哥爾啊安哥爾，你有注意到我了嗎？"
青青何盼草(01)擋不住的緣分,姒情,奇幻科幻,完結,0,飛燕文創,奇幻,科幻,,,,https://mojoin.com/novels/3216,"在幫主樓蘭依的召喚之下，何盼盼加入了一支從未合作過的隊伍，但當發現裡頭有個從開服到現在她都恨得牙癢癢的玩家後，仇人相見分外眼紅究竟會發生什麼事呢？

「因為無法駕馭，而且對他沒興趣，所以想要征服。」

縱然旁人都知道戰鬥力排行榜上鼎鼎有名的青海大神對某小小人兒上心，但做為眾人討論的對象，何盼盼卻根本只覺得大神在抽風！
尤其此人還是她恨到骨子裡頭的大惡人！誰的王不搶偏搶她的？還冒似意猶未盡、玩興大起竟走到哪都能跟著來！

面對某小小人兒一連串的無視，大神該如何連哄帶騙將她拿下呢？"
台灣勇者協會T.G.G(02)段考停留之夜,玥主朽紅,奇幻科幻,完結,23,飛燕文創,奇幻,科幻,,,,https://mojoin.com/novels/3567,"「請問，您是我的主人嗎？」

我是一位普通的高中生，當然，只是乍看之下是位普通的高中生。其實，我是一位被懸賞通緝五千萬新台幣的魔王。但學校可不管你是不是魔王，這是一個平等的時代，就算你是魔王，你只要兼差學生一樣還是得考段考的。
總之，想當魔王同時兼差學生不是一件簡單的事，當我只想好好唸書時，勇者們還有一堆詭異的事件卻不斷地冒出來──為什麼我莫名其妙被強迫戴上了這一枚戒指，還要和其它六組人馬去爭奪那個什麼星杯啊？我管你是盛杯戰爭還是星杯戰爭，拜託不要鬧了！我只是想要好好讀書考個及格啊！
黑甲蟲少女、更多襲來的勇者們、神奇的調酒師大姊、曾在我夢境裡出現的紅髮少女、學院的黑夜怪談，還有在黑暗之中蠢蠢欲動的人們……

一場熱血、不明所以與偷看攻略的星杯戰爭，即將環繞著艾爾蘭德學園展開！"
魔族少女的藥引(02)分離亦是重逢的開始,花鈴,奇幻科幻,完結,0,飛燕文創,奇幻,,,,,https://mojoin.com/novels/2455,"「世上沒有堅強的眼淚，只有懦弱的眼淚，可我的眼淚還是忍不住流下，模糊視線。」

佟真回到納爾加大陸後，昏迷了一段時間，直到甦醒已是前往黎國的路上。
昏迷期間，納爾加大陸發生許多事情，夕國主人下落不明，死靈體入侵黎國，造成黎國人族動盪不安。

與此同時，聖殿被死靈體包圍，為了保護聖殿的夥伴，列兮和佟真加緊時間趕回聖殿。
殊不知，這次死靈體分批侵擾黎夕兩國，失去魔神的夕國陷入危險。
內憂外患下，佟真的身體日漸衰弱，為了代替戈汀守護納爾加大陸，佟真抱著赴死的決心與死靈體一戰，當她以為會被魔眼吞噬而死時，一名神秘人士千鈞一髮拯救了她。

佟真充滿迷惘，那位拯救自己的人，會是她心心念念之人嗎？"
Legend：光與影的羈絆(09)彼岸之聲(END),翼翎,奇幻科幻,完結,0,飛燕文創,奇幻,科幻,,,,https://mojoin.com/novels/3443,"經歷了大大小小的事件，被家書催促而終於回到戰靈們心心念念的故鄉，彼岸之都──塞納里恩。
喔耶，塞納里恩，我來了！
以為來到大陸裡最為神祕的土地，身上那莫名強大的主角光環會讓我遇上什麼轟轟烈烈的開端或者奇奇怪怪的人，但這次創世神老人家卻出乎意料的讓我異常平靜的度過我美麗的短暫假期。
塞納里恩的第一站，從熱熱鬧鬧的（混浴）溫泉度假勝地開始……有誰可以來解釋一下為什麼戰靈的性別觀念可以這麼差勁！
但這些都不是最驚人的，最驚人的還在後頭！
不知道是不是回到了熟悉的地方，讓戰靈們的腦袋有些短路，一個個隨處發情是怎麼回事！
難道戰靈回巢就要隨便抓個人告白一下才算回家嗎？
『親愛的灰姑娘，將妳的手放到妳最想要的王子手上，不然等魔法結束了，妳就得全部都選喔。』
得了吧，這是什麼鬼魔法啦！
……親愛的創世神，請您聆聽小女我的願望，請把您最親的子民好好的帶回去修理一下好嗎？戰靈族為什麼全都是奇怪的人啦！

By伊絜翼薩妲斯大陸1561歷年。"
深愴峻法,蓬暗,奇幻科幻,完結,0,原創星球,H E,魔法,,,,https://mojoin.com/novels/3614,"作為和王女有著類似相貌的她，喬裝打扮進行了成為王女的生活，
以此也接近了她最想對付的人——王子和魔法師首席。

其實，在她得到黑暗之種與剩餘的王子的靈魂後，
王子早就脫胎換骨成為了原本應該成為的人，當她進入到帝都後，遇到了是一位普普通通的人類。

王女終將加冕為王。"
零度領域 新裝版(07),貓邏,奇幻科幻,完結,0,飛燕文創,奇幻,科幻,,,,https://mojoin.com/novels/3237,"人魚城主還真是難以接近的人啊！
為了能順利接到他的任務，我們甚至不惜……
欸？要救我們？你們誤會了啦！事情不是這個樣子！

嘖！竟然遇到了不同任務的敵對玩家，
而且其中一個還是熟人，這還真是冤家路窄啊！
什麼？你要追求我？先生，我跟你不熟吧！
蛤？遙日也喜歡我？真的假的？
難道我最近犯桃花？

「是，我是真的喜歡貓。」遙日認真的點頭。「立人，從今天開始，我想以結婚為前提，對貓展開追求，你是哥哥，我希望能獲得你的同意。」
「同意！我當然同意！」老哥高舉雙手贊成。「只要你不會覺得後悔就好。」
這兩個人是將我當成隱形人嗎？竟然完全沒有問我的想法！"
闇!!騎士(05)陰謀家VS皇家無賴,暮辰,奇幻科幻,完結,0,飛燕文創,奇幻,科幻,,,,https://mojoin.com/novels/3423,"月黑風高殺人夜？月黑何止可以殺人，還能夠抹黑！
皇家騎士團驚爆跨年度大案：第七大隊長謀殺第四副大隊長！
人證、物證，所有找得到的證據，都指向對洛特最不利的方向。
為了還自己一個清白，辦案白痴也唯有接下年度大案，親身前往風起雲湧的帝都。
在那裡，潛伏在暗處的陰謀家已經張開無形大網，準備請君入甕。
究竟這場智力的比拚，最終鹿死誰手？
無意間被牽扯出來的龍背島事件，又與這回的謀殺案，有著什麼樣的關連性？"
神月online(08)開戰倒數,禾惠,奇幻科幻,完結,0,飛燕文創,奇幻,科幻,,,,https://mojoin.com/novels/3340,"為了籌備攻城戰，冥夜簡直忙翻了！
可就連如此忙碌的時刻，麻煩仍舊沒停止找上他。

無法吞忍的屈辱、重要之人的離去……讓冥夜身心俱疲。
還好身邊有願意為他兩肋插刀的朋友義氣相挺，再困難的關卡他都能跨過去！
以神月最大公會凌空藍羽和知名傭兵公會鬼契為對手，絕大多數的玩家都看衰冥夜他們攻城方。
但就是這樣，才更有讓那些傢伙跌破眼鏡的價值！

全神月的玩家們都屏息以待，這場號稱史上最大規模的豪賭，誰會是最後贏家？"
闇!騎士外傳－騎士們不得不說的秘密,暮辰,奇幻科幻,完結,1,飛燕文創,奇幻,科幻,,,,https://mojoin.com/novels/3520,"噓，騎士也有不得不說的秘密……
深海無盡，海中的生態更是神奇。剛畢業的斐恩．維德，如何與大海寵兒的人魚族攀上交情、建築友情？這趟加入皇家騎士團之前的冒險之旅，將會掀起什麼波瀾？
人生際遇無常，人在一生中總是會面臨無數選擇。擁有天生魔法師體質與優質學習環境的諾奈提，為何會選擇了騎士之路？十歲的諾奈提與葛瑞安，熱熱鬧鬧的兒時記趣即將展開！"
萌物娘使用手冊(02)遙遠的龍宮國,午夜藍,奇幻科幻,完結,28,飛燕文創,奇幻,科幻,,,,https://mojoin.com/novels/3344,"年末的冬夜節即將到來，雖然跟聖誕節是個相似但本質上不太相同的節日，明日還是希望能收到「隊友可靠點」這樣的聖誕禮物。

事與願違，依舊與她們（和一幼女神）嬉鬧的日常，卻潛藏著不安的因子，惡魔的最新行動鎖定了遙遠的東方龍宮國！

不過，跟隨焦急的小蒼進入龍宮國後，首先接收到的訊息卻是──
「對、對不起，我好像是一國的　　　吶。雖然我沒這自覺……」
原來家裡那過動活潑的雙馬尾偽武道家竟是──

舞台來到四季如春的龍宮國，各有心思的萌物娘們，是否能順利回到扉森鎮，迎接充滿光芒的冬夜？"
怪異幽冥尋物所：您今天遺失了眼睛，鼻子，還是人生呢？(05)(END),DARK櫻薰,奇幻科幻,完結,110,飛燕文創,奇幻,科幻,,,,https://mojoin.com/novels/2992,"覃家因，覃家果。
神算、買賣人、神祕道者，最後的強敵出現，
招領人與買賣人的恩怨，將在此終結！

「重傷」回歸的覃衍昊，帶著諸多不為人知的祕密。
柏硯錞深深地體會到，被室友們排擠的錯覺。
覃衍昊的祕密，要回歸到久遠以前，那屬於師門與家族之間的糾紛……

賭局開，任務起，
買賣人賭上買賣、招領人賭上自身一切。
而這一次，招領人能夠全身而退嗎"
制約天使(01)學校怪談與占卜師,DARK櫻薰,奇幻科幻,完結,0,飛燕文創,奇幻,科幻,,,,https://mojoin.com/novels/3594,"天降橫財不稀奇，天降天使可就稀有了吧？
一介普通高中生冷揆言，就這麼地遇上了這根本不可能遇上的神奇狀況。
被天使強迫附身之下，冷揆言見識到天使的神蹟（人為）、以及遊戲對手的怪談（人為）是如何在學校產生……
老天，你這樣惡搞一名純良高中好嗎？
不能給我多一點愛與夢想嗎？"
闇!!騎士(08)連環計、解憂計,暮辰,奇幻科幻,完結,0,飛燕文創,奇幻,科幻,,,,https://mojoin.com/novels/3445,"憂鬱症應該怎麼治？
美人計？挑釁計？或者採用嚴重刺激視覺神經的玻璃猛男計？
然而千方百計，不敵洛特一招「閉關自守」。
到頭來，似乎連冥界的鬼朋友都看不下去，半夜三更鬼敲門，洛特房間的機關陷阱，首次在人們眼前展現它驚人的殺傷力……"
黃泉之狩(02)毒蠱,貓邏,奇幻科幻,完結,0,飛燕文創,奇幻,科幻,,,,https://mojoin.com/novels/3323,"收集器官是為了保命？
鬥毆、吸毒、無端陷入昏迷的新聞事件背後，另有真相？
之前發現的異種，不過是真相的最末端、拼圖的一小塊。
藏身於黑暗的幕後黑手，究竟有什麼意圖？

喂喂！叫我打掃煮飯、陪你抓妖抓姦、騙人坑錢外加搶劫，還叫我陪你逛街、打電動？
給老娘我聽清楚！我不是僕人、不是道士、不是詐騙集團，更不是「伴遊小姐」！
你這根本是虐待勞工！小心我去告你喔！

不過才第一集，女主角就失去了雙眼，個性鮮明的角色與神祕人物隨著劇情發展陸續出現，令人驚奇、出乎意料的故事轉折，更是讓看官們大吃一驚！

究竟季薰是否能夠順利取回眼睛？
運送者川羯拿取他人器官的目的是什麼？
神祕的敵人與事件究竟為何？

一連串的謎題將在接下來的劇情中陸續揭曉。
請大家千萬不要錯過了喔！"
毀滅,抒靈,奇幻科幻,完結,0,作者授權,奇幻,科幻,,,,https://mojoin.com/novels/3524,"「這是一場賭注。一場，關於生和滅的賭注。」
故事，從一名遭人陷害墜樓，卻意外重生的少女開始談起。

隨著加入天賦者團體「毀滅」，隨著歷經愈來愈多的事件，少女也逐漸發現......
那隱身在毀滅、在自己身後，龐大如黑洞般詭譎的謎團。
***
世界，倚仗著相互平衡的正元素及負元素，運轉不息。
生與死，昌盛與衰敗，創造與毀滅，相對的一體兩面，如同光與影，休戚與共。
然而，人們絕大多數將前者視為全然的好，而將後者歸為全然的壞。

但事實上……
越多人「生」，未來就是越多人「死」。
社會越是「昌盛」，就越容易走向「衰敗」。
「創造」越是發達，到了極致，終將導致「毀滅」。"
破壞者之地,化風,奇幻科幻,完結,0,原創星球,魔法,戰鬥,異界,,,https://mojoin.com/novels/970,"本文是有關於一群被囚禁、身體能力強大的人們「破壞者」的故事。
他們雖被一般人關在沙漠裡，但一般人沒有想到的是、這裡早就被改造成不是一般的「沙漠」了。
莫名其妙的非典型冒險文，此處才有！"
萌物娘使用手冊(03)四族的聖物,午夜藍,奇幻科幻,完結,40,飛燕文創,奇幻,科幻,,,,https://mojoin.com/novels/3345,"新一年的春天，扉森鎮的蓋亞教教堂正式啟用，為此夏綠蒂時常在教堂與家裡兩邊跑，但原來不僅是信仰，教堂還有夏綠蒂不得不去的秘密？

龍宮國事件後，隊伍成員的關係悄然改變，凶手是每天在主人房間待到半夜的劍靈和不介意當小妾的偽武道家，在明日為此搞到精疲力盡時，沒想到祭司也想要參戰！

可魔王與四天王不給明日培養後宮的機會，這次，是真正能毀滅世界的大危機。而拯救世界的方法，指向了四族各自保管的聖物。各自的情感交纏與那解不開的矛盾，在各族的試煉中將面臨挑戰。

此刻，艷紅的花朵仍在惡魔的首都寂寞的燃燒著。在那鮮紅背後的，是當年惡魔遭受三族圍剿的歷史，其中，竟也牽涉到那位流浪神明！

「答應我！明日！即便在這考驗最後必然會失去什麼，即便在這之後已經無法回到以往……你也要保護好你的隊友，要好好給予她們棲身之處。」"
圖書館的少女,飲月,奇幻科幻,完結,31,獨家原創,奇幻,科幻,,,,https://mojoin.com/novels/3206,"童話角色，以自我特性，穿梭故事、夢境、現實……
為達目的而奮鬥。"
身為天下第一快劍的我，一不小心就無敵也很正常吧？(02),八爪魚,奇幻科幻,完結,0,飛燕文創,奇幻,科幻,,,,https://mojoin.com/novels/3527,"這把劍，只有傳說中的天之子才能拔出！
──等等，你確定這把劍不叫石中劍嗎？

天命之劍橫空出世，讓北方起了巨大變動，也吸引大批身懷絕技的高手前往；而自認為最有資格得到「天之子」稱號的四大家族，
自然也派出最有潛力的一批年輕人前往北方，好得到那被天運籠罩的唯一稱號。

當風飛揚等人趕到北方後，先是遇上了大規模的屠村事件，接著又被不知何處冒出來的迷宮吞噬。
除了他們，就連窮凶惡極的「九黑」之一也現身了。另外，以獵殺天之子為頭號目標的「天敵」也正式現蹤，這次務求要將傳說在萌芽前，徹底斬殺！

一時之間，群雄齊聚北方，大亂再次降臨──
究竟是誰，才能得到這把傳說中的天選神劍？"
黃泉之狩(05)重生,貓邏,奇幻科幻,完結,0,飛燕文創,奇幻,科幻,,,,https://mojoin.com/novels/3381,"最疼愛小彌的奶奶生病了。獲知這件事情，小彌內心十分焦急。
透過掌管生死簿的文官口中得知，奶奶的大限已到，就要離開人世了。
猶豫再三，已經跟家人完全斷了聯繫的小彌，最後決定「回家」一趟。

見到小彌出現，她的家人臉上沒有驚喜，只有愕然。
陰晴不定的神色，似乎隱含著許多事情……

伊格爾跟特倫斯究竟在進行著什麼樣的計畫？
為什麼就連小彌的家人也牽扯其中？
越去探索，似乎就發現謎團越多……"
引航人手記,慣看春秋,奇幻科幻,完結,0,原創星球,架空,治癒,,,,https://mojoin.com/novels/793,"「凡是生命，便難逃終焉」
死亡是一個生命的結束，卻不是旅途的終結，最後一段路程，時常伴隨在側。
他們等待、他們引領。
他們是──引航人，在靈魂到達輪迴的概念之前，觀測一切之人。
這是引航人們的，引航人手記。"
黃泉之狩 第二部(04)旱魃,貓邏,奇幻科幻,完結,0,飛燕文創,奇幻,科幻,,,,https://mojoin.com/novels/3426,"好不容易找到了季薰的下落，卻意外發現她又多了一個兒子！
而且這個半路多出來的孩子，竟然是那隻單槍匹馬闖進鬼門的旱魃大妖！
因為旱魃的出現，魈、伊格爾與他掀起了一場「爭奪季薰大戰」，儼然就像是三個小孩子在爭奪母親的寵愛。

接到了死神殿的委託，季薰與魈開始追查一把被艾蒙奪走的權杖，卻在調查時，意外得知了其他消息……"
穿越變蘿莉(14)終成眷屬(END),白日幻夢,奇幻科幻,完結,0,飛燕文創,奇幻,科幻,,,,https://mojoin.com/novels/3302,"新生的世界為林日揚的小世界帶來豐富的資源，經歷過一個世界生滅的趙舜等人選擇就此定居小世界安居樂業，偶爾到新生世界探探險，偶爾到他方世界串個門，就此脫離新世界的權力圈，超然於世外其樂融融。

冬去春來，卸下了重擔與壓力的眾人有些找到了歸宿，感情上蹉跎許久的林日揚擺脫了三災五難的事故體質之後，是否也能找到適合他的人？
是耐心耕耘的假農夫真心機鬼勝出？還是妄圖發展養父的假年上真年下抱得美人？又或者被旁人收穫了截胡的果實？

當林日揚拷問本心時，赫然發現，原來心早就丟得一乾二淨了……"
日日花開不凋零(01)孽緣的開端,蔚海,奇幻科幻,完結,10,飛燕文創,奇幻,科幻,,,,https://mojoin.com/novels/3218,"若我此生注定與你相遇且糾纏不清，那姑且不論喜悲好壞，
老娘見你一次，就必定殺你一次！
直至──你徹底從我的世界中消失為止！

擁有氣質女神稱呼的路邊彩花，在WWO擁有相當高的人氣，
論壇上的搜尋TOP前十絕對會佔榜個幾則的帖子。
只不過這女神似乎不是大家所認為的……「人美心也美」？"
Destiny 光與影的羈絆(02)消失的人魚之歌,翼翎,奇幻科幻,完結,0,飛燕文創,奇幻,科幻,,,,https://mojoin.com/novels/3313,"接受賽恩的任務，前往精靈族的紅魘封印途中，來到了一個未曾在地圖上標明的小鎮──傳說中的人魚之都，遇見了兩名居住在海邊的少年，並開始知曉了關於消失滅絕的人魚海妖一族。
無端失蹤的村民、迴盪在深海中神秘的人魚歌聲、詭譎的滔天巨浪、無藥可醫的魚鱗怪病，昔日平靜的海洋隨著掩蓋在海中的秘密變得汙濁及黑暗，這一切是幻覺？是真實？
「希望這信，有天讓海可以送到你身旁。」
「因為我的夢想是有天可以做你的新娘。」
「我在尋找他……請將我的歌聲傳達給他……」
「因為我最放不下的，就是妳啊……」
四個人、四種祈願，在這一瞬間交織於這片蔚藍的大海中，投於大海、從未寫收件者的瓶中信，心繫於頸上的同心海螺，以及那美麗的人魚之淚，一切的一切都從那美麗的海洋中而起，那麼就讓一切都結束於海洋之中吧。
──哪怕只是一場夢也沒關係……但終究只是一場夢啊。
或許真相的背後總是殘酷，但總比永遠活在懵懂中的好。"
萌物娘使用手冊(04)前進！劍靈學校,午夜藍,奇幻科幻,完結,20,飛燕文創,奇幻,科幻,,,,https://mojoin.com/novels/3346,"由於前幾次的戰鬥消耗，楓璃的生命已如風中殘燭，為此自責的明日渴望著變強，但對他坦誠自己「前世」的劍靈心思又是如何？

而在此時，劍靈學校發出了邀請，希望獲選的榮譽校友回到學校給予學妹們指導，而楓璃便是其中一位。令人意外的是，魔王靜也在受邀之列。

「就拜託你了！反過來讓靜幸福吧！只要讓她能夠幸福，就不會想要毀滅世界了！對方自動送上門，這個機會不能錯過！」
因為是楓璃作為劍靈的願望，明日只能硬著頭皮上了！

但魔王的表現卻不像魔王，更像是一心求死，已生無可戀的普通女孩子。
「來吧，做出抉擇。如果你是能夠解救我的『勇者』，就在這邊將短劍刺入我的胸口。」

有關魔王的前世與此世，即將揭露。但同樣跨過數世的，不只魔王的執念，也有那位神明的思念……"
擁抱死亡,白夜,奇幻科幻,完結,60,飛燕文創,奇幻,科幻,,,,https://mojoin.com/novels/3647,"命運是否可以違抗？人生有多少個奇蹟？人離世後，究竟何去何從……

「終」，一位亡靈接引者，為了彌補自身的遺憾，遊走在規則邊緣，
化身為重症少年病患朗一的看護──杜先生，
甚至，在少年死去轉世成為筱恩後，成為她的守護天使。
然而「終」心中的空洞，會因此而被填滿嗎？
輪迴轉世，會改變命運軌跡，還是循著靈魂舊有刻痕，重蹈覆轍？
而違逆之後所要付出的代價，沉重的雙肩是否承擔的起？

你曾懷疑過命運嗎？你曾徘徊在生死邊緣嗎？
知名玄幻小說《神魔變》作者白夜真情呈現──《擁抱死亡》，
要帶給你不同的生命體會、更深的心靈觸動！"
黃泉之狩(03)病毒,貓邏,奇幻科幻,完結,0,飛燕文創,奇幻,科幻,,,,https://mojoin.com/novels/3369,"因擅自交換證件而被帶回死神殿審判的尚漓，最後的下場究竟會如何？
判刑重罰？或者是另有轉機？

看似平凡無奇的線上遊戲網站，內部竟隱藏著殺機？
原以為只是單純發洩用的遊戲，卻在實際生活中變成真實？
不過只是玩玩細菌培養遊戲，最後竟演變成某地區的恐怖災情！
感染的人數迅速增加，受災區域逐漸擴大
應該要全面撲殺或是進行希望渺茫的拯救？

＋　＋　＋　＋　

「魈！不要再沉迷電玩了！恐怖片也給我收起來！你已經兩星期都沒工作了，難道要喝西北風嗎？」

「嘖嘖！這麼激動做什麼？桌上不是有幾個看風水、收驚、捉妖的案子嗎？妳去處理一下就有錢可以拿了。」

「我去？到底誰是老闆啊！這種事情應該老闆出面吧！」

「老闆動口指揮、員工動手工作，這是千古不變的真理，難道妳都不懂？」

「……」"
我們班的野良貓同學（下）貓妖的迷宮,鬱兔,奇幻科幻,完結,26,飛燕文創,奇幻,科幻,,,,https://mojoin.com/novels/2911,"校園闖進大批野貓肆虐，楊哲瑋為了救蘇小薇挺身而出，殊不知這原來是黑貓的報恩，楊哲瑋終於在野貓的祝福之下，成功的與心儀之人傳達了心意……
原以為從此就是浪漫的校園愛情喜劇，殊不知安分已久的貓妖開始行動了……
楊哲瑋的詛咒加速，不僅貓耳跟尾巴都長出來，最後居然變成一隻徹頭徹尾的野貓……
想要變回人類只有一個方法，就是找到貓妖，並且打敗牠！

變成野貓的楊哲瑋，到底該何去何從？
是否會被親友唾棄，或永遠變不回人類呢？"
九皋物語(02)仙與魔,草子信,奇幻科幻,完結,0,飛燕文創,奇幻,科幻,,,,https://mojoin.com/novels/3353,"「我跟那兩個野蠻的男人不同，對我來說，妳比玉石重要。」

半仙是個不上不下的曖昧存在，他們既不是仙，也不能算得上是人，與九皋一樣都是被天界遺忘的存在。

隨薛清央踏入半仙一族的林甯巧，原以為能求助當家族長，將玉石取出。
沒想到，卻遭遇一連串的危機與禍害，以及──薛清央露骨的愛意與告白。

仙與魔自古以來便無法共存，然而他們面對的敵人，究竟是魔，還是笑裡藏刀，隱瞞真相的仙人？"
穿越變蘿莉(05)紛亂局勢,白日幻夢,奇幻科幻,完結,0,飛燕文創,奇幻,科幻,,,,https://mojoin.com/novels/3239,"朱襄新王上任，有意與天龍國聯姻，遠在龍朔學苑的林日揚心驚膽跳，生怕會＂欽點＂到他，每天還要忍受崔湘玉和蒼炎金的糾纏，撿回來的小銀狼和四神有如仇人相見，一個不注意就大打出手，趙紫雲的態度也越來越曖昧。
就在眾人迎來兩年一度的盛典－－四大學苑賽時，聖山屏障突然消失，前往查探的國師孟儀失蹤，名震天下的殺手組織－－迷蝶對皇室祭出殺帖，戰國又似有攻打天龍國之勢，一連串的打擊搞得趙舜焦頭爛額，偏在此時，夏竦遭人陷害，誣陷了個通敵之罪！
烽火即將燃起，大陸局勢動盪不安！"
饕餮食堂(03)三人小隊,逢時,奇幻科幻,完結,0,飛燕文創,奇幻,科幻,,,,https://mojoin.com/novels/2920,"常青走了，杜櫻被留在原地。
小獵犬表示：有種你就回來保證不打死你！╯‵□′

尋找常青的路上，過五關斬六將，杜櫻無所畏懼。
但被設計的感覺真不好。
我要怎麼做，才能讓你相信我呢？

游走在人類世界裡的人蛇，站在高處睥睨儲備糧，
吃掉與被吃掉，這次只在一線之隔！"
雞排大神之我是魔王？！(01)我是魔王？,東邦,奇幻科幻,完結,0,飛燕文創,奇幻,科幻,,,,https://mojoin.com/novels/3479,"靠！雞排大神啊，我只是送祢一根中指而已，祢不用這樣惡搞我吧！
靈魂穿越附身的魔王不像魔王，他還差點在來到異世界的第一天就被某偽君子組織幹掉；連向雞排大神許諾要把雞排傳遍異世界，結果他卻驚恐的發現這世界竟沒有雞？
沒有雞就夠令他想找把麵線上吊自殺了，誰知，他連遇到的女人都是一個比一個還恐怖……
哇靠，只是一根中指而已耶，雞排大神祢給我的報應會不會太誇張了一點！"
怪異幽冥尋物所：您今天遺失了眼睛，鼻子，還是人生呢？(04),DARK櫻薰,奇幻科幻,完結,86,飛燕文創,奇幻,科幻,,,,https://mojoin.com/novels/2980,"奪取人強勢來襲，這場局，跳還是不跳？

面對奪取人的惡意操控，來了一名麻煩的委託人。
他帶來的，是奪取人的意志，以及遊戲的開端。
尋物所眾人決定擺爛委託人，死活不跳奪取人的遊戲巨坑。
可是，不跳遊戲卻可以討錢？這是什麼債務邏輯啊！有誰可以解釋解釋？

憎恨的起始、猜忌的種子，引導出的，卻是屬於覃家的秘辛。
紅色圍巾之下，究竟是什麼？
而這場與奪取人的博奕，獲勝者是誰？

招領人、奪取人，抑或是，兩敗俱傷！"
Destiny 光與影的羈絆(04)白梅下的等待,翼翎,奇幻科幻,完結,0,飛燕文創,奇幻,科幻,,,,https://mojoin.com/novels/3365,"她和他第一次相遇在那大雪紛飛的夜晚，他救了她，為她留下了日後的預言及命運，而當他和她再次相遇時，也是在如白雪般的梅花樹下，這次的他為她留下的是無盡的憂傷及懊悔。
伸手想要握住他的手，卻發現他的身影如同梅花瓣片片紛飛，直到最後消失在自己的眼前，他身上所隱藏的秘密，隨著時間的前進而被揭開。
「從來就沒有人教會我如何堅強，也從來沒有人教會我如何軟弱。」
「那麼，我教妳吧，用我的一生來教妳吧，我會緊抓著妳的手，直到我放手之前，妳必須學會真正的堅強。」
「真正的堅強，不是在該哭時不哭，而是在哭完後，還記得如何去笑。」
我這一生不為誰上了心，唯獨只有妳……讓我就算失去一切，也想護妳一世周全，哪怕從今以後……再也無法相見。
──不求擁有、也不求失去，只求在我有生之年，遇見了妳。"
穿越變蘿莉(06)生命禁區,白日幻夢,奇幻科幻,完結,0,飛燕文創,奇幻,科幻,,,,https://mojoin.com/novels/3240,"林日揚一行人因為四大學苑賽在1024區開始了為期40天的試煉期，完全把試煉當成郊遊的林日揚本以為能平安度過40天，沒想到才開始沒幾天就情況驟變！
自創世以來便存在魔幻森林中的五行生命禁區突然不明原因消失，就在未能及時阻止的四神猶豫是否以自身遭困的代價換得五行平穩之時，失蹤已久的日神突然出現力挽狂瀾，付出的卻是誰都不願承受的。
「一直以來都是他們呵護著我，我沒幫他們做過什麼，當我的生命走到盡頭，回想過去，最多的就是後悔。」──日神。"
永樂神社的巫女(05)九姑娘與阿柯,阿次,奇幻科幻,完結,4,飛燕文創,奇幻,,,,,https://mojoin.com/novels/2433,"我和冶金終於踏入雲夢並找到白澤——本以為，就算不能直接取回靈力好歹也能問到恢復方法。
卻沒想到，那頭大白牛不僅語焉不詳，還說什麼打從冶金來永樂開始就是在應驗一個預言，最後更扯出惡水神共工、九尾妖狐以及永樂村三千年前的黑歷史……
好啊，現在連出門踏青都要先和前世今生打個招呼了是不是？"
穿越變蘿莉(07)流星雨,白日幻夢,奇幻科幻,完結,0,飛燕文創,奇幻,科幻,,,,https://mojoin.com/novels/3243,"因為日神的介入，讓四神得以平安脫身，免去被代替神物禁錮在禁區的危機，可五行禁區的消失依然無法挽回，盤古大陸正式以群獸暴亂開啟了亂世時期。
林日揚在日神送他返回之前再一次陷入昏迷，意識模糊之間隱約看見了日神與盤古、女媧三位創世神皇齊聚，三位神皇的對話令他得知，原來日神召見他竟另有寓意？

衰星太強悍！這次整個盤古大陸都一起帶衰了……
林日揚風中凌亂著外加寬海帶淚，縮在陰暗角落裡啜泣，他負責自己的小命就已經很吃力了，可不可以不要把其他重責大任加到他身上來啊？這不是強迫他當餐桌嘛！
還要去和親？！有沒有搞錯？小蘿莉傷不起的你知不知道啊！"
鍾馗 鬼王事件簿(07)龍與帝,暮辰,奇幻科幻,完結,0,飛燕文創,奇幻,科幻,,,,https://mojoin.com/novels/3491,"這年頭，別說友誼大使不好當，連一個拿鑰匙開門的，日子同樣不好混……
這連純陽老祖都避之唯恐不及、御用丹房的「開門大使」，偏偏玉帝欽點，落在了鍾馗頭上。
為了達到百分百的煉丹成功率，鍾馗明知有鬼，也只能硬著頭皮上！
問、題、是──玉帝陛下很明顯漏說一句關鍵情報：「內有脫衣色女，慎入！」"
武裝巫女(01)武裝出動,醉蝠,奇幻科幻,完結,0,飛燕文創,奇幻,科幻,,,,https://mojoin.com/novels/3515,"伊克流島．達克城－－這是巫女的國度，也是所有陰謀詭計誕生之地，只有心懷險惡、居心不良之人才能找到這個地方。
來自達克城的幽靜影，她美貌與暴力兼具，她發誓要成為這個世界上最偉大的巫女！
因為一椿任務，她與助手哥布林離開了伊克流島，不僅展開了一段全新的巫女傳奇，也注定要在大陸上掀起一陣罪惡狂瀾！"
黃泉之狩 第二部(01)設局,貓邏,奇幻科幻,完結,0,飛燕文創,奇幻,科幻,,,,https://mojoin.com/novels/3410,"紛亂的糾葛、未完的事件，再度捲土重來……
看似塵埃落定，平靜的表象下卻掀起了波瀾。
已故的天使伊格爾，究竟發現了什麼秘密，
為什麼讓天堂的偵查廳如此緊張？
吸血鬼與狼人紛紛現身義大利，他們群聚的目的為何？
是否又有什麼計謀浮現？

混沌不明的絲線漸漸交織成網，續譜出另一個新面貌
在光與闇的對峙之中，遮蔽的濃霧即將散去，真相將逐漸清晰……
身邊的人究竟是敵是友？
我們所相信的，究竟是真理或是假象？"
闇!騎士外傳－模範騎士的學院日誌（下）,暮辰,奇幻科幻,完結,0,飛燕文創,奇幻,科幻,,,,https://mojoin.com/novels/3518,"熱鬧長假正式開跑！放出牢籠的菜鳥見習騎士們五五成隊，四散在威倫帝國廣闊的國土上，展開他們生平第一遭試煉。
只不過，命運之神的心情顯然不是很好，穆亞的冒險小隊先後「拾獲」莫名其妙的兔子一隻、心懷不軌的魔族三名、肩負使命的聖騎士一位──無庸置疑，這絕對是支龍蛇混雜、內部談不上團結的混亂隊伍。
偏偏這樣的組合，被迫一路披荊斬棘戰豪強，甚至到了最後關頭，還得面對自己人內訌！
難過的關卡一道接一道，穆亞更要面對第一次殺人見血的內心煎熬。他該如何堅持自己的志向，完成作業、走出自己的騎士道？"
穿越變蘿莉(09)圖窮匕見,白日幻夢,奇幻科幻,完結,0,飛燕文創,奇幻,科幻,,,,https://mojoin.com/novels/3252,"鬼畜出沒住意！！
宇文兄弟明擺著基情四射，為神馬還要他去和親？
莫非是想娶過去給弟受各種辛酸血淚ＳＭ？
他能不能選擇不參加？

失蹤已久的趙紫陽終於有消息了？
林日揚一行人終於和宇文承皓在汨城會面，一邊緊鑼密鼓的暗中策畫營救趙紫陽。宇文承皓果然來者不善，只是怎麼好像有興趣的不是他啊？
林日揚囧囧有神，只覺天雷滾滾：「姚傲璿你還不從實招來？風流債請自己扛！」
終於重拾『不是人』實力的林日揚，宣告拒絕再當小綿羊啦～～"
零度領域 新裝版(02),貓邏,奇幻科幻,完結,0,飛燕文創,奇幻,科幻,,,,https://mojoin.com/novels/3194,"bug？你說我是個bug！
等等，今天又不是愚人節，開什麼玩笑啊！

真是的，沒想到老哥竟然對外人比對我好，
他想玩遊戲，我不但要保護他，還要偽裝成他的女朋友？
別開玩笑了！要是這件事情被戰神的人知道，我的形象就毀了！

機器人阿光想要找主人？
沒問題！這件事情我一定會幫到底！
啥？你忘記主人的模樣了？這、這要我怎麼找啊？"
闇!!騎士(10)光與闇的交叉點END,暮辰,奇幻科幻,完結,0,飛燕文創,奇幻,科幻,,,,https://mojoin.com/novels/3467,"bug？你說我是個bug！
等等，今天又不是愚人節，開什麼玩笑啊！

真是的，沒想到老哥竟然對外人比對我好，
他想玩遊戲，我不但要保護他，還要偽裝成他的女朋友？
別開玩笑了！要是這件事情被戰神的人知道，我的形象就毀了！

機器人阿光想要找主人？
沒問題！這件事情我一定會幫到底！
啥？你忘記主人的模樣了？這、這要我怎麼找啊？"
魔族少女的藥引(03)邁向新未來的抉擇(END),花鈴,奇幻科幻,完結,33,飛燕文創,奇幻,,,,,https://mojoin.com/novels/2456,"「不論未來發生什麼事情，即便黑暗將妳包圍，我會成為妳的眼睛，我不會讓妳失明，失去這一輩子最後的色彩……」

那勒斯戰役後，身體虛弱的佟真迫切需要全新的晶體挽救魔祿司之眼。
可是關於夜國晶體的下落始終是個謎。

幸運的是，在戈汀、御羅多和單諾齊心協力下，終於查出晶體的所在位置，一行人決定事不宜遲前往夜國尋找晶體。
豈料，異次元死靈體再度逆襲而來。
鑒於佟真先前回到現實世界時，異次元入口已無法承受死靈體的攻擊。
納爾加大陸陷入水深火熱的煎熬，沒有反抗力的人族成為死靈體的養分，魔族同樣傷亡慘重，即使三人異能優秀，也無法阻止死靈體透過異次元裂縫入侵。

在納爾加大陸的劇烈動盪不安下，守護晶體的婦人向佟真娓娓道來一段故事，使得佟真陷入兩難的抉擇，付出的代價讓戈汀和御羅多無法接受。
在家園和魔祿司上，該如何抉擇？"
魔法禁止事項(03)禁止用魔法成為神(END),楊寒,奇幻科幻,完結,50,飛燕文創,奇幻,科幻,,,,https://mojoin.com/novels/3349,"澹臺球等一行人在格陵蘭島發現了巨龍的真相之後，他們為了逃避羅馬教廷的通緝，卻因為傳送魔法的失誤，而來到了酷熱的沙漠、寒冷的高原……
在幾乎環繞世界一圈之後，他們重回歐洲並瞭解到「雅典聖戰」中，違反魔法禁止事項的真相和瓶中小人叛變的緣由……"
黃泉之狩(04)魂變,貓邏,奇幻科幻,完結,0,飛燕文創,奇幻,科幻,,,,https://mojoin.com/novels/3370,"「你要我到佐˙司魂院打工？」
「玹澄楓說他們那邊很缺人手，想找短期工讀生，所以我就幫妳答應了。」
「喂！我是要你去找工作、接案子，不是要你去『幫我』找工作！」
「我知道啊，所以我不是用妳個人的名義，我是用事務所的名義去接這份工作。」
「你的意思是說……我在佐˙司魂院工作賺到的薪水，不是我個人的，是事務所的？」
「沒錯。」
「你、你怎麼可以這樣！就算是人力派遣公司，他們也只是抽個一成、兩成！你竟然要全部拿走？你這種行為簡直就跟搶匪沒什麼兩樣！你這個黑心奸商！」

奇怪，身體怎麼覺得怪怪的，難道我生病了嗎？改天給醫生檢查好了。
『不用掙扎了，妳很快就變的跟我一樣。』
『來當我的實驗品吧！看看人類如何變成妖怪。』
『妳跟我們都一樣，都是妖怪。』
『妖怪，怪物！』
『妳也會變成跟我們一樣，都是怪物！』
不，我不會！我不要！"
零度領域 新裝版(03),貓邏,奇幻科幻,完結,0,飛燕文創,奇幻,科幻,,,,https://mojoin.com/novels/3211,"傳說中的老橋段、老設定──一個經常會炸燬自己家的蠢博士登場！
請大家掌聲鼓勵鼓勵～～
啊？事情不是我想的那樣？我誤會了？
唉呦，誰叫康帕納博士用這種出醜的方式出現呢！
話說回來，不過就是聊天嘛！博士的臉未免也紅的太離譜了吧？

沒想到阿光身上有主人的照片啊？
嘖！不會早點拿出來嗎？這樣至少線索比較多一點啊！
原來這就是阿光的主人啊？怎麼看起來很眼熟哩？

沒想到要維修阿光竟然還要有其他資料？
這還真是麻煩啊，我們到底要去哪邊找資料呢？
嗯？等等，那個好像就是……"
Destiny 光與影的羈絆(03)虛偽的救贖,翼翎,奇幻科幻,完結,0,飛燕文創,奇幻,科幻,,,,https://mojoin.com/novels/3364,"在前往精靈族的路途，梧莘先來到大陸中的三不管地帶，人稱罪惡之城──安格斯城一趟，而安格斯城正逢黑色慶典全面黑色解禁！
久不見的故人紛紛出現，光之子民的精靈樹賢，日倌月青的美麗雙子，詭譎的黑色地牢以及那神秘的藍色身影，一切都將過去的四年拉開序幕。
從朦朧的空白中抽絲剝繭，找出連自己也不知道的那個被隱藏的過去。
「生死如同過眼雲煙，人類的生命之於你們也不過只是短暫的一瞥。」
「妳的存在，就是我現在最大的意義，我會追著妳的腳步，只希望能待在距離妳最近的地方。」
當我閉上雙眼，那些歡笑、悲痛，依然清晰可見，彷彿就如昨日一樣，但其實時間已經把我們推離了好遠的距離。
我們以為所有的事情都沒變，當我們回過頭，會發現什麼都變了，但無論妳變成什麼樣子，無論妳的過去是什麼，我只想讓妳知道。
──我想要的，就只是妳。"
少年土地公 紀事本末(02)就算我是土地公，我也不可能了解女孩子在想什麼啊!!,楊寒,奇幻科幻,完結,0,飛燕文創,奇幻,科幻,,,,https://mojoin.com/novels/3306,"青瘟鬼王下了通緝令，緝拿「台灣府台中州西濱南縣城隍顯佑伯轄下的清海里東土地公張德楚（ONLY ALIVE）」。　
懸賞令的正中央是白髮美少女的照片——不對，是我自己的照片！
是哪個渾蛋傢伙用了「美肌」、「柔焦」的效果偷拍我？
等等！我被懸賞了!?還懸賞了五千萬冥幣！
是說懸賞單上為什麼要寫英文？這樣比較有氣氛嗎？
還有，為什麼我的轄區內有老虎出沒啊——？

喂喂，這是哪裡的動物園跑出來的老虎，還可以咬鬼!?"
禁斷凶獸少女的不當召喚法(03)假面窮奇,二迴林,奇幻科幻,完結,0,飛燕文創,奇幻,科幻,,,,https://mojoin.com/novels/2977,"伴隨著驚天動地的總統暗殺事件，戴著神秘面具、身著馬甲洋裝、自稱窮奇的少女登場了。
和過去的凶獸截然不同，根據自己本意對人類痛下毒手的她，是個難以親近的存在。
「啊啊啊啊啊！右手──我的右手！」
這是何苦呢？只要安分的待在一旁，孤家是不會隨便出手的喔～」
同時，炎修家迎來了一位意料之外的訪客。
「真過份，你們已經忘記我了嗎？」
表面上就像國小孩童的女娃──東碧云，竟然自稱是兄妹倆的「原監護人」。
更巧的是，她也正在追蹤窮奇的下落。
這些事件間到底有著怎樣的關聯？
與黃麟產生嫌隙的炎修一行人又是否能看穿局勢，趕在鎮特與
之前感化窮奇，使她成為夥伴呢？"
闇!!騎士(09)戰火連綿幾時休,暮辰,奇幻科幻,完結,0,飛燕文創,奇幻,科幻,,,,https://mojoin.com/novels/3466,"戰火重燃，吟遊詩人口中傳唱的重量級敵人粉墨登場！
威倫全境風聲鶴唳，究竟魔族這番大動作的根本原因是什麼？
難道真是為了侵略而侵略？
追隨洛特來到人間的女惡魔再次現身，而且似乎把握著侵略軍的部份兵權？
一場洛特與舊情人的火爆交鋒，儼然已不可避免！"
穿越變蘿莉(08)獸潮來襲,白日幻夢,奇幻科幻,完結,0,飛燕文創,奇幻,科幻,,,,https://mojoin.com/novels/3244,"幻森城獸潮在林日揚的瘋魔狀態下宣告結束，順便把覬覦自己的蜜蜂蝴蝶變成豺狼虎豹！
趙紫陽的失蹤讓眾人束手無策，兇手究竟與製造一連串驚人事件的人馬是不是同一批？事態撲朔迷離，就算是神靈也不再無往不利，世界正在悄然改變，而還未有所察覺的林日揚面對了也許是人生中最大的危機……

某腹黑：「我是初吻，而你卻不是？」
某天然：「這不能怪我啊！」
某暴虐：「死心吧！你只能對我負責！」
組團前來相親的新王也不好惹，林日揚內牛滿面，很想把自己砍掉重練！
「神啊──趕快讓我再穿越回去吧──」"
生平記述完結後的異世界自由人生,雲水靜,奇幻科幻,完結,40,原創星球,輕鬆,魔法,日常,異世界,,https://mojoin.com/novels/467,"一名高中生因為樸實無華的老套原因穿越到異世界，展開一段全新的自由人生。
在生前感受過各種惡意的他，到了異世界之後逐漸敞開了自己的內心。
這裡有著許多未知的新鮮事物，還有主角染盡鮮明色彩的全新未來！
以老套為前提的異世界全新物語，就此展開！"
黃泉之狩 第二部(06)糾纏,貓邏,奇幻科幻,完結,0,飛燕文創,奇幻,科幻,,,,https://mojoin.com/novels/3447,"邦加西將巨劍收在背後，不滿的嘀嘀咕咕。「阿薰明明說死神很有趣，這種傢伙哪裡有趣了？」
聽到邦加西說出「薰」這個字，走在隊伍後頭的尚漓猛然煞住腳。
「你說什麼？」他快步衝到他面前，焦急的抓著他的手臂，「你剛才說的阿薰是季薰嗎？來自人界？她身邊還跟著一個叫做魈的人對不對？她沒事吧？有受傷嗎？」
「你想知道？」邦加西圓滾滾的眼睛轉了轉，露出狡詐的燦笑，「跟我打一場，贏了我就告訴你。」

為了修復結界，死神們來到魔界，尚漓在攔路的魔族人口中得知季薰的消息，這讓他喜出望外，只是這位魔族人似乎有些麻煩吶……

「瑪格……麗特？」
看著那張熟悉的臉孔，魈的大腦瞬間空白了一秒，他從沒想過會再遇見她，而且還是在這個地方、這個時代。
「……愛德華？」與他對上視線的瑪格麗特先是一愣，而後驚喜萬分的尖叫一聲，張開雙臂撲入他懷裡。
「……」如此意外的畫面讓DA小組與季薰全都愣住。
這名被DA小組救回的女子，似乎跟魈關係菲淺呢！"
零度領域 新裝版(09),貓邏,奇幻科幻,完結,10,飛燕文創,奇幻,科幻,,,,https://mojoin.com/novels/3241,"告白！我要告白！
對！既然已經下定決心了，那就要去做！
遙日！等我來追求你吧！

這個公會城的任務還真是麻煩！
一直要我們跑來跑去，真是浪費時間！
吼～～不會一次將話說清楚啊？一定要分批說嗎？"
永樂神社的巫女(06)圓(END),阿次,奇幻科幻,完結,0,飛燕文創,奇幻,,,,,https://mojoin.com/novels/2434,"在使盡所有手段以後，宗主終於在北方主殿舉辦婚禮準備迎娶伊織。
原本以為一切都會按自己的意思進行，卻沒想到他今天碰上的冶金更霸氣、更不要命。
逼得他放出六千年前差點毀滅整個大陸的超強大妖——八岐大蛇，但這個舉動卻驚動天庭出動大軍下凡。然而眾大神的目標不是大蛇，而是冶金……
橫刀奪愛只是邪教，提槍搶婚才叫霸氣！"
槍靈少女 前傳(03)尋鄉之旅(END),羽毛冰塊,奇幻科幻,完結,0,飛燕文創,奇幻,科幻,,,,https://mojoin.com/novels/3343,"終於從學校畢業的溫璃踏上了尋找父母的道路，然而因為年代久遠，加上混亂的記憶，讓她的尋親之旅困難重重……
尋找父母的期間，一個個陌生而又熟悉的人出現在溫璃面前，原來有很多人、很多事，早在很久以前，她就已經遇到了……"
未知領域(03)詛咒之血(END),小山羊,奇幻科幻,完結,90,飛燕文創,奇幻,科幻,,,,https://mojoin.com/novels/3463,"「周成集團」──由龐大的姬氏家族所帶領，台灣屬一屬二的大財團。這個財團非但是「未知領域」的贊助者之一，並且擁有與未知領域相抗衡的龐大勢力。
2006年，周成集團正式與未知領域，展開實際意義上的對抗。

年輕的駭客情報商：醉，曾經在五年前得知關於姬氏家族與自己的糾葛與秘密。然而經過調查之下，醉發現其中有矛盾不尋常的地方：趁著周成集團與未知領域的抗衡，醉決心趁這個時候找出關於姬氏家族的真正秘密，卻發現更多讓人不解的謎團……？

被幽禁在偏遠離室的兒子，知道些什麼的心理醫生姬叔乾，以及掌握姬氏家族所謂「詛咒的血脈」機密的未知領域。這些讓人不解的事情背後，究竟隱藏著如何殘酷的事實？
都市玄疑冒險第三彈，將揭露驚人的真相！"
雨,Arzumu,奇幻科幻,完結,12,原創星球,冒險,架空,,,,https://mojoin.com/novels/3640,"雨都，米斯特被當地的人們如此稱呼。那是一個一年四季幾乎都下著細雨的城市，由於厚重溼氣的關係，整個都市常常被一股稀薄的霧氣壟罩。
或許是因為細雨和霧氣的關係，在城鎮中的孩子們之間流傳著一個傳說。據說，雨都中藏著誰也沒見過的秘密。只有運氣好的人，才能一瞥其隱藏的迷幻風貌。
當然，這都只是傳說，還沒真的有人親眼見過。不過，也有可能是因為親眼見識過的人，再也沒有回來。"
四次元與地下城與異世界！,風順,奇幻科幻,完結,0,原創星球,熱血,科幻,戰鬥,生存,穿越,https://mojoin.com/novels/1074,科學理性解釋穿越原理，理性分析能力源頭，被迫鍋居在地底的異世界，強者會變大或瞬移？（合理緣由與科學應證），弱者消散與墮落，這世界之謎真的有解開的一天嗎？
闇!!騎士(06)闇星的逆襲,暮辰,奇幻科幻,完結,0,飛燕文創,奇幻,科幻,,,,https://mojoin.com/novels/3424,"究竟是公主霉運當頭，或者洛特命中帶「賽」？
好好一個接近遊山玩水，美其名「體察民情」的私訪活動，竟能牽扯出一場潛伏不知多久的陰謀，與一個想要一飛沖天的大少爺。
最後甚至鬧出角鬥場大型械鬥，不但鬥氣色彩斑斕，元素炸彈更是滿天飛舞。
更厲害的是，這場「炸彈嘉年華」還炸出一段幾乎天衣無縫的人體實驗，以及三公主殿下隱諱的感情世界……"
黃泉之狩(08)真相,貓邏,奇幻科幻,完結,0,飛燕文創,奇幻,科幻,,,,https://mojoin.com/novels/3399,"「你要活下去，為了季薰、也為了凱，你不可以讓他們兩人的性命白費。」魈認真的叮囑著，「改變懦弱的個性，讓自己變強，用盡一切手段生存下去，這是你唯一可以報答他們的方法。」
「我知道了。」維德胡亂抹乾臉上淚水，用力的點頭，「我、我一定會變得很厲害，以後遇到欣的時候，換我保護她！」
蛻變前的維德與成長後的魈，同時對自己的靈魂起誓，鄭重地許下守護的諾言。

搭乘上返家的馬車，似乎終於可以鬆一口氣，好好休息，然而，事情真有這麼順利嗎？
藏匿於暗處的惡魔再度現身，在追獵的同時，他也成了被追逐的一員……
「嘖！真是煩人的傢伙。」奧蘭特面露不悅，怒瞪著臨時現身的對手。
「我來取回我的東西。」在一身黑衣的映襯下，來者的膚色更顯蒼白。

除了惡魔的虎視眈眈以外，日後等待著季薰的命運，又會成現出什麼樣的轉折？
已故的亡者再度現身，為事件掀起另一股波瀾……"
夢靨的莉莉絲,七月鼠,奇幻科幻,完結,10,原創星球,魔法,宇宙,科幻,戰鬥,末世,https://mojoin.com/novels/3720,面對入侵地球的生物「夢靨」，獲得神明莉莉絲力量的少女們，今天也拚命戰鬥著。
月夜之歌～拾光裡有你～(03),蔚海,奇幻科幻,完結,0,飛燕文創,奇幻,科幻,,,,https://mojoin.com/novels/3508,"「和我打一場公開的一對一競技賽吧，如果妳贏了，說不准我會把武器『送』給妳。」──拿著頌頌花尋覓已久的〈魔舞劍〉，挑釁的言語讓所有一切一觸即發。

妳的世界充滿光彩，還是黯淡無光？除了遊戲之外，有沒有讓妳感到重要的東西？
如果是以前，湯韶肯定會說沒有，都隨風去吧、隨風飄吧，不管是現在還是未來，她通通都不在乎。
可是，當有了想珍藏、想保護的事物之後，她會靠著自己的力量去守護。

「我的臉有這麼好看能讓妳這麼一直盯著？」
「唔……才、才沒有！我只是在想事情！」
邱昭明看著她，還想她應該對這次的合菜不太有興趣，沒想到會吃那麼多。
於是很不要臉的邱昭明又問：「想我的事？」

比想像中還有少女心的昭光Ｘ女漢子鋼鐵耿直GIRL頌頌花
乘著大家的祝福，用100%的力量用力放閃！"
血!!魔導(01)宿命的孽緣,暮辰,奇幻科幻,完結,0,飛燕文創,奇幻,科幻,,,,https://mojoin.com/novels/3592,"搶劫皇家寶庫、介入奪嫡紛爭，史上最年輕的魔導士一路走來一路傳奇，儼然是世人眼中冉冉升起的一顆新星。
誰又知道，他的身體非生非死？
誰又曉得，他的仇敵手眼通天？
在他努力累積克敵資本時，致命觸角已經延伸到他的生活周遭。
為了暫絕隱患，勒斯不得不啟用一個決絕的主意，一個關於「人體炸彈客」的計畫……"
終焉之島X兵器少女(05)邁向終焉的王者之路(END),八爪魚,奇幻科幻,完結,0,飛燕文創,奇幻,科幻,,,,https://mojoin.com/novels/3291,"煌日帝國的侵略行動，全面展開！

「藍色是代表靈魂的純淨光彩，紅色則是失去靈魂的絕望色。」

煌日帝國的二十萬大軍，軍臨反抗軍的最後陣線。
所有人嚴陣以待的同時，也知道這將是他們最後一戰。

天拓與剎那前往山區，會見古老的山之民，
這群最接近自然的戰士，其危險與神秘一樣悠久，
沒有人能保證他們能夠活著回來，但他們有著必須這麼做的理由。

同一時間，來自帝國內的最強將軍，
帶著無法逆轉的力量，來到眾人的面前──

兵器少女完結篇，終焉降臨！"
台灣勇者協會T.G.G(06)邁向終結的倒數,玥主朽紅,奇幻科幻,完結,22,飛燕文創,奇幻,科幻,,,,https://mojoin.com/novels/3591,"『謝謝你，安哥。』

█████████████████████
████████████
█████████████████████████
██████
███████████████

████████████
──────直到約定的那一天。
█████████"
饕餮食堂(02)連環圈套,逢時,奇幻科幻,完結,0,飛燕文創,奇幻,科幻,,,,https://mojoin.com/novels/2914,"正式成為大一新鮮人的杜櫻，本來以為可以繼續學霸生涯……
結果迎接她的是更多光怪陸離的妖怪世界！

不管是什麼妖怪，全都是惡意滿滿❤
連環圈套，正式展開，杜櫻小獵犬，勇往直前的衝啊！

您好，今天想來點什麼呢？
今日限定是山蜘蛛腿佐南瓜燉飯、碳烤畢方翅膀糯米捲
歡迎點餐！"
饕餮食堂(04)真假杜櫻(END),逢時,奇幻科幻,完結,0,飛燕文創,奇幻,科幻,,,,https://mojoin.com/novels/2921,"「我想讓這份心意，成為一點點能夠羈絆你的可能。」

杜櫻終於告白，但她並不知道黎明之後……
即是有去無回的最後大戰。
常青與何邢共同約定，要保護好她。
什麼都不知道的她，這份心意注定落空。

大戰開始，城市淨空，失去電力的城市即將迎來黑暗期，
但如果這是自由的代價，你是否願意付出？"
逃離世界,蒼燁,奇幻科幻,完結,0,原創星球,虐心,都市,奇幻,生存,成長,https://mojoin.com/novels/3730,以考驗作為面對自我內心的困境。
黃泉之狩(07)羈絆,貓邏,奇幻科幻,完結,0,飛燕文創,奇幻,科幻,,,,https://mojoin.com/novels/3398,"將關係進行了切割，是否就能保護對方不受傷害？
魈永生的敵人、Ｌ組織的首領──艾蒙終於現身，他的出現又會帶來什麼樣的衝擊？
魈、艾蒙、季薰三人之間，又會發生什麼樣的事件？
上天在他們身上加諸了什麼羈絆？導致三人的命運牽扯不已……

「你這個膽小鬼！逃避不能解決問題，你不知道嗎？」隔著屏障，季薰朝魈的背影大喊：「就算你離開了，事情也不會因為這樣就解決！」
「混蛋魈，死沒良心的大叔，停下來聽我說話是會死嗎？」她憤怒的握緊拳頭。
「我、我討厭你！你這個愛亂吃豆腐的色狼，不負責任的傢伙！隨便就拋棄我離開的冷血動物，大笨蛋！」
滿腔的怒氣越罵越無力，季薰頹然坐在地上，淚水自眼眶滑落。
似乎，不管她用什麼方式，她都再也喚不回、留不住他，一股焦躁而又無能為力的無力感盈滿她的心口……"
惡鬼補習班(02)熱熱鬧鬧招生月開鑼囉,望宸,奇幻科幻,完結,0,飛燕文創,奇幻,科幻,,,,https://mojoin.com/novels/3465,"我是唐芯苗，十五歲。
今年夏天，我成為某補習班的工讀生，
但當我披荊斬棘終於正式上班時，才發現──　

除了我們招生組三人是僅有的人類外，
公司內下至學生，上至主任老師……

全、部、都、是、鬼！

陰曆七月初一，惡鬼補習班招生月正式展開！
身為班內最菜的菜鳥，種種難搞又荒唐的工作全落到唐芯苗身上。
幽冥界貼海報、重做出錯講義、帶新生搭電梯、陪有虐待傾向的名師到廢墟招生，還成為課後輔導計劃的實驗用小老師？
菜鳥唐芯苗打工以來最艱困的任務現身！
她該如何協助名為鄭泰的正太怨靈，成為百年難得一見的超級大惡鬼？"
零度領域 新裝版(10),貓邏,奇幻科幻,完結,0,飛燕文創,奇幻,科幻,,,,https://mojoin.com/novels/3242,"經過了重重考驗，我們終於完成公會城任務啦！
不過，這隻奇怪的生物是什麼東西啊？
咦咦？就因為他們兄弟不合，就讓世界大亂？這、這未免也太……
得到公會城跟領地後，接下來要做什麼？
那還用問嗎？

我們要稱霸《零度領域》！
我們要創造傳說！
我們要成為排行榜上的強者！
我們、我們、我們要邁向結局啦～～

零度領域最終回，結局即將揭曉！"
黃泉之狩(06)圈套,貓邏,奇幻科幻,完結,0,飛燕文創,奇幻,科幻,,,,https://mojoin.com/novels/3382,"我唯一的摯友，金恩：
當這項計畫失敗後，與我合作的罪人必會重起爐灶，再次奪取那份力量，倘若對方成功，這世界的命運將會被扭轉……

「計畫成功了嗎？」
「咯咯咯，失敗了，嚴重失敗。不僅門沒有打開，伊格爾自己也死了，咯咯咯。」
「是嗎？那還真可惜，我對那個理論挺感興趣。」嘴上說著可惜，男子臉上卻平靜無波，沒有多餘的情緒。
「咯咯咯，他的理論沒有錯，只是準備的不夠完善。」特倫斯暴凸的雙眼發出綠色幽光，「我已經將資料複製下來，等我準備完成……咯咯咯。」

「妳好，我是調查局的偵查員，有件事情想請妳協助……」

意外地，季薰面前出現自稱是調查員的男子，從對方口中，她得知魈的過去，強大的衝擊讓她腦袋一片空白……"
Math Server Volume 3,伍德．瓦懷特,奇幻科幻,完結,0,原創星球,長篇,解謎,戰鬥,青春,日常,https://mojoin.com/novels/57,"讀者引頸期盼，直搗主角們過往的新冊登場！
融合戰鬥、成長、解謎的現代輕奇幻「Math Server」系列第三集開幕！"
惡鬼補習班(04)沒有想像力是無法成為亡靈獵人的,望宸,奇幻科幻,完結,0,飛燕文創,奇幻,科幻,,,,https://mojoin.com/novels/3478,"我是唐芯苗。
不久前剛知道自己上了本市排名第二的高級中學！
現在對於高中登記分發的結果很滿意，補習班的工作也上了軌道。
時間不知不覺間地前推進著，然後……
感謝老天，我終於能領人生第一筆薪水了！

一個多月過去了，唐芯苗總算捱到發薪日，但大大小小的災難依舊形影不離。
突然被抓去拜訪怪婆婆，帶了一堆死人才用得到的東西回來！
用塑膠袋打包薪水，回家路上居然遇到持掃把搶劫的高中少女！
還有神秘的蒙面人，一天到晚騷擾補習班！
甚至連雙胞胎中的弟弟「骨摧」，都對漸入危險的未來，做出了預言……"
穿越變蘿莉(13)致新生,白日幻夢,奇幻科幻,完結,0,飛燕文創,奇幻,科幻,,,,https://mojoin.com/novels/3301,"林日揚看見了歷史原本的走向，怎是個慘字可形容得盡，他感覺自實驗意外以來，包括自己穿成小蘿莉的悲憤都受到了撫慰……

為了創造盤古世界的未來，首先林日揚得先──
『殺了日神』
『搞爆盤古大陸』
『創世神皇煙滅回歸為本源之力』

眾：『……你確定不是來滅世的嗎？！』
林日揚：毀滅，致他愛的人，一個不是未來的未來。"
我的女友是土方歲三？！,朱夏,奇幻科幻,完結,30,飛燕文創,奇幻,科幻,,,,https://mojoin.com/novels/2797,"看似平凡的大學生—矢守祐介，自幼就因夢中女鬼纏身而困擾不已。
在開學當天他被抓去當轉學生張宇伶的輔導員，此時張宇伶竟自稱自己是陰間使者，逼迫祐介協助尋找違法攜帶前世記憶轉世的末代武士—土方歲三。
這時，半路卻殺出自認是祐介前世情人的學妹佐佐木加奈。
在兩女的夾擊下，祐介的前世記憶漸漸浮現，他坦承自己就是土方歲三，而加奈則是自己前世拋棄的情人。
但沒想到加奈聽見他這麼一說，竟表明自己才是真正的土方歲三，而祐介是她的前世情人？！
為了釐清誰才是真正的土方歲三，祐介和兩女共同踏上尋回記憶的旅程……"
惡鬼補習班(03)年年中元都有刺激無比的員工旅遊,望宸,奇幻科幻,完結,0,飛燕文創,奇幻,科幻,,,,https://mojoin.com/novels/3477,"我是唐芯苗。
惡鬼補習班招生組工讀生，負責的工作是電話訪問、打雜、跑腿和……
所有同事都不想做的苦差事！

喔嗚，好想放假喔，聽說中元節是鬼魂間最重要的節日。
可是為什麼我連中元節都沒有假放呢？
我一點都不想去什麼兩天一夜的中元節員工旅遊啊啊啊啊！

唐芯苗在補習班的工作漸漸穩定，和同事相處也熟悉了起來。
這種時候，就更需要員工旅遊來增進彼此間的感情了！
一年一度的中元節員工旅遊，這次朝著濱海的水上樂園前進！
藍天、大海、草帽、沙灘排球、棕櫚樹、花襯衫、椰子水和比基尼泳裝……
誰說鬼魂不能在大太陽底下瘋狂玩滑水道呢？"
黃泉之狩 第二部(08)終曲(END),貓邏,奇幻科幻,完結,0,飛燕文創,奇幻,科幻,,,,https://mojoin.com/novels/3469,"最後的戰役即將展開，為了這象徵正義與邪惡的一戰，死神殿一干人摩拳擦掌以待。
「殺啊啊啊──」

刀光交錯，寒芒閃爍，帶起了一片死亡的陰影。
殺聲響徹雲霄，爆炸聲接二連三的響起，靈魂的殘片化為點點星芒散落於天地之間。
兩名傷兵半坐半躺地靠在一起，一個被削去了半邊身體，一個被扯斷了兩條腿，他們喘著氣、唇邊淌著血，手上握緊了炸彈的拉弦，齜牙咧嘴地笑著，等著死亡的到來。
「殺一個夠本，殺死兩個就賺一個！」被削去半邊身體的死神獰笑道。
「呵呵，至少要拽上四個，才有臉去見死在前頭的弟兄……」

儘管已經傷痕累累，在生命的最後一刻，他們的意志依然沒有動搖，仍然堅守著刻進靈魂裡的驕傲與頑強！
他們可以戰死、可以被殺死，卻沒人能讓他們退縮與屈服！
「為了榮耀！」
「為了家園！」
「死戰不退！」"
青青何盼草(03)躲不掉的麻煩,姒情,奇幻科幻,完結,0,飛燕文創,奇幻,科幻,,,,https://mojoin.com/novels/3267,"「青海，其實你不必對我這麼好。」
「不對妳好要對誰好？」大神皺眉。
「先聽我說完，這些話我只說這麼一次。」
何盼盼回想第一次被搶圖王、第一次被玩家殺死、第一次被通緝、第一次包間跟人同居、第一次繫紅繩、第一次首殺上電視……
好多的第一次，都是和這個她曾經討厭的人一起。

「你說，這算不算是一種緣份？」
大神不語，只是靜靜地望著小小人兒，深黑色的眸子清澈如水。
「我只是想說，無論是誰，對我來說都只是一個普通玩家，而你卻是跟我繫了紅繩的夫君」，揚起嘴角，何盼盼自信地重複一遍，「我凌風草的夫君。」"
黃泉之狩 第二部(02)牽扯,貓邏,奇幻科幻,完結,0,飛燕文創,奇幻,科幻,,,,https://mojoin.com/novels/3411,"收集器官是為了保命？
鬥毆、吸毒、無端陷入昏迷的新聞事件背後，另有真相？
之前發現的異種，不過是真相的最末端、拼圖的一小塊。
藏身於黑暗的幕後黑手，究竟有什麼意圖？

喂喂！叫我打掃煮飯、陪你抓妖抓姦、騙人坑錢外加搶劫，還叫我陪你逛街、打電動？
給老娘我聽清楚！我不是僕人、不是道士、不是詐騙集團，更不是「伴遊小姐」！
你這根本是虐待勞工！小心我去告你喔！

不過才第一集，女主角就失去了雙眼，個性鮮明的角色與神祕人物隨著劇情發展陸續出現，令人驚奇、出乎意料的故事轉折，更是讓看官們大吃一驚！

究竟季薰是否能夠順利取回眼睛？
運送者川羯拿取他人器官的目的是什麼？
神祕的敵人與事件究竟為何？

一連串的謎題將在接下來的劇情中陸續揭曉。
請大家千萬不要錯過了喔！"
黃泉之狩 第二部(03)鬼門,貓邏,奇幻科幻,完結,0,飛燕文創,奇幻,科幻,,,,https://mojoin.com/novels/3425,"曾經見過一次的門扉再度出現在季薰等人面前，門扉裡的世界是如此匪夷所思，讓季薰更沒想到的是，在那裡她竟然見到了……

所謂的「全智之眼」究竟是什麼？
這個空間又是怎麼形成的？
而她又為什麼不受影響？
種種的謎團，繞在季薰身上，將她埋入迷霧之中。

圓滾滾的金棕色大眼透著迷惘，小小地腦袋左右移動了下，將圍繞在他身邊的幾人一一看過，而後男孩的目光定在季薰身上，稚氣的臉蛋上露出一個純真笑靨。
「媽媽！」
「噗！咳咳咳……」端著一杯咖啡才剛喝下的魈，被嗆了好大一口。
「水、水色，他、他他叫我、叫我……」指著從地上坐起身的小孩，季薰的表情僵硬，手指微微發抖。

亂了、亂了，怎麼會這樣？照理說這個孩子不應該……"
歡迎來到『魔物之森』便利商店(01)不知道為什麼老是走到「魔物的便利商店」,雷明,奇幻科幻,完結,0,飛燕文創,奇幻,科幻,,,,https://mojoin.com/novels/3197,"這是個魔物和人類姑且算是和平共存的現代社會，冒險者這個職業也因為魔王的城堡仍然佇立、低薪的問題日益嚴重，因此這個職業依舊存在。
傳說中在一個住滿魔物和怪物的森林中，有一間名為『魔物之森』便利商店，裡面充滿各式各樣的奇怪且稀有的夢幻商品。這間便利商店，雖然主要的客群當然是住在魔物之森中的魔物們，但在冒險者之中也擁有不小的人氣。
然而並沒有人知道這間便利商店的確切位置，只是當你迷失在森林中，需要它之際，便利商店就會出現在你面前。
不過伊魯，這個普通到不行，甚至可以說是完全不顯眼的冒險者，似乎被這間便利商店給祝福（？），不管他怎麼走，總是會進到那間便利商店。
不管是去森林冒險、到公會找工作、到旁邊的雜貨店買醬油，甚至只是從房間走到廁所，伊魯總是有辦法來到這間便利商店。
而且不知道為什麼便利商店的客人，似乎不是很喜歡伊魯的樣子，尤其是店長帕蕾西亞，每次看到伊魯總是會想欺負他……"
對手被隕石砸死難道是我的錯嗎？(02)冒險者傳說,南翁,奇幻科幻,完結,0,飛燕文創,奇幻,科幻,,,,https://mojoin.com/novels/2943,"柯恩表示，冒險者的生活真的很不簡單，舉幾個例子來說明吧。

一、明明就想當騎士卻因為不小心尾刀了別人的魔獸而變成冒險者，受到敵視而且被公認為冒險者。
二、明明就只是路過卻重複尾刀了同一個人的獵物，並被視為眼中釘，然後大家還是把他當成冒險者。
三、明明就已經打倒最可怕的對手了，卻被人尾刀把功勞整碗拿走，結果也沒有被正名不是冒險者。

最後，已經放棄解釋自己想成為騎士的柯恩，在不斷地不想撿人尾刀卻莫名撿人尾刀、自己打敗的敵人卻被人撿了尾刀之後，忍不住嘆道：「唉，對手被人撿尾刀難道是我的錯嗎？」"
制約天使(02)雙重憑者與兩依者,DARK櫻薰,奇幻科幻,完結,0,飛燕文創,奇幻,科幻,,,,https://mojoin.com/novels/3595,"天使大人的事件告一段落，冷揆言的網路占卜師網頁又收到了一封奇怪的訊息。
繼「必死三問」之後，訊息拐彎抹角的讓他查到了「捉迷藏」遊戲，冷揆言深深覺得，這些學生──不對，這些憑者到底有多愛怪談呀！
只是這一次的怪談有點奇妙，訊息不清不楚的，還弄得好像人人都是犯人，這讓冷揆言有了案情不單純的錯覺。
難道，這事件又跟「天使大人」有關？"
超超能力者NOT日常生活權(03)指鹿為馬的人工智慧論,二迴林,奇幻科幻,完結,0,飛燕文創,奇幻,科幻,,,,https://mojoin.com/novels/3142,"為了防止意外發生，為了守護世界和平，人造機器人木蘭，從今天起要和空之上一塊兒上學、一塊兒生活──附上滿滿的機槍、飛彈以及武裝喔！
不過可怕的不是武器，可怕的是趕鴨子上架的她……竟然沒有腳！難道政府高層認為腳只是裝飾嗎？
好在她還有一根竿子，插著履帶輪。

嗯……如此美好的模樣，自然嚇壞了空之上班上所有的人，無法接受這位新同學的聲音隨之席捲而來。
然而空之上一出手，便知有沒有。他拯救了木蘭，證明她有顆少女之心。
接著，木蘭產生了改變──

「窩、倭、我……沒有心，窩、倭、我……想要有心。」

天下最強的日常生活喜劇第三彈！關於機器人有沒有心那件事──不就是人類說的算嗎？"
我的蘿莉勇者變御姊(04)小特務大英雄,雷明,奇幻科幻,完結,0,飛燕文創,奇幻,科幻,,,,https://mojoin.com/novels/3298,"「要是你敢對公主陛下亂來，莎比就閹了你這個老百姓。」

因為上次的校慶事件，讓大家以為莎比已經死了，而跟她關係最好的伊莉莎白公主，也因此非常難過。
為了要讓她打起精神，於是艾赫把她約出去散散心，然而就在艾赫跟伊莉莎白約會的時候，原以為已經死掉的莎比卻冒了出來，警告艾赫不要對伊莉莎白毛手毛腳，也叫他好好的照顧她，說完之後就這樣消失在艾赫的眼前。
但是莎比的再次出現，也把意想不到的敵人，也帶到了艾赫的身邊。
同時魔族消失的祕密與勇者被封印的歷史，也將隨著這來自海外的敵人，慢慢揭開謎底。
得知過往歷史的艾赫，又該如何面對襲來的魔族以及勇者過去的祕密呢？"
守衛龍騎(04)誓約&背叛,鬱兔,奇幻科幻,完結,0,飛燕文創,奇幻,,,,,https://mojoin.com/novels/2438,"終於成功勸退花婗退出公會，但竟然意外發現花婗早就對索伊一見鍾情，花婗甚至還開始製作大量黑暗料理要阿修幫忙「試毒」，讓阿修苦惱不已。

席娜終於來到普雷特公會報到了，而阿修與席娜舊地重遊，由神奇的寶石所製造出的回憶幻境之中，阿修終於見到朱牙了。
他深感自己比不上朱牙，但阿修發誓絕對不會讓席娜獨自一人，席娜被他的精神所感動，決定讓阿修成為自己第二任專屬騎士。

阿修已經找到自己想守護的人事物，但卻也懷疑自己是否真有這能力做到這一切，但與主使團的衝突已經白熱化，而主使團團長也確實是席娜的血親，但卻只一心想奪走她的寶物，普雷特公會等人只能逃亡至西北岸的古塔避難。

重重困難之下，阿修是否能從絕對權威者手中守護普雷特公會與席娜公主呢？"
終焉之島X兵器少女(04)絕對孤傲的獅子女王,八爪魚,奇幻科幻,完結,0,飛燕文創,奇幻,科幻,,,,https://mojoin.com/novels/3263,"對決！
不信命運的人VS認定自己就是命運的人！

當狂獅子帶著超越奇蹟的暴力降臨，
昔日階下囚，成為今日最大敵人。

帝國軍步步進逼，反抗軍節節敗退，
King知道，也許這一次，光靠奇蹟已無法獲勝。

「那我就超越奇蹟吧。」天拓笑了。"
萌物娘使用手冊(05)竹取未完物語(END),午夜藍,奇幻科幻,完結,50,飛燕文創,奇幻,科幻,,,,https://mojoin.com/novels/3347/176278,"「但是，故事並沒有結束，到此還沒結束喔。」
「開始吧，屬於我們的……」
「未完的物語。」

這一切，或許該從故事的開頭說起。
讓月光也能暫時失色的那位銀髮女孩，降生到這世界的最初談起……"
少年土地公 紀事本末(03)哪個笨蛋土地公死掉了!?,楊寒,奇幻科幻,完結,0,飛燕文創,奇幻,科幻,,,,https://mojoin.com/novels/3320,"城隍大小姐開始兼營販賣土地公布偶了！
感覺起來土地公廟的生財管道越來越多。
不過城隍大小姐也在網路上亂買東西，
還運用土地公廟的經費買了超級昂貴的「平價神裝」！
看來土地公廟的負債永無止境……
而清海高中的「幸運女神」帶著土地公阿楚，
即將揭開連城隍都沒有告訴阿楚的秘密……

還有城隍的身世之謎也……
這一集有好多秘密即將公開！"
LOST星際少女(06)拾回進度67%(END),羽毛冰塊,奇幻科幻,完結,0,飛燕文創,奇幻,科幻,,,,https://mojoin.com/novels/3282,"一支偽裝成星盜的德里部隊神不知、鬼不覺的潛入了聖維可多內部，他們的目標，正是二十年前攻破了他們指揮部的公主！

所有人的目光都放在公主身上，可公主卻表示她重傷未癒，無力出手。舒越他們該如何是好？"
叫我大小姐！(03)親愛的管家，不管你出了什麼事，我一定會把你追回來的！,東邦,奇幻科幻,完結,0,飛燕文創,奇幻,科幻,,,,https://mojoin.com/novels/3310,"成功偷渡至新大陸，和眾人分散的宇夏情時很榮幸的又多了一個新身分──即將被拍賣的奴隸！
好在，她遇見了不靠譜的師父。
脫離奴隸身分，宇夏情時發現自己轉運了，一下就發現遍尋不著的管家，雖然他忘了她，但在她使出纏人大法，外加救命之恩後，他的心動搖了。
祕境開啟，遇上失散的冷陌竹。
為了尋找歐陽修壹，意外撞見朝千，只是，朝千啊，你身邊的三大天王怎麼變成一個了？"
九皋物語(01)福與禍,草子信,奇幻科幻,完結,0,飛燕文創,奇幻,科幻,,,,https://mojoin.com/novels/3352,"「記住，無論發生什麼事，一定要保護玉石。」
林甯巧從小答應奶奶，會守護「玉石」，雖然她不知道「玉石」究竟有什麼特別。

為了兌現承諾，林甯巧每天都在努力修行，甚至不顧形象的圍著浴巾，和小偷大打出手，沒想到搶奪玉石的途中，卻失手將它摔破。

還以為它「煙消玉損」，就此鑄下大錯，直到奶奶告訴她，玉石躲進她的身體裡，不肯離開。

這下可好，她真的是用「性命」在守護玉石了。"
從海裡救起的人類總想撩我,釉子酒,奇幻科幻,完結,57,獨家原創,奇幻,童話,戀愛,,,https://mojoin.com/novels/581,"相傳在很深很深的大海裡，住著一個擅長煉製魔藥的可怕魔女，曾有人魚獻出了悅耳的聲音，才求取到可以將魚尾變成雙腿的魔藥——
對於這個傳聞，身為魔女本人的海兒只覺莫名其妙，那隻人魚只是在成為人類後得了重感冒，才發不出聲音好嗎！

不過被誤解也無所謂，海兒只想過著不被打擾的生活，因此她還找了隻大水母當代理人，這樣她才有餘裕做喜歡的月光浴。
某天當她又來到海面上做月光浴時，遇上了暴風雨，並見到一名少女從大船的甲板上跌落海中。

海兒本想當作沒看到，可是少女那頭金燦燦的長髮太美了，於是她終究將少女救上了岸，想不到卻為自己招來危機——被吃掉的危機！？"
九皋物語(03)生與死(END),草子信,奇幻科幻,完結,0,飛燕文創,奇幻,科幻,,,,https://mojoin.com/novels/3354,"「倘若我說這不是民間故事，而是妳奶奶真實的過去，妳會怎麼想？」

仙魔同時來襲，逼得林甯巧喘不過氣，
面對強大的上仙，與漸漸被剝奪的生命，
林琳那不能說也不該碰觸的過去，也將浮上檯面。

林琳的過去是謎，卻是憎恨源頭，
小時候林甯巧曾誓言要保護奶奶與玉石，
此時此刻，她依舊沒有後悔當時做出的決定。

唯一讓她怯步的，是對余項的感情。
如果他們的相遇不是如此，那麼……

「奶奶，我可以喜歡上他嗎？」"
穿越變蘿莉(12)平行漂流,白日幻夢,奇幻科幻,完結,0,飛燕文創,奇幻,科幻,,,,https://mojoin.com/novels/3286,"俗話說男人嘛，對別人狠，對自己要更狠！宇文承皓自認自己怎麼也算是個狠角色，算計了人家妖族民不聊生、滅族之景可待，再把瘋人院都不收的冰姬算計得未來即使白龍回歸也接受不能，最後算計了自己去領便當了。
熊孩子他就是這麼中二他任性……某人匿名表示他可以抽陛下屁屁嗎？

輾轉在各個時空找尋回家之路的林日揚和趙紫雲與姚傲璿四神，遇到了許多啼笑皆非的事情，甚至逛個街姚傲璿就多了個崽，前提是得把朱雀崽從蛋裡孵出來。
終於回到了盤古大陸，林日揚發現一切不過只是開始，平行時空所發生的事情告訴他們世界原本的樣子，事情又本來該是什麼結局，而最詭異的是他們發現，每個世界都──沒‧有‧日‧神！"
Sloth——因循的軸線,KR,奇幻科幻,完結,0,原創星球,戰鬥,異界,,,,https://mojoin.com/novels/437,"在外敵的侵逼下，莫凡公國派出由「勇者」阿庫諾率領菁英小隊，深入「深淵」，試圖尋找百年前因為大戰的神劍「凝滯的剎那」。
隨著阿庫諾一行人逐漸深入邊界城市的遺跡，過往的種種也逐漸浮出水面。
虛幻的過往與現實的此刻，也將逐漸重疊。
歷史永遠在重演，而過去的英雄們，是否能夠逃離這因循的軸線？"
雞排大神之我是魔王？！(02)誰欺負誰？,東邦,奇幻科幻,完結,0,飛燕文創,奇幻,科幻,,,,https://mojoin.com/novels/3480,"哇靠，變態啊！
他認識的女人一個比一個恐怖就算了，現在連碰見的男人都開始脫離正常人的範圍──才第一次見面，某人竟然伸手大捏特捏他的臉頰──雖說事後自居為大哥的某人的確幫了他們不少忙……
骨崎山的地宮通道藏著天大的寶藏，寶藏中還包含令司斐文心癢難耐的「雞界Ａ書」，而Ａ書中竟同時藏著歐艾基最想要的雞的線索？
咕可達，唯一的攻擊手段就是吐出雞胸肉，是想把雞排傳至全大陸的歐艾基最適合的契約獸，偏偏這隻犯賤的「雞」，卻必須情緒緊張到臉部嚴重抽搐才會吐肉……
靠，我說雞排大神啊，我是該感謝祢還是該埋怨祢啊？"
Legend：光與影的羈絆(06)蒼月之憶,翼翎,奇幻科幻,完結,0,飛燕文創,奇幻,科幻,,,,https://mojoin.com/novels/3422,"離開了雷諾爾，我們繼續前往獸人首都──愛蘭特尋找解除血咒的辦法，先不吐槽這裡的氣候為什麼隔了座山就隔很大，想要在一堆動物裡跑來跑去的前提，居然是連自己也要變成動物的一員？不變還會被當成通緝犯而滿城通緝？哪有人這樣啦。
說什麼我也不想要變成獸耳娘啊！
但是在曄幽大人的淫威下，就算現在是天黑，他說天亮就天亮，不變他硬是要你變，長期被他當成寵物養的我能拿他怎麼樣？連吱一聲都不敢吱！
好吧，變就變，但我只答應多加一副耳朵跟尾巴，並不想連自己未來的丈夫也一起變出來啊！
幫忙幫到底是不錯，幫忙碌的新娘朋友披嫁衣喬裝什麼的簡單，但我一點都不想幫她處理她的老公啊！
我都還沒交過男朋友！居然要我陪別人的老公上禮堂說：「我願意。」
……曄幽爸爸快來救我QAQ！

By伊絜翼薩妲斯大陸1561歷年。"
終焉之島X兵器少女(03)跨越時光的龍后之戒,八爪魚,奇幻科幻,完結,0,飛燕文創,奇幻,科幻,,,,https://mojoin.com/novels/3262,"籠子裡的鳥，認為飛翔是一種病。
但，惡獸不需要翅膀，因為牠們有尖牙利爪。

King膽大包天的俘虜帝國大將‧狂獅子。
此舉引來敵方陣營中，最精銳的殺戮部隊。
惡獸部隊──他們只有六人，卻各個殺技高超。
放到別的地方，他們是名震世界的殺人魔。
放到戰場上，他們則是最惡的戰士。

今天，兇猛惡獸出閘，即將進入鳥籠。"
黃泉之狩 第二部(05)異域,貓邏,奇幻科幻,完結,0,飛燕文創,奇幻,科幻,,,,https://mojoin.com/novels/3446,"意外闖入魔界的季薰等人，受到憨厚單純的魔族人──克朗一家的熱情招待，從他們口中，季薰等人對魔族有了更進一步的瞭解。
魔族，是一個民情純樸、制度分明的種族。
咦？這似乎……跟一般大眾認知的「惡魔」不同啊？
喔喔，原來魔族跟惡魔是兩種不同的族群吶～～

當季薰等人在魔族遊玩時，DA小組等人則是為了找出他們的下落，忙得一團亂。
也因為季薰等人的失蹤，一些原本沉潛於死神殿暗處的污穢，此時全都浮到明面上，讓情勢變的更加灰暗不明。
尋人時，DA小組意外搜查到一個Ｌ組織的重點基地，在那裡找到了不少受害者，而其中一人的來歷，似乎有些不尋常……"
我才不是過氣騎士呢！,林北小歐辣,奇幻科幻,完結,12,獨家原創,奇幻,科幻,,,,https://mojoin.com/novels/3208,十年前的失蹤的過氣騎士，將帶著向黑暗妖精所學的一切重返亞丁！
過往之影,安森希爾,奇幻科幻,完結,0,獨家原創,奇幻,科幻,,,,https://mojoin.com/novels/3203,"傭兵芬恩過去的夢魘猝不及防地找上他，黑暗在艾澤拉斯上逐漸蔓延。
然而，失去聖光信仰的他卻在這個關鍵時刻卻步了。
芬恩只剩下兩個選項：再次背棄同伴與聖光只為苟活，
或是在這場災難中變成他最不想面對的不死生物。"
惡鬼補習班(05)歡迎光臨鬼城酆都(END),望宸,奇幻科幻,完結,0,飛燕文創,奇幻,科幻,,,,https://mojoin.com/novels/3481,"我，唐芯苗，一個平凡到不醒目的高中生。
就讀市立第二高中一年十四班，座號是不吉利的四十四號。

沒有想參加的社團，打掃工作是外掃區垃圾，外掃區則是女生廁所。
沒有寵物，沒有男朋友，也沒有任何的打工。

被九皇趕出惡鬼補習班的唐芯苗，恢復了她夢寐以求的正常生活。
但是，開學第二週還沒過完，唐芯苗竟在學校裡，被從天而降的亡靈獵人岳霜輪給強行押走！
自稱岳家掌門人的岳霜輪，甚至大膽妄為地要唐芯苗陪著她，一起潛入幽冥界最熱鬧的鬼城酆都，抓回背叛家族的弟弟！
然而開除唐芯苗的惡鬼們，似乎也正計劃著前往酆都，尋找雙胞胎的下落……"
《夜行者2-獵殺 》The Son of Cain-Slaughter,玫瑰,奇幻科幻,完結,0,原創星球,歷史,異界,,,,https://mojoin.com/novels/563,"《玫瑰首部宗教奇幻作品》
這不是一個人的自傳
不是一對情侶步入教堂的歷程
而是殘酷的現實下一齣又一齣的悲歌
* * *
以賽亞宮的悲劇之後，政府派出了一隊偵查隊展開任務。
一隊人馬，四個人的目的卻不盡相同。
這到底會擦出甚麼火花。

而遠在另一邊的新生血族蕾蒙娜。
在擁有一段新的生命後，
是福？是禍？
夜行者與吸血鬼兩族的命運又該走向如何？"
制約天使(03)遊戲升級與審判長,DARK櫻薰,奇幻科幻,完結,0,飛燕文創,奇幻,科幻,,,,https://mojoin.com/novels/3606,"先別管遊戲了，你聽過「天使大人」嗎？
捉迷藏事件結束不到數天，「天使大人」的名聲突然傳遍了整個校園。
面對從低調轉為高調的「天使大人」教派，這一場天使與惡魔之間的奪核遊戲也出現了變化。
遊戲進階升級，裁決這次遊戲的審判長現身，規則的改變一切都是為了要打擊「天使大人」，這場遊戲究竟會變成如何呢？"
身為天下第一快劍的我，一不小心就無敵也很正常吧？(04),八爪魚,奇幻科幻,完結,0,飛燕文創,奇幻,科幻,,,,https://mojoin.com/novels/3529,"天下武功，無堅不摧，唯快不破。

那一長一短兩把劍的傳說，從遙遠的另一個世界，飄蕩到神州大陸。
北方，各種意志交錯，綿延無盡歲月的戰爭，來自天的訪客，與自地獄冒出的惡魔。
擁有不同意志的人們，共演最扣人心弦的篇章。
在此時，攔在主角面前的，是那把天下最強的劍。
結局，白熱化！

─────────────

大風起兮，風飛揚。
一長一短的雙劍傳說，在此開始。"
Legend：光與影的羈絆(05)綾緞之心,翼翎,奇幻科幻,完結,0,飛燕文創,奇幻,科幻,,,,https://mojoin.com/novels/3421,"為了解開米拉蘭夏雙子的詛咒，包袱款款的啟程前往愛蘭特，一路上東撞西碰，恍恍忽忽的睡很大，當我再次醒來，居然回到了過去遇見那個人的時候。
是夢是現實？我搞不清楚。
不過……媽啊！我聽過穿越而我本身也是穿越，但我沒聽過可以再穿回去而且還穿到過去的啊，這怎麼想都不對的吧！
親愛的創世神，沒有必要這麼玩我吧。
好吧，看在您老人家對我還不錯，將我九年來一直想要見的人帶到了我的身邊，我唯一知道的是那人依然帶給我溫暖，如同那天之前給予我的救贖及安心。
『在想哭的時候，對著自己說不要緊；在軟弱的時候，對著自己說要堅強；在委屈的時候，對著自己說要忍耐，在被欺負的時候，對著自己說沒關係……』
一直以來，我對著自己也對著綾說著這句話，等到我獨自回首盼望時，才發現當初綾說的是真的。
我在這四句話的枷鎖中，從未活過。

By伊絜翼薩妲斯大陸1561歷年。"
一擊必殺的不敗聖劍(03)科技之都大冒險,雷明,奇幻科幻,完結,0,飛燕文創,奇幻,科幻,,,,https://mojoin.com/novels/3431,"為了要修理被伊吉打下來的飛空學校，尤里烏斯學院，於是伊吉一行人前往曉星城北方的科技之都艾達城尋找零件。

然而……
「嗶嗶！嗶嗶！這是臨檢，請出示證件，如果是其他城市的居民，請出示身分證明。」
在所有人下車辦入城手續時，無聊亂晃的伊吉，剛好被大鐵桶機器人臨檢。
「化成廢鐵吧！大飯桶！」
「嗶嗶！判斷為人身攻擊，根據法規八十七號，本機將……」
「一擊必殺！斬鐵劍！」
身為大英雄的伊吉，毫不留情的打爛機器人。

還沒有進城，伊吉一行人就已經被艾達城列為首要通緝犯。
伊吉他們有辦法買到零件嗎？伊吉有辦法不要再製造更多麻煩嗎？
愛與冒險的英雄史詩第三彈，科技之都的大冒險正式展開！"
Legend：光與影的羈絆(07)雙生之願,翼翎,奇幻科幻,完結,0,飛燕文創,奇幻,科幻,,,,https://mojoin.com/novels/3441,"『我們何其的幸運，在出生前就擁有了彼此，但又何其的不幸，出生在這不被祝福的命運裡。』
繞了好大一圈找到了傳說中的言靈師，才發現案情並不單純，所以只好滾回血族大本營……整人啊！
從東邊跑來西邊，現在居然要我再跑回去，我還能遇到比現在這狀況還慘嗎？
現實告訴我，就是現在！
那對莫名受傷的雙子憑空消失，他們的房間居然出現了陌生人！重點是那個陌生人對我有莫名的敵意！三不五時的拿刀架在我的脖子上！
這世界最可悲的事，莫不過洗澡吃飯睡覺時，小命永遠都受到威脅！
你可以再過分一點喔，狗逼急了也是會跳牆，把我逼急了，我、我也是會……對不起，請把刀子放下，有話好說，陌生人大大！
親愛的創世神……算了，我已經放棄許願什麼的。

By伊絜翼薩妲斯大陸1561歷年。"
青青何盼草(05)屬於她的光芒,姒情,奇幻科幻,完結,0,飛燕文創,奇幻,科幻,,,,https://mojoin.com/novels/3269,"西岐城北某夜突然開了家名為「心有靈犀」的店鋪，出售的物品轟動整個《封神傳說》！
帶著這項驚人消息去椰林小區找大神的弱弱小書僮竟發現了更驚人的事實！

「大嫂，我就直說了，關於那個神祕店主，妳有什麼看法？」

「書僮，那店鋪的主人是我。」結果何盼盼比他還要更直白。

弱弱小書僮震懾得一句話也說不出來，他打從心底越來越崇拜這樣一個沒有大幫會背景、沒有固定財團贊助卻依舊能賺進大把大把遊戲幣的女子。

低調卻散發著內斂的光芒，那是就連大神站在她身邊都無法搶過的風采！"
Legend：光與影的羈絆(04)影咎之月,翼翎,奇幻科幻,完結,0,飛燕文創,奇幻,科幻,,,,https://mojoin.com/novels/3402,"親愛的日記……我要懺悔，早知道千祤泉那貨不正常，我怎麼能期待她的家人很正常。
在加特的墳場中找到失蹤已久的血族雙子，為了拯救我的良心……你懂嗎？克利斯整天淚眼汪汪的看著我有壓力！所以一行人決定先到離加特不遠的魔法首都，回到千祤泉以及向典狄的老家。
奇怪的千家人以及可能有精神分裂的皇子殿下，我還從一個神祕的翼族人手上得到了一本專長是咬人的書！也在此揭開了這個大陸最神秘的黑暗傳說……
親愛的創世神，如果時間可以重來，我希望你可以打斷我的腿，這妥妥的是開啟主線的節奏好嗎！我只想回家養老有這麼難嗎？

By伊絜翼薩妲斯大陸1561歷年。"
身為天下第一快劍的我，一不小心就無敵也很正常吧？(03),八爪魚,奇幻科幻,完結,0,飛燕文創,奇幻,科幻,,,,https://mojoin.com/novels/3528,"黑牆四起，殺機飛揚。
故事，也來到揭露一切的關鍵時刻──

無論是投機取巧的賞金獵人，還是胸懷壯志的四大家族子弟，
當所有人都把目標放在天命之劍時，神祕的「天敵」再次現身，
他們擁有無與倫比的恨意，以及同等強大的實力。
於是，這個憑空出現在北方的神祕迷宮中，將上演有史以來最慘烈的大亂鬥。

人與混沌，一直都是兩個世界的戰爭。
那一長一短的兵刃，即將帶來真相！"
Imaginary,倪亞青,奇幻科幻,完結,0,原創星球,微腐,奇幻,軍事,戰鬥,生存,https://mojoin.com/novels/3722,"是真還是假？
是虛幻還是現實？
我的世界一片混亂，搞不清我真正的歸屬在何方。
如果可以重來一遍，我希望(你)可以快樂地活下去。"
一擊必殺的不敗聖劍(06)最終決戰(END),雷明,奇幻科幻,完結,0,飛燕文創,奇幻,科幻,,,,https://mojoin.com/novels/3449,"最終決戰來臨！

巴巴羅薩就如之前的宣言一樣，為了奪取伊吉手中的黃金聖械「不敗聖劍」，帶著大批軍隊包圍曉星城，同時神選之子也跟著凱薩學院一起發動攻擊。
伊吉一行人用自身當誘餌，帶平民逃離曉星城，因此來到前線。然而，等待著他們的，是超乎想像的大軍猛攻。
白火的奇美拉、無限分裂的魔蛇,、精銳大軍,、重型攻城武器……面對重重包圍和洶湧的攻勢，伊吉一行人能逃脫生天嗎？有辦法守護曉星城不被摧毀嗎？最後伊吉有成為真正的大英雄嗎？

熱血史詩戰鬥正式邁入最終章以及精彩大完結！"
女巫養成記03 任務,東邦,奇幻科幻,完結,0,飛燕文創,奇幻,科幻,異能,冒險,魔法,https://mojoin.com/novels/3710,"為了小女巫指定要的女巫騎士人選，盧筱希沒有多加思考就主動加入修分冒險團，迎來的是冒險團團員怪異的目光以及跟送死沒兩樣的冒險任務。
無知不是錯，錯的是明明知道自己無知還自以為是──偏偏她就是這樣一個笨蛋，偏偏事後她還放任衝動行事，差點死在任務之中。
好佳在，冒險團任務突然中止，好不容易回到學校，還沒來得及休息，衰到極點的她就因為該死的好奇心無意撞見露出瘋狂一面的葉君落，結果被迫攬下尋找眼睛的責任，以及拒絕不了的「社團任務」……
媽的咧，還有誰比她更衰的啊！"
少年土地公 紀事本末(04)十萬人的祈願(END),楊寒,奇幻科幻,完結,0,飛燕文創,奇幻,科幻,,,,https://mojoin.com/novels/3321,"清海高中的「幸運女神」在同學的牽線下要去「相親」？
而土地公阿楚最近的異性緣也好得不得了……呃，同性緣也不錯……！
城隍大小姐威脅著要找月下老人斬斷阿楚的桃花。
蘭斯洛特無意中告知鄉里百姓土地公生日的日期，
在全台灣最受歡迎的土地公生日那天，
不但有很多人湧進小鎮為土地公慶生，
連古代妖怪也蠢蠢欲動……

感動最終回！
全台唯一!!戀戀草莓土地公誕生!?"
冷月FrostyLuna(06)開外掛的男人！北大陸的決戰和超越生死的旅程(END),違天,奇幻科幻,完結,0,飛燕文創,奇幻,科幻,,,,https://mojoin.com/novels/3486,"翻過克隆山脈後，得到精靈援助的我們，在時違天的帶領之下參與了這場反抗軍作戰。
在戰場上接到的第一個任務竟然是……解救腦殘的獸人王？

來自地球，所有以前的好朋友跟戰友一個一個的再度登場，就連脫線的老媽也出現！
這群牛鬼蛇神的加入，會給戰局帶來什麼影響？

塔伊拉終於現身戰場，恐怖強大的力量足以讓所有人都俯首稱臣！
到底我們有沒有辦法打贏他？
封神寶具啟動後，真正的大魔王出現了！
最後在我眼中出現的小男孩，他又是誰？
這場結合神魔、超越生死的決戰，結果又會如何？

冷月最終集，會有好結局嗎？
這個問題……我怎麼可能會知道啊啊啊啊！"
鍾馗 鬼王事件簿(03)人狐戀？鬼狐戀？,暮辰,奇幻科幻,完結,0,飛燕文創,奇幻,科幻,,,,https://mojoin.com/novels/3487,"是人狐戀，還是鬼狐戀？
二尾白狐避劫停留，陰錯陽差下先後迷倒了人類修士和堂堂鬼尊。
火剎為了帶給佳人安全感，一門心思想要長大，修士鍾有道為愛走天涯，甚至不惜悍然對抗小蓬萊守護者──伏魔大將軍制定的規矩！
一場人與鬼與妖的三角戀，就此在小蓬萊這個眾生樂園，熱鬧上演！"
超超能力者NOT日常生活權(02)夢想的食用方式,二迴林,奇幻科幻,完結,80,飛燕文創,奇幻,科幻,,,,https://mojoin.com/novels/3141,"希望擁有超能力以成為英雄的熱血少年萬萬卍，巧遇天下最強的少年空之上以及他的跟班明明日……
「請收我為徒弟吧！」
經過萬萬卍的哀求以及展示決心後，空之上收下了這個徒弟。
不過在進行超能力教學前，萬萬卍提出了一個請求，那就是空之上要參觀他所創立的社團──超能力超能社！

原以為名字奇異、方向奇特的社團應該只會有社長一人，但意外的，在那之中還有另外一位少女──白梅香！
全身上下散發出一種奇特的古典氣息，與社長完全聯想不在一塊兒的她，到底為什麼會在這個社團之中呢？據說好像還是某個明星？
更奇怪的是，為什麼社團門牌寫的是「超能力茶道社」呀？而且社團的迎新活動還是「打電動」？

「這世界不存在科學無法解釋的現象；如果常理無法解釋，那就一定是超能力！」
天下最強的日常生活喜劇，再次展開……
今天，你想怎麼吃夢想？"
LOST星際少女(04)拾回進度39%,羽毛冰塊,奇幻科幻,完結,0,飛燕文創,奇幻,科幻,,,,https://mojoin.com/novels/3277,"安德莉亞被舊日的仇人找到並追殺，被送去了有史以來從來沒有人成功越獄過的監獄星──X099！為了救出安德莉亞，大家決定玩一把大的……

救出安德莉亞的同時，翟鵬飛還找到了有關舒越身世的線索，她竟然是被人工孵化出來的？

是改造還是複製？抑或有其他原因？一行人繼續踏上征途……"
惑星14,Catter,奇幻科幻,完結,7,原創星球,戰鬥,,,,,https://mojoin.com/novels/298,地球曆4551年，妮娜跟隨宇宙商船「凱德尼斯號」來到一個美麗的行星，關於自己，關於這個行星，關於凱德尼斯號，關於整個宇宙的故事，就此展開……
喵喵魔法屋(02)黑白巫師之繼承戰,鬱兔,奇幻科幻,完結,0,飛燕文創,奇幻,科幻,,,,https://mojoin.com/novels/3227,"一行人跟著貝托在魔法界尋找黑巫師，但是卻慘遭背叛遇險，誤闖了可怕的人偶博物館，莎希米被要求作為人偶的模特兒，卻差點慘遭毒手！幸虧被白巫師所救，但更有可能只是白巫師跟蹤他們到現在才出手搶鋒頭。

離開博物館，一行人遇到了隱居在山林間的莎塔娜，竟然是黑巫師唯一的家人，但她也不知道黑巫師的下落。她教導他們基礎的魔法與武術，好讓他們能有能力保護自己，並指引他們到道格里家族去，竟又遇上了那位和藹的大叔，原來他竟是黑巫師的導師雷辛。

雷辛帶領他們看看黑巫師年輕時曾經住的地方，也談及了些他的過去，使貓咪們很想念他，他送他們回去人類世界，承諾有天會帶牠們尋找黑巫師。

他們回到人類世界，沒想到白巫師為了打聽黑巫師的下落而無所不用其極，竟然潛入他們的校園當臨時導師，不斷地找日暮旭和酒井良徹的麻煩。 

而這時，又有一位曾經暗戀日暮旭的轉學生綠川鈴惠也出現了……

魔法世界的黑暗生物闖進人類世界，為了保護家人，黑巫師與白巫師做了個承諾。但他真的會代替他保護貓咪們嗎？與這位轉學生又會擦出什麼樣的火花呢？被勾起的樂團回憶，又會帶給日暮旭怎樣的衝擊？"
王子培育計畫(06)陸綻彼界心華(END),米契,奇幻科幻,完結,0,飛燕文創,奇幻,科幻,,,,https://mojoin.com/novels/3514,"「夢，畢竟是夢，夢醒了便什麼也不是。」
夏靜天不知道有過多少次都曾想過自己遇到的事其實是一場夢。

如果迄今所遇上的一切也是夢呢？
如果……只是說如果……如果真能夠那樣的話，那就好了。
可是，夢，畢竟是夢，夢醒了便什麼也不是。
如今展露在面前的一切才是現實。
「即使再不願面對，但這就是現實啊……」

態度丕變，擁抱祕密的神明亞洛爾，徬徨的高中生夏靜天，完成拯救判官的任務後，迎來的是最信賴的友人的離去。
行蹤不定的第三判官與彼界王選拔的悲劇息息相關，水面似的安穩不過是假象，如暗潮洶湧而來的現實將衝擊眾人。
於是，揭開了真相與黑幕的王子培育計畫第六集──
計畫，終將結束。"
穿越變蘿莉(11)盤古末日,白日幻夢,奇幻科幻,完結,0,飛燕文創,奇幻,科幻,,,,https://mojoin.com/novels/3285,"黏皮糖宇文承皓像是要定居天龍，來了就不肯走了，天天攜弟大放閃光，閃瞎了一堆單身狗又順手砲灰了一朵爛桃花。
盤古大陸上各地頻傳失蹤事件，冰姬的魔爪也伸向了妖族，終於激怒了四國與妖族組成聯軍，攻向聖山營救失蹤的族人與百姓。看似一切順利，其實卻是被將計就計，算進坑裡去了，好不容易用『愛的抱抱』拯救了姚傲璿四神和趙紫雲，轉眼又有一日神陷進坑裡來，最後他林日揚居然又穿越了，攜家帶眷外加小寵物一隻……但為什麼他是兔耳小蘿莉？！（淚兩行）

可是眼前已經顧不了蘿莉的問題了，他們穿越了，身無分文的，而且奇裝異服，吃穿住用都要錢，最糟糕的是他們都沒有身分證明啊啊啊～～林日揚抱頭哀嚎。"
鍾馗 鬼王事件簿(02)黑鴉、女魃、首級像,暮辰,奇幻科幻,完結,0,飛燕文創,奇幻,科幻,,,,https://mojoin.com/novels/3483,"鍾馗例行夜店獵豔，「獵」回來的角色卻不得了。塊頭很大，來頭更不小！當然，最最價值連城、引來多方爭奪的，還是他的項上人頭！
為了這顆腦袋歸屬誰家，小蓬萊的夜裡不再平靜；同樣，為了替這顆腦袋安家，小蓬萊上空天劫悍然降下，直面西海真龍準備的法寶──

「避、避、避……避雷針？靠！這最好扛得住啦！」"
闇!騎士外傳－盜王VS.殺神,暮辰,奇幻科幻,完結,0,飛燕文創,奇幻,科幻,,,,https://mojoin.com/novels/3519,"魔宮秘寶「魔王鎧」失竊！
當軍人職業體系的頂端，對上盜賊職業體系的巔峰，一場最高層次的「官兵捉強盜」會如何演繹？
這場萬眾矚目的官與民之爭，不但牽涉到魔王，還牽涉到三大魔尊，又會在魔界掀起怎樣錯綜複雜的風波？
一場鬥智鬥力還鬥勇，戰地殺神與膽敢冒犯魔王威嚴的一代盜王，以魔界為舞台背景的極致爭鋒！

──殺神VS.盜王。"
LOST星際少女(02)拾回進度17%,羽毛冰塊,奇幻科幻,完結,0,飛燕文創,奇幻,科幻,,,,https://mojoin.com/novels/3259,"舒越被冤枉扔進垃圾星，不僅沒有按照那些人預想的那樣讓她被困死此地，反而讓她找到了自己的師兄！

師兄妹合作，所向披靡，搶了運輸艦就跑路！

離開了垃圾星，眾人即將展開復仇大計。不過在垃圾星遇到的同伴卻被仇人所捉，為了救人，他們乘坐星艦來到了另一個特殊的星球……"
Legend：光與影的羈絆(03)辰鈅之歌,翼翎,奇幻科幻,完結,0,飛燕文創,奇幻,科幻,,,,https://mojoin.com/novels/3401,"『我們何其的幸運，在出生前就擁有了彼此，但又何其的不幸，出生在這不被祝福的命運裡。』
繞了好大一圈找到了傳說中的言靈師，才發現案情並不單純，所以只好滾回血族大本營……整人啊！
從東邊跑來西邊，現在居然要我再跑回去，我還能遇到比現在這狀況還慘嗎？
現實告訴我，就是現在！
那對莫名受傷的雙子憑空消失，他們的房間居然出現了陌生人！重點是那個陌生人對我有莫名的敵意！三不五時的拿刀架在我的脖子上！
這世界最可悲的事，莫不過洗澡吃飯睡覺時，小命永遠都受到威脅！
你可以再過分一點喔，狗逼急了也是會跳牆，把我逼急了，我、我也是會……對不起，請把刀子放下，有話好說，陌生人大大！
親愛的創世神……算了，我已經放棄許願什麼的。

By伊絜翼薩妲斯大陸1561歷年。"
對手被隕石砸死難道是我的錯嗎？(07)幸運的秘密(END),南翁,奇幻科幻,完結,0,飛燕文創,奇幻,科幻,,,,https://mojoin.com/novels/3011,"主角死亡，惡魔重生，世界末日來臨。
女神現身，過於幸運的秘密，終於有了解答。
在完美的世界與永生的邪惡之間，柯恩將會如何選擇？
他們一步一步，迎向最終結局！"
所羅門領域(04)所羅門的終結(END),小山羊,奇幻科幻,完結,0,飛燕文創,奇幻,科幻,,,,https://mojoin.com/novels/3573,"絕望的倒數計時開始。
醉在極度的恐懼中掙扎著，避開所有人，斷絕一切聯絡。
但是這什麼也阻止不了。
在醉所不知道的時候，「所羅門」這個名字已經刻印在大都市的下頭。
被稱為「所羅門王」的那個人，將帶來一切的終結。"
叫我大小姐！(02)遇上一個不靠譜的師父，她只能自求多福啦！,東邦,奇幻科幻,完結,0,飛燕文創,奇幻,科幻,,,,https://mojoin.com/novels/3296,"一覺醒來，因為一個不靠譜的師父，宇夏情時發現她的世界變了樣──
肚子餓，隨便吃顆果子，卻引來一波波的魔獸追著她跑。
泡個「溫泉」，泡著泡著，冥竟然突破了！？
好不容易和大家重逢，先是小乖乖帶著「大情人」出現，再來是親愛的管家鬧失蹤，緊接著歐陽也在她的面前「出櫃」……
事情一件件，誰知道就連她自己也從高高在上的大小姐變成通緝犯……
老天爺，她只是想好好當她的大小姐，她怎麼覺得她美好的大小姐生活，離她越來越遠了？"
終焉之島X兵器少女(02)我欲血洗三千大世界,八爪魚,奇幻科幻,完結,0,飛燕文創,奇幻,科幻,,,,https://mojoin.com/novels/3260,"愛殺人不可怕，可怕的是她很會殺人，
而且只有她殺別人，卻沒人殺的了她。

每個時代總會有天才的存在，
或文、或武，在各自的領域大放異彩。
但是極少會有八個天才齊聚一個時代的景象。
他們被稱為「八傑」。

再獨裁的暴政也害怕病嬌，
黑色魔女，登場！"
所羅門領域(02)流亡者的墓碑,小山羊,奇幻科幻,完結,0,飛燕文創,奇幻,科幻,,,,https://mojoin.com/novels/3571,"不可能的犯罪震驚整個社會及未知領域。
暗巷中的獵奇殺人，警方調查的結果竟是在瞬間將人分屍？受警探李穹翔所托，醉與劍軒去調查這個案件，卻在無意中捲入難以想像的陰謀當中。
在調查當中，醉更發現過去曾經眼睜睜看著被殺死的「那個人」，活生生的出現在西門町的街頭。
犯下獵奇案件的是誰？為什麼過去的死人又復生了？而同時，「所羅門」這個名字悄悄的由某個開發組織「深藍」開啟了故事……"
正義美食團(03)突來的方糖假期,詠名,奇幻科幻,完結,0,飛燕文創,奇幻,科幻,,,,https://mojoin.com/novels/3530,"悲慘的歐洲之行結束，正義美食團因來自各方的打擊而陷入愁雲慘霧，
心理壓力大，紓壓來放假，走走郊遊去！

「臭牛仔，女王說的山上渡假，應該還是去那個地方吧？」

已故團員留下充滿回憶的山林小屋，讓我們體驗野炊樂無窮之趣，
不過，事情的發展怎麼與想像中的不一樣呢？

山林魔神仔沒出現，反倒潛藏著一個由變態為首的神祕團體，
把我嚇到驚叫連連，弄得灰頭土臉，還讓搭檔的醋罈子漏了一地。

嗚嗚……每次出門都沒好事，我還是乖乖在家當宅男吧！"
花之姬綺譚(06)殺神‧神天泉之戰(END),花鈴,奇幻科幻,完結,0,飛燕文創,奇幻,,,,,https://mojoin.com/novels/2446,"「芸櫻，我們的相遇即是命中注定。」
每個人的相遇，都有深刻的意義，若相遇是偶然，等待是執著，那麼愛一個人即是奇蹟，可以凌駕於犧牲之上。
他想，他的愛，漸漸演變成一種守護。
除了愛她外，他還有另一個選擇——放棄。

為了改變宿命、為了完成琅煠的希望、為了延續兩人之間的愛情、更為了守護師傅，芸櫻向誅神之泉許下願望，返回最初的原點——天界。
芸櫻重新經歷浮香的誕生、成長，看似平靜的八部族眾神徵選會，在耶迦族預言出現後，眾神們紛紛恐慌、猜忌，以及離心，任務在身的芸櫻深陷危機，不僅被花神的未婚妻陷害，更遭夜族族長的追殺。
當耶迦族第二個預言出現時，芸櫻才明白輪迴的宿命，真正能拯救花神的方法只有一個……

「花神大人，您要好好活著。」她臉上掛著一抹知足的微笑。
如果，沒有誅神之泉的預言。
如果……她從未存在。"
槍靈少女 前傳(02)想要遺忘的過去,羽毛冰塊,奇幻科幻,完結,0,飛燕文創,奇幻,科幻,,,,https://mojoin.com/novels/3265,"即使天賦高強如溫璃，同樣有過痛苦的過去……
一直都修行順利的溫璃終於陷入瓶頸，為了突破，溫璃再次與岳澤修一行出門修煉，然而不諳世事的她第一次嘗到了背叛的滋味。
為了長久以來的目標，她只能繼續走下去……

 "
鍾馗 鬼王事件簿(04)與鬼同遊農家樂,暮辰,奇幻科幻,完結,0,飛燕文創,奇幻,科幻,,,,https://mojoin.com/novels/3488,"死亡率離奇攀升，枉死城鬼口大爆滿！
地府調查一切線索，均指向綠野村的農家樂體驗營為其根源。
伏魔將軍、顯聖真君、北斗星君組成的天庭鐵三角，臨危授命，報了旅行團要一探究竟。
當宛若地府入口、來多少人死多少的綠野村，尬上真正來自地府的公費旅行團，是饕餮般吞噬生機的鬼村兇猛，還是陰間的生死法則更佔上風？"
熊的場所,八千子,奇幻科幻,完結,48,獨家原創,奇幻,童話,轉折,微懸疑,,https://mojoin.com/novels/1105,"住在森林裡的正雄從小就被囑咐：絕對不可以靠近熊村。
傳說如果闖進熊村，就再也回不來了，就像他爸爸一樣。
但是……如果是熊闖進他們的村子呢？

正雄看著被熊弄壞的床、椅子和在一旁哭泣的青梅竹馬咲實，
一氣之下決定前往熊村，向那隻金色的熊討個公道！
在途中，他遇到了一個迷路的斗篷女孩，她擁有纖細的四肢和淺金色的髮尾，而且也正往熊村的方向前進……"
是魔．非魔06 聖劍盟,東邦,奇幻科幻,完結,10,飛燕文創,奇幻,科幻,魔法,冒險,,https://mojoin.com/novels/3731,"星澄海封印因為有了米格勒「無私」的奉獻而變得很容易破除，封印一破，魔王氣息現，不論是友是敵的神魔兩族都有了相應對的動作，但破除封印的倫一行人卻是高高興興的和熟識好友相會合。

聖劍盟出事，為了迪亞安，聚集一起的眾人因此兵分三路，一路前往聖劍盟幫忙，另兩路則是分別由神魔兩族帶頭去找尋其他的魔王封印地點──

聖劍盟的危機在迪亞安等人的幫助下暫時安穩，就連分路去尋找的封印地點都有了下文，可就在這時，異冥盒丟失，倫也被人抓走了，這究竟是怎麼一回事呢？"
日日花開不凋零(02)兩情相悅的曖昧,蔚海,奇幻科幻,完結,0,飛燕文創,奇幻,科幻,,,,https://mojoin.com/novels/3350,"不准欺負她，能欺負她的只有我！

在眾人面前是怎麼樣都無法好好相處的冤家，但在私下，卻是每個晚上都通電話談心的「好朋友」。

一個是昭告天下大膽的明戀，一個是默默察覺到自己的心意，卻不敢說出口的暗戀，兩人的第二次相遇──是在公會的網聚上！

張禹辰：哼！就讓大家見識見識我們的感情究竟有多麼好！"
異魂變03 美人計,東邦,奇幻科幻,完結,0,飛燕文創,奇幻,架空,冒險,靈異,,https://mojoin.com/novels/3714,"宇文翼從來不認為自己有女人緣，但是林瑩栩這個被拋棄的新娘卻百般勾引他，甚至半夜溜進他的房間，大施美人計，偏偏她遇上的是完全不懂得憐香惜玉的大木頭……
心存妒恨的田邵華帶人想教訓宇文翼，但他原本以為好欺負的軟柿子卻突然大展神威。不甘心的他，躲在暗處，想盡一切方法設計宇文翼。最後他找上陳台生，兩人究竟會在背後計畫何種陰謀？
宇文翼和司馬凜無端捲入宇文仲和黑衣男的戰鬥，為了自救，宇文翼只好變身為有著詭異動物耳朵的小男孩模樣。因為小小冥，他更初步掌握了靈魂力的使用方法；而宇文仲託付給他保管的黑盒子，也在她的舉動下顯露出真面目……
「小小冥，妳到底是什麼東西？」
宇文翼終於對總是黏在身邊的白色小貓感到一絲神秘，但在他學會貓語，或是小小冥會講人話前，宇文翼和她的溝通還有很長一段路要走！"
魔王真命苦(05)通天大盜,上善若水,奇幻科幻,完結,0,飛燕文創,奇幻,科幻,,,,https://mojoin.com/novels/3332,"教廷突然宣佈獲得了光明神賜予的光明之杖，召集全大陸的精英前來參加鑒定大會。
莫林決定帶著魔王小隊潛入光明之杖鑒定會，沿途卻遇到了紈褲騎士團、神秘的亡靈復生者、教廷裡逃脫出來的美少年，以及還在為公主奮鬥的貝魯特。
然而，教廷卻將光明之杖放在防禦森嚴的魔法陣中，莫林他們該如何成功奪得光明之杖？"
花之姬綺譚(02)誅神，陰陽傳說,花鈴,奇幻科幻,完結,0,飛燕文創,奇幻,,,,,https://mojoin.com/novels/2442,"「我的女人，我來保護。」
「櫻，留在我身邊，我需要妳、我喜歡妳。」

為了找尋增強花秘術實力的祕方、探索七宗罪惡念的來源，芸櫻來到異世界，沒想到卻是處處碰壁，一下子被感染惡念的「瘟疫」追殺，一下子被琅煠的哥哥靈王追殺，弄得一身傷。

螳螂捕蟬麻雀在後，佩卡特首領的突襲帶來了一場硬仗，連帶也揭露了歐陽卿極力隱瞞的驚人秘密。
儘管危機四伏，琅煠的追求依然深深撼動芸櫻的心——當意識到時，卻已是離別之時……。"
正義美食團(02)少女的方糖情歌,詠名,奇幻科幻,完結,0,飛燕文創,奇幻,科幻,,,,https://mojoin.com/novels/3525,"活過十八個年頭，都被女孩子敬而遠之的我，隨著織郎的歸來，收到了燒燙燙的任務──

「爆竹，跟你介紹一下，這是你未來的女朋友，很可愛吧？」
有沒有搞錯？我以為人生頭一次上飛機，會收穫滿滿，結果誤上賊機，要被捉去當感情騙子啦！
天可憐見，希望老天保佑從來沒交過女朋友的我，能從不類人的歌唱少女手中全身而退！嗚嗚嗚……變身後長得太帥錯了嗎？
想到隔壁住著一巴掌拍碎別人腦袋的暴食者，我晚上都不敢起床尿尿。

「如意，所以我該怎麼做？」
「簡單，把母的當成狂風。」頓了頓，如意輕快的聲音再次傳來，「反正──你喜歡那傢伙，不是嗎？」
「噗──」剛要入喉的開水一口氣被我噴光，美食團本部的團員會開的惡劣玩笑何時傳到這裡來啦？"
血!!魔導(05)死神的約戰獻禮,暮辰,奇幻科幻,完結,0,飛燕文創,奇幻,科幻,,,,https://mojoin.com/novels/3604,"風起雲湧，幽冥神系內戰即將輻射至信仰起源，教皇、紅衣主教、冥神侍者全被捲入其中，誰也無法置身事外。
只是，今次事端癥結點讓魔導士分外哭笑不得，因為……冥神使也有雙胞胎了！
管這件事和尊主有沒有關係，勒斯現在只想質問所有針對他的人一句話：「你們到底有多喜歡雙胞胎！」"
禁斷凶獸少女的不當召喚法(05)饕餮再現,二迴林,奇幻科幻,完結,0,飛燕文創,奇幻,科幻,,,,https://mojoin.com/novels/2990,"收到黃麟招待的票券，炎修一行人來到了位於台南的知名溫泉旅館。
在櫃台登記入住後，服務生帶領著炎修與他的妹妹們──桃、靈華、川板、乃霧，來到了今晚住宿的房間。
「不好意思，請問……五張票，只有一間房、兩張雙人床嗎？」
「是的，訂房的祈宿小姐有特別吩咐，這樣比較安全。」
「安全的點在哪裡呀！」

完全不安全的新篇章，就在溫泉╳泳裝╳浴衣╳集訓╳花火的豪華組合下正式展開！"
喵喵魔法屋(03)佩托因斯的月蝕之日,鬱兔,奇幻科幻,完結,0,飛燕文創,奇幻,科幻,,,,https://mojoin.com/novels/3228,"回到人類世界，過了一陣子平凡的校園生活，這天同學們提議要去神秘的鬼屋探險，沒想到那個鬼屋，竟然就是貓咪們住的房子！

雖然大家都被陰錯陽差地嚇跑了，但祕密還是被同班同學的綠川給發現了，她甚至連日暮旭都懷疑是不是貓妖怪……好不容易解釋清楚沒有敵意之後，日暮旭與良徹、綠川等三人都被蜜糖老闆娘給召喚到魔法界去──還債。

他們開始了在魔法界餐館打工的日子，但是摳門的老闆娘卻讓他們的債越欠越多……這天晚上，是神祕的佩托因斯之夜，因為意外發現黑巫師的身影而追逐出去，卻碰上了屍妖，而黑巫師竟然見死不救？

碰上了新夥伴，慢郎中的實習牧師。從貝托那邊獲得黑白巫師兩派的競賽消息，只要獲勝的那方都能獲得獎金，而且說不定黑巫師也會現身。為了能從債務之中解脫，酒井良徹與日暮旭只好硬著頭皮參賽了。

但這些競爭對手實在不太好惹……他們真能全身而退嗎？"
正義美食團(04)麵店的方糖秘密,詠名,奇幻科幻,完結,0,飛燕文創,奇幻,科幻,,,,https://mojoin.com/novels/3533,"銅牆大哥想婚了，夥伴升格成姐夫，還要籌備一場驚險浪漫的求婚計劃！
聿凌的第二春、可莓的新爸爸，還有其他夥伴們，竟然一起回我家上演美食團家族會親家的戲碼！
我的身分再次遭逢曝光危機，不僅如此，冒牌黑方糖俠活躍在螢光幕前，害我變身後也不能大方出門了。

狂風一聲不吭的遠行出走，沉默麵店的保鑣擔子由我一肩扛，不起眼的麵店到底暗藏多少秘密，竟然連魔女飛飛也難以招架！
這一回，暴食旅行團也蹚入沉默麵店這灘渾水，銀鬼一夥人的陰謀也在暗處蠢蠢欲動……

搭檔，我想你了。"
我們班的野良貓同學（中）收服不良少年為貓奴！,鬱兔,奇幻科幻,完結,0,飛燕文創,奇幻,科幻,,,,https://mojoin.com/novels/2896,"生活總是不平靜，楊哲瑋收到夏閻的「戰書」！

原來是因為夏閻心儀的對象似乎喜歡楊哲瑋，於是夏閻開口說只要楊哲瑋在運動會項目上勝過他，他就要將周婕瑀讓給楊哲瑋，雖然楊哲瑋根本沒有那個意思，但偏偏在運動會時卻因意外勝過了夏閻……
楊哲瑋和蘇小薇的關係卻因為誤會而變得冷漠，楊哲瑋為了從寧寧的口中打探原因而答應去她家打工，結果反而被誤會是和她越走越近，而賴柏毅也趁機推舉蘇小薇一起參加演講比賽，雙方的交集似乎越來越遠了……
哲瑋不小心在學校睡著，當他醒來之時已經天黑，他正想溜回家，卻意外撞見貓爭鬥，牠們正在選老大，而闖入其中的楊哲瑋被誤認為是挑戰者……
附近住戶因不滿貓的騷動而請來捕貓大隊，貓咪們嚇得一哄而散，但貓老大卻因為救助貓咪們而差點被捕，還好楊哲瑋出手相助，殊不知事後群貓闖進校園跟著楊哲瑋，又將引起什麼樣的騷動……"
一擊必殺的不敗聖劍(04)尤里烏斯城陷落,雷明,奇幻科幻,完結,0,飛燕文創,奇幻,科幻,,,,https://mojoin.com/novels/3432,"因為尤里烏斯學院無法飛回尤里烏斯城，導致尤里烏斯城被大量的亞獸包圍，不得不跟所有學院和戰校求教。
就在阿胡拉騎士學院和曉星戰校結成同盟，要一起想辦法進入尤里烏斯城時，伊吉跳上大石頭吼道：「哪有人回自己家，因為有人擋住正門，所以只好走後門的道理！那當然是要踢開擋路的垃圾，讓牠們知道誰才是真正的主人！」
面對亞獸之海，伊吉使出了有史以來最強大的一擊必殺光束砲，在亞獸海之上切開了一條直通尤里烏斯城的路。然而，等待在這一行人面前的，卻是比亞獸之海更困難的難關。
白火的滅世亞獸、心懷不軌的凱薩學院，以及目的未明的恐怖組織神選之子……伊吉一行人有辦法在這危機重重的困城中，安然度過這次難關嗎？
壯烈的熱血史詩第四彈，正式展開！"
月夜之歌～拾光裡有你～(02),蔚海,奇幻科幻,完結,0,飛燕文創,奇幻,科幻,,,,https://mojoin.com/novels/3507,"新的開始，尋回最初的夢想，在青春大幹一場吧！

「原來喜歡是這種感覺！」
遲鈍的湯韶這才意識到，自己好像喜歡上了自己的青梅竹馬……
怎麼辦怎麼辦？她該主動進攻嗎？在煩惱此事的同時，她似乎也得解決另件事情──他們公會的副會長昭光說想與自己有進一步的發展！
在鼓起勇氣向對方說「自己有喜歡的人」婉拒昭光之後，卻迎來了一個大秘密──邱昭明就是昭光！
能不能別這麼玩她！

〈晌午拾光〉的結成揭曉後，公會殞落，一切都將結束──
然而新生公會的新（親）副（善）會（大）長（使）頌頌花，該如何接手這重要的任務？"
女神祝福的大地,藤,奇幻科幻,完結,3,原創星球,奇幻,成長,冒險,架空,,https://mojoin.com/novels/3788,發覺女神過去的真相，少年少女一同旅行並因此相戀的故事。
異魂變05 海盜,東邦,奇幻科幻,完結,456,吾里文化,BG愛情,,,,,https://mojoin.com/novels/2968,"「你是我的」
「死也不放手」
睜眼，聽到就是這句熟悉的話。
前世她逃之夭夭，這一世，她緊抱大腿。
冷情冷心，偏執暴戾大佬對上順毛小嬌妻。
外人眼中，傅三爺代表着富可敵國，權勢滔天，心思深沉，神！
傅太太眼中，大型高冷藏獒。
稍微順順毛，挺好用。
這個世界，對於傅三爺而言，只有兩種人。
傅太太，和傅太太以外的人。"
菜鳥之王(02)花嫁凶襲,某宅,奇幻科幻,完結,0,飛燕文創,奇幻,科幻,,,,https://mojoin.com/novels/3438,"自建立以來，為世界提供無數頂尖人材，推動著世界發展的育成機構──地球聯合最高人力資源培訓學院，俗稱王之庭。
為了和妹妹子芽相見，我蕭子楓轉學到了她任教的南區高中。
但要見到妹妹必須先尋找Ｓ階四王之一的凶獸？
我可以告這學院詐欺嗎？
招募了犬系少女萊姆，帶上黑洞系少女斯雨，三人馬上展開尋找凶獸的大冒險！
話說，有人知道凶獸長什麼樣子嗎？
尋妹之路上難關重重，但我才不會放棄。
苦難是一時的，妹妹是一生的。
不如問我為什麼要向前邁出大步，因為前面有妹妹！"
蘇瑞瑪之輝,芽豆靈,奇幻科幻,完結,0,原創星球,微腐,歷史,,,,https://mojoin.com/novels/208,"＊2015年6月的作品。為塔莉雅版本前所寫，讀者表示預測超準（？）

希維爾是英雄聯盟中的一員。
蘇瑞瑪升起的那日，千年前的皇帝甦醒了——她是阿祈爾的末裔。
當年殺死阿祈爾並毀滅蘇瑞瑪的兇手魔導——齊勒斯同樣也在英雄聯盟中。
對於皇帝的到來，他似乎在盤算著什麼。
千年前的蘇瑞瑪究竟發生了什麼意外，導致這個偉大帝國一夕之間崩滅，而阿祈爾與齊勒斯反目成仇？
千年前的往事，將希維爾的命運也牽扯了進來。"
禁斷凶獸少女的不當召喚法(08)重逢之市(END),二迴林,奇幻科幻,完結,0,飛燕文創,奇幻,科幻,,,,https://mojoin.com/novels/3013,"最終決戰即將開始……
提問：有什麼地方是在最終決戰前一定要去的呢？
答案是：夜市！
「等等等等，夜市什麼夜市呀～妳們不是正被通緝嗎！」
凶獸少女逃亡中，即便如此，今晚還是要開心！
完全沒有決戰感覺的決戰前夕，決戰真的即將登場嗎？
顛覆中國神話的奇幻喜劇最終回！

惹到了傳說中的四大凶獸，後果可需自行負責喔～"
對手被隕石砸死難道是我的錯嗎？(06)童話故事的結局,南翁,奇幻科幻,完結,0,飛燕文創,奇幻,科幻,,,,https://mojoin.com/novels/2989,"打敗各種怪物、斬殺無數惡魔，射箭、造武器、甚至使用魔法都無往不利的英雄柯恩，
終於遇到了他最大的天敵──暈船！

要是讓他用一句話來形容自己的海上生活，大概就是……
「噁噁噁噁噁噁噁噁噁噁噁噁噁噁噁噁噁噁噁噁噁噁噁噁噁噁噁噁噁噁！」這樣吧。"
青鳥與蒲公英,KR,奇幻科幻,完結,0,原創星球,溫馨,成長,架空,,,https://mojoin.com/novels/3664,清純而無邪的吸血鬼少女，與滄桑的吟遊詩人，每個夜晚，如同《一千零一夜》般的相遇.......
我的蘿莉勇者變御姊(03)學校慶典大騷動,雷明,奇幻科幻,完結,0,飛燕文創,奇幻,科幻,,,,https://mojoin.com/novels/3297,"「呼呼呼，這次我一定會擊敗妳，勇者姆露姆。」

伊莉莎白因為上次跟姆露姆的歌唱對決沒有分出勝負，所以打算在校慶的時候對姆露姆發起挑戰。
然而就在伊莉莎白把魔掌伸向姆露姆之際，另一個威脅也緊接在那之後襲來……
就在艾赫為了姆露姆和伊莉莎白的事情，搞得頭痛不已之際，一名暗殺者蘿莉，也悄悄出現在艾赫面前。
自稱莎比的蘿莉間諜，用武器抵住艾赫的腦袋來逼問卻自答：
「莎比其實是亞歐伊帝國派來抹殺姆露姆的間諜，因為姆露姆引發了太多大型的破壞，讓亞歐伊帝國非常擔心她會被利用而攻擊我們，所以派莎比潛伏在這裡，設法刺殺她。」
就這樣子艾赫原本已經一團亂的生活，變得更加混亂。
艾赫可以平安度過校慶嗎？伊莉莎白和姆露姆的比賽最後是誰獲得勝利？而那些威脅世界的魔物和魔爵又如何呢？
小校慶大騷動的紛亂日常第三集，就此激烈展開……"
對手被隕石砸死難道是我的錯嗎？(04)輔助的神工匠,南翁,奇幻科幻,完結,0,飛燕文創,奇幻,科幻,,,,https://mojoin.com/novels/2973,"身為一個主角，沒有什麼事情是辦不到的，
就算連鐵鎚都沒摸過，照樣可以打造武器、強化武器、
成為所有矮人臣服的神殿級鐵匠。
但主角威能也需要付出代價，身為一個輔助角色，
戰鬥的時候就只能靠邊站，看著隊友們發揮了。
柯恩表示：「唉，難道我就是當輔助的命嗎？」"
花之姬綺譚(03)伊始‧雙心的羈絆,花鈴,奇幻科幻,完結,0,飛燕文創,奇幻,,,,,https://mojoin.com/novels/2443,"心與心的悸動、熟悉的眸光，恍如曾經命中注定，只因為這個原因──
「這個世界上，不論是誰想傷害妳，我都不允許。我最在乎的人，只有妳。」

花神歐陽卿揭開隱瞞千年的秘密，芸櫻的身分水落石出，不僅改變了她既往的認知，也傷著她脆弱的心靈。
琅煠為了讓心愛之人轉變心境，徹夜排隊買下阿斯摩德公主號昂貴的船票，透過七天六夜旅遊，兩人的感情更加濃烈且密不可分。

蔚藍的大海、廣袤的天空，如此美好的黃金郵輪卻暗藏了不可告人的勾當。
淫慾女神阿斯摩德的殺戮使公主號上染上血色的復仇。
擔心芸櫻狀況的歐陽卿悄悄抵達公主號，一方面默默的守護她，更在危急時刻現身。他的每一個舉動融化彼此的隔閡，讓被夢魘糾纏的芸櫻不禁有一絲相信……"
鍾馗 鬼王事件簿(06)金烏與冰凰,暮辰,奇幻科幻,完結,0,飛燕文創,奇幻,科幻,,,,https://mojoin.com/novels/3490,"史上最憋屈的尋找煉藥材料之旅──上冰山、下火山，還要兼差復仇代理！
天知道只是為了求一滴金烏心頭血作藥引，怎會捲入這麼多是是非非？
無奈等明白過來，已經身在局中，鍾馗除了徒呼奈何，唯有積極介入破局！"
女巫養成記05 海盜,東邦,奇幻科幻,完結,0,飛燕文創,奇幻,科幻,異能,冒險,魔法,https://mojoin.com/novels/3725,"小女巫指定的四位女巫騎士終於到手，盧筱希終於能夠開始進行小女巫的第一次升級挑戰，想到距離畢業又將進一步，她理該大笑的，只是為什麼她會這麼衰，挑戰還沒開始，就先遇到海盜來襲，被海盜綁走的她甚至還見到一個熟人，一個要她命的熟人……
好不容易在小命丟掉前被救，之後幸運完成升級挑戰，她卻在學校大門前莫名其妙遭人綁架，而這個另類綁架犯對她超級好，除了不放她回地球，她要什麼他給什麼，有麻煩他更是主動跳出攬下，讓她對他都有點小心動，只是……
我想回地球啊！"
勇者靠邊站！(01)不是每個魔王，都喜歡去壓迫眾生的。,艾艾羅,奇幻科幻,完結,0,飛燕文創,奇幻,勇者,魔王,玩家,,https://mojoin.com/novels/3742,"人們心中無節操的魔王！
卻連一隻最弱小的史萊姆都打不過？？？
這樣的傳奇人物將如何讓勇者靠邊站？
魔王和玩家又會擦出什麼樣的火花？

一位從封測時期就從未被玩家目睹過其面貌的魔王？
卻因為一個充滿奇蹟與悲劇的巧合，露出了自己的真身！ 

友誼！愛情！利益！道義！
各種理念，在這虛擬與真實的交界點中激烈的碰撞！
人與人之間究竟會產生出什麼樣的精采戲碼？
就等著玩家們前來冒險囉！"
LOST星際少女(05)拾回進度44%,羽毛冰塊,奇幻科幻,完結,0,飛燕文創,奇幻,科幻,,,,https://mojoin.com/novels/3281,"舒越匆匆趕到啟微星參賽，終於順利奪回眼睛！

本以為只是一次遊戲性質的大賽，竟然會再次遇到難搞的改造獸！這回可沒有安德莉亞和毒藥的幫忙……

就在學生們的生命受到威脅之際，那位傳說已久的公主殿下終於降臨……"
龍之狂想05 出谷,東邦,奇幻科幻,完結,0,飛燕文創,奇幻,科幻,架空,冒險,,https://mojoin.com/novels/3727,"前往暗龍亡谷的求救之旅竟意外遇到失蹤的南陵和小龍，帶隊的阿魯克斯更在瞧見他後，連求救一事都放下的轉身出谷，這是怎麼回事？

勛夷城被魔族爪牙佔據，南陵大驚出手，之後七大神使出現，他們是誰？目的又是為何？

南陵等人混進入魔者中，只為了打擊暗魔組織，卻沒想到這是一個為他們所設的陷阱，南陵他們的命運將會變得如何呢？

欲知詳細發展請閱讀本期的《龍之狂想》！"
黃泉之狩 第二部(07)抉擇,貓邏,奇幻科幻,完結,0,飛燕文創,奇幻,科幻,,,,https://mojoin.com/novels/3468,"靈魂死亡時，就只會化為光影粉塵消散，不會殘留下什麼。
因此，死神沒有葬禮，死神殿也沒有墓園。
這是死神殿的一貫作風。
在伊恩死亡的隔天，夏契爾等人照常上班、照常執行任務，照常進行著一切該進行的事情……
一切如常，並不表示遺忘，只是死亡留下來的傷口太痛，讓人不敢碰觸。

※　※　※

「雖然不清楚原因，可是雷扎姆對季薰非常禮遇，她待在那裡的時候，住的是最好的房間，聽說那房間還是雷扎姆讓出來給她的。」
「那個壞蛋竟然對她這麼好？」不清楚情況的蜜妮發出驚呼，「他該不會是愛上她了吧？」
這個想法雖然讓人覺得很不可思議，卻也是最能解釋這種詭異作為的理由。
「不，不是這樣。」巴薩德搖了搖頭，「雷扎姆心裡只有力量與永生，他不會愛上任何人，是因為她對他有用處，所以才……」"
雞排大神之我是魔王？！(03)盆地秘密,東邦,奇幻科幻,完結,0,飛燕文創,奇幻,科幻,,,,https://mojoin.com/novels/3497,"靠，他只是想要個普通的約會有這麼困難嗎？
好好一趟找雞兼約會的美好行程竟撞上有人被追殺的情景，偏偏歐艾基還不能當作沒看到，因為被追殺的老人曾幫過他 
結果，在救下的老人指點下，他有了魔族人的下落，誰知，最後他循線得到的只有一封信和意外撿到的玻璃球，這就算了，搞到後來還有人跑來刺殺他，理由是他是魔王？
刺殺事件剛過，原本被眾人認定是散心的一件任務居然莫名成了他們被設計的陷阱，跑到最後，為了救綠梓荷，他們兩人跟其他人分散，來了場危險、曖昧、及一絲絲令人哭笑不得並存的冒險……
雞排大神啊，我已經夠衰了，難道祢一定還要如此惡搞我嗎？"
神域密碼(07)第二密碼(END),二葉,奇幻科幻,完結,0,飛燕文創,奇幻,科幻,,,,https://mojoin.com/novels/3330,"伊斯拉菲爾的行動，生命之樹的佈置，紅色三角區的戰場，蠢蠢欲動的黑暗……焦點匯聚的中心，是步入祭壇的奈亞。這場早已注定的戰爭，即將迎來決定性的一刻，無論是在背後計算的人，還是在前方拚殺的人，都爭奪著命運的指針。

洛伊德對這些一無所知，他的行動只為自己，以及自己所關心的人。自由與律法號停泊在紅色三角區，再次起航時，必定不會落下任何一個同伴！"
來自異世界的清水島(02)寒冰女王,楊寒,奇幻科幻,完結,0,飛燕文創,奇幻,科幻,,,,https://mojoin.com/novels/2852,"大島紫苑繼任為「全覆式操縱者隊隊長」……唔，是「代理隊長」！
紫苑的另一位戰友「寒冰女王」渡邊由紀奉命帶我去第二科研所做健康檢查，沒想到
又遇到魔化人了──嗚，我真不幸……
想要輕鬆等著清水島上的居民把我送回地球是不可能的了，
我被指派教導清水島的軍士們劍道。嘖！連渡邊由紀也能輕鬆打敗我？
然後……哇！為什麼邀我去她家的渡邊由紀特地換上女僕裝？而紫苑怒氣沖沖地跑來發現了我和渡邊由紀正在……"
神域密碼(04)噩夢三角區,二葉,奇幻科幻,完結,0,飛燕文創,奇幻,科幻,,,,https://mojoin.com/novels/3327,"生命之樹的小角色洛伊德，受組織之命跟隨奈亞與娜伊娜，浪跡宇宙追擊伊甸。一行人的旅途來到了宇宙最危險的區域──紅色三角區，那裡潛伏著巨大而神秘的威脅！

在拉族的聖地，行星阿維上，支配者再次出現了，而洛伊德將要單獨與牠戰鬥。同時，還有一個堅信自己的神明的少女，在頑固地祈禱著。

支配者、「神」、伊甸，一切彷彿昔日的重現。命運蜷成了一個環，頭尾相接，成為歪曲與錯亂的迴廊。而奈亞依然在自己的夢境迷宮中徘徊，然後……"
魔王真命苦(02)魔王大冒險,上善若水,奇幻科幻,完結,0,飛燕文創,奇幻,科幻,,,,https://mojoin.com/novels/3271,"一個勇者團倒下去，千萬個英雄站起來！
莫林還沒來得及慶祝勝利，就被不幸的告知，教廷騎士團正在前來拜訪！艱難的危機中，史上最無良的吟遊詩人費多多華麗登場。
在他的唆使下，莫林一頭撞進教廷騎士團，而且還莫名其妙的綁架了聖女薇薇安？
偏偏在這個內憂外患的時候，因為莫林的恐怖金幣食量，塔門領地居然遭遇了破產危機！
於是，傳說中的尋寶大作戰、傳說中的打造蓋世英雄計畫，就在萬眾期待中，轟轟烈烈的拉開了序幕！"
舞弦者‧紫(02)〈Mission 2〉紫之夢魘,楚慕風,奇幻科幻,完結,0,飛燕文創,奇幻,科幻,,,,https://mojoin.com/novels/3544,"《舞弦者‧紫》Mission 2 劇情簡介

未知總是令人感到恐懼，於是世人景仰先知，可是誰又知道，其實無所不知才是最可怕的事！
一件看似普通的謀殺案，兇手自首，證據確鑿，卻因為兇手匪夷所思的供述而陷入泥潭。
警方束手，著名偵探金老虎同樣無計可施，只好向好友林墨求助。
可是誰能想到，命運會讓他與紅尷尬重逢──
從昔日手下口中探知眾多秘辛的蕭小紅，意外得知當年一手造就了傳奇之紫的弈棋者‧白，居然還有個親生弟弟，一心追趕紫的她決心要將林墨拖下水，不惜香車美人地在校外等候。
於是乎，毫不知情的林墨同學即將迎來影響他一生的豔遇……"
守衛龍騎(05)古塔幽靈,鬱兔,奇幻科幻,完結,1,飛燕文創,奇幻,,,,,https://mojoin.com/novels/2439,"為了救多德，阿修與會長兩人潛入監獄塔，卻意外發現多德早已被劫走。
兩人空手而歸之時，才知道劫走多德的人，原來是薇。而薇為了莉莉決定留下來，要和普雷特公會等人一同備戰。
有了薇的加入，普雷特公會一行人對於戰事的規劃也步上軌道，但索伊卻在這疑似鬧鬼的古塔失蹤，阿修等人爬上古塔神秘的三樓，經歷一番奇特的歷險之後，雖然成功救下索伊，但他們從此不敢再越雷池一步。

平淡的日子，卻讓阿修隱約感到不安，果然培茲利用神官的占卜，找到了他們，並且還傷了席娜和花婗。
阿修不敵培茲，多德為了爭取夥伴們逃走的時間而與培茲纏鬥，卻不幸喪生，珂璃也被奪走。自責不已的阿修捨棄了象徵榮耀的劍，對席娜說出已經無法再守護她的話……

失去了兩名龍騎士，普雷特公會到底該何去何從呢？"
冷月FrostyLuna(04)大航海時代的終點、時家的大封印師還有全新冒險的起點！,違天,奇幻科幻,完結,0,飛燕文創,奇幻,科幻,,,,https://mojoin.com/novels/3476,"結束了航海的旅程，我終於踏上了東方初陽國的國土！

在我們打聽傳送門跟小雅、安安的下落的時候，宮本商行的人卻帶人來慕容家找麻煩，還指明要慕容雪出來說清楚講明白？
為了尋求封印詛咒的辦法，我一個人回到了地球，想從時家那邊詢問看看，因此得知了有個專門在搞封印術的大封印師，而且還離我們很近，就住在高雄而已？
雖然這樣，旅程應該比較輕鬆啊，可是想不到全新的敵人跟威脅竟然在高雄登場！

噢，為什麼我已經變成走到哪就要打到哪的敵人吸引器了啊？
到底這趟旅程的終點，我有沒有辦法順利的走到呢？
這問題實在太深奧了，你要我怎麼回答你啊啊啊啊！"
魔王真命苦(03)戀愛大作戰,上善若水,奇幻科幻,完結,0,飛燕文創,搞笑,科幻,,,,https://mojoin.com/novels/3272,"危機降臨！辛苦奔波的魔王殿下突然發現，自己似乎有很多煩惱要面對。
為了打開魔界雙塔，莫林踏上了尋找鑰匙的旅途，卻在魔界的險峻山谷中，遇到了自以為身患絕症的六臂蛇魔。
為了尋找失蹤的老爹，莫林決定去人類世界調查紋章的線索；但是在那之前，他必須替修斯特挽回即將失去的愛情，傳說中的戀愛大作戰即將展開！
糟糕的是，教廷騎士團的攻擊即將來臨，而魔將那羅的龐大軍隊也在集結中。立志要征服世界的魔王殿下，又該如何應對？"
王子培育計畫(05)吾惜珍重之人,米契,奇幻科幻,完結,0,飛燕文創,奇幻,科幻,,,,https://mojoin.com/novels/3513,"「可不可以解釋一下這是怎麼回事？」
天界組的三個可悲少年跪在綁著兩條長長麻花辮的少女身前，少女姣好容貌上的嘴角不斷抽搐，渾身散發懾人的威壓。

「我們是不是來得不是時候？」夏靜天小聲的對隔壁的蘭予希說著。
「不只是來得不是時候，我想連來的地方都錯了吧。」蘭予希涼涼的回答。
夏靜天冷汗直流，明明是來尋求協助以拯救莫里森的，怎麼情況會變成這樣──

天然呆神明亞洛爾、吐槽高中生夏靜天、住在海邊管很大的死黨蘭予希，這回接下的是拯救被擄走的第二判官這項危險任務，沒想到任務不僅過程波瀾萬丈，更將揭開彼界王選拔隱藏的秘密？
於是，充滿著秘密與冒險，驚心動魄的王子培育計畫第五集──
計畫，持續進行中。"
世紀末書商01,八千子,奇幻科幻,完結,80,三日月書版,奇幻,冒險,輕推理,廢土文學,世界名著,https://mojoin.com/novels/3789,"世紀末╳世界名作╳奇幻──
在毀滅後的世界，踏上尋找失落故事的旅途。

第三次世界大戰後，世界文明覆滅，
「書」成為上層階級最奢侈的娛樂，有一批人成為了「書商」。
書商以兜售在廢墟裡找到的書謀生，
因為他們知道那些坐擁資源與權力者，
最大的煩惱從來都不是生存，而是無聊。

一名遊走於廢土，兜售古老書籍的少年「我」，
夢想有一天能夠開一間自己的書店、賣自己想賣的書。
他在途中遇見獨居於廢棄圖書館的少女，
為了尋找她失蹤多年的父母，兩人一同踏上旅途，
並在毀滅的世界中，尋找過去的文字──"
是魔．非魔05 尋找寶藏,東邦,奇幻科幻,完結,0,飛燕文創,奇幻,科幻,競技,冒險,,https://mojoin.com/novels/3723,"同樣的地圖幾乎人手一張，有人說地圖上的標示是盜賊王的藏寶地點，也有人說是星澄海真正位置所在，不管是哪一個，地圖成為知情者爭奪的搶手貨，為了查探，倫一行八人決定前往地圖上標示的地點。
滾若岩，進入地圖標示地點的第一個入口，原以為此地並無危險，卻讓死狀悽慘的屍體改變了他們的想法。
魔闇之蛇、水秀兒、狼濤、媚娘……應該消失的暗系魔法、魔族，甚至之前追殺倫他們的人全一一出現，帶來意想不到的危險，可是也讓他們找到真正的星澄海封印地。
封印動搖，神王備戰令啟動，所有神魔間的動亂，也將隨著他們破除封印的動作而展開──"
一擊必殺的不敗聖劍(05)約定的勝利之劍,雷明,奇幻科幻,完結,0,飛燕文創,奇幻,科幻,,,,https://mojoin.com/novels/3448,"阿胡拉騎士學院VS曉星戰校！一對一擂台代理戰爭全面開打！

在上一次尤里烏斯城的戰爭中，因為伊吉太過目中無人，還胡搞瞎搞，差點害死阿胡拉騎士團的人，因此阿胡拉騎士團正式對曉星戰校宣戰，展開代理大戰爭。
「宣誓，我們乃阿胡拉騎士學院，在此遵從元老會之法則，進行合法且公正的代理戰爭。警告，接下來我軍會對曉星戰校及其成員進行宣戰之行為，請非戰鬥人員進行迴避，避免造成不必要的傷害，我軍也絕對不會無故傷害平民。」
「居然這麼囂張的跟本英雄宣戰！各位！教教那些腦袋塞滿水泥的蠢蛋騎士什麼叫做血流成河的戰爭！」
於是，彷彿祭典一般的代理戰爭，在兩軍的叫囂下正式展開。

史詩奇幻大作第五彈，同時也是本系列第一次的車輪擂台戰，正式展開！"
Legend：光與影的羈絆(08)陽月之晨,翼翎,奇幻科幻,完結,0,飛燕文創,奇幻,科幻,,,,https://mojoin.com/novels/3442,"傳聞開族魔王創立的城堡神祕的被保持著千年前的樣子，傳聞魔族最可怕的血鳶花是因開族魔王的故事而起，大大小小的傳聞都從魔族敬而遠之的血鳶森林開始，而這次也不例外。
陷入了人為的時空漩渦，踏進了戰靈們不為人知的童年秘密，感受到那溫柔眼眸背後的責任及難過，認識了那純粹笑容背後所存在的哀慟及辛酸。
佇立在我眼前的，是那個我所不認識的那人。
窺探著被掩覓在時間底下的哀傷，如果可以請拆下偽裝，如果可以請卸下悲傷，如果可以請聆聽自己的聲音。
因為被呼喚之人，你將會知道……
你並不是一個人。
……最後，我還是想說，創世神大大您老讓我這樣穿來穿去真的可以嗎！

By伊絜翼薩妲斯大陸1561歷年。"
永樂神社的巫女(02)神無月大典,阿次,奇幻科幻,完結,0,飛燕文創,奇幻,,,,,https://mojoin.com/novels/2430,"誰都沒想到曾被冶金惡懲的程俊居然還敢出現，而且還帶著伊織最要好的童年玩伴，來自北方主殿的巫女——雪兒。
但更沒想到的是……即便大戰群妖也無所畏懼，反而較怕沒牛奶喝的冶金居然被一張告發同居的密信給逼離永樂！
然而事件卻一波未平一波又起，離開冶金沒多久的伊織才剛踏上返北之旅卻又遇上喜歡說鬼故事、以開鬼門為樂的青行燈，若真讓牠將陰間裡的魔物通通放出來，那可不是說笑的啊！
天啊！為什麼有這麼多事啊？還讓不讓人回去主殿參加神無月大典啊？還有，說好的保護委託呢？冶金到底去哪了？你要是再不趕快回來……
人家都快被自家弟子給拐走啦！"
王子培育計畫(04)肆迎群靈歸來,米契,奇幻科幻,完結,0,飛燕文創,奇幻,科幻,,,,https://mojoin.com/novels/3512,"「老、老爸？既然你回來了，那老媽她們……呢？」
夏靜天壓低聲音，以大約是蚊子在耳邊飛行時會聽到的嗡鳴音量詢問床上的父親。

「明天吧……我是先回來看看你的狀況的……天知道你有沒有……呼嚕……」
夏靜天瞪大眼，望著再次睡去的父親，思緒頓時亂成一片。
驚訝、恐懼、焦慮、煩躁，他的家人們要回來了──

天然呆神明亞洛爾、吐槽高中生夏靜天、住在海邊管很大的死黨蘭予希，這回將要面臨人生中的大危機──造成夏靜天與亞洛爾心靈創傷的女性們要正式出場了！
前有母虎成群，後有第二次判定測驗，夏靜天等人已經不算平穩的生活將再掀起何等波瀾？
於是，充滿著驚恐與心靈創傷，外加一點點偶然奇遇的王子培育計畫第四集──
計畫，持續進行中。"
青青何盼草(06)何盼盼的逆襲(END),姒情,奇幻科幻,完結,0,飛燕文創,奇幻,科幻,,,,https://mojoin.com/novels/3270,"何盼盼可以接受別人針對自己，卻無法接受別人傷害她珍愛的人。當敵人屢屢挑戰底線，她該如何應對呢？
夢想不會自己實現，那得是揮灑汗水、竭盡全力之後才能實現的，就像珍愛的東西要自己守護一樣。
一句話，改變了何盼盼原本矜持的態度。這次，就換她來守護大家！
此仇不報，她誓不為人！"
喵喵魔法屋(04)守護永恆之約(END),鬱兔,奇幻科幻,完結,0,飛燕文創,奇幻,科幻,,,,https://mojoin.com/novels/3229,"打從一開始進入比賽場地，在第一輪的大亂鬥，黑巫師派的人馬被白巫師那方的人偷襲，損失了許多夥伴。他們重振旗鼓，打算採取新的戰術好扳回一城，卻在兩方交鋒之時，闖入了第三勢力的黑暗生物。

日暮旭與良徹等人好不容易脫逃，重新與貓咪們會合，並從道格里家族的雷辛那裡聽到有黑巫師的消息，一行人便出發到指定的試煉洞窟……但等的黑巫師卻是冒牌貨！

為了黑巫師，日暮旭等人勇闖絕望峽谷，路經許多危險與波折，終於見到了黑巫師本人，和貓咪們更是感動的重逢。援軍也到了，但白巫師那方的人不願意攜手對抗黑暗化身的惡龍，反而想趁機打敗黑巫師取得權位，意外的白巫師居然要求要與黑巫師光明大地決勝負，而決定先聯手打敗惡龍？

回到人類世界的三人決定重組樂團，完成黑巫師與日暮旭的最後約定。並且，期待有一天，能與貓咪們再次相聚……"
禁斷凶獸少女的不當召喚法(04)賢妻檮杌,二迴林,奇幻科幻,完結,0,飛燕文創,奇幻,科幻,,,,https://mojoin.com/novels/2978,"四月一日，少年月炎修收到了有生以來最大的玩笑。
一名有著飄逸長捲髮、修長美腿、超級大胸部的美女竟然自稱是「自己的妻子」。
這份大禮的背後，自然有著不可告人的秘密──
那名為日乃霧的女子並不是人類，而是凶獸檮杌。
她之所以親近炎修的理由，是希望少年能以自身特殊的影響力，改變世人對於凶獸檮杌的看法。
「男人所嚮往的女人不就是完美的妻子嗎？而成為親愛的眼中的完美妻子，才能成為世人眼中的完美妻子！」
如此錯誤的認知，在炎修家燃起了一道戰火──桃、川板、靈華以及乃霧……
以「最佳妻子」頭銜為目標，少女們的戰爭就此展開！"
血!!魔導(03)誕生，龍騎士！,暮辰,奇幻科幻,完結,0,飛燕文創,奇幻,科幻,,,,https://mojoin.com/novels/3598,"──一個是嚴厲負責，將種族凌駕於個人之上的老邁龍王。
──一個是渴望履行王者責任前，擁有最後自由的新龍王。
勒斯一行人為了靈泉而來，卻在不經意間捲入了新老龍王由於意見無法統一，互相對峙而生成的考驗之中。
而新任龍王破解僵局的辦法，居然是簽、契、約？
「──龍王大人，你確定真不介意給人家騎？」"
是魔．非魔03 獎品搶奪戰,東邦,奇幻科幻,完結,0,飛燕文創,奇幻,科幻,競技,冒險,,https://mojoin.com/novels/3707,"因為倫手上的封塵印，芙雅記起了轉生前的神族公主記憶，但她卻寧願只當一個平凡的人類；倫也因此接觸到黑晶盒中的魔王魔力，進而恢復了一部分魔王意識，但這卻讓迪亞安變成間歇性的啞巴！？
神月圖書館整個崩塌，甩不掉這份責任的迪亞安等人只好接下學院給他們將功贖罪的任務，豈知倫卻意外奪得美女選拔活動的第一名，之後又在迪亞安的設計下成為挑戰三王子的優勝獎品。
只是這挑戰賽都還沒有一個結果，迪亞安卻率先動手把倫這個獎品給搶走，遠遠的逃離被他們四人搞得一團亂的神祭學院，這事情究竟如何演變呢？"
獵魔血咒01,東邦,奇幻科幻,完結,0,飛燕文創,魔法,奇幻,校園,,,https://mojoin.com/novels/3752,"薩伊，獵魔行會的實習菜鳥，因為一次的任務就此改變了他的一生，只能孤獨一人踏上尋找恢復身體異狀的旅途。

熟悉的氣息，他所找到的卻是另一個紅髮女孩，為了同學夜天，他不惜變身救人，卻因此和女孩有了進一步接觸，並且不知不覺中被她吸引，讓懶人的他、不想多惹麻煩的他突生風波，卻撇不下手。

真實實力的曝露，讓夜天故作怨婦的抱怨，在王紫櫻面前，更搖身一變成為他的親密愛人，和王紫櫻真的是「情敵見面，分外眼紅」，當然如果夜天嘴角的那抹痞笑可以再收斂點的話。

只是薩伊為了她口中的沐大哥大吃飛醋，為了她受傷、中毒而發狂，甚至捲入她家族親人的叛變……可是最後事情剛定，和王紫櫻家族長老密談完後他卻一心計畫著要離開她，到底是為什麼呢？"
one more chance X game world,卡布D,奇幻科幻,完結,0,獨家原創,奇幻,科幻,,,,https://mojoin.com/novels/3017,"一個死神與天神的遊戲，被挑選者進入天神所創的遊戲世界，
才發現……
原來他們都已經死了。

這是一個每個人都有第二次機會的世界，遊戲開始！"
超超能力者NOT日常生活權(04)天下第二罪該萬死,二迴林,奇幻科幻,完結,0,飛燕文創,奇幻,科幻,,,,https://mojoin.com/novels/3209,"最強的強敵即將來襲！

「你就是『天下最強』嗎？」
「不是。」
「請你撤掉『天下最強』這個稱號。」

覬覦著「最強」之稱號，完全沒有在聽人說話的美少女刺客正式登場！
身著臺北市排名第一的第一女子高級中學制服的她，似乎是個滿分資優生。
而她提出分勝負方式，不知該說有沒有意外，就是──段考成績！

面對挑戰者，理論上來者不拒的最強少年空之上罕見的提出了先決條件──
「平時考試都只用六十秒寫考卷的我，正常考試可以；但在那之前，妳得通過四天王的考驗，而且……不、比、考、試喔！」

題目，由超能力社四天王出題。
範圍，不可以超出學生的本分。
最強稱號爭奪戰，就在雙方達成協議後正式展開！

附帶一提，四天王不滿四個，也是合理的事情吧？"
龍之狂想03 表演中斷,東邦,奇幻科幻,完結,0,飛燕文創,奇幻,科幻,架空,冒險,,https://mojoin.com/novels/3712,"紫的誘惑開始表演，卻遭到有心人破壞，空氣中更流動著宛若小不點天敵的邪惡氣味，這次的表演中斷，不僅暴露了南陵極力想隱藏的實力，也透露出某股隱藏的黑暗正蠢蠢欲動！
表演沒得看，連他們無聊想去散散步，一堆麻煩不請自來，後來南陵等人竟無緣無故成了學院交流賽的選手？
烙炟脈荒原，盜賊的大本營，卻不主動招惹別人，偏偏就是有不知天高地厚的人自動送上門，差點把一條小命丟掉。幸好駱曉曉偷懶，騎龍找人，把人救出也無意打響銀面龍騎之名。
學院交流賽終於開始，就在爭學院的第一排名時，南陵竟以意外的狼狽之姿投降，接著就被學園長踢出校門！
這一切的真相究竟為何呢？"
血!!魔導(04)偽神、神殿、弒神者,暮辰,奇幻科幻,完結,0,飛燕文創,奇幻,科幻,,,,https://mojoin.com/novels/3599,"是蝴蝶效應，還是有人惡意偏轉歷史，不按劇本演出？
麥納村外，不存在於使徒記憶裡的廢棄神殿，給勒斯一行人敲響了警鐘。
死亡騎士也猥瑣？
留待最後一夫當關，佈下無盡迷宮獨戰變異弒神者的勒斯，命令死亡騎士執行的絕殺一擊，居然──呃，讓人深切明白，什麼是「蛋蛋的憂傷」……"
對手被隕石砸死難道是我的錯嗎？(03)無敵神射手,南翁,奇幻科幻,完結,0,飛燕文創,奇幻,科幻,,,,https://mojoin.com/novels/2972,"柯恩瞄準眼前的箭靶，但那支箭矢卻用四十五度角射出，
在天空中劃出漂亮的弧線，在幾乎不可能回到靶上的時候射中一隻不知道哪裡來的老鷹，
然後又穿過另一隻老鷹，最後不可思議地落下並射穿靶心。

柯恩第二箭不帶絲毫氣力，箭矢直接往下掉落，
但就在這時一陣莫名其妙的強風發生，像一雙無形的手托住了箭矢，
用迴旋鏢的方式旋轉向前，最後在機率無限趨近於零的情況下射入靶心。

柯恩第三箭背對箭靶，隨便將箭射出，
但那支箭矢射到了外圍少數有彈性的樹枝回彈，
加倍奉還的猛烈箭勢射穿隔壁的箭靶靶心再次回彈，最後反向穿出紅心。

恭喜柯恩獲得本次神箭手大賽的冠軍！
柯恩無奈表示：「唉，隨便射都會中難道是我的錯嗎？」"
血!!魔導(06)最後的黑暗黎明(END),暮辰,奇幻科幻,完結,0,飛燕文創,奇幻,科幻,,,,https://mojoin.com/novels/3605,"以尊主為樣本，最早期的死亡天使兵團現身赫雷克爾。米薩契爾早已被鮮血染紅的棋盤，佈局用棋終於完整。
決戰之日逼近，偏偏就在這個關鍵時刻，尊主刻意引導他們察覺到──原來之前有驚無險一次次度過難關，已經使他們在左右最後一戰勝負的氣運上，有了驚人「負債」……"
神域密碼(02)黑之物，火之吻,二葉,奇幻科幻,完結,0,飛燕文創,奇幻,科幻,,,,https://mojoin.com/novels/3325,"神秘組織「生命之樹」的一介小兵洛伊德，前往偏遠宇域調查謎之生物伊甸，巧遇同樣以伊甸為目標的奈亞和娜伊娜，超大場面的宇宙冒險故事於焉展開！

為了追擊伊甸，洛伊德三人來到一顆中世紀的魔法星球，卻在這裡遭遇意料外的恐怖之物。原來這顆星球的所有人類，都是一個名為支配者的東西圈養起來的食物。當瘋狂的咒語完成之時，黑色魔物將由地而生。同時沉睡於此處的伊甸，又將做何反應？

茫茫星空，洛伊德踏上的是一條未知的旅途。組織傳訊邀請一行人去到行星「失樂園」，在那裡，洛伊德遇到組織的頂級人物，然而卻另有一個陰謀的黑手，在向「生命之樹」逼近……"
我的蘿莉勇者變御姊(06)魔王與勇者的終焉(END),雷明,奇幻科幻,完結,0,飛燕文創,奇幻,科幻,,,,https://mojoin.com/novels/3317,"最終魔王與勇者的決鬥還是到來！

姆露姆原本以為自己被魔王放鴿子，但是不可見的陰影卻深入校園之中，引發世界性的大轟動！
男主角艾赫的真實身分也在這禍不單行的災難接踵而至中因而揭開！
究竟魔王和勇者的決鬥的終焉會抵達哪裡呢？
戀愛喜劇、熱血戰鬥的最終章，正式展開……"
姑涼惹不得(03)幸福美滿的相依(END),蔚海,奇幻科幻,完結,0,飛燕文創,奇幻,科幻,,,,https://mojoin.com/novels/3418,"雖得知攻擊遊戲玩家的駭客真身為何，但小姑涼在遊戲中被抹黑，成了惡名昭彰的罪人。
在時間的壓迫之下，陸子淺也介入了此事，所有的事情才順利解決。
被父母深深「疼愛」著的向韻涼，在順利與陸子淺交往後，想要擁有該有的自由，一切都發展得比她認為的還要順遂！
與他長時間相處之後，她才知道，陸子淺並非表面上那麼驕傲自信。
他背負著的、與他所嚮往的，和她想像的，完全截然不同……"
白霧裡沒有敵人,發散黃色,奇幻科幻,完結,13,原創星球,末世,架空,,,,https://mojoin.com/novels/3715,"大學生考森在雷雨交加的夜裡暫住於布諾桑特山上的小鎮．本特蘭，未曾想，致命的白霧從山腳下昇起，而他這一住便是一年。
「真相是什麼一點都不重要。」
除了要在排外的山城中爭取容身之處外，考森還得與其他三名旅人周旋。為了將白霧擋在本特蘭之外，他們能依靠的，也只有搖搖欲墜的平衡......"
異魂變04 背叛,東邦,奇幻科幻,完結,10,飛燕文創,奇幻,架空,冒險,靈異,,https://mojoin.com/novels/3721,"為了找回皇甫家失竊的家徽，宇文翼和司馬凜把搜尋目標放在平區最著名的地下交易所。
因為有人跟蹤，宇文翼和司馬凜分開而不小心迷路，恰好遇到韋笑天及樓玉離，更在纏人的樓玉離幫助下，他們順利得到任務相關情報，但情報內容卻又意外牽扯到陳台生及其背後組織上。
一絲戰鬥波動吸引宇文翼靠近，意外發現戰鬥的一方竟是他們所熟悉的人影；而在戰鬥雙方雙雙撤離時，宇文翼從中得到一把小刀，這把小刀將給宇文翼帶來什麼？
雲水岳陷入愛河，本該是他個人的喜事，但他所愛的女人卻非普通人，神秘的綠蘋究竟是何身分？她又將掀起何種風波？
明明是快樂的畢業季，結果卻演變成背叛事件，甚至害得無防備的藍奕司和宇文翼二人受傷，還在星際中漂流……"
冷月FrostyLuna(05)傳說中的封神寶貝、南大陸的探險跟雷霆崖的牛頭人！,違天,奇幻科幻,完結,0,飛燕文創,奇幻,科幻,,,,https://mojoin.com/novels/3485,"翻越克龍山脈，前往未知的南大陸，展開超熱血的大冒險，取得傳說中的封神寶具！
事情如果就像憨人所想的一樣是這樣展開的話，那就太好了啊！

穿過傳送門之後竟然來到了初陽國？
身為初陽國十大槍擊要犯之一的口古月，不被抓我都覺得過份啊！
到底為甚麼阿雪要害我回初陽國被抓，最後我又是怎樣離開初陽國的呢？

南北大陸交界的克龍山脈，竟然被囂張跋扈的山賊給佔領了？
前面打過了海賊，現在又要成為山賊王，神秘的金髮美女高手的真實身分又是如何？
終於來到南大陸，卻對封神寶具沒有任何一點頭緒，這趟多災多難多吵多鬧的冒險之旅，到底會變成怎樣？
最後我們有辦法成功的取得封神寶具嗎？
這個問題你拿來問我，我還可以問誰啊啊啊啊啊啊───！"
永樂神社的巫女(04)打結的往事,阿次,奇幻科幻,完結,0,飛燕文創,奇幻,,,,,https://mojoin.com/novels/2432,"看完冶金的過往雖然讓我更加了解他，但我很快就知道那只是一種錯覺。
什麼Ａ級驅魔師、未來的總長、戰無不勝的靈矛……這些看似耀眼奪目的頭銜，在另外兩把靈武和神祕的八業障面前根本只是不值一提的文字啊！
還有啊，為什麼本巫女明明只是去雲夢想治個腿、取回靈力，卻連八歧大蛇都被扯進來啦？
可惡，冶金和吟槍這兩傢伙根本是祕密無底洞啊！"
王子培育計畫(03)叁逢青鳥妖精,米契,奇幻科幻,完結,0,飛燕文創,奇幻,科幻,,,,https://mojoin.com/novels/3511,"「哥哥──」
面對那熟悉的身影，夏靜天近乎絕望的吶喊。
有著灰白髮色的青年，枯槁的面容上揚起一抹淡然卻悲傷的笑容。

呼喊我的名！
我因你而生，為你而活。
自誕生的那一刻便發誓……
──只要你希望，將為你付出所有！

夏靜天茫然的望著消失的影子，垂下了肩膀。
天然呆神明亞洛爾、吐槽高中生夏靜天、住在海邊管很大的死黨蘭予希，這回不僅要面對熟悉的那個人，還要進行滿是危機的拯救行動，最後居然還有……突來的異世界求生？
於是，充滿著回憶還有驚險刺激與一點點驚奇的王子培育計畫第三集──
計畫，持續進行中。"
舞弦者‧紫(06)〈Mission 6〉末日夢魘(END),楚慕風,奇幻科幻,完結,0,飛燕文創,奇幻,科幻,,,,https://mojoin.com/novels/3565,"《舞弦者•紫》Mission 6劇情簡介

若不想讓你知道真相，便將真相弄成你畏懼的，所以你會發現，真相往往就是你最不敢相信的那一個。 
數百米的高空中，窗外是凜冽的寒風和激烈的戰爭，窗內是彌漫著香氣的熱朱古力和充滿回憶的講述……
來自父親的手稿，揭開了殘酷的真相；人類是什麼？這個問題的答案也許你寧可不知道！絕殺陷阱中的生還，是以死亡為代價；血腥的屠戮，卻是為了最後的拯救……
那一瞬間，看著沖天而起的聖光，聽著直擊心靈的聖歌，你的身體是否告訴你臣服於神？你是否能鼓足勇氣，面對神的威嚴，從容落下棋子，然後微笑說出──
將軍！"
冷月FrostyLuna(03)史上最恐怖的扮家家酒、感覺很好吃的海怪跟無人島上的大冒險！,違天,奇幻科幻,完結,0,飛燕文創,奇幻,科幻,,,,https://mojoin.com/novels/3475,"哈囉大家好，我是阿月！我又來跟大家報告我這次的冒險旅程囉！

在面對反抗軍的懷疑，我跟安安共同演出了一場毫無破綻的扮家家酒，但在終於矇混過去，大家可以收工回家睡覺的時候，想不到反抗軍竟然在此刻爆發金融危機！
而這該死的金融危機竟然還要我出面調停？
現在是把我當成經濟部長了嗎？

為了要解決反抗軍的經濟問題，我們一行人只好跟隨著獸人的腳步，搭船出海前往未知的新世界──東方初陽島國。
結果這趟旅程多災多難到多災多難這四個字還很難描述出到底有多慘的地步！
先是碰上絕命危機，又碰上了海賊、海怪，最後砰的一聲連船都噴掉了啊！

到了最後，我們有沒有辦法去到那個東方初陽島國，解決反抗軍政府的經濟危機呢？
我到底有沒有辦法拯救地球呢？我……
我怎麼可能會知道啊啊啊啊啊！"
身為女裝少年的我，貞操快要不保。(02)病嬌的狂襲,上絕,奇幻科幻,完結,0,飛燕文創,奇幻,偽娘,冒險,,,https://mojoin.com/novels/3745,"「渣滓！」
嬌軟的嗓音喝斥著，阿泱膝蓋一軟跪了。
「學姐呢！快讓學姐出來啊！你這垃圾，存在世界上完全沒有價值！」

唉，那個在戰場上勇敢脫衣告白的學妹又重出江湖了，她不是在醫院待過了嗎？為什麼腦子一點也沒變好啦！
為了替中央出任務跑到偏遠山區，這瘋狗妹子一路追了過來，更悲劇的是，聽說她要成為零的影武者？
打造雙刀？
OH，NO！我要胃潰瘍了(崩潰)！

她哪時才願意承認，我就是零啦！"
永樂神社的巫女(03)土蜘蛛之役,阿次,奇幻科幻,完結,0,飛燕文創,奇幻,,,,,https://mojoin.com/novels/2431,"還以為可以安心享受快樂的師徒生活……卻沒想到又蹦出一個自稱「大妖」等級的土蜘蛛，不僅帶著成千上萬的自家子弟兵殺入主殿，更誓言要將所有巫女吞下肚內……
可惡，哪有被侵門踏戶還忍氣吞聲的道理？看我伊織鈴音還不把這群可惡的八腳生物給通通收拾……冶金！你幹嘛又來搶戲？還有，你剛剛那招是什麼來頭？
什麼？天道？
吼……麻煩你別這麼省話好嗎！"
武裝巫女(08)克裡斯王宮的火鳳之舞(END),醉蝠,奇幻科幻,完結,0,飛燕文創,奇幻,科幻,,,,https://mojoin.com/novels/3561,"使盡了各種手段仍然束手無策的幽，終於決定使出必殺技，要對米亞國王實行色誘！
然而色誘不成，她卻發現了米亞國王的一個秘密。這個秘密的揭露，讓幽之前的合約自動作廢，卻也給她提供了一個新的機會。
當幽的新合約到手的時候，意外突然發生，三位野心家的叛亂開始了……"
魔法糖果騎士(02),瀰霜,奇幻科幻,完結,0,飛燕文創,奇幻,科幻,,,,https://mojoin.com/novels/3315,"歌莉由害羞少女變成魔法少女，擺平小鎮怪事之餘還如願交到了朋友，從此快樂又平凡地生活下去──
才怪！這是哪裡來的黑兔子？
她自問不是愛麗絲也沒追著兔子跑，結果仍被強行拉進精靈世界了！
糖甖貨倉遺失方糖、幻彩果園只剩果乾、果凍高山整座融化……眼見小門後的不思議國度變得一團糟，可是她的變身棒被搶走了，究竟怎麼辦才好？
除了搜捕黑兔子，精靈們也各自遇上連魔法也無法解決的難題！
與此同時，子禹不惜打破禁忌來到人類小鎮的原因也漸漸揭開──
面對逃避已久的心結，他的抉擇又會是……

「總之不論什麼結果──我都會陪著你，不會讓你獨自一個面對啊。」"
武裝巫女(02)巫女駕到,醉蝠,奇幻科幻,完結,0,飛燕文創,奇幻,科幻,,,,https://mojoin.com/novels/3516,"在路上遭遇搶劫的幽，不但沒有損失財物，反而捕獲了兩位有些古怪的搶劫犯：一個迷糊大膽、受到古怪教育的小蘿莉，以及一隻吃齋念佛的老虎！
在克裡斯王城，幽見到了自己的委託人──一位心懷野心的權貴人物。他聘請幽的目的，就是顛覆這個國家的王位，把剛剛登基的國王拉下馬。
身為一名常常與陰謀打交道的巫女，幽很豪邁的接受了這項工作；這個時候，哥布林的新發明也出現了，然而他的實驗室卻發生了新狀況！

 "
武裝巫女(05)最強女僕傳說,醉蝠,奇幻科幻,完結,0,飛燕文創,奇幻,科幻,,,,https://mojoin.com/novels/3549,"為了參加侍衛選拔之前的皇家晚宴，幽費盡了心機，甚至不惜變裝，準備矇混過關，可是，意想不到的轉機卻出現在她去參加宴會的路上。
無聊男士的搭訕、敵對勢力的挑釁，一樣又一樣的麻煩被幽乾脆的解決，兩隻小蘿莉也在舞會現場大出風頭！
幽一行人成了舞會現場最耀眼的明星，但是，她們卻被一雙憤怒的眼睛盯住……"
舞弦者‧紫(05)〈Mission 5〉港島夢魘,楚慕風,奇幻科幻,完結,0,飛燕文創,奇幻,科幻,,,,https://mojoin.com/novels/3554,"《舞弦者‧紫》Mission 4劇情簡介

眼睛是心靈的窗戶，是我們認知這個世界的第一途徑，所以我們盲目地信任眼睛看到的一切，可是我們又怎會知道，這扇窗戶外面的景色，不是另一個楚門的世界？
當辛子豪打出那個跨越大洋的求助電話時，絕不會想到自己會變成被人爭搶的「貨物」，更不會想到這場圍繞他的爭搶會變成兩個龐然巨物間的全面戰爭！
被「囚牢」封鎖的港島，就像是古羅馬的鬥獸場──不再隱藏於陰影中的妖魔，全面集結的狩獵者，在這片血肉磨盤中廝殺殞落！
火力全開的紫、血河解放的紅、化水的真石立海、浴火的菲尼克斯、久違的風魔龍一，還有那傳說中的主人，誰才是鬥獸場中的勝者？
代表死亡的槍聲響起，粉碎了自大的狂妄，卻沒能帶來結束──戰爭來了！你準備好了嗎？"
我的蘿莉勇者變御姊(02)前任勇者也來湊一腳～,雷明,奇幻科幻,完結,0,飛燕文創,奇幻,科幻,,,,https://mojoin.com/novels/3275,"「姆姆也想要去高中上學！！」

姆露姆住到艾赫的家中已經好幾天了，然而度過平穩的假日後，艾赫也要返回高中上學，姆露姆當然也吵著想要去高中上課。
然而並非勇者狀態的姆露姆，怎麼看都只是個十歲小女孩，當然不可能去高中上學，所以就這樣被艾赫丟在了家裡。
姆露姆為了要去高中上學，於是偷偷跟了上去，但是三兩下就被學校的警衛踢出來。
就在姆露姆絕望的時候，經瑪芙妮和庫哈姆的介紹，她與一名可愛的金髮小女孩，普莉亞相遇。
於是中古時代的勇者，在現代展開了跨越時空的高中生活，但也被捲入了橫跨了千年的陰謀中……"
正義美食團(06)他們的方糖旅行,詠名,奇幻科幻,完結,0,飛燕文創,奇幻,科幻,,,,https://mojoin.com/novels/3532,"遊走天涯海角，方糖傳說大揭密！
被衰神纏身的我，加上禍不單行的旅行團，先是天打雷劈，後是敵人來襲，這樣的旅行真的沒問題嗎？
暴食者掀起全球的食材慌，我帶著塞滿假鈔的錢包實地訪查──哎呀！那位美麗的菜市場大嬸，怎麼與不回家的美食團團長有幾分像？
「爆竹，我也很想你。」
即使天涯兩隔，心仍咫尺相依，狂風啊狂風，我感受到你的愛了！不過，為什麼重逢之後，一定要先來場大戰呢？嗚嗚！這劇本不對吧？藤牙和狂風是男人，我也是啊！"
異命雙子,小猴王,奇幻科幻,完結,0,原創星球,戰鬥,架空,,,,https://mojoin.com/novels/121,"一對失散的雙胞胎姊妹
一個住在孤兒院，後來被貴族收養
一個在盜賊集團中受虐，後來被刺客收留
命運截然不同的她們在相遇之後
原本漸以熟悉的生活將再度掀起劇烈波瀾"
禁斷凶獸少女的不當召喚法(07)虛無之境,二迴林,奇幻科幻,完結,0,飛燕文創,奇幻,科幻,,,,https://mojoin.com/novels/3012,"月光下，那名沉睡已久的少女甦醒了。
但是她卻萬萬沒想到，醒來後的世界已變得完全不同。
那個為了她與她的姊妹，正面突破了許多危機的少年月炎修，不再是她所熟悉的那一個他。
他自怨自艾地斷絕了與外界的所有連繫。
就像是死了一般……心死了，眼神死了，一切的一切，都死了。
壞事還不止這麼一樁，接二連三……
新任的總統墨皓衍公佈了凶獸們的真實面目，使她們成為了全民公敵。

危機加上危機等於大大的危機！
凶獸們還有轉圜的餘地嗎？"
花之姬綺譚(05)八惡‧宿命的輪迴,花鈴,奇幻科幻,完結,3,飛燕文創,奇幻,,,,,https://mojoin.com/novels/2445,"秘密如同潘朵拉的盒子，在歐陽卿、芸櫻、琅煠三人間揭開，擊碎琅煠對芸櫻的那份堅持，扼殺搖搖欲墜的希望。
芸櫻帶著再也不見琅煠的決心，接受佩卡特組織首領捎來的一封挑戰書──受邀參加「別西卜」島嶼參加瘦身計畫。
為了促成惡念的誕生，往往伴隨了許多危險，而佩卡特首領的一句話深深撼動芸櫻與琅煠搖擺不定的心。
他愛她，這個理由就足夠了。
不管最終命運走向何處，他絕對不會拋下她一人。
她想，即便前方道路佈滿荊棘，仍執意想與他走下去。
當芸櫻試著完成最後的誅神之泉，面對的卻是難以接受的掙扎與糾結。"
來自異世界的清水島(06)不存在的新紀元(END),楊寒,奇幻科幻,完結,0,飛燕文創,奇幻,科幻,,,,https://mojoin.com/novels/2950,"清水島百年來最大的作戰開始了——
召喚史前級大怪物消滅「渡邊家那隻烏龜」！
但這個時候，蠢蠢欲動的福道教成了威脅最大的敵人……
三百架「全覆式魔機甲」突然出現在戰場？
這將是清水島最驚濤駭浪的一戰！"
武裝巫女(07)巫女的宮廷小步舞曲,醉蝠,奇幻科幻,完結,0,飛燕文創,奇幻,科幻,,,,https://mojoin.com/novels/3560,"如願以償的成為了侍衛統領之後，幽躊躇滿志，但是她卻沒有太好的機會接近克里斯大公，計劃只能慢慢展開。
幽在王宮裡遇到了一名很有趣的小女孩，兩人一見如故，玩起了超現實家家酒遊戲，但是，公國的陰謀家們卻已經有些迫不及待了……"
LOST星際少女(03)拾回進度26%,羽毛冰塊,奇幻科幻,完結,0,飛燕文創,奇幻,科幻,,,,https://mojoin.com/novels/3276,"來來到灰星的五人終於破解了灰星的祕密，救出了朱利安！

拯救朱利安時，無意中破壞了裝有劇毒的氣管，導致整個灰星的毒霧性質發生變化。性質改變的毒霧威力極大，為了自救，一行人竟然發現了一處在灰星之中也無任何毒霧的世外桃源……

這世外桃源等待救援的過程中，他們發現創造這個世外桃源的人擁有舒越的肺。舒越取回肺的同時，還獲得當年改造的線索，一行人踏上尋找舒越其他器官的路途……"
龍之狂想04 分別上路,東邦,奇幻科幻,完結,0,飛燕文創,奇幻,科幻,架空,冒險,,https://mojoin.com/novels/3719,"被踢出校園作任務的南陵才想說這一路上她會很無聊，結果老天就送了一個因為覬覦她俊美外貌，硬纏上她的女娃兒，外加師兄師姐纏在她身邊。任務要完成有這麼困難嗎？路才走到一半，她竟然捲入她閃也閃不掉的麻煩事，最後連她人也跟著失蹤！？
同時被阿魯克斯踢出校園的雷力和紫淵，前者被駱曉曉纏上，甩都甩不掉，只好認命身後會跟著兩條尾巴，不過卻是相當好用的尾巴，至少雷力不用費什麼力氣就如願達成任務。
後者則是能偷懶就偷懶，完全不把任務看在眼底，只是等他好不容易找回一點良心，肯去做任務了，結果，因為他無人能比的美貌又惹來一堆麻煩。氣得紫淵只能大喊：我是男的！
龍皇的責任、龍族大長老出現、自稱雪冰蓮的守護靈精……這一切的一切將讓三人在這一趟任務旅程中獲得什麼呢？"
叫我大小姐！(04)我只想當一個享樂的大小姐，不想當打怪的救世主啊！(END),東邦,奇幻科幻,完結,0,飛燕文創,奇幻,科幻,,,,https://mojoin.com/novels/3311,"為了找尋歐陽修壹，宇夏情時一行來到邊海群島，卻意外遇見故人。
是敵非友的紅衣女子，引出一顆手持黑色匕首的「圓球」，而且「圓球」也叫做歐陽？
神物反噬，源頭指向祕境神墓──為了同樣受制神物的管家，以及陷落在那的師父，宇夏情時只能衝啦……只是，她原以為就算天塌下來也會有高個子頂著，但為什麼？為什麼？為什麼最後卻變成她跟大BOSS打？
老天爺，她想當的是一個享樂的大小姐，不是救世主啊！（淚奔）"
台灣勇者協會T.G.G(07)那一天，與之後的每一天(END),玥主朽紅,奇幻科幻,完結,0,飛燕文創,奇幻,科幻,,,,https://mojoin.com/novels/3779,"『渾沌的魔王！這就是我與你的最終決戰！』

一直以來，我一直都不知道那一天到底是哪一天。
也不知道那一天代表著什麼樣的意義。

我到現在還是搞不清楚。

但我知道那一天，會有尊比台灣本島還大的異世界邪神從天而降，然後把台灣炸沉進太平洋。
這種事怎麼不早說，我是看新聞才知情的……
……咦？事情好像挺大條的？

而我們拯救台灣的關鍵，是阿伯留下來的最後希望。
一塊發霉的太陽餅───

───太棒了，天佑台灣。"
鍾馗 鬼王事件簿(08)鬼皇疑塚匯今昔,暮辰,奇幻科幻,完結,0,飛燕文創,奇幻,科幻,,,,https://mojoin.com/novels/3492,"楊戩的求愛大作戰、逝影重現的過往揭密、疫鬼皇的步步陷阱……
鍾馗不過南下一行，種種麻煩事卻一股腦撞上來！
到底是不正常的楊戩較麻煩？逝影重現訴說的秘密更惱人？
或者疫鬼皇的步步陷阱、步步試探才令人頭大？
對此，鍾馗只想不負責任大吼一聲：「全部滾開不要煩我！」──可惜，這是妄想！"
菜鳥之王(05)永恆之星(END),某宅,奇幻科幻,完結,0,飛燕文創,奇幻,科幻,,,,https://mojoin.com/novels/3456,"自建立以來，為世界提供無數頂尖人材，推動著世界發展的育成機構──地球聯合最高人力資源培訓學院，俗稱王之庭。

為了和妹妹子芽相見，我蕭子楓必須從博士手中，把被拐走的妹妹搶回來。

公寓第一屆答問大會突然舉辦！
即使想馬上救出妹妹，但太多事搞不懂，這種時候當然就是先收集資料，為奪回妹妹做好一切準備。

閃光之被夜襲！
先手必勝，這是古人智慧。但實際上，先手的人不一定能嬴，古人不也有云「後發先至」嗎？

輕鬆簡單的修練篇！
現代社會，繁事都講求輕鬆簡單，總之輕鬆簡單就是最好的！輕輕鬆鬆升級，輕輕鬆鬆考試一百分，沒有比這更好的事了。

分久必合，合久必分！
我相信，世事總有定數，再波瀾壯闊的經歷，回首時也只是和重要的人一起渡過的日常而已。"
菜鳥之王(03)如幻似真,某宅,奇幻科幻,完結,0,飛燕文創,奇幻,科幻,,,,https://mojoin.com/novels/3454,"自建立以來，為世界提供無數頂尖人材，推動著世界發展的育成機構──地球聯合最高人力資源培訓學院，俗稱王之庭。

為了和妹妹相見，我每天都為生活費而努力。

發現新任務！
跟蹤黑衣人──進行中

再次發現新任務！
跟蹤黑衣人──進行中
翹課去和妹妹們約會──進行中

發現突發任務！
跟蹤黑衣人──進行中
翹課去和妹妹們約會──進行中
跟隨明夷完成地下副本──進行中

為什麼任務都完成不了還一直另開新的？這絕對是ＢＵＧ！
但是，為了妹妹，再多任務都儘管給我放馬過來！"
守衛龍騎(02)龍族王女,鬱兔,奇幻科幻,完結,0,飛燕文創,奇幻,,,,,https://mojoin.com/novels/2436,"一行人前往龍谷，遇到的神祕少女，竟是早已滅絕千年的龍隱國的遺族。
面對獵龍團的威脅，等待席娜公主現身的王龍為了守護一切，而召喚其他飛行龍族前來支援，形成了前所未聞的奇妙景觀──眾多不同龍族協力驅逐人類。
阿修的妹妹花婗因為也在獵龍團裡，而同樣遭受波及，還好席娜公主為了阿修而手下留情，但卻也離去不知行蹤。
阿修對她留下深刻印象，也許還有一些特別的情愫？
一行人回到城鎮，果然被獵龍團所屬的公會給盯上，而傑又發派臨時任務，要他們前往神秘的菇蕈幽地去尋找三頭龍。
一行人經歷一番歷險之後總算成功取得龍鱗，但交付任務才知道原來背後的大人物，竟然就是索伊的父親。
莉莉的奶奶突然來襲，還要阿修和索伊去幫她領寵物回家，但這隻寵物竟然是隻兇殘的龍蛇，阿修首次與索伊單獨出任務，根本互相扯後腿。後來意外發現莉莉的奶奶居然是阿修父親以前公會的夥伴！
而聽說下任新的主使團團長，非常討厭龍族，而守護龍族的普雷特公會將會面臨前所未有的危機。
但在煩惱那些之前，還是先把離家出走(？)的花婗給找回來吧！
聽說她為了去找到那位打敗她的對手──龍族公主，而瞞著所有人獨自前往危機四伏的地底之都，這可是讓阿修擔心極了啊！"
孤島奇兵,鬼才,奇幻科幻,完結,0,原創星球,推理,冒險,懸疑,,,https://mojoin.com/novels/736,"這部小說以台灣的歷史為基礎，添加虛構設定發想而成，透過每個章節的楔子、角色人物以及對白逐漸塑造出整體世界觀。

故事發生在一座先進、大氣、奢華且神祕的城市：新阿姆斯特丹。
城裡有著各式各樣的人物、繁複的社會文明，以及符合當地政治氛圍的延伸設計和文化。

主角是一名德國軍人，孤身在島國上四處冒險，接觸全新未知的人事物，讀者將扮演主角的雙眼，逐步認識這座一九二零年的摩登城市。

本作有七個主要角色，每個角色都有自己的目標和野心，互相碰撞擦出火花。
隨著故事推動，主角漸漸挖掘出這座島的歷史和黑暗面，連帶影響到眼前的事件。

本故事是市面少有的近代科幻，帶領讀者進入二十世紀初的衍伸想像，結合懸疑劇情和部分推理，少數章節以動作場面為主。
本作表面上是典型的西方社會，骨子裡是對台灣歷史的省思，並透過主角的人生際遇，折射出每個人在生活中都會面臨的挫折和困境，甚至對人生的絕望。

故事的調性從光鮮亮麗走到沉重黑暗，並放入許多科技發展和宗教的思辨，除了為故事增添厚度，也放入我對宗教的看法和它真正該有的本質。
本作受到知名遊戲生化奇兵的啟發，部分設定的原型參考該遊戲。"
禁斷凶獸少女的不當召喚法(02)渾沌雙子,二迴林,奇幻科幻,完結,0,飛燕文創,奇幻,科幻,,,,https://mojoin.com/novels/2952,"經歷了饕餮事件，月炎修正式加入了私人凶獸研究機構
這一次他的任務目標是利用他獨有的影響力，將分裂成雙子姊妹的凶獸渾沌重新融合成一個人。
姊姊夕川鈴不但是個光鮮亮麗的美少女，還是個家喻戶曉的大明星，甚至登上小巨蛋開起了演唱會！
而妹妹夕川板則是與姊姊完全的相反女孩，既膽小又怕生，渾身上下看似沒有半點生氣，卻有她獨特的天真與爛漫。
面對如此截然不同的兩個人，月炎修有辦法順利完成將二者合而為一的高難度任務嗎？"
我的蘿莉勇者變御姊(05)南方小島考古大冒險,雷明,奇幻科幻,完結,0,飛燕文創,奇幻,科幻,,,,https://mojoin.com/novels/3316,"夏日、海灘、大海、海盜船和魔族祭壇！！

美好暑假的三大要素，湊齊了五個！艾赫將體驗前所未有的南島渡假之旅。
艾赫在南方小島考古的父母，在艾赫放暑假後寄送了一封邀請函給他。
於是艾赫跟雙胞胎姐妹瑪芙妮和庫哈姆，以及兩位勇者姆露姆和普莉亞，五人前往美麗的南方渡假小島。
然而原本悠閒的渡假之旅，卻在艾赫的父母和雙胞胎姐妹的父母開出海盜船和古戰船後，就整個變調了。
悠閒的渡假時光，變成了遺跡大冒險！！
滾滾而來的大石頭、陷阱、飛箭，還有傳說中的魔族陵墓，以及最高級的寶物，勇者之劍，全部都在小島的遺跡中。
全新冒險型勇者物語，今夏全新展開……"
魔法糖果騎士(03)(END),瀰霜,奇幻科幻,完結,0,飛燕文創,奇幻,科幻,,,,https://mojoin.com/novels/3366,"最後一顆記憶糖果收集完畢，子禹以為所有麻煩事情告一段落，沒想到真正的危機才正式展開。
是打開小門的方式不對嗎？
為什麼子禹從精靈世界回來，人類小鎮的時間居然倒退到他與歌莉相遇之前！
子禹與歌莉幾經患難，他以為彼此的關係會更進一步──
未料歌莉竟然倒戈相向，與黑兔子結盟成為暗黑糖果騎士！
潛伏在混沌時空內的謎團，隱藏在少女微笑下的秘密，子禹與菟菟如何才能追尋到真相？
此外，遺落在悠久歲月裡的約定，子禹還有機會實現嗎……

「直到妳相信自己之前，儘管相信我就好。」"
神域密碼(06)無之風，自在之劍,二葉,奇幻科幻,完結,0,飛燕文創,奇幻,科幻,,,,https://mojoin.com/novels/3329,"純愛神教的勢力正如日中天，在伊斯拉菲爾的策劃下，更與拉族結盟。然而，正當神教與拉族準備聯合行動時，卻傳來鱗被殺死的噩耗！

伊斯拉菲爾與洛伊德急忙趕去拉族，看到的是鱗宛若熟睡的屍體。殺死鱗的是誰？危險是否還未遠去？在拉族的旗艦裡，伊斯拉菲爾和洛伊德遇到的是一個深不可測的對手。

神域密碼第六集，「無之風，自在之劍」！幕後的敵人若隱若現，洛伊德同學終於要大展身手？"
姑涼惹不得(02)密不可分的關係,蔚海,奇幻科幻,完結,10,飛燕文創,奇幻,科幻,,,,https://mojoin.com/novels/3417,"雖得知攻擊遊戲玩家的駭客真身為何，但小姑涼在遊戲中被抹黑，成了惡名昭彰的罪人。
在時間的壓迫之下，陸子淺也介入了此事，所有的事情才順利解決。
被父母深深「疼愛」著的向韻涼，在順利與陸子淺交往後，想要擁有該有的自由，一切都發展得比她認為的還要順遂！
與他長時間相處之後，她才知道，陸子淺並非表面上那麼驕傲自信。
他背負著的、與他所嚮往的，和她想像的，完全截然不同……"
身為女裝少年的我，貞操快要不保。(03)誡神女巫的靈啟,上絕,奇幻科幻,完結,0,飛燕文創,奇幻,偽娘,冒險,,,https://mojoin.com/novels/3748,"「阿泱，我知道你覺得派不上用場，但武技是很重要的，我們一起來練習吧。」
「為了讓你對練習有更、更大的熱情……」
「只要、只要你贏我一次，我就脫一件衣服！」
Wow……

老天爺你終於開眼，知道我也是需要春天需要幸福的嗎！
但，事情好像永遠都不是憨人所想的那麼簡單，雖然實芽吃藥乖乖了，但碰上艾爾娜他就一顆頭兩個大，最悲慘的莫過於……
「我喜歡妳、我喜歡妳、我喜歡妳！」
他的暗戀對象居然告訴他，她喜歡他的女裝！

這一集到底要我怎麼活啦！我恨作者！"
雞排大神之我是魔王？！(04)綠梓荷的第一個條件,東邦,奇幻科幻,完結,0,飛燕文創,奇幻,科幻,,,,https://mojoin.com/novels/3498,"因為綠梓荷提出的第一個條件，歐艾基不得不成為她的臨時男伴，在招待會上受盡各種矚目，在某人故意下還上演了一齣「楊過與小龍女」的戲碼，而後更因為一張紫金貴賓卡，讓對此一無所知的歐艾基在招待會大出風頭，卻也因此惹來殺機……
落海被救，意外發現植物界的「雞」，還有了醫治司斐文傷的辦法，這應該是很令人高興的事，怎麼過沒多久，他這個魔王卻得為了綠梓荷混進聖廷殿這一偽君子組織中？ 
雞排大神，是祢在惡搞我，還是我真的愛上這朵野蠻桃花了？"
獵魔血咒05,東邦,奇幻科幻,完結,0,飛燕文創,魔法,奇幻,冒險,,,https://mojoin.com/novels/3767,"取得教廷想要的競標之物後，薩伊意外發現跟古倫老人交給他的玉珮是一套的，經過調查，得知玉佩是教廷遺失的聖器，裡頭蘊含的能量對沉睡其中的王紫櫻靈魂有莫大好處！

為了靈魂玉這一個對復甦教廷勢力有莫大幫助的聖器，教廷不惜灑重金，找異士團，甚至找殺手，就是想從薩伊等人手中把靈魂玉搶回；但王紫櫻的靈魂在靈魂玉的能量中甦醒了，薩伊欣喜若狂，更加堅定保護好靈魂玉的決心。

一份邀請函交到了莫子顏手中，並且點名受邀者要包含薩伊和軻魂，由於王紫櫻的興趣，薩伊點頭前往，見到了噬巫一族的聖女，結果王紫櫻得到了好處，薩伊反倒發怒而在海上大開殺戒，這是為什麼呢？"
禁斷凶獸少女的不當召喚法(06)妹妹女媧,二迴林,奇幻科幻,完結,0,飛燕文創,奇幻,科幻,,,,https://mojoin.com/novels/2991,"任務是：將因不明原因而失去理智的月桃（饕餮）完完整整的帶回來。
但不論月炎修怎麼利用自身對凶獸的影響力來呼喊，也喚不回他們那往日的時光……甚至差點失去了性命。
好在千鈞一髮之際，「女媧」現身了！
擁有「全知全能」之力的她，帶領眾人解除了危機。
可是……代價卻萬分慘痛。
只是單純的活著……就稱得上是「好結果」了嗎？
「──達令！為了解除這樣的窘境，請你和妹妹去約會！」
「咦咦！為什麼會突然變成這種發展呀！」

一點點的悲傷，以及更多一點點的歡笑。
任何問題，交給「約會」都能解決？"
哪都別想逃(02)養到自己懷裡(END),蔚海,奇幻科幻,完結,0,飛燕文創,奇幻,科幻,,,,https://mojoin.com/novels/3415,"知道蒼翼在現實生活中的身分之後，張巧婉只想挖一個洞把自己埋了──沒想到自己做盡的傻事，他全部都知道！
本以為自己的傻里傻氣會被嫌棄，誰知道大神師父就愛這一味，一眨眼，師徒關係就變成了情侶關係！
才交往沒有多久的時間，凶巴巴的穹奪走了巧巧的「遊戲初吻」……難不成美好的情侶關係就要因此破裂？
巧巧敲碗：嗚嗚嗚不要啊師父，我沒有戴你綠帽！
沒有任何事情能影響兩人的甜蜜關係，但是，巧巧默默覺得，師父從溫柔的正人君子，逐漸變成變態霸道的寵妻魔人──我的天！師父，有沒有這麼腹黑的啊！"
異魂變06 回歸,東邦,奇幻科幻,完結,0,飛燕文創,奇幻,架空,冒險,靈異,,https://mojoin.com/novels/3737,"還沒踏進宇文家大門，宇文翼就先遇上了宇文家成員派出的殺手。認親後，宇文翼卻多了一個未婚妻，甚至附帶了一長串數也數不清的愛慕者和挑戰者。
宇文家主替宇文翼甄選出一個家庭教師外加一個拖油瓶，當小星月被困時，因為家庭教師的指示，宇文翼成功擊退敵人，對方意外的表現，讓他增添幾許神秘。
因為家主的命令，宇文翼接下任務，護送黃珞瑤到白靈殿參加每月一次祈禱會，還沒出發，黃珞瑤的愛慕者竟跑來搗亂。
一到加牙星，魔靈塔的使者率先來到，目的竟是邀請宇文翼去見黃珞瑤的老師，這當中究竟存在何種原因呢？"
《神眠紀》（完本）,九方思想貓,奇幻科幻,完結,0,原創星球,奇幻,重生,架空,異世界,穿越,https://mojoin.com/novels/3790,"＊作品封面圖／御夜

九方豫是一個生活在海島國家的電子工程師，與尚在大學學習的女友莫英同為戰爭孤兒，生活在飽經戰亂的世界亂局當中。
一個失了業，一個失了學。

為了去往更好的未來，託管了所有資產與人生，參與「人體冷凍睡眠50年計畫」。

等待在前方的時空，又會是怎樣的光景呢？"
守衛龍騎(03)公主與騎士,鬱兔,奇幻科幻,完結,0,飛燕文創,奇幻,,,,,https://mojoin.com/novels/2437,"普雷特公會一行人為了尋找花婗而前往危機四伏的地下城，卻意外遇上席娜公主。一次墜谷意外，阿修與席娜兩人不得不在深不見底的山谷裡求生，卻因此而兩人的關係產生些許變化。
主使團的人奉行團長的命令捉拿席娜，阿修為了保護她而拋棄各種羞恥心，幸好帶頭來的紅髮男子雖強，但卻是一個非常容易騙過的笨蛋，就連阿修拙劣的演技也瞞過去了。
阿修邀請席娜加入普雷特公會，她是否會答應呢？
花婗突然想要加入普雷特公會，但這樣就會發現許多不該知道的祕密，蕾芙亞到底要怎麼勸退她？主使團團長來訪，但令人訝異的是他與席娜的外表竟有幾分神似，再加上團長隊追緝席娜的執著，兩人到底有何關係？
小小的普雷特公會被盯上了，阿修等人到底該何去何從？"
冷月FrostyLuna(02)沒用的打手、暴力的補師跟有錢的拖油瓶！,違天,奇幻科幻,完結,0,飛燕文創,奇幻,科幻,,,,https://mojoin.com/novels/3460,"嗨！大家，又見面了！我是阿月！我又來跟各位報告這一次我的行程了！
台北街頭的戰鬥、神祕又古老的祕密結社、保護地球的重任，竟然全部莫名奇妙的降臨在我的身上？這是什麼意思？難道這個世界已經沉淪到必須由向我這樣的人來保護了嗎？
為了拯救地球妹妹脫離來自異界壞人的魔掌，我跟小雅回到異界踏上找尋反抗軍的旅程！沒想到竟然連安安也跑過來湊一角參與我們的隊伍，組成一個詭異的冒險拼裝小隊？到底這樣隨便組成的什麼鬼啊冒險團，在尋找反抗軍的旅程上會碰上什麼困難？到底能不能順利的完成任務呢？
這問題不要說你想問了，我自己都想問了啊啊啊啊啊！"
來自異世界的清水島(05)銀色靈魂之終焉,楊寒,奇幻科幻,完結,0,飛燕文創,奇幻,科幻,,,,https://mojoin.com/novels/2941,"「黑暗詛咒」和「幻影鎏璃」的激鬥才剛結束，周永嘉好不容易成功完成魔機甲的初次連結。
另一方面，為了抵禦大舉入侵的外敵而重新啟動的「雷電之瞬」卻發生暴躁機動，全覆式魔機甲「黑暗詛咒」緊急馳援清水島……
內憂外患的清水島戰況危急，魔歸部司令官隕落！"
正義美食團(05)海邊的方糖夢魘,詠名,奇幻科幻,完結,0,飛燕文創,奇幻,科幻,,,,https://mojoin.com/novels/3531,"新婚的姐姐與魔女廚父不約而同在旅遊展抽到六天五夜的住宿卷，相約一起在炎炎夏日享受藍天、沙灘、比基尼……

咳咳！一向衰夠夠的美食團，豈有那麼好康的事？
學個游泳在海上看見紅髮美女與大章魚搏鬥，我就知道大事不妙，旅遊變成折磨……什麼？旅行團也在附近賣烤肉？
以為過了夏季可以安心，不料棘手的事情一一冒出頭，那位我最不願面對的女人，終於隨著我的步伐而來了！]"
來自異世界的清水島(04)幻影鎏璃VS黑色詛咒,楊寒,奇幻科幻,完結,0,飛燕文創,奇幻,科幻,,,,https://mojoin.com/novels/2912,"「清水市矮妖之亂」結束後，魔歸部情報官李雲龍揭露了隱藏在政府高層的陰謀──福道教掌控著清水島的政權更迭？
在周永嘉與大島紫苑等人前往離島，即將初次操縱暫時定名為「虛弱詛咒001號」的「黑暗詛咒」全覆式魔機甲之際，福道教七麟士竟出現在部隊內部，這讓「黑暗詛咒」的啟動測試投下不安因素……
周永嘉的初次連結果真出現了變數！"
魔王真命苦(06)魔王的世界(END),上善若水,奇幻科幻,完結,0,飛燕文創,奇幻,科幻,,,,https://mojoin.com/novels/3333,"母親大人一時興起訂下的娃娃親，讓苦命的魔王再次嘗到了苦頭！
莫林被困冥界之中，卻遇到了奇怪的骷髏城主凱瑟琳；更讓他瞠目結舌的是，這個骷髏城主居然自稱是他的未婚妻？
為了回到大陸，莫林找到了守護冥界大門的半神魔獸．刻耳柏洛斯；然而，如果想要打開通往大陸的冥界大門，莫林必須要通過牠的三個考驗。
南北大陸即將大戰，為了制止這場沒有意義的戰爭，莫林決定阻止斯德納普召喚光明神降臨。讓人沒有想到的是……原來，光明神居然真的存在，而他的真實身分，更是讓眾人都難以置信！
在光明神的公平裁判下，為了大陸的命運，莫林和斯德納普進行了決鬥……"
日日花開不凋零(03)平凡相依(END),蔚海,奇幻科幻,完結,0,飛燕文創,奇幻,科幻,,,,https://mojoin.com/novels/3351,"因為一場感冒，沈彩涵搞砸了大考，但也總算與母親破冰。

本以為她的母親不允許她早戀，沒想到當她知道張禹辰的存在時……居然莫名支持？兩個人感情的發展如順水推舟般的順利

沒有卡媽媽這個大Boss安然過關，他們終將迎向美滿的結局──"
轉生成三隻小豬裡的磗房要怎麼結婚？,逸清,奇幻科幻,完結,10,獨家原創,奇幻,童話,轉生,異世界,幼馴染,https://mojoin.com/novels/1087,"車禍、轉生、異世界，超常見的開掛三連，卻讓他迎來超展開的人生！？
如題，他在車禍後轉生成一棟磚房了……哭啊！
而且童話中可憐的三隻小豬，原來都是奸詐的大野狼獵人。
牠們把磚房當作陷阱，引誘大野狼們跌進煙囪下的油鍋裡，再扒皮剁肉拿去賣。
正當他覺得自己只能接受這無奈的「房生」時，有隻奇怪的大野狼突然跑來敲門──
「不好意思，請問你們有看過一個叫『阿銘』的男人嗎？」
這個聲音……不就是他「前世」差點要求婚的青梅女友嗎！
看見所愛的人（狼？），他的爐心再次燃起希望！
既然是在異世界，那磚房跟大野狼結婚也沒問題吧？"
身為女裝少年的我，貞操快要不保。(04)灼燒的靈魂(END),上絕,奇幻科幻,完結,0,飛燕文創,奇幻,偽娘,冒險,,,https://mojoin.com/novels/3765,"搶奪焱星礦卻意外引起星石共鳴，造成能量外洩，躺在醫院變成木乃伊，差點英雄沒當成變狗熊！
嗚嗚嗚，還以為這輩子完蛋了，小命就算保住說不定也變廢人，但、但老天就是眷顧我！
我怎樣復活的就不說了，反正你們也沒興趣。

好不容易千方百計救回了芸，以為可以稍稍喘一口氣，沒想到艾爾娜卻被西北軍監禁，諾闊諾比契要求人質交換。

最終，中央下令：除去諾闊諾比契。

哪怕毀去西北唯一的焱星城也在所不惜！"
獵魔血咒02,東邦,奇幻科幻,完結,0,飛燕文創,魔法,奇幻,校園,,,https://mojoin.com/novels/3755,"和王子櫻感情漸入佳境的薩伊突然消失，伊人為此憔悴不已。不知情的王紫櫻吃不下、睡不著，好不容易因為她身體不堪負荷昏倒，在醫院醒來時見到了薩伊，但兩人說不到幾句話，他卻又跑了？

傷心的王紫櫻在夜天的建議下找上家族大長老，終於知道薩伊離開她的原因，原來她竟是……

薩伊要崩潰了？到底發生了什麼事？讓一向冷靜自持的他無法再按捺住情緒…… 

是因為夜天的死纏爛打成功了？還是因為著什麼樣的因素？總之……薩伊有條件的加入了特異局，並和夜天動身去尋找五行晶石。為什麼夜天不惜一切代價，也要取得五行晶石……？此行中結識了兩個會媚術的女人和一個被懸賞的男人。在夜天一副小生怕怕，薩伊無動於衷的模樣下，他們之間又會發生什麼事呢？"
勇者靠邊站！(02)這年頭，不懂的賺錢養家的魔王，不是個好魔王。,艾艾羅,奇幻科幻,完結,0,飛燕文創,奇幻,勇者,魔王,玩家,,https://mojoin.com/novels/3760,"話說，上集的魔王經過一番偷拐哄騙吹的行為後？
成功拉攏了一隻最終兵器幼狐！
一顆天然呆人型自走盆栽！！
一對友達以上、情侶未滿的精靈幼馴染！！！

今回，那經不起癢的魔王？
再度幹起經商的搶錢自肥模式！
這次看準了那些被打只能默默吞淚的反派ＮＰＣ上面！！

當這些已往被玩家拿來刷錢刷經驗的悲劇存在，
碰上科技力滿點的無良魔王時，
會產生何等讓玩家氣到翻桌的火花呢？
就等著玩家們前來冒險囉！"
對手被隕石砸死難道是我的錯嗎？(05)我是大法師,南翁,奇幻科幻,完結,0,飛燕文創,奇幻,科幻,,,,https://mojoin.com/novels/2988,"莫名其妙成為魔法之都黑名單的柯恩無法進城，只能被隊友丟包在城外等消消息，
卻在這時遇上了一個能夠破壞一切的神祕怪客，兩人還莫名其妙交上了朋友。

原來這位神祕客雖然擁有超強的破壞能力，但他跟柯恩一樣很無奈，
這根本不是他所想要的，兩人不禁惺惺相惜，有了同病相憐的感覺。
神祕客表示：「唉，任何東西被我碰到都會被破壞難道是我的錯嗎？」"
超超能力者NOT日常生活權(05)天下第一那又如何(END),二迴林,奇幻科幻,完結,0,飛燕文創,奇幻,科幻,,,,https://mojoin.com/novels/3210,"過去的朋友變成了新的敵人，小打小鬧的日常，如今將牽動起人類的命運！

為了證明自己，執著第一的少女決定用破壞來證明自己就是「天下第一」。
從臺北出發，直到整個世界，最後，跟隨「第一」的名號一塊兒毀滅！
這就是少女自認的最終心願。

「呵呵呵呵……想成為第一，卻連自己的心都不懂，可不行呀？」
「天下最強」的少年V.S「天下第一（假）」的少女。
最後的大戰，一觸即發！

然後……是關於那場棋局的結果。
未來，究竟能不能夠因為「人」而有所改變？"
武裝巫女(04)巫女在行動,醉蝠,奇幻科幻,完結,0,飛燕文創,奇幻,科幻,,,,https://mojoin.com/novels/3540,"夜迷夢的角鬥場裡，老虎大定以一種全新的方式戰勝了強敵，在克裡斯王城第一次展現了猙獰的頭角，也為幽賺足了一大筆金幣。
為了進行可怕的顛覆計劃，幽策劃了一場自相殘殺，在一場香艷的舞蹈之後，三個可憐的人成為了她的棋子。
一場由伊克流島的巫婆特別策劃的暗殺行動，在克裡斯王城拉開帷幕。"
一擊必殺的不敗聖劍(02)滅世十二獸,雷明,奇幻科幻,完結,0,飛燕文創,奇幻,科幻,,,,https://mojoin.com/novels/3413,"青梅竹馬Ｘ飛空學校Ｘ最強亞獸降臨！英雄旅程最新篇章！

解決奪劍事件後，伊吉再次回歸平常的生活──每天被凱琳虐待，被打飛，然後被打飛，以及再被打飛的生活。
某天早上，伊吉再度被打飛時，卻被他的青梅竹馬艾樂梅救下，於是伊吉把樂梅介紹給他的夥伴們，然而樂梅和凱琳卻起了衝突。
「阿吉是絕對不可能不問過我就交女朋友，我最了解阿吉了。」
「不問過妳？妳當妳是誰呀？」
「最要好的青梅竹馬～」
「這算哪門子的青梅竹馬？總之現在老娘說的算。」
「這話我可不能當作沒聽到，金髮蘿莉。」
「妳叫誰蘿莉呀，妳這個黑髮蟑螂！」
「把別人的所有物中途搶走的小偷蘿莉沒有資格數落我。」

凱琳與樂梅為了伊吉的所有權大打出手，就在這時，巨大的飛空城堡出現在曉星戰校的上方，整座城市的人因為城堡的反重力全飄了起來。
伊吉用劍對準飛空城堡說：「我要把那個城堡變成本英雄的要塞！」
一擊必殺的光束砲登時轟出。
「是誰把我們的學校給打下來！」
伊吉打下來的飛空城堡，正是尤里烏斯學院的主體。

於是，英雄大戰尤里烏斯學院、大戰大怪獸的史詩冒險正式展開！"
獵魔血咒04,東邦,奇幻科幻,完結,0,飛燕文創,魔法,奇幻,校園,,,https://mojoin.com/novels/3764,"徐煙兒中毒，為了取得解藥，朱美毓和貝羅談條件，而貝羅的條件讓朱美毓及龍石天對薩伊和軻魂起了莫大興趣，甚者，造成四神集團一直在尋找的魁首現身，也讓原屬同盟的龍石天和貝羅決裂。貝羅因為自身的靈魂波動，似乎成了某人垂涎的目標……

艾莉絲的到來，帶來有關五行晶石的消息，而前去參加拍賣會的途中，薩伊等人順便去高等魔物所在地，試圖獲得更多晶石下落，結果卻意外救了兩個出自教廷的修士……

也不知他們是不是跟教廷有緣，在拍賣會上竟然又發現那兩個換裝過的修士，甚至和教廷想競標之物槓上，這又是為何呢？"
鍾馗 鬼王事件簿(09)跨越光陰的回歸,暮辰,奇幻科幻,完結,0,飛燕文創,奇幻,科幻,,,,https://mojoin.com/novels/3500,"這年頭的大人物，也許不值錢？
繼刑天、女魃之後，又一位疑似來自洪荒的「大人物」，半殘登場！
墨羽修為的晉升與他有關，刑天內心的柔軟需他觸動，就連都市裡一連串肢解殺人案都與他息息相關，似乎所有尚在「潛伏期」的麻煩，皆因他的出現，意外爆發！"
女巫養成記04 印記,東邦,奇幻科幻,完結,0,飛燕文創,奇幻,科幻,異能,冒險,魔法,https://mojoin.com/novels/3718,"接下葉君落的「社團任務」，遇到一堆出乎她認知以外的事情，還因為一塊不知名晶體讓她猛受驚嚇，誰知，當她事後從無意救到的愛芙蒂倪亞口中獲知幻月鈴心草的下落，結果又是波折重重，其中晶體展現的種種異狀，將會為盧筱希帶來什麼？
額心莫名出現的印記，讓何彣生一見到她，即主動開口要成為小女巫的女巫騎士，又在他的帶領下，她找到葉君落遺失的眼睛，同時也招惹來想要她命的敵人，這一切到底是怎麼回事呢？"
青青何盼草(04)最意外的發展,姒情,奇幻科幻,完結,0,飛燕文創,搞笑,科幻,,,,https://mojoin.com/novels/3268,"西岐城拍賣行門口駐足的三名男子吸引了所有路過玩家的目光，但怎麼看都不對啊！
這是什麼情況？青海、柳絮因風起、度日如年，向來不合的三人竟為了何盼盼一個小任務聚在一起？

「大嫂救命！這些人好恐怖啊！」
何盼盼再也不能同意川流不息更多！恨不得立刻找洞鑽了，不就是個任務嗎？用得著這樣大陣仗嗎？
世界更是一直不停地討論著這件事，甚至還有人將這等世紀性的組合給了一個紀念日，標榜又相信愛了，這三人都能夠組隊了，那還有什麼是過不去的？"
龍之狂想06 遇見獸人,東邦,奇幻科幻,完結,0,飛燕文創,奇幻,科幻,架空,冒險,,https://mojoin.com/novels/3735,"為了尋找龍族長老交代的任務，南陵一行七人來到野蠻大陸，先遇到獸人爭風吃醋，之後他們竟變成獸神使者，進到獸人村子，還遇見一個出名人物，他是誰呢？

精靈被擄，恰巧趕上的南陵等人當然義不容辭的出手幫忙，當然其中也為了一點小小的個人私慾在裡頭……最後不只從吸血鬼的窩中救出精靈，還順帶摸走一些小玩意，搞得他們只好一路大逃亡。

為了火精之魄，南陵等人勇闖矮人密地，雖然火精之魄順利取回，南陵卻犯了眾怒，事情的起因又是怎麼一回事呢？

欲知詳情，敬請觀賞本集的《龍之狂想》！"
青青何盼草(02)輸不起的遊戲,姒情,奇幻科幻,完結,0,飛燕文創,奇幻,科幻,,,,https://mojoin.com/novels/3266,"公告：不須玉杵千金聘，已許紅繩兩足纏。恭喜玩家青海與凌風草繫上紅繩，獲得月下老人的祝福。

什麼！居然繫了紅繩！
七夕新增的雙人副本，為了首殺獎勵，何盼盼竟同意與大神成親！究竟是假戲真做還是權宜之計？
面對一連串的考驗，兩人該如何化解危機？大神又會出什麼招收服眼前的小小人兒呢？
「還叫大神？第四次了，不給妳點懲罰不行！」
「我不……」何盼盼話都還沒說完，嘴唇就覆上了一片柔軟！
舌尖的撫弄、唇與唇的纏綿，像電流一般注入彼此心臟！"
王子培育計畫(02)次拜魔界組合,米契,奇幻科幻,完結,0,飛燕文創,奇幻,科幻,,,,https://mojoin.com/novels/3510,"「洋菜凍──你在哪裡？洋菜凍──」
尋找著失蹤者，夏靜天沒什麼好氣的四處呼喊。
銀髮的少年躲在床板底下，只見終於探出頭的他以一張俊臉，笑容黯淡地開口。
「我在尋求真正的自我。」

喂……你真正的自我是躲在床底下嗎？
夏靜天忍不住如此吐槽。

天然呆神明亞洛爾、吐槽高中生夏靜天、住在海邊管很大的死黨蘭予希，這回三人要面對來勢洶洶，怎麼看都比自己強悍好幾倍的魔界組。對上這個讓亞洛爾有著心靈創傷的對手，到底該要怎麼辦才好？
於是，充滿著愛與堅定的友情，還有一點點混亂的王子培育計畫第二集──"
是魔．非魔04 黑晶盒,東邦,奇幻科幻,完結,0,飛燕文創,奇幻,科幻,競技,冒險,,https://mojoin.com/novels/3716,"替身任務結束後，倫一行人趁混亂偷跑出神祭學院，他們的下一個目的地是藏有魔王封印的星澄海。剛巧有人主動找上他們洽談保護商隊的任務，因為商隊欲前往的地點和星澄海同方向，他們便接下這個任務，意外的是這任務實際上竟和黑晶盒有所關聯！
十二個黑晶盒仿造品擁有莫大的吸引力，因此招惹來未知又強大的組織覬覦，一個狼濤，一個元蠍，讓他們要打打不過，要逃逃不了，最後靈茵決定犧牲自我以保全其他人──
為了躲避敵人追殺，迪亞安一行四人全部換裝，結果男扮女裝的傑諾不過是救了個差點被發狂的馬兒踏死的無辜小孩，竟引來一個男人的追求？迪亞安偏偏又決定跟這男人同行，他們之間又會發生什麼事呢？"
Legend：光與影的羈絆(02)冥落之雨,翼翎,奇幻科幻,完結,0,飛燕文創,奇幻,科幻,,,,https://mojoin.com/novels/3393,"從不下雨的德陽克亞面臨了滅城前第一次雨淋，被迫看著許多屬於冥族人的滄桑，結界的崩毀，以及那人的遺物將過去的秘密，隨著那雨落在眾人眼前。
啊，是說這日記太無聊、假文青？我們換個說法好了。
轟轟烈烈的冥族生活我膩了！我受夠了莫名其妙的事件！為什麼我的穿越之路可以曲折離奇，像是成本低廉又不能登上黃金時段的八點檔狗血劇啊！
親愛的創世神，我已經不強求變得強大什麼的，或者穿越回家去這種不切實際的願望，我只希望您大神有大量，快告訴我其實我在做夢啊！

By伊絜翼薩妲斯大陸1561歷年。"
舞弦者‧紫(04)〈Mission 4〉目之夢魘,楚慕風,奇幻科幻,完結,0,飛燕文創,奇幻,科幻,,,,https://mojoin.com/novels/3554,"《舞弦者‧紫》Mission 4劇情簡介

眼睛是心靈的窗戶，是我們認知這個世界的第一途徑，所以我們盲目地信任眼睛看到的一切，可是我們又怎會知道，這扇窗戶外面的景色，不是另一個楚門的世界？
當辛子豪打出那個跨越大洋的求助電話時，絕不會想到自己會變成被人爭搶的「貨物」，更不會想到這場圍繞他的爭搶會變成兩個龐然巨物間的全面戰爭！
被「囚牢」封鎖的港島，就像是古羅馬的鬥獸場──不再隱藏於陰影中的妖魔，全面集結的狩獵者，在這片血肉磨盤中廝殺殞落！
火力全開的紫、血河解放的紅、化水的真石立海、浴火的菲尼克斯、久違的風魔龍一，還有那傳說中的主人，誰才是鬥獸場中的勝者？
代表死亡的槍聲響起，粉碎了自大的狂妄，卻沒能帶來結束──戰爭來了！你準備好了嗎？"
武裝巫女(06)敲詐進行時,醉蝠,奇幻科幻,完結,0,飛燕文創,奇幻,科幻,,,,https://mojoin.com/novels/3550,"戰勝了吸血鬼伯爵之後，幽順手發了一筆小財，不過在準備參加侍衛選拔的路上，卻遇到了兩個奇怪的同伴。
選拔賽上，無敵的巫女大人威風八面，魔槍卡路一出，沒有人有機會從她槍下逃脫。
可是，在這緊張的賽場之中，幽卻嗅到了一絲詭異的氣氛。一位冒牌巫女，正在暗中做著手腳！"
歡迎來到『魔物之森』便利商店(03)史萊姆大罷工！,雷明,奇幻科幻,完結,0,飛燕文創,奇幻,魔物,怪物,便利商店,森林,https://mojoin.com/novels/3750,"史萊姆團結力量大！史萊姆永不為奴！
這是個魔物和人類和平共存的現代社會，許多古老的職業依舊留存，所以儘管有戰車、飛機和鐵路，但冒險者和魔法師這類職業並沒有就此消失。

聖騎士愛麗絲和祭司瑪利亞，因為上次的騷動不得不簽了賣身契給帕蕾西亞，才勉強保住了一命。
然而兩人卻不是非常適應魔物和便利商店的生活，經常搞得便利商店的史萊姆員工天怒人怨，甚至引發了大罷工，甚至還因此讓所有的魔族領主，連署罷免失職的魔王帕蕾西亞。
在帕蕾西亞為這兩個大事件忙得不可開交之際，中秋之月和萬魔狂歡節也即將到來！

魔物之森便利商店有辦法挺過罷工的危機嗎？帕蕾西亞有辦法能擋住魔王罷免案嗎？又有辦法安全度過兩個超級大節日嗎？

雷明在此為您獻上瘋狂又電波，超（不）真實便利商店物語……"
勇者靠邊站！(03)遠攻手還老愛玩貼臉近戰，這除了中二就是笨蛋。,艾艾羅,奇幻科幻,完結,0,飛燕文創,奇幻,勇者,魔王,玩家,,https://mojoin.com/novels/3768,"出來跑，總是要還的！
最近一直間接挖坑讓玩家跳，搞到天怒人怨的無良魔王？
終於引起了眾怒，被玩家組團給堵到了！！

唉？等等，不對啊！
身為一個魔王，本來就應該挖坑給玩家跳，搞得他們哭爸哭母的痛苦哀號，這樣才是個認真負責的好魔王啊！

那更正一下！
終於想起自己是個魔王，開始認真禍害玩家的艾爾，在很確實履行職務之下，終於迎接到她生平的第一次績效考察了！

不過這場考核一開場，艾爾家的ＴＯＰ就被打殘，另外兩名主力也為愛捨身斷後，剩下艾爾這個靠隊友的ＳＵＰ，跟一隻呆萌小ＪＧ，他們要如何反轉這道難關，通過考核領到年終呢？就等著玩家們前來冒險囉！"
歡迎來到『魔物之森』便利商店(05)新角色（？）聖誕少女小伊登場！,雷明,奇幻科幻,完結,0,飛燕文創,奇幻,魔物,怪物,便利商店,森林,https://mojoin.com/novels/3769,"我才是真正的勇者！所以我現在要以真勇者的身分，解決你這個私通魔族的人類背叛者！

某天一位名叫哈莫、自稱新勇者的人，來到伊魯的家，開始對他展開追殺，並炸了他的家，同時也把伊魯踢下了勇者的寶座。
當伊魯逃離了家中後，發現城鎮中聖騎士們和冒險者們，全都在追殺伊魯。
於是伊魯就這樣成為了私通魔王的人類背叛者，讓他不得不躲進了魔物之森便利商店裡避難。
新勇者發起了全新的聖戰，揮軍進入魔物之森和便利商店中，甚至還大喇喇在魔物之森的正對面，開起了全新的百貨公司，徹底拖垮魔物之森便利商店的營業額。
然而新勇者的真實身分到底是誰呢？他又有什麼目的呢？
伊魯究竟有沒有辦法回到原本的生活呢？
還有全新的美少女登場，又會為這場新勇者大戰魔物之森便利商店帶來什麼樣的變化呢？
雷明所呈獻的超電波便利商店戀愛喜劇，充滿愛與歡笑的第五集，重磅上市……"
菜鳥之王(04)尋妹以蠻,某宅,奇幻科幻,完結,0,飛燕文創,奇幻,科幻,,,,https://mojoin.com/novels/3455,"自建立以來，為世界提供無數頂尖人材，推動著世界發展的育成機構──地球聯合最高人力資源培訓學院，俗稱王之庭。
為了和妹妹子芽相見，我蕭子楓必須在學遊祭遊戲創作大賽獲得首獎。
新型ＴＣＧ講求心、技、體合一，開發過程困難重重是可想而知，但麻煩才不會因為一個人已經有夠頭痛而稍後再來。

女朋友ＧＥＴ！
被寄騷擾信件、被敵視、被吃醋，一切麻煩都是家常便飯。誰叫女朋友既是美人，又是Ｓ階四王的第一人？

水上樂園大暴動！
有水的地方就有潛伏的主人，有主人的地方就有大麻煩！

心動約會！
跟妹妹約會的我，就注定要遇上麻煩了啊……

否極泰來，柳暗花明！
我相信，經歷最大的苦難後，必定能和妹妹一起得到最大的幸福！"
魔王真命苦(04)魔王強盜團,上善若水,奇幻科幻,完結,0,飛燕文創,奇幻,科幻,,,,https://mojoin.com/novels/3331,"大魔王的失蹤竟然和達羅斯公爵有關？
為了打探父親的消息，莫林帶著征服世界的魔王小隊，前往紫荊公國的南方領地。
在橫徵暴斂的達羅斯公爵領地，他們遇到了史上最淒涼的強盜團。身為魔王的莫林，決定要給這些傢伙好好上一課，讓他們知道什麼才是強盜團的精髓！
但是，殘暴的達羅斯公爵卻展開了反擊，並且得到了教廷苦修士的支持；莫林和他的魔王小隊，不得不想辦法進入達羅斯城堡，展開一場緊張又爆笑的城堡攻防戰！"
歡迎來到『魔物之森』便利商店(02)隔壁又開了一家便利商店？,雷明,奇幻科幻,完結,0,飛燕文創,奇幻,魔物,怪物,便利商店,森林,https://mojoin.com/novels/3739,"在這個正職月薪只有22Ｋ的年代，當個便利商店工讀生或是冒險者，好過一個社畜！
這是個魔物和人類和平共存的現代社會，冒險者這個職業不但沒有因為時代的演進而消失，反而因為魔王的城堡仍然佇立、社會的低薪的問題又變得更嚴重，使冒險者產業蓬勃發展。

上集伊魯為了拯救帕蕾西亞脫離魔王老爸的掌控，打倒了魔王，在打倒魔王的同時，帕蕾西亞也因此成為了新一任的魔王。
但撿了魔王尾刀的伊魯，因此莫名其妙的被國家和聖光教會認定為新勇者，並派了一個正經八百的聖騎士愛麗絲來當伊魯的輔佐。
擁有滿腔熱血的愛麗絲，當然馬上拖著伊魯去討伐新魔王帕蕾西亞，雖然伊魯百般不願意，但身上擁有「不管怎麼走都會到便利商店」詛咒的他，轉眼間就把愛麗絲帶到了魔物之森中。

愛麗絲看到便利商店中，魔物、魔獸以及長得像是獸人的強壯冒險者，馬上就大開殺戒。
因而點燃了與便利商店店長帕蕾西亞的怒火，於是魔物之森便利商店，正式對上了聖光教會。
另類的魔王大戰人類的便利商店史詩日常大戰，正式開始……"
鍾馗 鬼王事件簿(05)初戀、魘災、乾兒子,暮辰,奇幻科幻,完結,0,飛燕文創,奇幻,科幻,,,,https://mojoin.com/novels/3489,"物慾橫流的都會中，新型魔物汲取著紛雜慾望，孕育而出。
孰料小小魔物，膽大妄為，將軍頭上也動土，之於伏魔大將軍有特殊意義的初戀情人，竟然成為魔物罪魘的狩獵目標……
縱然不為往日情誼，衝著初戀肚子裡的小小生命，罪魘的所作所為，其罪亦當誅！
只是，有四菱印記加持的罪魘……真有那麼好收拾嗎？
一場可能影響輪迴秩序的伏魔之戰，正式展開！"
花之姬綺譚(04)背叛‧歸零的記憶,花鈴,奇幻科幻,完結,0,飛燕文創,奇幻,,,,,https://mojoin.com/novels/2444,"為什麼有我的世界，你卻遺忘一切？
我已在這裡，可是這個世界沒有你。
我的要求，你可以答應嗎？留在我身邊。
不管妳在哪裡，我都會找到妳，不顧一切的深愛。
從歐陽卿口中得知宿命的秘密，芸櫻震驚得心如刀割——
原來，兩人的距離是永遠無法跨越的界線，是一段觸不到的愛情。
此時，西都知名學府傳來疑似受到惡念侵擾的事件，難過的芸櫻決定暫時把琅煠的事情拋到腦後，與若彌假扮助理參與學府舉辦的五天四夜學習營，但卻被惡念困在舊校舍裡，遭遇一件件危險的突發事件。
此時，佩卡特首領卻再次出現，告訴芸櫻改變宿命的方式只有一個……"
獵魔血咒03,東邦,奇幻科幻,完結,0,飛燕文創,魔法,奇幻,校園,,,https://mojoin.com/novels/3756,"叢林間的訓練讓夜天自創他得意的招式，卻在這當頭收到來自特異局的招集令，在夜天的請求下，薩伊點頭答應先回台灣，結果看見的卻是特異局總部的毀壞？

和莫子顏等人會合，從他口中得知人工魔物的出現，可是在對方毀壞特異局總部後竟龜縮起來！？

無事下，薩伊等人回到學校讀書，一個來自四神集團的女孩率先找上他們，甚至因為人工魔物去攻擊她的原因，使得特異局接下保護她的任務，讓他們幾人相處更緊密。

在徐煙兒的介紹下，他們認識了貝羅，而因為他，薩伊和軻魂竟然成為噬巫族人要尋找的命運之子的人選，這究竟是怎麼回事？"
鍾馗 鬼王事件簿(10)請把兒子嫁我(END),暮辰,奇幻科幻,完結,0,飛燕文創,奇幻,科幻,,,,https://mojoin.com/novels/3501,"「速令汝子下嫁與吾！」
──好吧，疫鬼皇沒這麼說，鍾馗承認這句話是他腦補的。
但是沒有講明白的人，如今正這麼做著！
莫非只要靈魂正確就好，男、女沒有關係，人、獸不用介意？
那「女婿」無所謂，「岳父」有意見行不？
鍾馗一點都不想「嫁」兒子，哪怕是乾兒子也不行！
更別說是嫁給先擄人綁票、再拿毀滅一座島當「聘禮」的瘋子！"
舞弦者‧紫(03)〈Mission 3〉青之夢魘,楚慕風,奇幻科幻,完結,0,飛燕文創,奇幻,科幻,,,,https://mojoin.com/novels/3553,"《舞弦者‧紫》Mission 3劇情簡介

所有人都喜歡美夢，可是從美夢中醒來時心中卻只會剩下美夢成空的悵然；所有人都懼怕噩夢，可是從噩夢中驚醒卻會讓你感覺現實的美好，還有那無盡的慶幸！
事件發源之地變成了復仇的舞台，不管你是首惡還是幫兇，都將在夢魘之中得到最終的制裁。
紫與青的初遇，因為共同關心的同一個男人而化干戈為玉帛，作為網開一面的交換條件，紫的要求竟然是在夢中重回過去，再次體驗那曾經將她傷到夜夜噩夢的夢魘時刻。
逃避多年的傳奇之紫，終於想要尋找疑惑了多年的問題答案，只是夢中的那個他，是否能給她想要的答案？
「柳小美，我愛妳。」他說。
「笨蛋，我永遠愛你。」她說。
只是，脫口而出的這句話，那個人已聽不見……"
歡迎來到『魔物之森』便利商店(04)就是襲來！蒂芬妮,雷明,奇幻科幻,完結,0,飛燕文創,奇幻,魔物,怪物,便利商店,森林,https://mojoin.com/novels/3761,"大哥哥，要跟我簽訂約，變成我的奴隸呢？

在這個到處都是便利商店的時代，魔族也是每個大陸和海島都會出現的種族，而在這個到處都是魔族和便利商店，卻反而是拯救人類不景氣的救星，然而這到底是真正的曙光呢?還是包著糖衣的毒藥呢？
經過各種危機之後，魔物之森便利商店終於回到了往常的和平時光。
然而有一天，伊魯半夜下班回家碰到了一名哭泣的小女孩，就在伊魯想要無視時，卻被這個可怕的小女孩給纏住，並且被強迫簽下契約成為她的奴隸。
這名叫蒂芬妮的小女孩，是離島魔王的女兒，為了要打敗帕蕾西亞向媽媽證明自己很厲害，所以才把伊魯變成自己的奴隸，於是蒂芬妮就帶著被奴役的伊魯，開始跟帕蕾西亞展開挑戰。
奇幻便利商店戀愛喜劇第四彈，頑皮固執的小女孩大戰帕蕾西亞熱烈展開……"
守衛龍騎(06)最後決戰(END),鬱兔,奇幻科幻,完結,0,飛燕文創,奇幻,,,,,https://mojoin.com/novels/2440,"多德之死，使阿修陷入低潮之中，甚至與席娜發生爭執，還好夥伴與家人的支持之下，他總算獲得重新振作的勇氣，但席娜卻不告而別。
為了追回席娜，阿修只能盡全力去追逐，卻意外得知被奪走家鄉的藍潘帝居民們正策劃叛變，想推翻主使團的絕對統治。

培茲被憤怒掩蓋雙眼，為了剷除心腹大患而一意孤行，甚至不惜犧牲霏妮神官，引起了大臣們的不滿，逐漸對這位團長失去信心。而薩格勒也對他產生了疑慮，決定自己去調查一番。
得知培茲的真正目的之後，薩格勒決定幫助席娜，但也因為這個念頭而讓他陷入危機之中。

主使團的魔爪慢慢逼近，一場世紀大戰是免不了，普雷特公會等人該如何應對？
面對強大的組織與培茲，他們又能存活下來嗎？
阿修是否能貫徹騎士精神，守護心愛之人與普雷特公會呢？"
獵魔血咒07,東邦,奇幻科幻,完結,0,飛燕文創,魔法,奇幻,校園,,,https://mojoin.com/novels/3776,"惡整教廷，簡直讓教皇快要抓狂了，他們信仰的上帝拋棄他們了嗎？陸怡心突來的求救，卻讓夜天一行人看見教廷苦修士的超強實力，也因此讓眾人對教廷產生一絲害怕。

有靈魂玉的下落？教廷的人如何火急火燎的想奪回它？龍石天身上隱藏著什麼樣的秘密？他心中思念之人，究竟是誰？

薩伊終於拿下排名賽第一，在桑棗等人的警告下，薩伊他們在禁地順利解決想偷襲他們的人。

在禁地，薩伊遇上了蒙德，解開他的身世之謎……。就在這時，梅貝茲突然從薩伊身後偷襲，甚至搶走靈魂玉，進而誘發他身體中血之能量的反噬；殺意揚起，大肆發狂的薩伊，最後竟然自燃了起來……。薩伊會不會失去紫櫻？聖女要用什麼方式拯救他？"
異魂變08 秘密,東邦,奇幻科幻,完結,0,飛燕文創,奇幻,架空,冒險,靈異,,https://mojoin.com/novels/3753,"獵林園中，原想悠哉躲在樹上等競賽結束的宇文翼卻巧遇另兩個參賽成員，他一時不察，被宇文青空設計而中毒，後又遇上索命的超魔人，生死一瞬間，盡最大能力抵抗超魔人攻擊，也等來援救之人的他最後結果是……

回到居住小樓，意外發現小星月跟宣日陽失蹤，從鄭清時口中宇文翼二人得知有兩方勢力在抓他們，等找到小星月他們，赫然發覺他們產生了莫名變化，而且連魔靈塔也牽扯其中？

自樓玉離口中，宇文翼終於知道從在綠藤學院就找他麻煩的組織來歷，也了解樓玉離的身分和他會來到這世界的真相，之後，樓玉離代表魔靈塔向他提出一份邀請，宇文翼會有什麼反應？ 

宇文家族招待客人，看見熟悉的來人，最高興的卻是宇文翼，這是為什麼？因為跟蹤一個人，宇文翼等人無意間闖進宇文家守護的禁地，在那，宇文仲將會為他們揭開什麼秘密呢？"
武裝巫女(03)激昂的鬥獸場之夜,醉蝠,奇幻科幻,完結,0,飛燕文創,奇幻,科幻,,,,https://mojoin.com/novels/3539,"來自異世界的蛇魔女，美杜雅．莉莉！帶著曾經在另一個世界創造無數恐懼和災難的力量而來！她想要制霸天下、毀滅一切，她能成功嗎？
帶著蘿莉親衛隊和老虎大定，幽來到了克里斯王城最熱鬧的地方──夜迷濛，而顛覆國王寶座的行動，將從這裡開始！"
是魔˙非魔08 誅天刀,東邦,奇幻科幻,完結,0,飛燕文創,奇幻,科幻,魔法,冒險,,https://mojoin.com/novels/3751,"落入影幻界，突然被挪走來到一間黑色寢宮的倫，他的意識隨著腦海兩者不同記憶的播放而產生混亂，不知自己是倫，還是魔王？誅天刀的出現引來神王搶奪，也讓真正的「魔王」現身於眾人面前……

在有心人的設計下，十二個異冥盒終於聚集在一起，可開啟異冥界的結果卻是有人死、有人瘋，其餘的皆是一場空！ 

為了趕在神王再度出現搶奪誅天刀前，先到達死亡峽谷以破除魔王最後一個封印，他們一行人幾乎不停歇的趕路，不過面對神王的設計，他們沒有一個人敢有所鬆懈。 

但誰知，他們一進谷中仍馬上陷入神王設的陷阱──誅天刀被奪，下一秒，魔王和倫竟然同時出現。讓人訝異之時，魔王已經搶回誅天，和神王飛上峽谷半空進行一戰，最後結果會是如何呢？"
歡迎來到『魔物之森』便利商店(06)邁向終點的便利商店！(END),雷明,奇幻科幻,完結,0,飛燕文創,奇幻,魔物,怪物,便利商店,森林,https://mojoin.com/novels/3771,"帕蕾西亞，妳今天怪怪的……到底怎麼了……
某天伊魯發現帕蕾西亞好像變得怪怪的，不僅魔物咖啡喝得異常的甜，還忽然非常善待便利商店員工、對人獻上祝福，甚至還對伊魯異常的主動，讓伊魯根本就不知道是怎麼回事。
就在帕蕾西亞性格變得詭異的期間，前魔王還趁機來攪局，硬是塞了一場相親給帕蕾西亞，逼迫她參加，連帶伊魯也被捲了進去。
而帕蕾西亞的未婚夫的襲來，也帶給了伊魯和帕蕾西亞情感的衝擊，甚至整間便利商店，也跟著動盪了起來。
伊魯可以找出帕蕾西亞變得奇怪的原因嗎？伊魯有辦法對抗襲來的相親對象嗎？伊魯真的有能力應付便利商店員工群起的變化而化險為夷嗎？作者真的有辦法在第六集完美的收尾嗎？
雷明所呈獻的超電波便利商店戀愛喜劇，充滿愛與歡笑的第六集，重磅上市……

 "
來自異世界的清水島(03)人類之劍，人類之盾,楊寒,奇幻科幻,完結,0,飛燕文創,奇幻,科幻,,,,https://mojoin.com/novels/2897,"周永嘉終於和「幻影琉璃」操縱者趙宜婷見面了，這位大小姐是清水島八十萬居民的偶像，同時她也擁有一頭古老的魔獸「灰灰」，不過這一切都是有原因的。
而清水島正值多事之秋的時刻，不但「薇兒丹蒂塔有90%的搜敵功能暫時喪失」，同時還有矮妖入侵清水市！
大島紫苑和佐藤康將在混亂的清水市，再度面對五年前曾經殺害過他們父母的矮妖……"
雞排大神之我是魔王？！(05)神徒代表(END),東邦,奇幻科幻,完結,0,飛燕文創,奇幻,科幻,,,,https://mojoin.com/novels/3499,"神徒跟魔族是仇人，偏偏他這個魔王混入聖廷殿，卻被剛清醒，頭腦不清的神徒指定為代表──
哇靠，他就說他是個衰人吧，原來神徒選他當代表是要奪取他的身體，幸好，雞排能克制神徒……不過他很想問一件事，親愛的雞排，你是被雞排大神附身了嗎，不然你怎麼會突然變得這麼猛？
真假神徒前後出現，引出的卻是一段驚天隱密，偏偏他不想聽也不行，聽完後，還得「主動」接下任務──靠，還有誰比他更心酸的！
意外得知魔王母親的消息，身為「人子」的他唯有含著眼淚再度自動回歸聖廷殿，結果因為一件內甲，他受到聖廷殿追殺，被夢幻卡達救，還因此多了一個未婚妻……
雞排大神，祢一定要記得保佑我啊！"
獵魔血咒08,東邦,奇幻科幻,完結,0,飛燕文創,魔法,奇幻,校園,,,https://mojoin.com/novels/3777,"血之淨禮儀式在包覆住聖女和薩伊的紫色球體外舉行，這個儀式將會帶給噬巫族人怎樣的改變？又為什麼會讓衝進洞中查看儀式進行的軻魂等人，滿臉通紅的衝出洞外？

姬公主現世，世界風雲變色，特異局局長突然出現在禁地，然後帶給姬公主有關她失蹤兒子的消息，也間接讓特異局人有歇喘的空間，特異局局長的身分究竟是……？

薩伊從昏迷中甦醒，和親生母親相認，姬公主仍然會一本初衷毀滅世界嗎？……這一切的一切都在本集有所完結。敬請觀閱《獵魔血咒》精采最終篇章，在如此漫長和辛苦的努力下，薩伊可否使他的最愛「紫櫻」重生呢？

附加精采番外篇：龍石天和風鳴謙的相識、薩伊和古倫老人的過往、薩伊的十八歲生日。"
正義美食團(08)人心的方糖故事(END),詠名,奇幻科幻,完結,0,飛燕文創,奇幻,科幻,,,,https://mojoin.com/novels/3542,"我在睡夢中迷迷糊糊的當了一個月的白癡，聽方糖說故事聽得入迷，殊不知現實正鬧得雞飛狗跳。
夥伴跑到只剩小貓兩、三隻，黑色狗狗與綠髮魔女相繼離家出走，旅行團與美食團間的爭執又讓我們這群僅存的暴食者「一分為二」。不知道煮一桌子好料能不能挽回夥伴們的心？
說好一起走到最後，在那張黑色醜怪的巨臉前，怎能退縮？總之，為了與重要的人一起迎向未來無數次平和的晨曦──我拚了！"
勇者靠邊站！(05)每個故事都會有歡樂大結局，差別在於你是從哪個角度去看而已。(END),艾艾羅,奇幻科幻,完結,0,飛燕文創,奇幻,勇者,魔王,玩家,,https://mojoin.com/novels/3773,"一鳴驚人的效果，不只是讓他人對你刮目相看，也有可能會因為叫得太大聲，被鄰居控告噪音汙染……
而叫太大聲的艾爾，就這樣很不幸地被人通報檢舉了！

接著在各大勢力一起組團的抗議大軍之中，迷宮塔魔王城又再度成為眾人關注的焦點！！

面對著這群來亂的暴民、網軍、路過的、黑心商人，以及替上司背黑鍋的底層人員！？
艾爾又會使出什麼阿里不達的詭異手段，來讓眾人又陷入哭笑不得的窘境呢？"
異魂變09 報復,東邦,奇幻科幻,完結,0,飛燕文創,奇幻,架空,冒險,靈異,,https://mojoin.com/novels/3757,"為了報復在暗地陷害宇文翼的宇文青夫，藍奕司替對所有事狀況外的宇文翼做出的決定是，搶劫由宇文青夫資助的無影海盜團，結果當紅星海盜團和藍家、司馬家打到無影海盜團的基地時，意外發現幽魂組織的成員及靈魂珠，還有一個對宇文翼有敵意的人，這人是誰？

應樓玉離之邀，宇文翼一行人來到魔靈塔，為了答應魏斯中的事情，宇文翼前往魔靈塔墓地，卻差點被一個早就死去多時的人的靈魂奪舍，幸好有人幫了他；之後，暫時失去身體控制權的他還因此間接使得魔靈塔塔主成為階下囚，是為什麼？

瓦解幽魂組織計畫展開，暫時沒他事的宇文翼卻莫名閒了下來，不過當他們回無琅星，偶遇追人的寒綺後，在藍奕司一聲令下，他們也跟著追上，這將會帶給他們什麼事呢？"
女巫養成記06 逃婚,東邦,奇幻科幻,完結,0,飛燕文創,奇幻,科幻,異能,冒險,,https://mojoin.com/novels/3733,"一場簡單的逃婚，而且逃婚主角還不是盧筱希，結果逃著逃著，因為小女巫的命令，她只是多收了一個候補女巫騎士，一個執意要叫她哥哥的小白小朋友，她竟莫名變成某顆星球的救世主。

來到另一顆星球，她發誓她只是離開一下下，真的只是一下下而已，結果一座好好的城市竟被小白毀掉一半以上，通緝犯的稱號理所當然的落在身後滿是黑線的她和其他兩人頭上。

而當她忍不住對著小白這個罪魁禍首發飆，搞到最後卻變成她得跟某人道歉……

鬱悶的她只想大喊：衰神，祢不要再玩我了！"
獵魔血咒06,東邦,奇幻科幻,完結,0,飛燕文創,魔法,奇幻,校園,,,https://mojoin.com/novels/3774,"教廷逐步進逼，陸怡心的到來以及她所提供的消息，讓夜天有了回報教廷的念頭。他首先催眠了負責監視他們的奧立克和傑森，從他們口中掏出有關教廷的大小事，接下來……就請大家先替教廷的人默哀一秒吧！

才剛從教廷那偷出的皇冠上頭發現了火行晶石，又從慕容言燚口中得知土行晶石的下落，接連的好運讓大家都有笑的心情；而為了取得王紫櫻需要的五行晶石，薩伊答應慕容言燚前往梅嶺參加家族排名賽，只是比賽還沒開始，卻有人不長眼的來挑釁？

解決了挑釁的人，薩伊在梅嶺上逛時無意聽見一段可疑的對話，並偷偷跟上可疑對話的當事人之一，結果遇到兩個教廷苦修士，和一個給他有種親切感的影子……為了保護影子，他卻被人打成了重傷，這到底是怎麼回事呢？"
異魂變07 陷阱,東邦,奇幻科幻,完結,0,飛燕文創,奇幻,架空,冒險,靈異,,https://mojoin.com/novels/3747,"為了魔靈塔交付的任務，黃珞瑤三人來到佐副星卻不小心落入陷阱，連救人的宇文翼也一起被迷昏，抓走，即使沒踏入陷阱的小星月也因為一個蘿莉控而同樣被帶走。 

在被抓的基地中，提早甦醒的宇文翼看見一個理該死去的人，而這人竟然還是基地的主人？後來他跟黃珞瑤被關在黑牢，卻意外發現一個同樣被關住的故人，他們分別是誰？ 

為了救被基地守衛帶走的黃珞瑤，因為綠蘋的關係而脫出禁錮的宇文翼，他化身為小男孩樣，先是答應某人的條件，後來卻因為小星月的關係，他不只得跟一隻怪物打，離開基地時，還附帶一個死皮賴臉的蘿莉控？

家族傳統競賽開始，無心競爭下任家主位置的宇文翼在第二關的虛擬世界中發揮得一塌糊塗，而在第三關的障礙實戰中他又將會有什麼樣的表現呢？"
血!!魔導(02)拯救惡魔大作戰,暮辰,奇幻科幻,完結,0,飛燕文創,奇幻,科幻,,,,https://mojoin.com/novels/3593,"強力隊友怎麼來？
當然是先坑後埋接著拐回來！
遠道而來的灰翼使徒，夥同勒斯舊屬先斬後奏，直接安排下這場買一送一，救哥哥送妹妹的精采好戲。
只不過，為了一場「戲」，不但把目標鎖定在眾神殿屠刀「審判庭」上，還頂著神使頭銜大鬧。
「逼吃腹瀉烤肉」、「走音失眠攻擊」、「抽血為稅」……各種把戲相繼出籠──玩這麼大，真的沒問題？"
勇者靠邊站！(04)人生總是免不了被打臉，但至少你能選擇用左臉還是右臉去挨打。,艾艾羅,奇幻科幻,完結,0,飛燕文創,奇幻,勇者,魔王,玩家,,https://mojoin.com/novels/3772,"才剛經歷過人生第一次團戰，好不容易取得首勝的艾爾，正準備要開趴慶祝時。
無恥的官方系統，就通知她家那座魔王城是非法違建，所以要沒收拿去法拍！？

強烈表示魔王也是有人權的艾爾，立刻通報自己很熟的政府官員，準備抗爭到底！
在惡質官僚、貪婪冒險者、路過看熱鬧等撿便宜的……多方互爭之下！？

迷宮塔魔王城的歸屬權，最後會落入誰的手中？
別走開，我們廣告過後，馬上為您揭曉答案！"
異魂變10 瓦解,東邦,奇幻科幻,完結,10,飛燕文創,奇幻,架空,冒險,靈異,,https://mojoin.com/novels/3758,"由寒綺口中，原本只想看熱鬧的宇文翼他們意外得到一條線索，關於陳軍在雲環星做的事，這將對他們瓦解幽魂組織有何幫助？

超魔人突然來襲，宇文翼和司馬凜合作對敵，一旁的藍奕司也指揮著他安排的人手幫忙，結果剛解決超魔人，藍奕司卻意外被抓，為了救出他，宇文翼自願套上能量禁斷環，交換藍奕司的自由，而落入梁不堯手中的宇文翼會有什麼下場？梁不堯最後結果又是什麼？

瓦解幽魂組織到了收尾，偏偏組織首腦躲了起來，為了設陷阱讓他往下跳，宇文翼他們開啟了隱藏之門，賈老闆也如願現身。

在經過一番辛苦的拚鬥後，賈老闆最終還是被抓起來了，但宇文翼卻為了救司馬凜被賈老闆一掌打中，身不由己的飛入隱藏之門，小星月和宣日陽為了宇文翼也跟著進到隱藏之門中，他們三人在隱藏之門內又會遇到什麼事？

 "
神域密碼(05)冰之花，愛之嵐,二葉,奇幻科幻,完結,0,飛燕文創,奇幻,科幻,,,,https://mojoin.com/novels/3328,"伊德一行來到充滿危險的紅色三角區宇域，不幸與奈亞失散，洛伊德更被娜伊娜與伊甸戰鬥的餘波波及，身受重傷，性命垂危。在此之際，娜伊娜終於下定決心救治洛伊德，但其方法卻會使洛伊德接觸「第二意志」……

在娜伊娜的幫助下，洛伊德得以死裡逃生。兩人正打算繼續尋找奈亞時，一個很糟糕很糟糕的傢伙登場了。因為是很糟糕很糟糕的傢伙，所以大家都跟著一起糟糕了。

因為這個很糟糕的傢伙的關係，戰爭與征服的遊戲，開始在宏大的宇宙空間上演……"
龍之狂想07 吸血鬼來訪,東邦,奇幻科幻,完結,0,飛燕文創,奇幻,科幻,架空,冒險,,https://mojoin.com/novels/3746,"在南陵等人準備返回聖明大陸時，吸血鬼突然來訪，他們來意是善還是惡？南陵又要怎麼面對？

為了次元之刃，南陵一行七人回到若比亞市，找尋伊偌克的下落。結果，南陵戀女癖的風波再度隨著她的回歸而飄揚，而且照目前看來，可憐的南陵完全沒有澄清的一天！

為了剷除魔族，進行最後一戰，前往魔界的南陵等人會遇到何種遭遇？他們是否能順利解決危害大陸生靈的最終黑手，找回南陵最想要的平靜生活呢？

《龍之狂想》已經進入結尾，想知道眾人會邁入何種階段嗎？請不要錯過《龍之狂想》充滿笑與淚的大結局！"
迴夢偵探,川菜大王,奇幻科幻,完結,0,獨家原創,奇幻,科幻,,,,https://mojoin.com/novels/3049,"主角在一個因緣際會之下，收養了一隻老狗，
原來這隻老狗是一位「分靈者」，有著使用分靈術讓主角穿越回前世的時空的能力，
借此來得知ㄧ些秘密或破解重要事件的因果關係。
因此原本身為平凡上班族的主角，也兼差成了一位時空偵探，幫助委託人解決各種疑難雜症。
在其過程中，也將一步步解開分靈者的謎團與主角的身世。"
所羅門領域(03)女巫之鎚,小山羊,奇幻科幻,完結,0,飛燕文創,奇幻,科幻,,,,https://mojoin.com/novels/3572,"貴族的孩子、沉默的孩子、傻呼呼的孩子，一個太過固執，一個太過冷漠，一個搞不清楚是非。
每個人都背負著罪過，每個人都想不清真相。
最終他們、最終他們，一同落入地獄去。
醉曾經在高中的朋友張俊城利用自己在政治界的人脈舉辦了一次創作比賽，然而卻收到威脅：如果俊城不停止這場比賽，後果將不堪設想？
在這一年人人都瘋狂了，自殺、殺人、任意破壞，俊城的決定導致前所未有的大騷動，他被列為未知領域的目標，成為不論是未知領域或是尋常老百姓追殺的對象。
企圖阻止這些事的醉暗地作了不少調查，卻發現幕後黑手竟然是……！
無法逃離的永久拷問‧女巫之鎚，即將展開。"
正義美食團(07)罪惡的方糖輓歌,詠名,奇幻科幻,完結,0,飛燕文創,奇幻,科幻,,,,https://mojoin.com/novels/3541,"新夥伴勾著舊夥伴，我終於結束多災多難的旅程，回到舒適的本部，不過奇怪……大樓居然不見了！
除了追查摧毀本部的犯人，正值新的一年開始，本團依舊貫徹宗旨，為了奪回「平凡」而努力，大事小事串起來的麻煩卻讓大家忙得焦頭爛額，老爸、老媽偏偏還來湊熱鬧，讓除夕大團圓變成審判大會！
元宵節更是不得安寧，擒拿敵人大作戰雖然成功，卻又造成一片屍山血海，而那個被監禁在地下樓層快要發狂的人兒，正在等待釋放……
織郎為故人復仇的力量有多強？我彷彿聽見輓歌預先響起，憑弔將逝的靈魂。"
女巫養成記07 真相,東邦,奇幻科幻,完結,0,飛燕文創,奇幻,科幻,異能,冒險,,https://mojoin.com/novels/3741,"一次讓盧筱希倍感莫名其妙的升級挑戰，竟使她意外發現她原以為死去的父母還活得好好的，而從他們口中得知身世後，本來就很衰的她立即麻煩上身：她先是成了交換學生，再被人纏上，之後更是不由自主的被迫跟她注定的「敵人」交換身分。

這還沒完，因為小女巫被抓，為了救回小女巫，她不禁落得失憶下場，還險些被人賣了……

媽的咧，這根本是要玩死我嘛！"
神域密碼(03)白之城，月之語,二葉,奇幻科幻,完結,0,飛燕文創,奇幻,科幻,,,,https://mojoin.com/novels/3326,"在行星「失樂園」上，洛伊德遇到似乎受某個黑手指引，專門針對「生命之樹」組織而來的敵人，歐巴人。最終卡麥爾啟動「魔裝咒甲」，擊垮了歐巴人。然而這時，身在行星「失樂園」的奈亞卻不見蹤影。

為了尋找奈亞，洛伊德和娜伊娜深入「生命之樹」的機密領域。在那裡等著他們的，卻是一個更大的謎團。 

奈亞身上發生了嚴重的變化，「生命之樹」的秘密計劃在暗地裡進行，自由與律法號再次起程，卻遭遇一隻奇異的伊甸……洛伊德一行人的旅程，逐漸接近宇宙最危險的區域──紅色三角區。所有事件彷彿被一雙神秘的手牽引著，如今才是開始……"
闇之國的小紅帽,killer,奇幻科幻,連載,144,原創星球,驚悚,奇幻,戀愛,冒險,穿越,https://mojoin.com/novels/3684,"她是個非常普通的少女。
除了有點漂亮，有點沒神經，思路清奇難以猜透，又穿了件紅斗篷以外，
沒有任何特別的地方。
但她的人生卻註定要不斷遭遇群魔亂舞的黑森林，靈異事件不斷的詭異古堡，
還有想取她小命的眾多恐怖怪物。
而她唯一的依靠，是一個隨時可能變身成惡魔，內心躁動不安的青年。
不過她仍然活潑開朗，樂觀以對。
因為人世間最可怕的事情，她在年糼時已經看得差不多了....."
《哈梅爾的吹笛人》,名為星賊的草莓蛋糕,奇幻科幻,連載,28,原創星球,異能,奇幻,戰鬥,英雄,架空,https://mojoin.com/novels/3699,"好幾個世紀以前，人類持續受到某種的物種──喰夢獸，一種由人類對於噩夢的恐懼而產生的虛幻惡獸──的侵擾，因此衍生出了「架構師」這種依靠著「創造力產生的術式」來對抗牠們的職業。
架構師們漸漸壓制住了喰夢獸浩大的聲勢，由被獵捕的獵物轉變為狩獵的獵人，奪回了曾短暫被怪物們支配的世界。
幾個世紀後的現代，擁有「吸引喰夢獸」這種謎樣體質的少年林文宇本靠著家族的遺產過著繭居族般的生活，沒想到在某次外出時，卻「意外」被捲入了某個龐大的陰謀之中......？"
雙子小搗蛋1 &發條兔妖精,黑米BR,奇幻科幻,連載,0,原創星球,羅莉,魔法,奇幻,成長,冒險,https://mojoin.com/novels/3667,這是賦靈創世、妖精百態、幻獸相伴的魔法世界。立體機械城法米里歐中活躍一對雙子小淘氣：璐和艾。她們展開一場奇幻的大冒險，與發條兔妖精愛咪結下不解之緣……
第二遊戲世界,佐渡遼歌,奇幻科幻,連載,406941,獨家原創,異世界,穿越,末世,異能,生存遊戲,https://mojoin.com/novels/2351,"★第二部「無限樹海」閱讀由此去★

──神從來沒有希望我們成功，只是期望著有人能挑戰祂而已。

一場地震，讓我和夏以璇來到了看似與原本世界相仿，卻又截然不同的世界。
放眼望去盡是殘敗廢墟，藤蔓青苔肆無忌憚生長，覆蓋過一切事物，
那是宛如末日的荒蕪景色。

據說，這是神的作為。
祂選定了各行各樣的人們在此進行遊戲，
於是被賦予異能的我們，不得不彼此鬥爭，被迫賭上性命，
甚至親眼目睹所愛之人陷入危難──
這場沒有目的，也沒有終點的遊戲，就此敲響了第一聲喪鐘……"
劍舞輪迴 (Sword Chronicle),Setsuna,奇幻科幻,連載,340,原創星球,戰鬥,生存,架空,,,https://mojoin.com/novels/3639,"以鏗鏘之聲、銀白刀光編織出的西方奇幻故事！

融戰鬥、成長、愛情、成長、歷史、政治等元素於一身的長篇奇幻故事！

以劍和血譜寫出的故事，在刀光劍影之下，有的是愛與恨的交錯，信念的相衝。"
威廉與他的貓,Setsuna,奇幻科幻,連載,68,原創星球,魔法,追尋自我,日常,冒險,,https://mojoin.com/novels/3636,"【魔法 x 英倫 x 探險 x 日常 x 自我尋覓】

我想找到自己的終結，你想找到自己的歸屬。
不如我們互相利用吧。
在永生的詛咒裡，一同前行，找到各自想要的答案。

章節在Penana先行更新中：
https://www.penana.com/article/91524"
魔法高校生,冰雪翎,奇幻科幻,連載,621,原創星球,長篇,魔法,奇幻,戰鬥,校園,https://mojoin.com/novels/1080,"魔法，超乎常理的存在、超脫現實的想像，更是超越科學的技術。

曾經被世界十一國視為眼中釘的居神島，有著一所以培育優秀魔法師為目標的軍事化教育學校。

鬼澤道彥——等級Ｆ的０魔力魔法師；
神谷拓二——道具出身的黑暗魔法師；
舞三火雪千櫻——人稱暴風雪公主，毫無關係的三人卻將因為一起事件而發生新的邂逅。

他們的故事也就此展開——"
冒險者之歌,慣看春秋,奇幻科幻,連載,845,原創星球,冒險,異世界,,,,https://mojoin.com/novels/425,"──我們每一個人生在世上，都被詛咒給束縛著。
這是一個世界，有著數不盡的萬物、道不盡的風險與報酬。
每一個人，所要尋找的東西也不盡相同。
這是一個屬於冒險者們、以及關於信仰與希望的故事。
這是，屬於他們的冒險者之歌。

封面繪者：Z欣"
陽奉陰違,雪翼,奇幻科幻,連載,853,原創星球,靈異,偶像,奇幻,冒險,架空,https://mojoin.com/novels/1141,"★美男大明星╳面癱警備隊長╳正太水鬼
★跨越陽世陰間的東方幻想冒險譚，正式啟航──
★高顏值地獄男子警備隊，即將奪走你的魂（物理）！
演藝圈大人不會教的事：被捉交替後變身小正太該如何解？

人氣偶像東湛落入地府才知道，這年頭出外景還要防水鬼搶身體……
變成短腿小屁孩靈體已經夠悽慘，竟然還撞上專捉遊魂的陰間警備隊！

這下為了保住小命、重回人間，東湛必須：
一、賣萌抱緊冰山隊長的大腿
二、奪回被水鬼霸佔的誘人胴體（？）
三、擊退覬覦自己的第三方勢力？！
等等，大家不要為了他（的肉體）打架呀！

話說回來，換回身體的時辰是不是快來不及了……？"
我被分配到扮演牆角的那些日子,Magician,奇幻科幻,連載,145,原創星球,奇幻,虛擬,青春,,,https://mojoin.com/novels/514,"左轉《腹黑總裁的小嬌妻指南》，右轉《影帝的專屬大黑粉開始嗑CP了》，前頭還有《給你一顆糖，跟我走》的劇情，楊新熙作為這些劇情裡的專屬背景板，已經做得得心應手。
楊新熙獲得超能力，又或者是覺醒自我意識是八個月前的事，他的世界由不同的劇本所組成，而他手上拿著好幾部作品的劇本，不僅是小說、動畫、漫畫還有電視劇，不過在這些作品中，他不是主角或配角，而是連姓名都沒有的背景板。
而身為背景板，他的工作就是在劇情裡過個場，也就是電視劇裡所謂群演的一種，只是這次他拿到的劇本有點特別。
他負責演出牆角。
於是，楊新熙提著劇本，淡定地扮演這個牆角。

場景一。
男主角將女主角逼到角落，俯身靠近她，近得可以聞到洗髮乳的芳香。
男主角：「妳為什麼躲我？」
女主角：「我、我哪裡躲你了？」
提前知道劇情的楊新熙忍不住開口：「她沒有躲你，是在釐清自己有沒有喜歡上你。」
男主角聽到這句話高興的不得了，直接捧起女主角的手，然後身子一頓，「不對，剛才是誰在說話？」
楊新熙：「……」慘了，闖禍了。

場景二。
男配角被一群混混包圍，縮在角落裡瑟瑟發抖，突然聽到慘叫聲才抬起頭，看到他的室友踩著一個混混的腳站在他面前，其他的混混則躺在地板上。
他的室友一動也不動，眨著眼看他。
男配角也不知道要做什麼反應，也安靜地看他。
趕著赴約的楊新熙又忍不住開口：「他喜歡你，根本不是討厭你，這次來救你是怕你受傷。」
男配角頓時感動地流下眼淚，他的室友手足無措地拿出面紙。
男配角抽噎地擦乾淚才問道：「剛才是誰在說話？」
楊新熙連忙閉嘴，假裝自己就是一道牆。

……
自從接到這部劇本後，他的生活開始發生天翻地覆的變化，原本以為他的生活不會被劇本給影響，沒想到卻意外被捲入更為匪夷所思的事件裡。 「我所在的世界，究竟是真實世界還是別人筆下的虛擬世界？我的人生是由我自己掌握，還是作者輕而易舉就可以左右的？」

────

正在播放《被分配到扮演牆角的那些日子》
●━──────────────────────────── 0:10
ㅤㅤ⇆ ㅤㅤㅤ◁ ㅤㅤㅤ❚❚ ㅤㅤㅤ▷ㅤㅤㅤ ↻
√填坑是一定的
√日更是不一定的
√有沒有人看是不一定的
√如果回個貼圖我也會很高興(〃'▽'〃)
√長期出沒噗浪，如果發現作者失蹤可以往那邊找( • ̀ω•́ )✧"
蒸汽與魔法之書,n7,奇幻科幻,連載,45,原創星球,魔法,蒸氣龐克SteamPunk,軍事,戰鬥,科技,https://mojoin.com/novels/2312,有多久沒看過月亮了呢，少年已經記不清了，他回想著以前曾仰望過的那宛如白玉面紗的明月，雖然正下著大雨，但隱約能感受到透過雲層的微薄，然而他卻無暇顧及這稀薄的月光。
動物戀愛諮詢PLUS,吐維,奇幻科幻,連載,523,原創星球,現代,都市,奇幻,H E,B G,https://mojoin.com/novels/1044,"當媒人沒什麼了不起，幫兔子X烏龜牽紅線才夠酷！
當倒楣的菜鳥戀愛諮詢師，碰上一群不可理喻、情竇初開的動物們，要如何一同縱橫情場，無往不利！？
有自殺癖、夢想當檢察官的長耳兔，愛上了隔壁家少年老成的哲學海龜；愛說反話的獨眼赤狐被女孩救了之後，從此一見鍾情，粉身碎骨也在所不惜；彆扭又自卑的突變白毛小棕熊，武俠言情看太多，闖入營區，牠娘親救子心切，大鬧人類世界……
聽不懂動物的語言？門外漢閃一邊，讓專業的來！
同性同戀？不同科不同屬不同種相愛？沒問題！
動物戀愛諮詢師──使命必達！"
永恆之血（Eternal Blood）,TING,奇幻科幻,連載,170,原創星球,奇幻,戀愛,成長,戰鬥,魔法,https://mojoin.com/novels/102,"所有超自然生物，包括吸血鬼、巫師和狼人都是真實存在於世界上。
如果生活在充滿這些不可思議生物的小鎮上，到底會是一種怎樣的體驗？

⚜️原創西方奇幻小說⚜️

「在夢境中出現吸血鬼的景象並不是一件奇怪的事，那極有可能是已經發生或代表將來會發生的事。」
在過去一個月以來，戴維娜一直都夢見某位吸血鬼被殺害的情景。
起初，她以為那純粹只是一個虛假的夢境，直到她認識並且發現傑瑞德的真實身份後，她才知道那根本不是一場夢，而是確確實實發生過的事情，而且背後還隱藏著一個對人類世界不利的陰謀……

宿命的安排讓她註定無法逃離超自然的世界，更令她對吸血鬼產生了不能自拔的情感。
「妳願意為了愛情放棄妳的全部嗎？當然，包括妳的性命。」
到底戴維娜和吸血鬼之間會有著什麼關係？
她的人生又將會因為吸血鬼而產生怎樣的變化？
與吸血鬼相戀的她，又會有著怎樣的結局？

一段奇幻的愛情故事就在這裡開始發生……
故事總共分為三集，
第一集是神秘夢境，
第二集是真相，
第三集名稱暫時還沒有想好。
===========
故事的角色圖以及封面都是由文友Wendy繪畫♥
第一種嘗試歐美翻譯風格，獻醜了～"
機智的下界生活,艾傑葉林,奇幻科幻,連載,90,原創星球,神話,史詩,戰鬥,成長,冒險,https://mojoin.com/novels/2310,"孽緣始於三百年前，上界的二王子凱倫身為神二代，從小備受大帝疼愛，雖然身邊跟了一隻如影隨形的妖魔阿萊爾──而且這妖魔還不是普通的煩人，但大體來說還算是過著養尊處優，每天和妖魔打打架、拌拌嘴的悠閒日子。
────直到有一天大帝被妖魔給掉了包，凱倫和阿萊爾也被丟垃圾一樣的丟到下界去自生自滅，一時之間失去神(妖)力的兩人弱小、無助又可憐，幸虧遇上了凱倫從前在下界收的三好徒弟，快馬加鞭趕來拯救老師，不但給他們房子住，還給他們找了份......工作。

「來喔，各位叔叔阿姨伯伯，走過路過別錯過！您最好的朋友""神奇魔法產品研究所""在此隆重推出最新產品────愛情魔藥水！」
「剩下最後十瓶！剩下最後十瓶！跳────樓────大────拍────賣！」
這麼浮誇的工作真的沒問題嗎？
凱倫：「我很煩惱，跟在我身邊那隻智障妖魔最近老是夜不歸宿，好像信了什麼邪教！最後還真的被人綁架了！！！有病吧他！」
這樣的豬隊友真的沒問題嗎？

最後────
這樣的下界生活真的沒問題嗎？說好的打倒敵人、開開心心回到上界繼續享福呢？"
皓月奇譚,汜羽荃,奇幻科幻,連載,0,原創星球,妖怪,異能,奇幻,戰鬥,,https://mojoin.com/novels/2303,"「弱小的生命，沒資格活在這個世上。」
李仁皓，表面上是禮儀公司的小老闆，實則擁有不同於常人的異能。

「我的直覺特別準喔！既然覺得你不是壞人，那肯定不會錯的。」
潘曉郁，來自臺灣東部山地鄉，在髮廊擔任助理的女巫。

當兩人偶然相遇於河岸，自古流傳下來的神話，在現代都市裡揭開序幕──
「我不會放過她的。」
蛇與少女的傳說，再度重現於世。"
星際代碼 code,Mariana_海嘯,奇幻科幻,連載,114,原創星球,短篇,科幻,重生,架空,,https://mojoin.com/novels/238,"人類的夢想——
是征服與踏入未知領域。為了實現殖民計畫，人們做足了準備。培訓優質的太空員、研發高端科技、打造殖民者太空站——足以匹敵一個國家所擁有的全數資源。透過計畫，便能將萬中選一的那顆星球變為下一顆地球。
為確保計畫執行，每座太空站所執行的殖民計畫將對應該星球的環境而有所不同。最初的時間裡，為避免人力與資源的浪費，將系統設定為自動化模式，凡事都將經由薩蒂．伯雷所研發的腦神系統操作過濾。
＊！但是，再多的準備也永遠不夠＊
＊！只因，宇宙定律終將無法掌握＊

殖民者太空站——守護者號在執行星球P-51-18-28的殖民任務過程中發生一場毀滅性意外，倖存人數不餘百人。
＊！一名失去記憶的太空員遭受著一幕幕褫奪人心的片段記憶所困，她要如何在有限的資源中找回過去的自己，又要如何才能在逐漸崩潰的精神上拼湊出曾經的過往？＊"
萬物皆可娘系列,yyy,奇幻科幻,連載,175,原創星球,同居,治癒,后宮,日常,,https://mojoin.com/novels/39,"半夜三點想出的智障計劃，如標題：萬物皆可娘。
以單元劇的方式呈現，每卷篇幅一萬字，一卷一位物品娘。"
龍之聲系列　第二部：傳承世界的羽翼,靈魂錯亂,奇幻科幻,連載,0,原創星球,長篇,熱血,奇幻,冒險,異世界,https://mojoin.com/novels/2306,這是一個因夢而開始的故事，這個故事因夢而進行著，然後現在──
入土後、成為死靈術士浪跡天涯,Caloid Chang,奇幻科幻,連載,43,原創星球,奇幻,搞笑,重生,爽文,,https://mojoin.com/novels/1064,"「隸屬於黑暗與寒冷的亡靈們！聽從我的召喚！成為我的女人吧！」
與世長辭千年後，柯爾特被未知的力量重新喚醒、並在因緣際會下成為一名不老不死的死靈術士。在獲得力量的同時，也意味著柯爾特將被一切生靈所厭惡、在孤寂中渡過永恆的歲月。
──既然如此，那就來創造一個對我言聽計從的不死族後宮吧！
作為實現夢想的第一步，柯爾特用死靈法術復活了一名剛在他面前失去生命的少女，克莉絲，並答應為她實現生前的遺願：回到家鄉、和家人鄭重道別。
然而被光明所拒絕、被世人所敵視的二人，真的能夠順利完成這趟旅途嗎？

封面繪製/授權：Prohans"
到了異世界不能打怪冒險只好繼續當老闆,南門椅子,奇幻科幻,連載,427,原創星球,慠嬌,搞笑,中二,異世界,穿越,https://mojoin.com/novels/504,"重度動漫、重度遊戲宅的公司老闆——凱琳，為了可以實現自由自在的耍廢生活，接受了神明的提議，穿越到異世界經歷考驗。
還妄想能來一場轟轟烈烈的異世界之旅，結果竟然不能打怪、尋寶、冒險，那來到異世界還有什麼意義！
不僅如此，若是違反了試煉規定會遭到天罰，甚至變矮？
開局先縮小五公分的凱琳老闆當然不會讓這種事情發生啦！
還好有忠心耿耿的員工——柏斯，緊隨其後，儘管被沙石車撞到也能繼續上班的可靠之男。
到了異世界不能打怪冒險，只好繼續當老闆！"
戀愛降臨在殭屍末日！,哩哩呱哩,奇幻科幻,連載,21,作者授權,戀愛,末日,殭屍,B G,,https://mojoin.com/novels/1123,"諾諾在一個殭屍主題的網路遊戲上認識一個笨瓜。
叫他笨瓜，是因為這傢伙老是嘮叨一些有的沒的， 說遊戲這裡不合理那裡沒邏輯，光顧著碎碎唸就被莫名其妙殺死了，
諾諾總得趕過去救他，氣不過就罵他笨瓜。
諾諾怎麼也想不到，
有一天遊戲會變成現實，她卻沒有遊戲中矯捷的身手，
而這次，趕著來救她的，卻是那個大笨瓜……

★★★溫馨提醒★★★
一句話交代：
這是一隻吉娃娃和德牧在台灣殭屍末日爆發初期四處冒險的歡樂戀愛故事。

作者人格保證絕對HE
不恐怖、不恐怖、絕對不恐怖（真的不恐怖所以要說三次）
有看殭屍滿滿的老朋友們可以幫我作證～～～"
求死的暗殺者與第二次的異世界之旅,流雲隨風,奇幻科幻,連載,17,原創星球,長篇,后宮,戰鬥,戀愛,異世界,https://mojoin.com/novels/1022,"林義實，三百年前和女友葉霙被召喚到異世界。
作為勇者的他們一路過關斬將，最後卻在魔王城慘敗。
葉霙被殺，林義實則被關了起來。
三百年後，魔王突然又將他放了出來——"
最終災禍少女組合,無胥,奇幻科幻,連載,9,原創星球,奇幻,后宮,戰鬥,搞笑,冒險,https://mojoin.com/novels/564,"為了取得「世界盡頭的財寶」，夏法洛與同伴踏上了旅途，然而同伴們卻不斷引發災難，成為所有冒險者心中的噩夢。
－－－－－－－－－－
數百年前，主宰創造出最終的智慧種族「人類」之後，便安祥的在世界的盡頭迎來生命的終點。
祂無上無窮的力量消散在空氣之中，滋養了萬物的生息，而祂所擁有的無上財富與統治世界的道具仍遺落在世界的盡頭，等待著天選之人挖掘，接替祂成為新的主宰，於是，無數冒險就這麼展開了──沒有人知道「盡頭」位在何處。

人們爬上高山、潛下深海、探索森林、闖入地城，卻未曾有人能夠找尋到關於主宰的蛛絲馬跡──數百年的時間過去，還是沒人能繼承主宰的意志。

就在這個時候，世界上出現了移動的天災、人形的禍害。
「她們」極其強大、無所不能，但所到之處必然出現重大死傷與損害，任何單純的事情經過她們介入都會往最壞的方向發展──那便是人稱「最終災禍少女組合」的雙人組，據傳，其實是主宰派來滅世的使者……"
甜點戰爭,CC,奇幻科幻,連載,5,原創星球,蘿莉,美食,歷史,軍事,溫馨,https://mojoin.com/novels/136,"天才甜點少女（16歲）與苦悶咖啡執事（26歲），穿越中古世紀歐洲，帶著一本甜點食譜，遇上自稱是奧爾良少女的「貞德」，他們啟程要解救法蘭西的命運，卻屢遭打擊。
身為甜點師的女主角，要用怎樣的方式來結束這持續百年的戰爭呢？而其中戰爭背後又隱藏著哪些陰謀？
甜點戰爭即將開打──

✢ 風格：像乳酪蛋糕一樣平易近人，容易讓人滿足
✢ 標籤：甜點、穿越、歷史、冒險、長篇、軍事、經營"
墨袍,雲說,奇幻科幻,連載,10,原創星球,都市,異能,奇幻,戰鬥,冒險,https://mojoin.com/novels/42,"姑且就承認那天是「末日」吧。
2032年的某一天，強烈的地殼變動裂解了地球上已知陸地。
那一天後，所有常識不再適用於往後的世界。

這座由宜蘭到台東所組成的宜東島上，生存下來的進化人類構築了新的社會、新的秩序。
故事，就從那個大火圍繞的晚上開始……
台式冒險小說，空想和現實一次滿足。
封面繪製：陸陸塗鴉板

黑夜中我總會想起她的臉。
她並不特別美麗，平凡如這海岸邊隨處可見的海檬果。
但那深邃的雙瞳像深夜中的金星，在伸手不見五指處永恆綻芒。
彷彿她一直不曾離開。
也永遠在那裡。
儘管許多年毫無音訊，每當海風襲來時，我總是對著身旁的空位暗自神傷。
她是墨妘。
現在大家叫她墨袍，一個擁有超凡神力的女英雄。
從我被她拋上天去那刻起，我知道接下來的日子可不好過了……"
蹺城堡的公主,沉魚,奇幻科幻,連載,0,原創星球,冒險,史詩,戀愛,異世界,魔法,https://mojoin.com/novels/461,"羅艾音與好友們（16）在上學途中，走著走著，卻莫名其妙被街上的賣花童所陷害，墜入了名為天堂的地方。
在那裡，她因為一則預言而開始逃亡，展開尋找失落魔法的旅程。"
