nIndex,Title,Category,State,Love,Series,SeriesN,Warrant,Link,Introduction,aIndex,pIndex
1,第二遊戲世界 第二部：無限樹海,奇幻科幻,完結,351440,0,0,,https://mojoin.com/novels/3700,"──能使人們奉獻出一生的，只有他們所虔誠信仰的事物。

原以為成功破關就能返回現實世界，不料倖存下來的玩家們卻被迫參與新的遊戲。
一夜之間，我和以璇等人便被轉移至文明徹底崩毀的臺北，放眼望去周遭盡是茂密樹海，並出現十二座高塔與被高塔圍繞的世界樹，塔內是玩家們唯一安全的棲身之所，卻不時會有敵兵來襲。

面對強大的遠古巨獸、無情的機械士兵，所有人必須利用自身擁有的一切守住高塔。
為了生存、為了延續微弱的希望，我們不得不再次面對神所給予的殘酷試煉……",173,9
2,雙馬尾幼女抱著大腿求我穿越這能不答應嗎？,奇幻科幻,完結,6861,0,0,,https://mojoin.com/novels/2350,"在中了十億樂透的下一秒穿越到異世界是什麼概念？
「搞什麼鬼？讓我回去啊啊啊！！！」
前略，高中生周璟穿越了。
「恭、恭喜你，你成功穿越了……」
出現在周璟面前的，是身為【幸福之神】的幼女「神蘿」。
她的工作是隨機把人傳送到各個異世界裡、拯救那些瀕臨毀滅的世界。
然而不知道為什麼，那些穿越者總是活不了多久，
不是被龍吞掉、被圍起來燒燬，就是因為摸到軟綿綿的胸部而被淨化消失（？）。
秉持著不能揮霍十億至少也要摸到一次、咳，也要拯救人命的精神，
周璟就此展開了跨越時空的異世界巡遊之旅──原本應該是這樣。
沒想到會在第一個世界就被絕世美女撲倒！而且美女還是貴妃！
這難道就是所謂的給皇上戴綠帽？
周璟的人生就到此為止了嗎？",313,9
3,原子少年──在星芒綻放之前,奇幻科幻,完結,5721,0,0,,https://mojoin.com/novels/3020,"在遙遠的某個宇宙中，太陽系的八大行星各自發展出了獨特文明，居民們都過著安穩的生活。
然而有天，各大行星由於不明原因遭到「黑暗物質」侵襲，受感染的生物都逐漸失控，唯獨有一群能不受黑暗物質影響的少年，成為了眾人的希望，而這群少年就被稱之為──「原子少年」。

為了創造出能夠消滅黑暗物質的「永恆物質」，分別來自八大行星的少年們，受到宇宙聯盟召集進行訓練，同時也將進行各項任務，在訓練及任務中的表現，都將影響他們獲取永恆物質的數量。

由於想替自己的星球爭取更多永恆物質，少年們各自懷抱心思，是該將彼此視為競爭對手，還是合作夥伴？而身負使命的他們，也擁有著各自的夢想，以及迷惘。在他們的光芒綻放之前，所要面臨的挑戰才剛剛開始……",224,9
4,《周處除三害》電影番外小說：我的87多重人生,奇幻科幻,完結,4782,0,0,,https://mojoin.com/novels/3650,"電影《周處除三害》獨家授權番外小說
在酣暢淋漓的觀影體驗之後，藉由小說一窺陳桂林的內心世界，滿足你更多的想像！

遭到槍決後，陳桂林迎來了閻王的審判，結果卻被宣告得投胎當一隻鵪鶉！？
陳桂林不願意，再怎麼說他都是全臺最出名的通緝犯了，怎能淪落至此？

在押送途中，他注意到長廊兩旁有許多扇門，於是溜進了其中一扇門，不料卻落入一處奇異空間，先是被戴著豬頭頭套的殺人魔追殺，還遇見一個個長得和自己一模一樣的「陳桂林」們──不過也不能說一模一樣，那些陳桂林，有的比他白胖、有的少了一隻眼睛，有的甚至才只有十歲……

從那些陳桂林的口中，他拼湊出自己本來可能擁有的其他人生……",174,9
5,關閉太陽,奇幻科幻,完結,377,0,0,血肉果汁機,https://mojoin.com/novels/3656,"血肉果汁機人氣歌曲改編小說 ‧2023《看你聽的》音樂X漫畫X小說跨域特企作品

因為母親是天才科學家，他從小在人類語言模型「勒托」的教育下長大，
在母親過世後，他接手對於勒托的訓練。
和母親一樣，他深信只要能複製人類的語言思維，終有一天可以複製人類，
然而這份信念卻在遇到「她」之後破滅。

她既不瞭解他母親的偉大，也不懂勒托對人類的意義，
甚至沒有發現與她通信多年的並不是他，而是勒托複製的他。
他本來應該為此感到高興，勒托成功複製了他的語言思維，
然而，他卻產生了一種奇妙的挫敗感……",511,9
6,神與畜,奇幻科幻,完結,698,0,0,,https://mojoin.com/novels/3681,二十二世紀，為了打破「紅心傑克」的宿命，李晴煬加入名為「神與畜」的組織。作為《愛麗絲夢遊仙境》後代，他們不是童話故事的英雄，而是早已被安排的羔羊。,261,6
7,一擊會心‧加杜克！,奇幻科幻,完結,18,0,0,,https://mojoin.com/novels/3678,"傳統感覺的機器人故事，以幽默的小說形式登場！？
面對巨大的野望，僅一隊的游擊軍，為正義而勇敢的挺身而出！",90,6
8,身為主角當然要拯救惡役！,奇幻科幻,完結,1568,0,0,,https://mojoin.com/novels/3678,"傳統感覺的機器人故事，以幽默的小說形式登場！？
面對巨大的野望，僅一隊的游擊軍，為正義而勇敢的挺身而出！",16,6
9,沒魔法資質的我在異世界靠科技成為救世主,奇幻科幻,完結,0,0,0,,https://mojoin.com/novels/3690,"台灣護國神山用的矽晶圓，切割前的矽晶柱，竟是最好的魔石？誰說台灣沒有硬科幻小說，這就是了。
主角雖然開外掛，但不是萬中選一、沒有血脈加持、並非神明賠償、不搞臥薪嘗膽、沒有莫名奇妙的幸運、不玩生死徘徊後覺醒…那他如何開掛、在異世界當上救世主？憑著他靠科學知識鑽了魔法規則的漏洞，並依此召喚出大量的科學家、學者、工程師、技師、現代軍隊，建立出他的專屬團隊…是的，簡單來說，這不但是一部轉生穿越龍傲天作，還是一部微硬科幻小說。",341,6
10,在劍與魔法的世界要怎麼玩Minecraft！？(轉生當個創世神),奇幻科幻,完結,120,0,0,,https://mojoin.com/novels/648,一個熱愛「我的世界」遊戲的玩家，在一場離奇意外中失去了意識，當他醒過來的時候卻發現自己以「我的世界玩家」的身份轉生到了一個充斥著魔法與怪物的世界。在無法使用魔法的狀態下，他利用「我的世界玩家」的能力在這片未知的土地上展開了生存。,215,6
11,無機質研究員觀察日記,奇幻科幻,完結,6,0,0,,https://mojoin.com/novels/3676,任性、跋扈、難以溝通──這是邵海對上司蘇唐的第一印象。但直到後來，他才發覺，屬於第三研究院和蘇唐的「真相」，唯有願意追尋並相信的人，才能看見。,515,6
12,被女神寵愛的最終反派,奇幻科幻,完結,22,0,0,,https://mojoin.com/novels/562,"凱旋的歌聲響起，在黑夜之中、在暴風雪之中，眾人高呼魔女已死！白髮紅眼還有蒼白的皮膚，那是聖書裡惡魔的外貌。
那是我的樣貌……

我和我的父母長的完全不一樣，他們都說我是惡魔的化身，北境的魔女。
我以為只要我表現出我的力量，展現出我的能力，就能獲得他們的認同，他們就不會因為我的外貌而討厭我。
可是每當我完成常人辦不到的事，帶給他們的只有更深的恐懼。

我累了……
我不想再追逐他人的關愛了。

或許就這樣被當成魔女，被當成反派殺死對我才是最好的。
可是當我的頭顱被斬下，我並沒有死去，而是回到我剛出生的那一刻。
因為我雖然被所有人討厭，被所有人視為惡魔。

但我倍受女神的寵愛。",123,6
13,反方向攻略史上最大的地下城(01)奧爾菲雅絲的大迷宮,奇幻科幻,完結,8435,12,1,,https://mojoin.com/novels/2849,"原本應該被魔法召喚到異世界成為勇者，
卻因為陰錯陽差與種種意外而在異世界轉生成為小嬰兒。
考慮到自己保留了前世的記憶，姑且沒有問題吧？
這麼想完才發現自己竟然身處於史上最大的地下城深處，
究竟是怎麼一回事啊！",173,5
14,黎明騎士團三部曲《假面騎士：恐怖玩笑Kamen Rider: The Thrilling Joke》,奇幻科幻,完結,6,0,0,,https://mojoin.com/novels/3694,"「如果有一天我變壞了，不要怪我，因為我曾經好過，你們沒有珍惜。」
超級英雄拯救世界，人們習以為常；但當英雄們落難，誰又能來拯救他們？
一名身兼見習變裝英雄的高中生，在學校舉辦盛大耶誕舞會前夕遭到襲擊並被囚禁在自己的秘密基地裡，也就是深埋在學校地下的古老地道，為了活命，他必須想辦法密室逃脫並且直面最終的真相...
等等，如果我說這是勵志小說，有人會信嗎？",526,6
15,穿越到Zombie滿滿的世界就算了等級還是0,奇幻科幻,完結,749,0,0,,https://mojoin.com/novels/508,✦殭屍末日穿越冒險輕科幻 ✦髒話有、台語微量、女主台中人,314,6
16,虛空的分岔路,奇幻科幻,完結,1047,0,0,,https://mojoin.com/novels/3696,"愛與恨為何物？
黑暗與光明能否並存？
無形的虛空，將威爾森、賦晌影、席娜．霍華德三人的命運緊緊牽纏。",200,6
17,銜尾：飄茵落溷的群星,奇幻科幻,完結,0,0,0,,https://mojoin.com/novels/3693,"《銜尾》系列第一集
起源於神奈川縣的，一個故事。",425,6
18,界外之寰,奇幻科幻,完結,300,0,0,,https://mojoin.com/novels/3689,世界上有人擁有特殊的能力，能使用凡人無法掌握的力量，因此人們稱其為異能者，而他們身處於人群之中。人類為了研究異能的知識，使用各種方法，令他們置身於危難之間，因此他們成立組織以守護他們的世界，它的名字叫做虹。,517,6
19,在異世界？的那些事,奇幻科幻,完結,31,0,0,,https://mojoin.com/novels/3717,常睦民穿越到了滿是獸人的異世界？來這兒不拯救世界，不打魔王，而是來幫忙收集素材，拯救一名大叔而已！,481,6
20,海潮迴聲,奇幻科幻,完結,0,0,0,,https://mojoin.com/novels/3691,"「黎恩牧師，請妳告訴我......神，真的聽得見我的聲音嗎？」
「愛里......不要再鬧了。」
「為什麼，不回到大海裡來？愛里？」
「愛里。妳屬於大海。」
「潮汐會撫平妳的病痛、海流會治癒妳的靈魂。」
「愛里，妳屬於這裡。」",11,6
21,第一次養魔神仔就上手,奇幻科幻,完結,0,0,0,,https://mojoin.com/novels/462,"你相信有魔神仔嗎？
你認為魔神仔是什麼樣子呢？
紅衣小女孩，還是玉山小飛俠？
如果遇到魔神仔，對方又是個激萌的小正太，單兵該如何處理？

廢宅少女游虹翼無意間撿到正太魔神仔「噹噹」，不得已只好擔起「魔神仔保姆」的重責大任。
問題是，身為以誘騙人類為專長的魔神仔，噹噹拐人的技術簡直爛得令人髮指！

於是虹翼除了照顧噹噹的飲食起居，還得負責教他騙人。
而最高明的騙術當然就是——賣萌啦！
結果學生學得太好，賣萌賣得太上手，連監護人虹翼都快受不了惹……",14,6
22,雙子小搗蛋2&貓耳大姊姊,奇幻科幻,完結,0,83,2,,https://mojoin.com/novels/3668,暑假來了！即將升小五的雙子－璐和艾－前往法納屋商會進行人生首次的見習，且將面臨震撼教育！職場不比學校，宿舍不同於家中，面對各種艱難的處境，她們能否順利度過難關呢？,418,6
23,轉生成為勇者和魔王的老師到底要如何迴避世界末日？,奇幻科幻,完結,761,0,0,,https://mojoin.com/novels/2316,"從小開始教魔王和勇者是什麼感覺呢？
穿越到養成遊戲成為家庭教師的賈桂琳表示：壓力超絕爆炸！
原以為知道遊戲劇情的自己可以無往不利、輕鬆攻略魔王和勇者，結果這世界的時間點比遊戲提早了十年、根本沒用啊！
為了阻止他們在十年後決裂，迴避世界被魔王毀滅的命運，
她必須一邊當兩人的老師、一邊引導遊戲走向「真相路線」，找到這個世界的「神明」。
然而看著腳邊喊著「傑姬老師～」的正太勇者和魔王，她頓時猶豫了起來……
那個，可以先抱緊處理嗎？",349,9
24,魔王的生命是用來消耗勇者的存檔次數嗎？,奇幻科幻,完結,630,0,0,,https://mojoin.com/novels/3273,"這是一個不公平的世界！
「為什麼連世界都在幫他開掛？」

身為全世界最強最有錢的魔物之王「薩塔利安」，沒什麼好憂鬱的，除了一個——他預見了自己被勇者殺死的Dead End。
做為領先時代的傑出魔王，他當然不可能坐以待斃。
趁著勇者Lv 1，趕緊欺負弱小，一刀解決後患。
然而沒想到，勇者死後——
世界居然重啟了！

憑什麼勇者拔劍相向就叫「正義」？
為什麼魔王坐下來好好談談就叫「陰謀」？

沒錯，這是一個不公平的世界！
所以魔王靠著財力、實力與魅力玩弄勇者的身心，也是理所當然的！",399,5
25,末世風華(01)重生後的末世,奇幻科幻,完結,306,23,1,,https://mojoin.com/novels/2938,"擁有治療異能的徐婕，因為治療能力不高，即使身為異能者，日子也同樣過得很艱辛。
在一場為了人類生存而戰的戰役中，眼看著人類這方就要落敗，徐婕挺身而出，拉著蟲皇陪葬。
自爆後，竟然讓她回到末世來臨前，也因這場重生，她多了強悍的新異能，憑著她對末世的了解，這一世，她肯定會過得衣食無缺，當一個幸福快樂、悠哉悠哉的後勤人員……
嗯，這是她的目標，也是一直追求的夢想，至於會不會實現……
一切都是個謎！",502,5
26,魔法之道,奇幻科幻,完結,20,0,0,,https://mojoin.com/novels/1072,"道，是什麼？

一個連自己都不知道自己沒有過去記憶的人，飽嚐了痛失親人自己無力阻止的痛苦，決定將自己的心封閉，永遠沉睡。
在命運的殘酷下，這條本應了結的生命卻為殺害自己雙親的人所救，並賜予了他朋友、目標甚至親人，得悉一切，恩仇交錯，何去何從？

他選擇了自己的道，決定擠身這個魔法世界，不為創一番功名，只為尋求自己的快樂，自己身邊的人的快樂。
他的選擇是命運的安排，還真是他自己所想，無從得知；只能知道的是，他為了朋友能夠不惜一切，甚至是自己的性命，
審判團與魔法管理局的鬥爭，他被捲入了其中，一個分不清正邪對錯的鬥爭，一個令他能得到更多或是失去所有的鬥爭，一個……

他不想去理會審判團的正義，也不想去釐清魔法管理局的陰謀，更不想處理統治權的分裂，然而……
一切都在他決定的道之上，他為了貫徹自己所選擇之道，必須去面對一切，即使不願意也好。

因為——
道，就是依照自己所想，不顧一切。",421,3
27,遺失的情書,奇幻科幻,完結,1641,0,0,,https://mojoin.com/novels/3736,"一封封來自五十年前濃烈思念的情書憑空出現，接下來的奇幻穿越揭開了所有背後乘載的故事。

林昱丞發現租屋處每週都會有人送信，但誰也不認識信上的收件人，且寫信日期還是距今五十餘年前。他原以為是惡作劇，卻聽見古怪的聲音自信中傳來，他拆信發現竟是封染血的遺書！也在這一瞬間，他穿越到了1970年的戒嚴時代！
時代混亂讓林昱丞處處惹麻煩，還好偶遇葉婉佳相助。林昱丞漸漸被其吸引，但她卻有個生死不明的未婚夫羅泰祥。

林昱丞與葉婉佳會有怎樣的發展？羅泰祥究竟在哪？那封染血的遺書又究竟從何而來？
在這個欣欣向榮，卻暗湧不斷的時代，人們該何去何從？
原來看不見的事物，不代表並不存在。",548,8
28,是魔．非魔02 懲罰性任務,奇幻科幻,完結,15,45,2,,https://mojoin.com/novels/3697,"神月圖書館是神祭學院書籍收藏最豐，也是學院唯一一棟圖書館，可對剛進學院的倫來說，圖書館對他有著莫名的吸引力，而且一碰到圖書館，他就會出問題──
第一次他被奇怪的黑影誘引，進到圖書館中，在拿到黑晶盒的同時，手心突然出現奇怪的封塵印，更在圖書館中昏迷。
第二次因為某人的挑戰不果，進而找人包圍芙雅，引發雙方私鬥，最後險些火燒圖書館，結果被學院懲罰，丟到群龍島去找翠玉荷苞。
結果翠玉荷苞沒找到，倫倒是收了一隻「特別」的魔寵，並在魔寵的帶路下取得群龍島的控制權，這到底是怎麼回事呢？",229,5
29,身為女裝少年的我，貞操快要不保。(01)偽娘的征途,奇幻科幻,完結,131,34,1,,https://mojoin.com/novels/3214,"偽娘是變態？
噢噢不，我只是、只是……我只是有點苦衷！

文弱少年余本泱＝廢柴／靦腆系宅宅
美豔少……女（？）零＝一刀在手天下我有抖Ｓ女王

人家說歹路不可行，為什麼別人走歹路，衰尾是我？

從小因個性內向長相清秀而飽受霸凌的余本泱，換上女裝卻激發百分百本能，從廢柴變超強狩獵手。

嗯，這樣感覺也是美賣啦，能夠順利接近心中的女神更是美賣中的美賣，但有一好沒二好，出任務遇上性騷擾狂狼女軍團長夏菲兒，還意外發現軍方不可告人的黑暗內幕……

嗯，我會加油der！（哭）",55,5
30,地球之眼,奇幻科幻,完結,176,0,0,,https://mojoin.com/novels/3677,地球之眼是一部微恐怖的科幻小說，故事講述Bloody Swan對人類的研究。,5,6
31,不聽吸血鬼的話，就會被咬喔！(01)千年之後,奇幻科幻,完結,694,11,1,,https://mojoin.com/novels/2423,"老爸不小心從古墓裡挖出一個沈睡千年的吸血鬼王，從此，高中生韓昭明的日子就是不停的貢獻脖子、貢獻鮮血，和各種翻滾碰撞的體力活。
「我喜歡看人們求我，跪下來求。」吸血鬼王這麼說，「那能讓我多吃一碗飯。」
——那你去吃飯不要來吃我啊！
韓昭明求助同班同學米樂，本以為米樂是吸血鬼獵人，一定能助他脫離苦海，沒想到米樂是吸血鬼與人類的混血兒？
——靠！你們都是自己人啊！
吸血鬼王是個妖豔俊美的少年，他身上有緬梔和玉蘭的花香，韓昭明腦中的警鈴大響，卻還是和他從廚房地板滾到了房間床上……
——淦，怎麼辦？",58,5
32,顛覆童話(01)翠狼與紅帽,奇幻科幻,完結,744,85,1,,https://mojoin.com/novels/2457,"從遇見妳那天開始，我的心臟就只為妳而跳動。

四年前，被同伴背叛而逃進死亡森林的迪諾，
在幾乎放棄希望的時候，遇見那名改變他一生的少女。
為了報恩，迪諾開始尋找她，卻始終沒有任何收穫，
直到傭兵公會帶來的委託，讓他重新燃起希望。

亞特賽斯大國外的森林，有個傳說，
一名能夠實現任何願望的魔法師居住在此，
這個傳說帶給翡翠相當大的困擾，
也給她再次與少年相遇的機會。

從前有隻狼，吃掉了無辜少女的奶奶，
狼被路過的傭兵殺死，卻無法讓少女止住淚水。
──因為那並不是故事的全貌。",336,5
33,遊戲結束之前01–依存禁止–,奇幻科幻,完結,785,68,1,,https://mojoin.com/novels/3782,"生存守則①：絕對不要相信任何人。

高智商玩家╳偏執系犯罪者
殺戮、生存、信任、背叛，歡迎一起加入這場死亡遊戲──

意外收到尋人委託，左牧被迫登上無人孤島，參加一場隨時會危及性命的死亡遊戲。黑暗中的莫名耳語，無處不在的詭異窺視，當殺戮變成唯一選擇，只有遵循規則，才能獲得一線生機。

而參加遊戲的第一步－－「左牧先生，請先找到你的犯罪者搭檔。」",336,2
34,這樣的學園，沒問題嗎？(01)墜入學園的兔子,奇幻科幻,完結,309,56,1,,https://mojoin.com/novels/3222,"「妳的夢想是什麼？未來想成為什麼樣的大人呢？」
梅悠握緊了手中的志願選填單，大聲回答：「我不知道！」

對於胸無大志，未來志願一片空白的梅悠來說，要決定大學的志願簡直比登天還難。但不知道是誰和她開了天大的玩笑，居然把她的志願盜填了，而且還填上了異界魔法學園啊啊啊！

隨著放榜日到來，麻煩也跟著接踵而至──

先是氣勢直逼撒旦等級的直屬學長找上門來，接著被迫參加緊張刺激的新生訓練……白值測驗、魔法石測試、商店街大採購，還有璀璨絢麗卻暗潮洶湧的資助人舞會！

在舞會上，梅悠差點落入壞心公爵手中，幸好被神祕的貴族青年柯爾所救，兩人還簽訂了為期四年的契約。

天啊！這麼亂來的新生訓練，這樣的學園真的沒問題嗎？",213,5
35,輪迴轉生物語,奇幻科幻,完結,0,0,0,,https://mojoin.com/novels/900,"第一卷：起點 身為地方貴族的達哈克，為了挑戰自己而踏上了冒險者的生活。 在經歷過第一次成長(升級)後獲得了不屬於自己的記憶，並為了達成記憶中人們未完成的遺願而開始了旅程。 ───帶著過人的天賦以及失落的知識，踏上旅程的大少爺冒險物語正式開始！

----------

第二卷：友人 在被迫接下救援隊的委託後，達哈克、雷昂與黛潛入了迪拉米斯迷宮，並正式的與探索者公會接觸了！ 除此之外，在迷宮之中邂逅了前世友人的達哈克會做出什麼樣的冒險呢？ ───邂逅前世友人與得到助力，踏上旅程的大少爺冒險物語還會持續下去！

----------

第三卷：啟程 成功成為冒險者後，達哈克贏了與前世友人的打賭，選擇了離開迷宮去增進自己的道路，接下了商隊護衛的任務。 但路途開始沒多久，就遇到了魔物潮導致商隊不得不轉換移動路線，選擇在附近的村莊暫時調整狀態。 ───詭異的空村、新的同伴、與前世加強的連接，踏上旅程的大少爺冒險物語第三章，請繼續期待#",512,6
36,極北的伊蓮諾亞,奇幻科幻,完結,20,0,0,,https://mojoin.com/novels/634,"她是伊蓮，也是諾亞，她和其他弟兄們一樣，是貴族們眼中，沒有進化資格的人類。
他們是貴族的奴隸，更是貴族們彼此切磋的道具，命如螻蟻，不值一提。

從小，她就常常夢見一個詭異的夢，夢裡面的世界，沒有貴族、沒有階級、沒有怪物，只有美好的食物、歡笑、淚水──還有「她」，那個教她許多知識的快樂女孩。
因為那個女孩，她知道遙遠的彼方，有個璀璨的世界，讓她無比嚮往；只要活下去，總有一天，就會得到自由。

他是貴族，是新食物鏈最頂端的存在。
壽命、知識、財富、資源……他擁有一切，卻視之如敝屣。
所有的一切都無聊至極，但他為什麼還活著呢？
為了義務？為了延續？為了自尊？
對了，說到延續的義務……
他最近在自己的領地裡，難得發現了有趣的事……
有隻小小母老鼠，跑到男人堆裡去了……",314,3
37,撿到裸體幼女的二流冒險者,奇幻科幻,完結,365,0,0,,https://mojoin.com/novels/3632,"就算只要登記就能成為冒險者，可如果不是冒險者世家出身的可不會被認同——畢竟這世界可是世襲制。
經歷了被人藐視度過的三、四年磨練後，沒有冒險者世家背景的我——戴斯總算被人認同登上二流冒險者的階段，只要再找個老婆成家就有可能成為真正的一流……只不過這還遙遙無期。
當我像往常一樣出去城外冒險討生活時，卻意外發現了一名黑髮的裸體幼女……？
在設定真實豐富的奇幻故事背景下的異色養女兒故事就此展開！",24,6
38,娘化魔王的我與傲嬌勇者的兩三事,奇幻科幻,完結,280,0,0,,https://mojoin.com/novels/637,"因為母親的獻祭，讓年幼的我覺醒了前世的記憶，屬於特別者的印記，也因此躍昇成魔王的標記。

不過、當魔王什麼的也太無聊了，決定了！
我要甩鍋，將這件麻煩的事情甩給別人！
與我同樣擁有印記的你，接受我的贈禮吧！
禮物是這個世界的一半（魔王的寶座）！",512,6
39,來世，還要再當妳的貓,奇幻科幻,完結,111,0,0,,https://mojoin.com/novels/3611,"生命，是會輪迴的。
下一世便能成人的九世貓，在即將逝世的雨夜裡，遇上了她落魄且智商不高的新主人--瑜芳。
本以為這一世能過上普普通通、輕輕鬆鬆的貓生生活，卻在新主人的窗邊遇上了來自冥府的陰差。

「你是來帶走瑜芳的嗎?」望著烏漆摸黑的陰差，我問。」
「不是。」
「那是來將我帶走嗎?」
「......也不是。」
「葉瑜芳，陽壽未盡，卻靈魂離體，屬於重度看管對象。」

這時我才知道，由於瑜芳爛到不行的桃花運，導致她曾經有過孩子，並親手將他流產掉。
他喚那孩子，「豆豆」
這一世的我，也叫「豆豆」",93,6
40,以世界為煙花，許你一場盛大的告白,奇幻科幻,完結,1040,0,0,,https://mojoin.com/novels/3626,"神的告白一定要這麼浮誇嗎？
究竟要毀滅世界多少次，才能讓你知道我愛你？
這年頭，毀滅世界都比告白容易多了……",392,6
41,台灣勇者協會T.G.G(01)勇者襲來,奇幻科幻,完結,1029,21,1,,https://mojoin.com/novels/3566,"我，原本是一位很平凡的國中生，明天開始就是位很平凡的高中生。
是的，原本應該是如此。
但我一時好奇，一不小心就在自動販賣機前轉職成了魔王。
是的，就是魔王，一種沒有勞保的無薪職業。
等等……自動販賣機？現在ＲＰＧ或小說的設定有那麼無腦嗎？

從那一刻起，我的平凡生活離我而去。
台灣勇者協會、恐怖大王、台客戰隊五人組、智慧三十點的美少女勇者、夫族的蘿莉狂戰士、惡魔學姊……等、等等！什麼跟什麼啊！

不管這設定有多腦殘，但我成為魔王似乎是項不變的事實。
至少，我知道，我所熟知的世界已經離我而去了。
事到如今，不論我願不願意……

我與台灣勇者協會ＴＧＧ的戰鬥會一直持續下去……",244,5
42,帕安卡之鎖（The lock of PerAnkh）,奇幻科幻,完結,1450,0,0,,https://mojoin.com/novels/595,"埃及X祭司X魔法
全系列完
封面／微靈
* * *
❅如果這千年的懲罰是我的宿命，我願意困在這永生永世的輪迴中。❅

柳映雪原本是一名優秀的準神殿祭司，卻意外被分到受人譏笑的阿努比斯神殿。
在神殿中，她遇見了兩名與眾不同的少年。
賽洛人帥又對她很好，使她不禁深深迷上。
努比神秘又溫柔，卻總是帶給她似曾相識的感覺。
徘徊在這兩名少年之間，令她困惑又不知所措。
然而她也無暇顧及對兩人的感覺了。
因為一場更深沉的陰謀，已經漸漸地浮上了檯面……

✜♦☼♦✜——✜♦☼♦✜——✜♦☼♦✜——✜♦☼♦✜——✜♦☼♦✜——✜♦☼♦✜

第二部 失落的神殿

「我聽不見，聽不見神呼喚我的聲音……」
阿努比斯總是無時不刻保護著我，對我呵護備至。
他說我像玻璃，彷彿一捏就碎，消失不見。
我想告訴他我並沒有這麼脆弱，但面對賽特接踵而來的攻擊，我才明白，一個失去魔能的祭司根本和普通的人類沒兩樣。
然而，我真的就只是普通的人類嗎？
我到底是誰，千年前又到底發生了什麼事？
而我和阿努比斯之間，又到底是什麼關係……

第三部 沙之聲

「請你們……一定要幸福。」
急欲喚醒班塔娜納的賽特不但奪走了映雪的神核，連阿努比斯也不放過！
失去力量的阿努比斯性命垂危，甚至有可能再也無法在人界化型
最後倒數的鐘聲已經響起，祭司們只能憑著自己的信念向前行
面對被打破的生死平衡，映雪只剩下一個抉擇
一個犧牲自己，導正一切的終極犧牲……",152,6
43,怪異幽冥尋物所：您今天遺失了眼睛，鼻子，還是人生呢？(01),奇幻科幻,完結,182,39,1,,https://mojoin.com/novels/2953,"歡迎光臨，這是委託率百分百的尋物所。
只要是有什麼難以解決的事件，進入本尋物所，就可以心想事成……才怪！

笑顏常開，萬年紅圍巾不怕熱的爽朗大學生。
流連酒店，喜歡甩著金色風鈴，看似流氓的待業青年。
看似正太，宅在家裡需要嗷嗷待哺的電腦通。
居住在一起的怪異三人組，各自擁有不為人知的特殊能力，譜成新的都市傳說。

「委託到府，使命必達──在那之前請給我好一點的委託人！！」",9,5
44,蜂舞(01)術士再臨,奇幻科幻,完結,121,67,1,,https://mojoin.com/novels/3258,"咦咦？重生已經是世界的新潮流了嗎？
怎麼才撞一下車，我就被撞回七年前？
不過就這麼回到以前也不賴，這時候的爸爸媽媽仍舊健在，一切的錯誤還沒展開，所有的事情都可以從頭再來！

前世的方宛是一名職業玩家，重生後更是擁有「先知先覺」的優勢！
看她如何運用對遊戲的熟悉，在「異域」裡頭混得風生水起！",502,5
45,反方向攻略史上最大的地下城(03)魔族村落的復仇血戰,奇幻科幻,完結,1370,12,3,,https://mojoin.com/novels/2853,"轉生進入異世界這麼長一段時間，
終於來到必經場所的冒險者公會了！

接下來就是註冊成為冒險者，
接受任務賺取賞金和經驗值，
努力提升等級累積攻略奧爾菲雅絲大迷宮其他區域的資本。

儘管如此，世事總無法盡如人意，
首次承接的第一個任務就引導向了最不想遇見的人們？",173,5
46,妖怪料亭01,奇幻科幻,完結,196,0,0,,https://mojoin.com/novels/3744,"記憶消逝在錯落的光影之間，我們卻依然故我地追尋著寂寞的意義──

「我接觸過很多妖怪和神祇，但我不知道他們為什麼存在，又為什麼消逝。」

高三畢業的暑假，無所事事的林隱逸回到了寂寞隱世的玉溪小鎮，邂逅了那個穿梭街巷之間、神祕清冷的少女──姚令瑄。她的出現，讓林隱逸平靜無波的日常逐漸漾起漣漪。

一人一鳥的午後絮語，靜謐夏日的點滴故事，座落小鎮一隅的食堂，讓人與妖的界線不再如此分明；光怪陸離的世界如畫卷般鋪展，越來越多的細碎往事一一浮現，而在她身上，似乎隱隱傳來讓他難以言明的熟悉悸動……",423,2
47,反方向攻略史上最大的地下城(02)成為召喚勇者的人們,奇幻科幻,完結,1814,12,2,,https://mojoin.com/novels/2850,"夥伴增加了一位龍種公主，話雖如此，艾維斯攻略地下城的進度卻沒有因此變得順遂，反而為了討阿芙拉的歡心，不得不更加地勞心勞力。

當兩人終於抵達上層區域的時候，阿芙拉的任性妄為卻變得更加劇烈，吵鬧過招不成，竟然在路上撿了一隻魔族，打算養起來栽培成將來的過招對手……所以說，真的要養嗎？",173,5
48,末日與我無關,奇幻科幻,完結,63,0,0,,https://mojoin.com/novels/591,"地球突然遭受「同化體」襲擊，唯有伴隨而誕生的超能力者才能夠對付，即使如此，長年的戰爭下來人類仍是節節敗退。
讓世界得以殘喘的，是僅僅一名世界最強的超能力者，讓人類數度挺過難關的英雄，如今卻拒絕繼續出手？
少女與少年，在末日中必然的邂逅，等待他們的未來是……",421,6
49,守衛龍騎(01)王龍的甦醒,奇幻科幻,完結,155,27,1,,https://mojoin.com/novels/2435,"在菲索尼洛大陸，凡是到達自立年齡的人都必須自食其力。
初出茅廬的修．雷里洛一出城就碰上龍族，卻對出手相救的藍髮「少女」一見鍾情，因此決定加入他們的公會，但加入的瞬間，發現自己根本誤入賊船。
公會據點竟然只是個疑似危樓的教堂，公會成員人數更是在最底線……
更慘的是，阿修所心儀的「少女」索伊，其實是個「他」！而且當初騙他簽下合約的蕾芙亞是個與天使外表不符的腹黑，再加上個動物系少女莉莉，三句不離吃之外又愛消遣他。
在全世界都在狩獵龍族的今日，他們公會卻標新立異地想要保護龍族？身為「最強龍騎士」之子的阿修，常常提心吊膽，就怕以獵龍為豪的父親知道之後，會把他給砍了！
這次聽說了有傳說中已滅絕的王龍出沒，普雷特公會一行人前往尋找牠的蹤跡，卻意外碰上了同樣在尋找牠的獵龍團，更慘的是，阿修的妹妹花婗也在隊伍裡面。
為了避開他們，普雷特公會成員們選擇繞遠路，卻在荒煙蔓草中誤打誤撞地找到了被時間所遺忘的「龍隱國」遺跡。
在阿修探索遺跡的同時，父親傳給他的劍居然像是受到吸引似地發出了奇異的光芒。他跟著劍的指示走，卻沒想到這把劍，竟是解開滅絕千年的龍隱國公主「席娜．羅卓尼」的時間封印鑰匙──
跟隨著脫線、被定位為誘餌的倒楣龍騎士，與各種雷(？)的夥伴們出發，在這塊與龍族密不可分的神祕大陸，來場驚心動魄的冒險吧！",548,5
50,狂襲之屍,奇幻科幻,完結,0,0,0,,https://mojoin.com/novels/710,"男主角龍神奏汰，是個會為了下課要跟朋友去哪裡吃晚餐而煩惱，再平凡不過的高二生。
雖然成績並沒有非常理想，不過擁有愛他的父母；可愛的妹妹以及關心他的老師已是一件非常幸福的事情。
然而他平靜的生活在一種名為『喪屍』的怪物出現後一夕變色，『如果我們本身身處地獄，那我們又該何去何從』，面對338倍於人類的怪物—喪屍，一場對抗絕望的戰爭就此拉開序幕。",401,6
51,黃泉之狩(01)守護,奇幻科幻,完結,11,64,1,,https://mojoin.com/novels/3322,"有些人不相信鬼神，認為那是看不見、摸不著的虛構物，但，如果能看見呢？
有些人不相信外星人，但，如果有一天，外星訪客真的出現在你面前呢？
套句MIB中的台詞：「人們之所以能快樂的過生活，就是因為他們什麼都不知道！」

個性嗆辣、風格很「豪邁」的少女，除了要為了生活打拼，有時候還要被迫管「閒事」，降妖伏魔、幫助往生者超生，路見不平、扛水泥造橋鋪路……生活過的多彩多姿。
人客啊，不要不相信你的眼睛，就是有這麼誇張！小說咩～～
某日，她的青梅竹馬──一「隻」開朗、天真、有時候很欠揍的鬼少年，不小心闖了禍，為了救他，她甚至勇闖死神殿！
究竟！結果會如何？！
翻開書頁看了就知道！",502,5
52,反方向攻略史上最大的地下城(04)命運交錯的第五區域,奇幻科幻,完結,1232,12,4,,https://mojoin.com/novels/2854,"再次確認過佩兒與諾亞的決心，
艾維斯等人依照阿芙拉的提議，
前往攻略奧爾菲雅絲大迷宮的第五區域。

根據阿芙拉的情報，鎮守者的『大賢者』精靈族公主薇薇安
可是性格惡劣、陰險至極、胡作非為、為達目的不擇手段的笨蛋，

面對這位鎮守者所負責的區域，眾人能否成功地攻略呢？",173,5
53,在崩壞學園中狩獵少女心,奇幻科幻,完結,79,0,0,,https://mojoin.com/novels/436,"【當一個只會畫畫的廢柴少年踏進超殘酷的獵場裡頭會發生些什麼事？】

因為那個該死的抽選機制，路仁豪與青梅竹馬進入伊里亞高中就讀
對於狩獵一竅不通的他只能依靠同伴在獵場勉強苟活
但在那次特別艱難的訓練中，遇到了難以解釋的突發事件，學校被怪物所毀壞

伊里亞高中的學生們被迫流離失所，在最艱困的情況下求生、尋找出路。
他們將重返崩壞的校園，努力找到生存與救贖之路
然而等在他們眼前的，除了當初破壞學校的怪物之外——
還潛藏著意想不到的冷酷殺機。",207,3
54,末世風華(02)我是國英團成員！,奇幻科幻,完結,99,23,2,,https://mojoin.com/novels/2939,"加入國英團啦！以後我也能成為曾經崇拜過的英雄嗎？
徐婕有些惶恐，可是又有些興奮。
加入國英七隊以後，她發現，這個七隊已經不能說是金手指啦！要叫金大腿！
一堆特殊異能者都在隊伍裡面，隊長的挑人眼力真是強大！
不過話又說回來，同樣被尉遲隊長挑中的她，其實也是很優秀的嘛！（自豪）

工欲善其事，必先利其器！
所以我們要先搜集蟲殼，製造蟲甲和異能武器！
蟲子們！把你們的殼洗乾淨！我們來啦！",502,5
55,反方向攻略史上最大的地下城(05)昔日雙親的冒險夥伴,奇幻科幻,完結,856,12,5,,https://mojoin.com/novels/2909,"雖然打從轉生到這個世界的前幾天就得知了那些人的名字，
然而除此之外的情報幾乎為零。

畢竟是和雙親共同冒險的夥伴，
甚至願意一起挑戰奧爾菲雅絲大迷宮，
大概都是些好人吧？

這麼想的艾維斯終於在機緣巧合的情況下遇見了他們，
然而二話不說就動用見血封喉的絕招殺過來究竟是怎麼回事？
其中肯定有所誤會吧！",173,5
56,女巫養成記02 孵化,奇幻科幻,完結,80,9,2,,https://mojoin.com/novels/3698,"盧筱希知道她很衰，好好一場校內競賽竟被一個她不知怎麼招惹來的變態女人破壞，幸好，她還有額外的競賽獎勵──只是就算拿到曾成功孵化出小女巫的主人的心得筆記影本，她孵化過程依然是失敗、失敗、失敗……
好不容易因為一顆「石頭」，她成功孵化出女巫蛋，結果，她孵出的竟是一隻擁有女王性格的小女巫，還專門指定麻煩一堆的女巫騎士人選，想跟小女巫商量，她從小女巫那得到的卻只有一句：「我說的話不打折扣。」
媽的咧，到底她是主人，還是小女巫是主人啊？",229,5
57,曦光試煉,奇幻科幻,完結,0,0,0,,https://mojoin.com/novels/1075,"二十年前的「時空大震盪」，改變了世界的運行法則。
異象過後，能夠穿越時空的超能力者出現，被人們稱為時空行者，這些人有著各異的頭髮與眼瞳，能夠在異世界和現實之中來去自如，並具有不為人知的超能力，是時空大震盪附帶的產物。
沒有人能確定時空行者如何生成，他們如未知數般覺醒，任何人都有可能成為，也都有可能一輩子無法獲得他們的能力。
劉亞傑活了十六年，在短暫的人生中，他從未了解過時空行者，他不認為自己會覺醒，或是和時空行者扯上關係。
直到他發現擁有藍色太陽的世界為止。",322,6
58,末世風華(04)蟲皇大軍來襲！,奇幻科幻,完結,94,23,4,,https://mojoin.com/novels/2949,"原以為已經死亡的蟲皇再度出現了！
這一次，牠竟是藏匿在暗處，指揮著蟲怪攻擊人類聚地，完全不露面。
尉遲鷹和徐婕奉命調查，跟蟲皇展開一場大戰，可惜沒能殺死蟲皇，被牠逃了！
兩人還因此身受重傷，性命危在旦夕！

潛伏一段時間後，蟲皇率領著大軍再度來襲！
這一次，蟲皇從北方基地開始橫掃，人類似乎又要重蹈覆轍……",502,5
59,魔族少女的藥引(01)尋找藥引之旅,奇幻科幻,完結,50,90,1,,https://mojoin.com/novels/2454,"「別用可憐的眼神看著我，憐憫我並不需要……保護我，就要拿得出對應的愛，否則不要輕易談保護、談愛。」

十八年以來，她佟真只能待在伊珞華聖殿，那是她的家、她安身立足的地方，只有待在那裡才感覺到自己是存在的。
可是魔祿司侵蝕她的視力，讓她不得不循著列兮的線索尋找魔神的後代、找到藥引「魔神之血」。
就在踏上尋找之旅不久後救下一名男扮女裝的神秘男子，可他一句「親愛的」宣告她被他訂下，就算她警告他不准纏著她，他仍舊陪伴她、保護她前往魔神後代的居住地。
一句：「佟兒，我會保護妳。」逐漸攻佔她的心。
可是他忘了嗎？她不能因為感情變得脆弱，否則就會被魔祿司吞噬，成為死亡的養分……

「雖然我喜歡看妳吃醋，不過很可惜，我的妻子遠在天邊近在眼前。」
遠在天邊近在眼前──不就是我嗎？思緒在腦袋裡轉了一圈，佟真心跳突地加快。",254,5
60,天龍的呢喃,奇幻科幻,完結,0,0,0,,https://mojoin.com/novels/281,"《校園異能熱血打鬥＋架空世界龍人種族＋傳說武器巨大文具》

天龍與地龍的混血，亞瑟. 康斯坦丁，持有傳說文具，因為親人的死而踏上復仇之路，前往天龍族鬥士培育學校就讀。
學生會的高層似乎清楚多年前的真相。
亞瑟需要打贏副會長才能問出真相。副會長要亞瑟先打幹部才有提問資格。
不料，在亞瑟好不容易打贏各個學生會幹部之後，才發現一個驚人事實。
特別撰寫此書，以紀錄他的事蹟——我那不同種族、可同樣是驕傲的龍人，同母異父、但沒有任何血緣關係，做人無比失敗卻令人尊敬的兄長。",420,6
61,末世風華(05)開啟大航海時代(END),奇幻科幻,完結,115,23,5,,https://mojoin.com/novels/2976,"跟著蟲皇的一戰，竟然讓尉遲鷹和徐婕穿越到未來。
距離那場戰役已經過去了三十幾年，世界漸漸步入和平，
國英總局擴大了，任務也沒有以前的繁重，
讓尉遲鷹和徐婕提早步入「退休生活」。

兩人從大英雄轉職成為野外生存真人秀主持人，開啟了新事業。
本以為是簡單的教導生存技能和知識，
卻沒想到一次的航海之旅讓局勢又有了新變化。
人類開啟了大航海時代！",502,5
62,少年土地公 紀事本末(01)被自稱城隍的傢伙纏上了,奇幻科幻,完結,78,16,1,,https://mojoin.com/novels/3305,"放學路上遇到的紅衣小女孩……居然是城隍大人？
城隍大人諭令我就任土地公，還附贈一位金髮帥哥當「輔佐」。
為了戰妖魔、護鄉里百姓，我毅然決定成為土地公！
但千年巨蛇盤據鄉里，我們真的能夠全身而退嗎……

城隍大人說了：「死掉的話，剛好就可以名正言順當土地公了!!!」",428,5
63,反方向攻略史上最大的地下城(07)結束，與嶄新的篇章……(END),奇幻科幻,完結,599,12,7,,https://mojoin.com/novels/2940,"雖然認為自己必須阻止雷契爾，然而阻擋在前面的
是等級、實力、經驗與計策都位居巔峰的六位鎮守者。

即使有著重溯時間的外掛技能，
面對這樣的難關大概重新數百次都會失敗，
況且自己還沒有那樣的技能，挑戰的次數只有僅僅一次。

《反方向攻略史上最大的地下城》的奧爾菲雅絲大迷宮篇，在本集降下終幕！",173,5
64,終焉之島X兵器少女(01)奔馳戰場的紅蓮之箭,奇幻科幻,完結,233,55,1,,https://mojoin.com/novels/3250,"煌日帝國的太陽旗遍佈世界，
戰火燎原，自由的光芒黯淡。
獨裁者的白色軍隊侵略四地。
然而，「反抗軍」沒有投降。

就在此時，某位註定要成為王者的少年，得到了足以逆轉一切的「奇蹟之力」。
規則：
1.必須親吻對方。
2.對象必須是年輕貌美的姑娘。
3.親吻過的屬性不能重複，如：天然呆、傲嬌、病嬌……
……等等，這根本是後宮之力吧！",50,5
65,星降：北域凰城,奇幻科幻,完結,0,0,0,,https://mojoin.com/novels/1058,"她有許許多多的身份，只是目前是不著調的賞金法師。
一直以來，她都不願意接受有關王城的懸賞令，可是，她忽然有了些興趣，莫名其妙的。
懸賞人的身份特殊且高上，她擁有了留在王城的理由，和天真無邪的學生在一起生活完全不一樣了。
直到，她始終躲避的人出現在面前。
然而一些諾言、一些年幼時候發生的事情都沒有解決好，她血液里有著難以磨滅的東西。
那麼，結局肯定不會太好吧？

每卷為正篇【Chapter】+回憶篇【Memoir】",482,6
66,末世風華(03)國英團的未來,奇幻科幻,完結,100,23,3,,https://mojoin.com/novels/2948,"嗚哇！遇見半蟲人了！而且他們還是在被追殺！
什麼？追殺他們的幕後主使正在進行惡劣的人體實驗？
那怎麼行！
這種反人類的機構就該毀滅！

國英團招收少年新生啦！
這可是未來的國英團精英呢！
少年強則國強！
壯哉，我國英少年，與國無疆！",502,5
67,神月online(01)屬於同伴的信任,奇幻科幻,完結,104,49,1,,https://mojoin.com/novels/3195,"以真實度高達百分之九十的虛擬實境遊戲──神月ONLINE為舞台，女生玩男角的路彌月，以「冥夜」這個名字開始他的冒險旅程！

她最大的目標是成為一個帥氣的獨行俠──本來應該是這樣的，不過為什麼……

隨著斯巴達魔鬼天使、嬌蠻任性的烏鴉大小姐、以及上門討債的狼獸人一個個出現，他覺得自己離帥氣獨行俠的目標，好像越來越遙遠了？",135,5
68,墮落聖女的危險誘惑,奇幻科幻,完結,220,0,0,,https://mojoin.com/novels/3792,"「願女神予你祝福——」聖騎士艾德里安虔誠的聲音總是讓人感到安心。最年輕的「四聖」騎士、神聖精神的實踐者、聖女的忠實護衛、教會法理的守護者……擁有無數響亮外號的他，卻在聖殿中被嬌弱少女強壓在地！？

邪惡力量染指了神聖的殿堂，純淨無暇的聖女遭受魅魔詛咒！
潔白肌膚浮現異樣的紋路，受到詛咒支配的少女渴求著精氣——

信仰與慾望的拉扯、禮法與本能的衝突，因緣與宿命在此交會，少年少女們的世界為之改變。
謊言與虛假的傳承、潛伏於暗處的殺機，攜手踏上除魔解咒之旅的他們，終將一同墜入深淵！？

「沒錯——這就是我，復仇的劇本。」",391,1
69,龍之狂想02 真假公主,奇幻科幻,完結,90,76,2,,https://mojoin.com/novels/3701,"駱曉曉為了南陵；費哲堯為了祖先留下的遺願，雙雙來到聖明大陸，原本他們還在考慮該如何在這人生地不熟的大陸生存下去，曉曉卻意外成為莫達斯帝國的鳳玉公主！
小不點被綁走了？南陵著急的放開精神力去搜索小不點，意外發現一人一龍多了心念聯繫，這是否有利於南陵把小不點搶回？小不點的身上又有何秘密存在呢？
聞名全大陸的紫的誘惑又要展開表演，請來無傭兵團保護紫色，結果紫色和無傭兵團的團長竟然認識？他們又是誰呢？
敬請詳閱《龍之狂想》第二集！",229,5
70,穿越變蘿莉(01)混亂異時空,奇幻科幻,完結,65,46,1,,https://mojoin.com/novels/3221,"二十二世紀的天才科學家林日揚，號稱不是人的他甚至被譽為跨新時代的指標。
在一次實驗失敗後，林日揚的靈魂意外穿越到異世──盤古大陸，那是個各個時代的人物亂七八糟攪和在一起，相似卻又不同，時代背景類似古代中國卻又有個魔法王國的地方！
穿越就穿越吧，可是還偏偏穿成一個十二歲的極品小蘿莉！
穿越後的林日揚不僅要適應自己ＸＸ穿不見的事實，還得收拾小蘿莉本尊留下的一堆爛攤子。
力敗了一隻臭猴子之後，正興許是要時來運轉了，卻又因為自己愛「非禮」古文物的壞習慣招惹了朱雀神君回來，搞得自己老是得力阻那幾個據說是神，實際上卻老是喊搶喊殺的煞星！
麻煩不斷、禍事連連不說，林日揚還得知了自己的靈魂其實是不完整的惡耗，簡直堪稱是災難的聚集體！
天啊～這還讓不讓人活啦──！",127,5
71,魔法禁止事項(01)禁止用魔法延續生命,奇幻科幻,完結,313,88,1,,https://mojoin.com/novels/3219,"澹臺球高中入學前，因為未曾謀面的爸爸來了一封信，
讓他轉到神秘學校聖伯多祿第三中學去。
沒有想到，這是一所培育聖騎士的學校！
除了要學拉丁文之外，還另有各種莫名其妙的課程？
校園裡有會散步、聊天，還會挑釁學生的石雕像，還有試煉用的墳場。
看起來，想要成為聖騎士之路，肯定會相當困難……",428,5
72,《夜行者-The Son of Cain》,奇幻科幻,完結,0,0,0,,https://mojoin.com/novels/544,"《玫瑰首部宗教奇幻作品》
這不是一個人的自傳
不是一對情侶步入教堂的歷程
而是殘酷的現實下一齣又一齣的悲歌
* * *
19歲的夜行者們終於可以踏出聖德芬學院，到人類世界去旅遊。
第一次來到人類世界的蕾蒙娜，很快就遇到了他命中注定的愛人——一位神祕男子。
他們迅速展開熱戀。
但在蕾蒙娜嘗到愛情的滋味時，身邊的朋友卻一個個與他脫節。
蕾蒙娜該選擇愛情？還是友誼？難道兩個,不能兼得嗎？
* * *
來自上帝懲罰給該隱的，到21世紀，變成了一個保護。
撒旦在那時施加在米哈伊身上的，卻成為他的百年累贅。
如此不相容的兩人生命線偏偏卻交疊在一起 這是救贖？亦或是萬劫不復的墮落？",245,6
73,反方向攻略史上最大的地下城(06)千百年前伊始的故事,奇幻科幻,完結,506,12,6,,https://mojoin.com/novels/2910,"雖然決定和悠斗聯手攻略奧爾菲雅絲大迷宮，
然而艾維斯姑且還是留了一手，
混好交情之後偷偷跟在悠斗等人的隊伍後方。

套句諾亞的形容就是：「不愧是哥哥！真是宛如反派的策略！」

總而言之，兩組人馬前後進入奧爾菲雅絲尚未被踏破的第六區，
面臨前所未見的強大最終……",173,5
74,蜂舞(05)遊戲改版,奇幻科幻,完結,80,67,5,,https://mojoin.com/novels/3307,"改版啦！遊戲改版啦！
網路商店開放、錢幣兌換開放、新寵物登場、新地圖開啟、新功能增加，就連競技場、戰場也出現啦啊啊啊～～
越來越多的功能，越來越多樣的玩法！《異域》變得更加有趣了！
還在等什麼呢？心動不如馬上行動！立刻上官網下載……
咳！請遊戲公司不要混進來打廣告！（舉黃牌警告）

營地指揮官：「菜鳥們！你們還不夠格來這裡，快回去鍛鍊！」
咦咦？新地圖還不能去？
那、那、那只好去解任務、刷副本去了。
副本首殺是我們的！
第一名的榮耀是我們的！
所有東西都是我們的！吼吼吼～～",502,5
75,龍與騎士與伊諾芙,奇幻科幻,完結,1,0,0,,https://mojoin.com/novels/3666,"論親愛的騎士大人要如何追到自家下屬的故事(x)
論親愛的騎士大人什麼時候會被老師打死的故事(o)",424,6
76,這樣的學園，沒問題嗎？(02)開學前夕的祭典,奇幻科幻,完結,262,56,2,,https://mojoin.com/novels/3230,"「新生們，做好準備了嗎？」
請確認你有一顆強健的心臟，以及100％的精力，因為魔武學園要正式開學囉！

梅悠原本以為，新生訓練結束後的假期可以讓她睡到自然醒，卻發現自己大錯特錯，因為麻煩依然持續接踵而至啊！
好不容易搞定分班測驗和新生選課，突然又被拉去參加一年一度的祭典，結果意外在黃昏的廣場上遇見了柯爾？
開學以後，關於這個世界的一切慢慢展現在她眼前。魔法、魔物，以及各大陸的聖物，對她而言既神祕又不可思議。被大家寄予厚望的梅悠該如何面對自己的能力？又該如何回應王子與親衛隊們的期待呢？
來自異界的新生，充滿驚奇與冒險的大學生活，正式展開！",213,5
77,蜂舞(02)紅手神人,奇幻科幻,完結,119,67,2,,https://mojoin.com/novels/3261,"大神無所不在，多的就像大白菜！
咳！怎麼以前難得一見的高手，現在全都出現啦？
難道這就是「同類相近」？
高手認識的也是高手，大神身邊的都是大神？",502,5
78,重生之電競女王,奇幻科幻,完結,10,0,0,,https://mojoin.com/novels/3661,第三人稱射擊X電競「什麼合作意識，那都不重要，我們只要追求勝利！」「但是隊長，這樣不合主流耶，電競圈不都要有熱血、同伴、合作跟基友嗎？」,379,6
79,萌物娘使用手冊(01)論地雷隊友們的正確使用法,奇幻科幻,完結,30,62,1,,https://mojoin.com/novels/3220,"如果今天玩寶可夢初始選御三家時，發現博士將三屬性都送給你，這時如何抉擇？

穿越到異世界的少年林明日已經多年沒有外出冒險，僅是在咖啡廳工作過生活，但這樣寧靜的日子注定被她的姐姐林明月所打破。
送上門的三色寶──三個女孩子各有特色，不過強大的介紹背後，似乎隱藏著什麼秘密？
是機會還是災難？這充滿著各種問題的冒險者隊伍，真能出外探險嗎？除非能找到她們的使用手冊……
啪！
獲得隊裡的暴力劍靈的一巴掌。
果然，還是帶著這群地雷回去咖啡廳打工吧！",91,5
80,童話彼岸的小王子,奇幻科幻,完結,430,0,0,,https://mojoin.com/novels/3617,"童話城，由魔法、夢想，及一切美好組成的城鎮。
當小男孩睜開眼睛時，發現自己身處於童話故事中，他昔日的友人玫瑰及小紅帽告訴她，他名為小王子，是童話城的居民。
但是他清楚記得自己是從另一個世界來的，那裡有他思念的家人，他必須回去。
童話城是甚麼?童話城居民怎麼來?小王子，又是誰?
隨著越深入的了解，童話城的原貌在他面前逐漸呈現",93,6
81,永樂神社的巫女(01)寡言驅魔師與聒噪長矛,奇幻科幻,完結,10,25,1,,https://mojoin.com/novels/2429,"伊織鈴音是永樂神社的當代神主兼唯一巫女。平日受到村民們尊敬，日子也過得平淡安逸。
然而，就在某日，神社的前庭突然出現一位手持長矛且酷愛喝牛奶的驅魔師——冶金。
原本對伊織而言這不算什麼大事，但這位驅魔師卻一臉酷樣地對伊織說：「奉組織命令前來保護妳。」
……說真的，被一位面癱卻帥氣、寡言卻能幹的男孩所保護，本該是眾多女子的夢想，畢竟這如童話故事般的美妙。
但從這時候開始，伊織才開始頭大，因為她發現自己原本安逸的生活再也脫離不了妖怪事件……
究竟是伊織早被妖怪所注意，或僅是冶金的到來而引發帶衰？
一段巫女日常生活所展開的淡淡粉紅色輕冒險除妖故事就此揭幕……",258,5
82,身為特務！除了要賣命工作還要拯救世界。,奇幻科幻,完結,0,0,0,,https://mojoin.com/novels/821,"人類、獸人、惡魔、天使、精靈、機械、龍彼此的爭鬥的世界。
一個國家的陰謀，卻意外帶領特務們邁向世界的真相，究竟在世界的盡頭等待著的會是誰？
獸人男特務與可愛女特務交織而成的架空世界小說。

* * *

在未來，不同的世界可以透過傳送門「世界樹」交流，
原本沒有交集的人界、魔界、天界互相連結，
隨之而來的是前所未見的敵人，
三個世界的人們攜手保護曾經戰火肆虐的世界，
在已經和平的現代，大戰已經漸漸被世人遺忘，
然而最近，從獸人王國的失蹤案，
逐漸引導主角探索世界不為人知的黑暗面，
失蹤、背叛、內戰、戰爭與審判，
已經將世界再次導向從前紛擾的時代。

五位主角交織的命運：
冰狼：獸人男主角，最喜歡的龍是企圖毀滅世界的龍族，賭上性命的冒險，只為再與重要的親人再見一面。
布偶：人類（？），無比熱愛貓咪與玩偶，瘋狂迷戀冰狼，生活的意義只為了能待在他身邊，她將不計代價消滅靠近他的女性。
黑貓：獸人，擁有皇族血統，祖國充斥著危機，使她不得不冒險拯救王國，一生只為洗刷世人對貓族的評價和獸人與人類的和平。
藝術家：惡魔，幾乎沒有紀錄的謎樣人物，她隱藏自己的真實身分，擔任特務的原因一直是一個謎。
無情：機械，他被最喜愛的父親製造出來，相信自己是帶給世人希望的物品，始終相信自己的父親內心中的正義。",387,6
83,魔王城育幼院的勇者老師,奇幻科幻,完結,10,0,0,,https://mojoin.com/novels/3638,"「成為魔王城育幼院的老師吧，勇者！」
「我才不要！」

因為意外穿越到異世界成為勇者的陳勇哲，
身上擁有天神贈與的180項能力與道具，每一項都有著外掛般的威力，
讓他戰無不勝，再強大的敵人都能擊敗。
只要有了這180項贈禮，就能輕輕鬆鬆打倒魔王，
成為異世界的英雄，享受榮華富貴，酒池肉林的生活！
本來應該是這樣的……
但是魔王與人類的戰爭早就結束了，現在是和平的時代，
魔王經營著一間小小育幼院，照顧著魔族的幼童，
沒有了敵人，身上這些能力與道具根本就毫無用武之地啊！
「成為魔王成育幼院的老師吧，勇者！」
在魔王的威脅利誘之下，陳勇哲成為了育幼院的老師。
他將面對各個不同種族的學生，
調皮搗蛋的狼人，沒大沒小的吸血鬼，疏遠人群的史萊姆。
這時勇者才知道，就算擁有所向無敵的外掛能力，
也沒辦法應付這群讓人頭痛的小鬼啊！",30,6
84,我的蘿莉勇者變御姊(01)古代勇者，姆露姆降臨！,奇幻科幻,完結,10,32,1,,https://mojoin.com/novels/3274,"「你是本座的奴隸嗎？本座快餓死了！快去煮飯！！」

身為高中生的艾赫，某天下課回家，看到自己考古學家的父母，寄回來一個超大包裹。
他緊張的把包裹搬進了地下室，打開一看裡面居然是一個裝著粉髮幼女的水晶棺材，艾赫小心翼翼的打開棺材，沒想到原本在棺材裡面的幼女忽然張開了雙眼，還忽然變成了一名十六歲的美少女。
她幫艾赫的脖子套上項圈說：
「豎起汝的耳朵，聽好了，張大汝的眼睛，看仔細！本座是姆露姆．古娜，是萬物的救世主、世界的燈塔、獨一無二的存在，也是拯救萬物蒼生的偉大勇者。」
就這樣艾赫莫名其妙的變成這名美少女的奴隸。
自稱姆露姆的少女，自稱自己是拯救世界的勇者，就在她使出恐怖的怪力把艾赫給拖出去之際……
艾赫從來都沒有看過的超巨大魔物，卻出現在兩人眼前，然而面對魔物的姆露姆不僅不害怕，反而還拔出魔法劍，把巨大的魔物給砍成了渣渣。
然而打完魔物的美少女勇者，就這樣變回了小女孩。
就這樣子普通的高中生艾赫，就這樣莫名其妙的變成了這個勇者的奴隸，同時也變成了她的保母……",443,5
85,超超能力者NOT日常生活權(01)內褲與存在哲學,奇幻科幻,完結,218,63,1,,https://mojoin.com/novels/2985,"「這世界不存在科學無法解釋的現象；如果常理無法解釋，那就一定是超能力。」

這是一個超能力者高達八成，各式各樣的能力大放異彩，但並不是人人都能成為超級英雄的時代。
因為在這個世界裡，多數超能力者持有的能力，
都是喝熱茶不會被燙到、走路不會跌倒、不會被野狗追擊……之類不太有用處的能力。

當然，凡事總有例外──

在這樣的世界裡，有一位天下最強的少年，
其強大程度，可以說毀滅世界與守護世界只取決於他一念之間。
不過這樣的他只打算普普通通的生活、普普通通的度日……

無奈麻煩總是接踵而來，這次的事件是──
一隻貓、幾件少女的內褲、路上的少女，還有刑警的槍消失了！

「空之上大人，幫幫我呀……」
看著完全不顧自身形象而跪在地上求助的刑警先生，空拉Ａ夢將會用最快的速度解決問題！

「當有人交代了代辦事項之後，先把那個人殺掉，這樣就變成不必要的事，於是就可以不用做了！」
這就是天下最強的「普通」日常生活美學……",46,5
86,§星詠傳說§,奇幻科幻,完結,0,0,0,,https://mojoin.com/novels/400,"50%路癡 30%搞笑 10%各種控 10%遲鈍愛情
這是一個路痴拯救自己學校的故事 她叫慕黎，一個平凡形同路人的準高中生 然而，當踏入慕恩萊特學院大門後，未來已註定無法平凡。 入學便引起學院最高層組織，九星委員會的注意。 原來……死去的兄長慕玄竟是學院惡名昭彰的背叛者！ 慕黎下定決心，打敗威脅自己學校的大魔王凱格爾與兄長慕玄 殊不知，背後的陰影悄悄謀劃著一場龐大的棋局……

良善背後必有惡，黑暗背後必有星芒。
☆星詠傳說，正式啟動☆
前傳：路西法遊戲

*女主喜歡亂叫，喜歡吐槽，到處亂迷路，還有從小就幻想自己在有魔法的異世界裡，所以對異世界接受度超高。",152,6
87,守護的特伊西亞斯-帝國篇,奇幻科幻,完結,0,0,0,,https://mojoin.com/novels/893,"我明明還有重要的任務要完成 絕對不能死在這裡身受重傷的男子被追兵前後包圍著
我該怎麼辦把你變成女孩子就好啦
打不贏敵人就哭說不過別人就鬧這樣不是天下無敵了嗎
身為帝國騎士團團長的特爾身為帝國通緝要犯的艾莉娜
抓與被抓的倆人碰在一起究竟是特爾先發現艾莉娜的秘密還是艾莉娜先完成自己的使命呢
讓我們看下去

* * *

在法蘭德克帝國為了慶祝二皇子成年的晚會上，發生了令人髮指的暗殺事件，雖然身帝國的第一騎士團團長「特爾」成功的將一名男性兇手砍成重傷，但還是讓狡猾的犯人全數分散逃跑。
原本奄奄一息的犯人倒在森林中，在喜歡惡作劇的「妲己」幫忙下，不但治好了傷口，還轉換了性別！？
為了追捕犯人的特爾離開了皇宮，來到了案發現場，雖然找到了跟犯人擁有相同特徵且配戴相同武器的人，但是性別卻不對啊！突然轉換性別的犯人，為了活命，只能將自己化名為「艾莉娜」的女性。
跟隨著犯人腳步的特爾能不能找到犯人呢？時時刻刻被緊盯的艾莉娜又能否完成自己所背負的重任？一段戀愛？戰鬥搞笑故事就這樣開始了序章。",143,6
88,魔女之夜 第壹夜 午夜的血紅薔薇,奇幻科幻,完結,0,0,0,,https://mojoin.com/novels/472,"我是一位從異世界來的魔女，名叫水無月櫻，又被稱為「光之公主」、「露米洛莎」，總而言之，無人能敵。
但我現在只是個普通的上班族。
沒錯，現在的我不再是魔女，只是社畜。

日常　ｘ　魔女　ｘ　都市奇譚！
來自香港的社畜魔女，今天繼續公私兩邊走！
已完本，第貳夜預定於2022年連載。
另外也有在Penana更新

作者IG：@setsuna_violette
來找我聊天吧！",27,6
89,翡翠之冕,奇幻科幻,完結,0,0,0,,https://mojoin.com/novels/845,"克莉絲蒂娜是一位失去右眼、右手的殘缺少女。
身為富商之女，從小就生長在富裕的環境，依賴醫療與科技，她從悲傷的深淵裡復甦，並且發誓要為了自身家族的利益而活。
在某一個經過計畫的夜晚之下，她潛入並殺害了阻礙家族利益的子爵，然而重要的設計圖卻落入掌控一切的教廷手中……

聖祭司葛拉瑞斯著手調查子爵死亡原因的同時，也在一次茶宴中結識了擁有祖母綠雙眼與金髮等高雅外表的美麗少女，然而他卻不知道，眼前的少女不僅就是他所要追查的兇手，更糟的是，他似乎漸漸為她而傾心……
西瑟爾原是效忠於林文斯頓家的木匠，也作為地下武器交易的橋樑，在子爵被暗殺之後，他的任務也就此「取消」，他沒想到取消任務身分的同時，也將會因為得知交易內幕而遭到滅口；他還有任務要完成，他不能死，至少他會撐到告訴她實情之後。

一個眾人亟欲隱瞞，意想不到的真實……",207,3
90,蜂舞(03)坦術風采,奇幻科幻,完結,104,67,3,,https://mojoin.com/novels/3292,"有句話說：謠言止於智者。
也有一句話說：民眾是八卦的。
還有一句話說：人紅是非多。不遭人嫉是庸才。
儘管方宛很低調，但是討厭一個人是不需要理由的。
當方宛進入《異域》時，首先聽到的就是跟她有關的八卦……
從這些八卦中，方宛確定了一件事──紅顏是禍水，藍顏則是禍害！

妖孽滾開！八卦退散！",502,5
91,是魔．非魔01 怪卡傭兵團,奇幻科幻,完結,0,45,1,,https://mojoin.com/novels/3641,"可愛的小魔王──倫，和以教導人走向變態之路為樂的水煮蛋──米格勒，因為待膩了一成不變的魔宮生活，加上米格勒總在倫的耳邊慫恿，所以他們偷偷溜下山，決定來過個不同於以往煩悶的人生。
自戀長舌的迪亞安、動手比動口快的傑諾，甚至是死不承認自己有戀童癖的堤洛司，一一出現在倫的生命中，他們甚至組成了一個「怪卡傭兵團」，接下一個替身任務──
他們這四人一蛋的組合，會在前往神祭學院進行任務期間，惹出多少風波？又會在學院中碰到什麼麻煩呢？",229,5
92,屠龍者與女武神,奇幻科幻,完結,0,0,0,,https://mojoin.com/novels/194,"龍紋傭兵團團長．希莉雅收到了一位公爵的委託，要前往龍骸之谷拔龍鱗或龍骨，正好她和同伴來到薩茲參加鬥技比賽，曾經殺死巨龍法夫納的屠龍者與奧斯特武鬥比賽連贏一百多場的女武神都來薩茲參加鬥技比賽，於是這位年輕的團長便在鬥技比賽後，厚著臉皮找上了這兩個神奇的高手，一場史詩級的華麗又浪漫冒險旅程（？？？）
就此展開……",171,6
93,Legend：光與影的羈絆(01)傳說奏章,奇幻科幻,完結,6,2,1,,https://mojoin.com/novels/3392,"我大概是這個世界上最無能的穿越主角了。
先不說莫名的從現代宅女穿越到異世去整天打打殺殺，還不巧遇上史上無敵惡質的夥伴，之後的冒險更是千奇百怪、異想天開。
不過這群夥伴美的美、帥的帥、惡質的惡質、變態的變態，雖然每天拿來賞心悅目養眼自己喜歡美麗東西的個性也不錯……但我並不想變成那個被壓榨的傢伙啊！
親愛的創世神，請您保佑我能平安的找到回家的路，不然也請給我一個不被欺壓的方法啊！

By伊絜翼薩妲斯大陸1561歷年。",508,5
94,零度領域 新裝版(01),奇幻科幻,完結,14,69,1,,https://mojoin.com/novels/3193,"唉，自從我們成為「狙擊手遊戲」全球第一名之後，
好像就遇不到什麼像樣的對手了，現在的日子還真是悶……
啊？要轉移陣地，去征服另一個遊戲？

哥！你、你說什麼？
那個遊戲是你跟你們那群「變態工作小組」製作的？
不會吧！我、我可不可以不玩啊？

可惡的老色龜！竟敢吃我豆腐？不想活了你！
就讓我這個正義使者來懲罰你！受死吧！

嗚啊～～
這隻非常性感、個性卻惡劣到極點的NPC，是從哪裡冒出來的？
土匪啊！搶劫啊！我的錢全被這隻NPC拐光了啦！
（暴雷：嘎啦啦，主人！負債啊！）",502,5
95,闇騎士Ⅱ(01)秘密挖、挖、挖！,奇幻科幻,完結,0,80,1,,https://mojoin.com/novels/3535,"一張從賭場得來的紫晶卡、一件從拍賣場競拍來的破爛皮甲，卻骨牌效應般的引發了一連串事件。
原來，繼洛特的魔族身分、穆亞的神族同化、馮勒的翡翠幽曈之後，乍看唯一正常的塔迪，真實背景也讓人目瞪口呆？
因為塔迪的血統事件，導致昔日上司部屬再相逢的洛特和斯拉戈，又該如何面對敵對狀態的彼此？
背叛者的一句「問心無愧」，又是否意味著當年叛亂的不單純？",475,5
96,蜂舞(06)渣男渣女,奇幻科幻,完結,90,67,6,,https://mojoin.com/novels/3308,"遇見前世的渣男渣女該怎麼辦？
涼拌！
方宛說，我們要用開闊的心胸面對這個世界。
方宛說，我們不能讓渣渣左右人生。
方宛說，不小心踩到大便，難道就要因此難過一輩子？
方宛說，遠離渣渣，人生將會更美好！
方宛說，人生在世，誰沒遇過幾個渣？丟遠點！別理他們！

「要不要比一場？」冬夜公爵向方宛下戰帖。
「贏了有什麼好處？輸了又怎麼辦？」方宛問道。
「妳贏了，任選兩件裝備，我贏了，妳就當我的手下一個月。」
「沒問題！」

「呦呦！設下這種圈套是想做什麼啊？」傾城妖孽戲謔地打趣，「一個月的手下？你該不會是想讓小舞穿貓耳女僕裝，叫你『主人』吧？」他掐著嗓子，模仿著嬌滴滴的女生嗓音，「主人，要不要搥背背？主人，要不要喝茶茶？主人，要不要玩親親？」
「這種欺負小女生的事情你也幹得下去。」冬築搖頭感慨，「士別三日，你可真令人刮目相看，越來越不要臉了。」
「難怪我妹說你變了，該不會真的栽了吧？」上邪上上下下地打量冬夜公爵，笑得戲謔。
「……」冬夜公爵鬱悶了。他不過就是因為之前跟方宛去遊樂場，輸得太慘想要贏回來，怎麼被他們這麼一說，他就好像成了圖謀不軌的人？",502,5
97,這樣的學園，沒問題嗎？(10)與你攜手的未來(END),奇幻科幻,完結,274,56,10,,https://mojoin.com/novels/3288,"我們曾在漫天星光下，以世界相約。
而今，我們將再度於星光中，許下讓彼此永遠幸福的承諾。

黎明的曙光籠罩大地，世界正式揭開和平時代的序幕，南魔武也在此時迎來了新的一批新生。

成為學姊的梅悠，將如何教育像個小綿羊一樣的新生學弟呢？

一樣的新生訓練，一樣的祭典，一樣的開學，卻是截然不同的感覺，這才知道，每個時刻都珍貴無比，每場相遇都值得用心紀念。

當梅悠與柯爾再一次回到最初相遇的地方時，彼此心中最深切的願望，真的能如迪倫學長的預言般順利實現嗎？

關於夢想，關於未來，關於成長，關於幸福──
我的心裡已經有了答案，那你呢？",213,5
98,這樣的學園，沒問題嗎？(06)來自彼方的守護,奇幻科幻,完結,232,56,6,,https://mojoin.com/novels/3246,"「我好像、喜歡上你了……」
面對梅悠懵懂的告白，柯爾該繼續克制自己，還是直接出手？

大賽進入尾聲，梅悠透過諾亞察覺自己擁有不凡的能力，而這竟和她的身世息息相關！她該如何使用自己的能力？又該如何面對接連來到她面前，宣稱將永遠保護她的「守護者們」？

這一回柯爾再次帶著梅悠涉入險境，而且還直闖魔物聚集的危險地帶！他的目的是什麼？為何在碰觸她後，開始小心翼翼保持著距離？

在好友菲碧的開導下，遲鈍的梅悠終於發現自己對柯爾的感情，但是柯爾隱忍的舉動卻讓她陷入困惑。

大賽過後，光影兩班聯合舉辦了班遊，直闖神秘的下城。梅悠意外在街上遭到襲擊，目睹她遇險的柯爾會採取什麼行動？

兩人之間剛萌芽的戀情，會有美好的結果嗎？",213,5
99,這樣的學園，沒問題嗎？(04)揭開序幕的大賽,奇幻科幻,完結,293,56,4,,https://mojoin.com/novels/3236,"傳說中的魔武大賽終於開打，來自四個大陸的頂尖高手齊聚一堂！
前哨戰、裝備戰、資訊戰，還有高潮迭起的搭檔戰……
彷如真實戰爭般的比賽讓來自異界的梅悠大開眼界。
黑桃的魔法師、紅心的祭司、方塊的工匠與梅花的學者，四大學院皆拿出看家本領，在各賽場中放手一搏，竭力為自己的學校爭取榮耀。

當夜幕低垂時，梅悠穿上美麗的禮服出席選手舞會，竟意外被別校王牌邀舞，還被告知關於她身世的重大秘密！原來她並不如自己以為的那樣平凡？
一波又一波的謎團連番襲來，梅悠該如何面對突如其來的身世之謎？又該如何面對柯爾留下的資助人空缺？
各就各位，正面迎戰吧！屬於我們的戰鬥──",213,5
100,蜂舞(11)神祕遺跡,奇幻科幻,完結,100,67,11,,https://mojoin.com/novels/3384,"《異域》公告：「基於玩家冬夜公爵和蜂舞各種慘無人道的秀恩愛行為，導致其餘玩家怨氣沸騰、火把高舉！於是我們決定開啟『婚姻系統』！情侶玩家可以到教堂領取
『結婚任務』，步入甜蜜的婚姻殿堂……」
方宛：「……」
冬夜公爵：「……」
眾人：「厲害了兩位，秀恩愛都秀到官方也知道了！」

※

「來，叫聲粑粑來聽聽。」司空龍開心地對著小企鵝說道。
「啾！」
小企鵝方宛歪著腦袋，一副「你在說什麼我怎麼都聽不懂」的模樣，配合著小企鵝憨頭憨腦的可愛外表，可真是萌翻了一堆人。
「哎呀呀～～我家寶寶怎麼這麼可愛！來，粑粑親親……」
冬夜公爵：喂！不要趁我不在，誘拐我家親親女友！
司空龍：嘿嘿嘿～～",502,5
101,這樣的學園，沒問題嗎？(03)暗藏殺意的舞會,奇幻科幻,完結,221,56,3,,https://mojoin.com/novels/3235,"「今晚，要不要跟我一起參加皇家舞會？」
來自柯爾的舞會邀請，卻讓梅悠陷入致命危機！

開學後，貴族與學生的關係開始浮上檯面，環環相扣的利益讓梅悠陷入困惑。
當同學們的話題圍繞著舞會與舞伴時，梅悠好奇地跟隨柯爾踏入下城，參與了秘密酒吧的會議，同時發掘出這世界截然不同的面貌。原來魔法除了用於戰鬥以外，居然還有各種用途！

皇家舞會來臨時，柯爾向梅悠提出邀請，卻讓兩人被捲入一場鮮血淋漓的戰鬥。在柯爾的保護下，梅悠能全身而退嗎？她又該如何使用她得天獨厚的能力，守護重要的人呢？
經歷各式各樣的事件，梅悠這才驚覺，原來這個魔法世界不只美麗……還很危險！",213,5
102,這樣的學園，沒問題嗎？(07)魔物莊園的冬天,奇幻科幻,完結,231,56,7,,https://mojoin.com/novels/3254,"「梅悠，妳願意成為我的搭檔嗎？」
一則來自準王牌的搭檔邀請，在學園裡掀起驚滔駭浪──

眾所矚目的下任神盾與王牌名單終於出爐了，但還沒上位就得面臨重重關卡。

不只守舊派學長姐處處刁難，實力還遭受其他學生質疑。梅悠、伊兒雪與王子該如何向大家證明自己的能力？又該如何讓這問題層出不窮的學園徹底改革，邁向新的時代？

同一時間，在學園城牆外的世界也正動盪不安著。東方組織不斷逼近，王城陷入混亂，南方七大家族則面臨了一次次嚴峻的魔物侵襲。

在這樣的亂世中，柯爾和梅悠的戀情會如何發展呢？第一次的約會，能夠順利結束嗎？

寒假到來後，梅悠終於帶著柯爾回到久違的家裡──他們的戀情會被梅家家長們接受嗎？是否能得到大家的祝福呢？",213,5
103,§路西法遊戲§,奇幻科幻,完結,5,0,0,,https://mojoin.com/novels/588,"殺戮遊戲X奇幻X愛情X天使 *2016尖端華文大賞十五強入圍作品*
❅不要輕易相信任何人，這是我經歷慘痛教訓才學到的經驗❅ 當妳逝去一切事物，才會赫然醒悟

千年前的一場浩劫 墮天使孩子的交織之歌 晨星之塔崩落的倒數計時 以及一千萬的生存對決！ 究竟……最後露出微笑的是……？
恭喜您獲選為路西法遊戲參賽者！ 本遊戲一切公正合法 經過三輪淘汰後，冠軍能獲得一千萬美金！！ 但是冠軍只能有一個 祝您遊戲愉快

【2015年底殺戮開始！！！！】",152,6
104,這樣的學園，沒問題嗎？(05)埋藏鮮血的過去,奇幻科幻,完結,252,56,5,,https://mojoin.com/novels/3245,"敵校選手居然趁夜突襲南魔武的選手塔！不只困住所有選手，還把兩位學長打到重傷！
是可忍，孰不可忍！

南魔武主辦大賽，誰知卻是引狼入室。

在幹部與選手皆受困選手塔的當下，營救學長姊的重擔瞬間落在新生頭上。身為最強新生，梅悠與王子等人該如何領導眾人突破重圍，救出受傷的學長們？

另一方面，柯爾在大賽期間悄然潛入學園當中，將梅悠的資助人資格拱手交給他人。他究竟有什麼目的？又隱藏著什麼樣的身分？

梅悠膽戰心驚地迎來新的資助人，卻從對方口中聽見柯爾的過去……

兩人之間橫亙著無數謎團，該如何跨越重重阻礙，牽起彼此的手？",213,5
105,主角在此，還不下跪！,奇幻科幻,完結,110,0,0,,https://mojoin.com/novels/1063,"擁有「主角魔法」，威能爆表的主角，與馬青梅穿越到異次元的歡樂冒險故事。

★作品已經完結囉！★

主角魔法：
一）不知為何幸運指數突破天際的高。
二）不知為何就是可以打贏超強的敵人。
三）不知為何看起來特別的帥。
四）不知為何總能輕易取得女性的好感值。
舉凡跟「主角」兩字沾上關係的好處，都是我的能力。對，我就是一個主角威能爆表的傢伙，怎麼樣，哈哈哈哈！

但是在異世界，可不是只要有主角就能一帆風順的地方。
直到很久之後，我才明白這個道理……

# 繪師：染羽 # 隔壁棚《和金錢談場戀愛吧！》也請大家多多指教！",335,6
106,禁斷凶獸少女的不當召喚法(01)凶獸降臨,奇幻科幻,完結,80,66,1,,https://mojoin.com/novels/2951,"十二月一日，少年月炎修的命運因為沒有遵守與妹妹的承諾而改變了。
因故沒有前去避難的他，親眼見到了從天空之上的裂縫出現的怪物──凶獸。
正體不明，存在於上古時代，全身皆由黑霧組構成的百層樓高巨狼，不知為何發了狂似的朝著少年狂奔而來。
「──為什麼故事中主角遇到的都是從天而降的美少女，而我遇到的卻是從天而降的怪物呀！」
那道躍過炎修頭頂的龐大身軀，在落地的瞬間就像回應了少年的期許一般，變成了一名少女。沒錯，美少女──而且是全裸的！
「胸、胸……胸胸……胸胸胸～」
顛覆中國神話的奇幻愛情喜劇，就此展開！",46,5
107,蜂舞(04)傳承試煉,奇幻科幻,完結,92,67,4,,https://mojoin.com/novels/3293,"咦咦？這個人好眼熟……
啊！他不就是林華的好朋友、好兄弟，五歲就會打架鬥毆，七歲就知道攔路搶其他孩子的糖果、餅乾跟零用錢，十歲就學會蹺課去打電動，十五歲學會飆車──開著改裝的汽車飆山路的那種──高中重讀了三次，最後還是塞了錢給校方才拿到畢業證書的「司空龍」嗎？
欸？前世感情好得可以同吃同睡同住的兩人，怎麼一見面就打架啊？
混蛋林華、混蛋司空龍！你們兩個打架就打架，竟然還被帶到警察局裡去？還叫我一大早去警局裡保你們！找死啊！

「跟這些人在這裡鬼混，能讓妳通過試煉嗎？」烏諾奇冷哼一聲。
「導師……是過來找我的？」
太讓人驚訝了！導師竟然因為擔心我沒去進行試煉塔的任務特地跑來找我！
嗚嗚～～好開心、好感動啊啊啊！
「少自作多情了，我只是剛好想起這件事，順便過來問問，要是妳無法通過測試，妳……」
「沒問題的！我絕對沒問題！導師放心，有了你的支持跟關心，我一定會順利通過！」發現烏諾奇真是特地跑來提醒她的，方宛激動了、興奮了、熱血了！
「不！不只是通過，身為導師最最親愛、最最頂尖的弟子，我會走上試煉塔最高層，將我的名字記錄在試煉塔之上！在世界的史書上留下我的印記！」",502,5
108,身為天下第一快劍的我，一不小心就無敵也很正常吧？(01),奇幻科幻,完結,0,35,1,,https://mojoin.com/novels/3526,"他有兩把劍，長短不一樣。
長的打混沌，短的打──

在京城，有這麼一段打油詩。
乃是形容年僅十五歲便奪得「天下第一快劍」之名的風家三少爺。

然而，這位小少爺雖然有著讓所有習武之人豔羨的名號，
行為之低下、品格之卑劣，卻也不免讓人懷疑這份傳聞是否有詐。

很快的，他將得到一個前所未有的機會──於三年一度的御前大演武裡，在皇帝面前展示自己的劍法。
同時，也是向天下人證明，他是真正的天下第一快劍。

──當然，前提是這個傳說得是真的。",50,5
109,花之姬綺譚(01)歡迎光臨，花神茶館,奇幻科幻,完結,49,42,1,,https://mojoin.com/novels/2441,"歡迎光臨，花神茶館。
凡劈腿、外遇、情傷、吵架、家庭、前世今生等諸多疑難雜症，只要有任何問題，一切「茶」到病除，包準客倌滿意(≧▽≦)

花神歐陽卿養育並教導花秘術給身為孤兒的荷芸櫻，並開了一家名為香庭的茶館。
讓天生擁有感應與傾聽花聲音的少女荷芸櫻，藉由花秘術解決因煩惱所苦的客人。

此時，充滿熱誠開朗的花神徒弟──荷芸櫻因《萬年之愛》吸血鬼系列電影引發的少女失蹤案件引起她的注意，起先不以為意的她，直到好友成為下一個受害者，她下定決心抓到失蹤案件的幕後指使人。

身為花神的徒弟除了顧店外，竟然還要當起偵探破案啊……╮(╯◇╰)╭",254,5
110,第二世界幻想奇談,奇幻科幻,完結,1485,0,0,,https://mojoin.com/novels/3628,"蒼炎魔女 夏洛特的冒險之旅

實力不斐的大魔女從普通的冒險者做起，逐漸成為屠龍者與救世英雄的故事。

封面為AI繪製。",419,6
111,異魂變02 任務,奇幻科幻,完結,0,54,2,,https://mojoin.com/novels/3705,"明明就是一件簡單的找貓任務、明明就只是一隻隨處可見的白色小貓，為什麼在任務完成之際，會有人想來搶？宇文翼實在很想對天感嘆他的霉運。
不管任務背後隱藏什麼秘密，既然接下任務，就要百分百完成，即使事後還得付出被人跟蹤的代價；但相對的，他完成任務得到的報酬，卻是他不可想像的……
實驗靈幻衣的功用，卻遇上一個顛倒是非的女孩，之後還莫名其妙收到一封不是給他的情書──都說情書給錯人了，為什麼他還是得在雲水岳的勸說下，陪情書主人去約會，甚至買單啊？
穿女裝去勾引男人，還得忍受別人罵他狐狸精……會長大人，為什麼他的任務都這麼奇怪？根本就是存心整人啊！",229,5
112,蜂舞(08)新的方向,奇幻科幻,完結,83,67,8,,https://mojoin.com/novels/3371,"咦？這位時尚名人竟然是冬夜公爵的母親？
她可是我的偶像呢！
「宛宛啊，我家小兒子雖然長得不錯，不過他的腦子實在是……挺蠢的，蠢到我這個當母親的都很想揍他。」溫蘭憂傷地握住她的手，「妳要多多包涵啊，不要太嫌棄他，也不要放棄他，我覺得努力一下，他還是有救的……」
方宛：「……」
冬夜公爵：「……」
他到底又是哪裡惹到了母親，讓她當著「好朋友」的面這麼貶低他？

※　※　※ 

烏諾奇：「為何修煉進度那麼緩慢？」
方宛：「啊？」
烏諾奇：「聽說妳現在整天跟小熊崽子玩？妳想轉職當保姆嗎？」
方宛：「不是，我、我是在刷聲望！」
烏諾奇：「這封推薦信妳拿著，到星風崗哨後，交給那裡的指揮官，他會安排任務給妳。」
方宛：「好。」
收起信件，拿出了好幾盒點心。
方宛：「導師，事情都交待完了，我們開始吃下午茶吧！」
「……」烏諾奇額上冒出青筋。
打開傳送陣，綑人，扔！",502,5
113,龍之狂想01 夢境,奇幻科幻,完結,0,76,1,,https://mojoin.com/novels/3644,"女校超美型的校園王子凌南倩，因為好友介紹的一個遊戲，和電腦專門為她打造的小不點龍到虛擬世界去比賽，竟然出乎意料的觸動藏在地底的六芒魔法陣，傳送到另一個世界？
到另一個世界也就算了，多了一個便宜爺爺她也不在意，但她明明就是個女兒身，為什麼這個世界的人都不相信她？
好哇，破壞她名聲的便宜爺爺出現了，她急著去理論，卻不小心被他設計，被送到收費第一高的貴族學院，而且這個學費要她半工半讀來支付……
明哲保身的清秀室友、外強中乾的陽剛酷哥、國色天香的極品美男和衰運連連的凌南倩在學院中又會發生什麼有趣的互動呢？
預知詳情，請快快翻開《龍之狂想》第一集！",229,5
114,初次見面！吾乃惡魔,奇幻科幻,完結,128,0,0,,https://mojoin.com/novels/239,"「告訴你喔，惡魔因為體溫低的原因，所以我們最喜歡抱抱了！」
「妳講過了，但是…」
「人類也很喜歡抱抱喔！」
與來自地獄的惡魔美少女展開糖分滿滿的同居生活！想要體驗人類生活的她，遇上被稱為遲鈍代名詞的我，究竟會鬧出什麼意想不到的笑料呢？
舉行園遊會、一起回老家，甚至還成為了vtuber？！
超遲鈍木頭系男主VS熱情十足的美少女惡魔！輕鬆日常的幽默筆法，全新的清甜系戀愛喜劇在此登場！",88,6
115,退魔教室的半妖轉學生,奇幻科幻,完結,0,0,0,,https://mojoin.com/novels/1083,"「退魔教室」──那是暗中培育降妖伏魔之人，亦即退魔師的特殊教室。
然而這天，有一位混有妖怪血統的少年轉學到了這間教室就讀。
少年名為黑鳴，雖為半妖之身，卻壞抱著成為退魔師的野望。
年輕的退魔師教師白系璃受命監督這位突如其來的轉學生，不過──

「唉呀，畢竟老師長這麼漂亮，忍不住就想湊近看一看。」
「就算你誇獎我，我也不會在你的成績上加分喔。」
「嗯？難道有隻要誇獎就能加分的老師嗎？有的話我還蠻想看看欸。」
「重點不在那裡！我是叫你不要隨便靠近老師。」

黑鳴頻頻惹麻煩，又總是做出出乎預料的舉動，讓負責監督的系璃傷透了腦筋。
但在這時，未知的惡意也漸漸靠近……
半妖少年與退魔女教師的校園冒險，就此展開！",404,6
116,槍靈少女 前傳(01)初生之犢,奇幻科幻,完結,41,71,1,,https://mojoin.com/novels/3213,"從小被父母拋棄，在孤兒院中艱苦生活的溫璃，偶然一次機會被異能者林毅文救下，從此溫璃下定決心成為一名異能者，或許還能探聽到父母的下落……

順利通過異能者學校考試，成績優異的溫璃受到好老師的努力栽培，卻不受同學們待見，靈能者競賽中也一直被隊友扯後腿……

溫璃跟著一夥人到野外歷險，遇到Ａ級暗獸襲擊，情況危急，她是否能信任她的夥伴？",164,5
117,我的房裡養了隻笨蛋貓,奇幻科幻,完結,1,0,0,,https://mojoin.com/novels/1127,"藤崎俊介——一個平凡普通、帶著點怯弱膽小氣質的國中男孩， 遇上一個被遺棄在紙箱裡，受了傷渾身溼透的獸耳族——蕾咪。
「小櫻不要我了……」貓女孩口中念念不忘的，是她的前主人——小櫻。

如此乖巧的蕾咪為什麼會遭到小櫻的棄養呢？
「是蕾咪的錯……」
蕾咪跟小櫻之間，究竟發生了什麼事情呢？

隨著收養的時間變長，蕾咪與俊介也從原本的彼此信任，轉變為互相依賴。
然而俊介心中的恐懼卻與日俱增——那是可能失去蕾咪的恐懼。

「我是不是根本沒機會讓蕾咪留下來？」
而小櫻，又是怎麼看待蕾咪的呢？

一段追尋與歸屬的旅程，就此展開……",207,3
118,喵喵魔法屋(01)貓咪們與魔法師,奇幻科幻,完結,90,57,1,,https://mojoin.com/novels/2983,"日暮旭為了籌備重建樂團的經費而四處尋找打工機會，
因而到一間神祕的洋宅工作，
沒想到原本只是單純的照顧寵物，
卻意外發現牠們居然還會變成！

一個是處處用暴力威脅人的紅髮大姊，
一個是天然呆的雙馬尾小蘿莉，
另一個則是標準級的宅男……
甚至來個超級帥，
嘴巴卻特別賤的金髮帥哥，
但──全部都是貓咪？

好不容易和這些難纏的貓咪們（？）
搞好關係，卻又發覺原來雇主的神祕身分，
日暮旭為了解除被附身的困擾，只好和他們一同前往魔法界……
他們到底能不能找到那位神秘的黑巫師呢？",548,5
119,蜂舞(07)情竇初開,奇幻科幻,完結,90,67,7,,https://mojoin.com/novels/3324,"「我就知道、我就知道你一定是看上我無與倫比的智慧！別以為你這麼誇獎我，我就會對你動心。」女地精亡靈嘴上雖是這麼說，那蒼白的臉上卻是泛出兩朵紅暈。
「妳……」
「不！你別說了！別想試圖說服我！」女地精亡靈用力地搖頭，「醒醒吧！種族不同，是不會有結果的！」
說完，她就操縱飛行船迅速飛升，不再理會冬夜公爵。
眾人：「噗哈哈哈哈哈哈……」
「我都這麼可憐了妳竟然還取笑我？」冬夜公爵很是幽怨。
「又不是只有我一個人笑。」方宛很是無辜地回望。
「不管，妳再不安慰我，我們就絕交！」他很是無理取鬧地回道。
「噗！咳！那個……你穿恐龍裝很可愛。」方宛睜大雙眼，很是真摯地誇獎道。

「蜂舞啊，妳該不會是喜歡翼刃那個叫冬夜什麼爵的吧？」精靈大長老八卦地問：「聽說妳經常跟他一起玩，連修煉也荒廢了，烏諾奇很擔心妳被那小子拐走。」
「我跟他不是那種關係……」方宛無奈地反駁。
為什麼她家高貴冷豔的導師，也會跟大長老一起聊八卦？
「我們是去探險，不是約會！我們組了團的，大家一起去的！一共二十五個人！」
「我知道、我知道，總要找朋友掩人耳目嘛！我瞭解！」大長老連連點頭。",502,5
120,交錯的薩法魯,奇幻科幻,完結,21,0,0,,https://mojoin.com/novels/3534,"睜開眼睛的「我」，發現自己正倒在一座巨大的迷宮中。  

為什麼會來到這裡，這裡是甚麼地方，甚至……自己是誰，都通通不記得。
留給我的線索，只有映照在鏡子般光滑大理石上的柔和五官，以及「修伊」這個名字。
名為「薩法魯」的地底世界中，擁有像是西洋棋盤般的六十四格區域，其中外圍三十二格是人類居住的「城區」，中央三十二格則是怪物盤據的「迷宮區」。
傳言只要能到達位於迷宮中心的「世界巨塔」頂端，就能解開隱藏在世界背後的真相。
隨著薩法魯漸漸面臨崩壞，半數的城區覆滅，就在此時，一位身穿斗篷的神祕女孩出現在我面前。

來當我的護衛吧，修伊，我們必須……到達那座塔的最頂端。」
名為莉梓的女孩說道。",383,3
121,蜂舞(10)表白定情,奇幻科幻,完結,61,67,10,,https://mojoin.com/novels/3383,"龍族性格高傲不好相處？
沒關係，有方宛。
什麼？方宛的好人緣對龍族不起作用？
沒關係，我們還有幸運餅乾！

釣魚能夠釣到什麼東西？
魚類、水怪、卷軸、寶箱、裝備、藥劑、配方？
不、不、不，讓釣魚大師方宛來告訴你，除了這些之外，還能釣到大海怪！
搭配幸運餅乾服用，效果會更好呦～～

冬夜公爵：「妳有沒有覺得，我們兩個在一起的時候運氣都特別好？」
方宛：「那不是幸運餅乾的作用嗎？」
冬夜公爵：「不，那是我們兩個綁定之後的幸運加成！」
方宛：「欸？」
冬夜公爵：「妳願不願意跟我綁定？我覺得我們兩個綁定以後會幸福一輩子。」
方宛：「欸欸？」
司空龍：「……我反對！」",502,5
122,以隱藏BOSS為目標,奇幻科幻,完結,0,0,0,,https://mojoin.com/novels/606,"總是主角來主角去的，我偏要背道而馳，既然好不容易獲得了轉生的機會，就以隱藏BOSS為目標，成為遠比正傳勇者和魔王強大的存在！
中二的少年在異世界所演繹的物語，藉由一連串的事件成為聞名遐邇的存在！",512,6
123,穿越到輕奇幻就會比較輕鬆嗎？,奇幻科幻,完結,0,0,0,,https://mojoin.com/novels/184,"雖然原來的世界說不上傳統奇幻，但在施展魔法之前還是要經過麻煩的準備。
我也想去能輕鬆施展魔法的世界，左手烈焰、右手颶風，痛快的大鬧一翻啊～
到異世界去是不是就能輕鬆過活了呢？",53,6
124,闇!!騎士(01)騎士無良守則,奇幻科幻,完結,0,79,1,,https://mojoin.com/novels/3394,"什麼是騎士操守？急公好義？鋤強扶弱？光明正大？
至少對威倫帝國皇家騎士團第七大隊長──洛特而言，騎士守則僅供參考。挖陷阱、蓋布袋、打悶棍才是他的最愛！

搶劫城中首富，他號稱「除惡揚善」。
受害者舉發上門，他作賊倒先喊捉賊。
擅闖私有領地被圍，他直接抓小的威脅大的，反客為主……

面對如此無賴、如此特立獨行的騎士，連騎士團長也無可奈何。
除了哀悼早晚「屍骨無存」的騎士團聲譽，他忍不住感概當年──
「為什麼要收下這個瘟神！」",475,5
125,這樣的學園，沒問題嗎？(08)闇夜襲來的戰爭,奇幻科幻,完結,209,56,8,,https://mojoin.com/novels/3255,"「兔子要好好照顧自己喔！」
柯爾留下叮嚀後便前往王城，卻從此音訊全無……

第二輪大賽在即，沒想到東方大陸的神秘組織竟趁隙入侵，攻打南方大陸！

一夜之間，王城迅速淪陷，各大城市均落入敵軍手中，武裝的東方難民更是占據大片土地。

南魔武的學生們面對這般困境，該怎麼做才能拯救國家，奪回失去的國土？

更糟的是，柯爾不巧在戰爭前夕前往王城，無論梅悠如何嘗試，都無法聯繫上他。

失去柯爾的梅悠，努力和學園裡的大家一起迎戰，伺機前往王城救出柯爾，卻沒想到，在王城等待她的……竟是這場戰爭的幕後黑手！",213,5
126,LOST星際少女(01)拾回進度5%,奇幻科幻,完結,10,3,1,,https://mojoin.com/novels/3249,"傳說中的刺客被人一擊斃命，凶手竟然是個小蘿莉！

哥哥給舒越的雪元石，卻成了指證她是凶手的證據？

既然安分的待在三級居住星，卻還是礙了他們的眼，那麼……她就不再安分了！",164,5
127,蜂舞(12)迎向未來(END),奇幻科幻,完結,91,67,12,,https://mojoin.com/novels/3400,"「號外！號外！蜂舞女神跟冬夜公爵男神訂婚了！」
「說錯了吧！是結婚任務……」
「不是！他們不只是在遊戲中結婚，他們在現實中也訂婚了！」
「喔喔喔！恭喜！灑花！」

「聽說了嗎？《異域》官方要徵選遊戲職業代言人！」
「啊？職業代言人？什麼意思？」
「就是遊戲中的每一種職業都找一位代言人啊！」
「以後《異域》拍攝官方宣傳影片、舉辦各種活動、網路採訪、電視採訪等等都會讓他們出席！還會為這些代言人推出週邊！」
「哇喔！那不就賺大發了！」
「何止是大賺一筆，他們還是名利雙收呢！想想看，《異域》可是全球第一的網路遊戲！被《異域》這麼一推廣，不就等於全世界都認識你了？」",502,5
128,哪都別想逃(01)新手小蘿莉養成計畫！,奇幻科幻,完結,0,0,0,,https://mojoin.com/novels/3414,"手殘又少一根筋的張巧婉曾向天發誓──絕對不玩網遊！尤其，是破壞她日常生活的那個遊戲！
她深信，她身邊的所有人絕對都被那遊戲下了恐怖的巫術，要不然，為什麼每個人都那麼狂熱？
可是她沒想到，明明只是不小心沾上了一點邊，自己居然也沉浸在那個遊戲之中！
只是，使她著迷的，似乎不單單只是那個遊戲而已，還有他……
她的加入以及大神蒼翼的回歸，讓他們誤打誤撞成了師徒關係──萌萌的師徒戀就此展開！",483,5
129,窗外是異世界,奇幻科幻,完結,420,0,0,,https://mojoin.com/novels/22,"遭逢母喪的小雀，在持續低迷的某晚，套房窗外的陽台忽然風雲變色，忽然與異世界的森林連接。
半夢半醒的她，趁機救了被魔獸追殺的半精靈碧圖樂，直到隔天醒來才知道一切都不是夢，但為時已晚，窗外已恢復平日的景象，兩人就這樣被迫同居，開始一段努力磨合，互相照顧，彼此提攜的生活。",162,6
130,神域密碼(01)天之冠，地之人,奇幻科幻,完結,200,50,1,,https://mojoin.com/novels/2848,"洛伊德．賽雷斯塔，神秘組織「生命之樹」的一名小雜兵。奉組織之命，洛伊德跟隨隊伍調查「伊甸（Eden）」──那是擁有神一般的力量，比惡夢更恐怖的存在。調查過程中，在組織一向遭人忽視，無望出人頭地的洛伊德，意外結識了兩個獨特的女子。

一女名叫奈亞，據稱是被伊甸毀滅的阿卡維拉星系的唯一生還者。一女名叫娜伊娜，雖然是隻小蘿莉，卻擁有徒手撕裂伊甸，可以用「做夢」來形容的超級力量。

洛伊德與她們結識後，被組織授命跟隨她們。從此，洛伊德的命運走上了無法掌控的窘境。一介小兵的他，不但必須面對輕易摧毀宇宙軍團的伊甸、連伊甸也能徒手殺死的超級蘿莉，以及滿身謎團的美女艦長，接著更遭遇智慧生命的天敵，被稱為「支配者」的宇宙怪獸……

無窮宇宙，最深邃、最神秘的事物一件件出現在洛伊德面前。洛伊德腦袋裡的螺絲還沒擰緊，就隨著越發失控的命運，咕嚕咕嚕地滾到了不知什麼地方。",47,5
131,Math Server Volume 2,奇幻科幻,完結,0,4,2,,https://mojoin.com/novels/270,"讀者好評不斷，更加緊湊刺激的系列第二作登場。
融合王道戰鬥、解謎推理的現代輕奇幻「Math Server」系列凱旋迴歸！",139,6
132,夜行,奇幻科幻,完結,0,0,0,,https://mojoin.com/novels/613,"因為一顆子彈，殺手與吸血鬼的糾纏就此展開。
完結。

* * *

血族，俗稱的吸血鬼。
優異的體能、強大的恢復力，且擁有人類數倍的年歲，可以說是人類的上位者，與之付出的是無法沐浴於陽光之下。
突然竄出頭的他們，在短時間內就癱瘓了好幾個國家，展現了自身的強悍。
但不知為何從十年前停止了侵略行動，甚至開始與各都市締結和平條約，將先前造成的破壞一一撫平，強大似天敵的存在竟然主動求和，沒有理由不接受，短短兩年間就與世界一半以上的大都市達成共識。
這是世界的趨勢──直到那一顆子彈的到來。",26,6
133,守護天使 全年無休,奇幻科幻,完結,0,0,0,,https://mojoin.com/novels/3248,"正太天使全力出擊！

向來運氣超差的何宇斕，每年生日都會更倒楣，上天終於看不下去，破例派了個天使來當他的守護者。可惜這位天使卻非常兩光，雖然小倒楣是避免了，卻惹來更多的麻煩，又因為何宇斕常對空說話，被別人誤以為是瘋了。
何宇斕想盡辦法要驅逐這個不請自來的不速之客，甚至不惜裝壞人，卻意外捲入紛爭之中，還好最後是天使救了他，而他也不得不承認這不是幻影，而是貨真價實的守護天使。
有了天使在身邊，何宇斕決定要出門試試他有多大的能耐。因為有天使在，對比以前何宇斕真是太倒楣，平常的小確幸也讓他覺得非常開心。他發覺有天使在身邊，確實真的不錯，他也欣然接受了。

妹妹的校園霸凌風波，父親的公司裁員事件，守護天使又將如何來幫助他呢……
而何宇斕自身對於母親的心結問題，又將會如何來化解呢……",548,5
134,叫我大小姐！(01)冥，我美好的大小姐生活就靠你了！,奇幻科幻,完結,0,20,1,,https://mojoin.com/novels/3295,"大小姐要有三大配備：帥哥管家、正太侍衛、痞子殺手。
帥哥管家，一切以大小姐為主，不論大小姐說什麼都要回答：「是的，大小姐。」
方少為眼帶笑意：「是的，大小姐。」
正太侍衛，負責給大小姐調戲……不，是負責保護大小姐的安危。
冷陌竹那張面無表情的臉上多了一絲無奈：「……」
痞子殺手，專門替大小姐打雜、跑腿、打聽消息，對了，還有最重要的暖床……不，是殺人。
歐陽修壹額頭滿是黑線：「大小姐，我是殺手殺手殺手啊，妳一定是看我不順眼。」（淚奔）
配備齊全，就可以環遊大陸了，只是怎麼才剛出們，就招惹了一個強敵，啊啊，這下她美好的大小姐之旅，該怎麼繼續下去呢？",229,5
135,闇!騎士外傳－模範騎士的學院日誌（上）,奇幻科幻,完結,3,81,3,,https://mojoin.com/novels/3517,"聽說，騎士學院是威倫帝國菁英薈萃的所在。
聽說，騎士學院今年新生跟前幾屆與眾不同。
聽說，騎士學院本學期的選修課程格外精采。
太多太多的聽說，讓今年考入騎士學院的新生，令眾多關注著的高層充滿期待。
但是開學前幾天，就有人為了泡妞夜不歸宿？不好好專注課業，專搞男男之戀？期中考時間不守規矩，暴打監考老師？
這、這、這……這都是什麼學生啊？

一本模範騎士的日記，即將驚爆人所不知的騎士團秘密！",475,5
136,暗夜星辰狐,奇幻科幻,完結,0,0,0,,https://mojoin.com/novels/1115,"失去記憶的少年唯一留存下來的記憶就是父母被殺害的那個雨夜，那段夢境如鯁在喉，因此他最痛恨的一類人就是那些亂用力量給他人造成痛苦的傢伙
少年用盡全力想要擺脫命運的鉗制，但他最終還是失敗了，在生命即將走向終結的時刻，少女慵懶的聲音在他的耳畔響起，還有人不願放棄他，她也成為他世界中唯一的光。

凜冬的寒夜中微弱的的燭火終將熄滅，被仇恨所支配的少年血氣上涌，在乎的人再一次慘死在自己眼前，他的未來是終將成為惡龍的勇者，還是與石頭碰撞后破碎的雞蛋，他似乎只有這兩種選擇。

力量既可以用來守護，也可以用來毀滅。",67,6
137,正義美食團(01)少年的方糖悲劇,奇幻科幻,完結,11,24,1,,https://mojoin.com/novels/3502,"如果沒有被奇怪外國人欺騙、如果沒有喝下那杯攙有黑色方糖的咖啡，我想我現在應該在享受我的大學生活了。
可惜再多的「如果」都不能讓我變回普通人了！嗚嗚嗚！喝下辣椒醬會變成帥哥，還會爆炸，這是哪招？
這個名為「正義美食團」的怪人團體，聚集了一群與我同病相憐的暴食者，既不正義，也沒有美食，還有超Ｓ大魔頭來當我的搭檔……
不妙，非常不妙啊！在可怕、刺激的方糖爭奪戰中，我能有命活到最後嗎？  

「狂風，那台飛機在『墜機』，等等就要撞過來了，我們趕快去避難吧！」我臉色丕變，佯裝鎮定的拉著狂風，而狂風也轉過頭來，手上還拿著一隻剛烤好的奶油玉米。
人命關天，誰跟你吃烤肉啊！
狂風大口大口的啃玉米，以看好戲的心態望向私人飛機，回答得理所當然，「反正這個距離看起來也躲不掉了，就讓它撞吧！」
開什麼玩笑！我才不要英年早逝！",408,5
138,對手被隕石砸死難道是我的錯嗎？(01)主角威能,奇幻科幻,完結,140,70,1,,https://mojoin.com/novels/2942,"主角柯恩出生於「胡蘭王國」邊境的小村莊，故事敘述他遵從父親遺命，
以騎士為志願前往胡蘭王國首都，最後卻成為護國大法師、召喚術士、死靈法師、光明祭司的史詩故事（？）。
柯恩的個性大而化之，但有一件事情他始終耿耿於懷──為什麼每個對手通通都會死於非命？

喝水被嗆死、踩到水坑滑倒摔死，甚至是被隕石砸死！就是沒有人能跟他打到最後。
什麼？你說這樣很幸運？但柯恩可不這麼想，他練出強健的體魄、堅忍不拔的意志、舉世無雙的劍技，
卻始終無法與人進行一場真正的決鬥，就像是滿肚子的大便到了肛門邊卻永遠拉不出來一樣慘！

慘！慘！慘！

而這一切的開端，就要從那個在與柯恩對決時，被隕石砸死的魔龍開始說起……",270,5
139,失去身體的我成為了幽靈鎧甲冒險者,奇幻科幻,完結,30,0,0,,https://mojoin.com/novels/673,"在與強大魔物的對戰中我與摯友都變成重傷，在只能讓一個人存活的狀態下，摯友將生命力全都給予了我……
但是……沒想到我還是變成了幽靈鎧甲？
變成幽靈的我追尋著理應死亡的友人的軌跡，重新踏上了冒險的旅程。",512,6
140,黑貓白白,奇幻科幻,完結,180,0,0,,https://mojoin.com/novels/3616,"黑貓白白，毛皮油光水滑，營養充足，四肢纖長靈活，貓型倒三角臉上健康黝黑的鼻子，還有一雙碧綠靈動的眼眸，平時靜如處子、動如脫兔、能屈能伸、賣萌、冷豔兼具一身，偶爾還要充當心靈導師的角色，牠敢說，像牠這樣一身才華洋溢又顏值兼具的角色在喵界也是鳳角鱗毛的稀缺貨。
為什麼不說獨一無二？做人......唔......當貓還是得要謙虛一二才能討人喜愛啊，看看，牠還知書達禮。",461,6
141,遊戲結束之前02–支配禁止–,奇幻科幻,完結,208,68,2,,https://mojoin.com/novels/3805,"生存守則②：敵人和朋友，只有一線之隔。

高智商玩家╳偏執系犯罪者
殺戮、生存、信任、背叛，歡迎一起加入這場死亡遊戲──

隨著鑰匙爭奪任務開啟，島中隱藏的陰謀也逐漸顯露獠牙。玩家「盟友」的意外邀約，神祕敵人的殘酷追殺，當死亡的腳步不斷迫近，左牧只能依循紛亂線索的指引，來到一座無人的廢棄之「巢」……

而等待在前方的，究竟是敵，抑或是友？「你不應該太相信別人，左牧先生。」",336,2
142,《蛛網：織繭》,奇幻科幻,完結,600,0,0,,https://mojoin.com/novels/3619,迪薩斯特大陸，這是一片蜘蛛站在食物鏈頂端的詭異黑色大地。而在天空中漂浮著一座都市‧天空城。上頭居住著名為「鑄光師」的第三勢力，他們與人類結成同盟，欲扭轉被蜘蛛統治的命運──卻又在多年前的戰爭中落敗。但蜘蛛方也同樣蒙受了不少損傷而撤退，三方從此陷入了恐怖平衡的態勢。而在這五百年的和平下，命運卻悄悄地開始轉動。蜘蛛為了「徹底毀滅人類」而準備再次出擊，打破平衡。人類為了「保全種族的存續」不得不拿起武器抗爭。鑄光師則為了「神的旨意」，劍指這世界上唯一的仇敵。時間彷彿回到了五百年前那劍拔弩張的時刻。然而自由意志卻早已不再自由。那上頭纏繞著一層又一層蛛絲，猶如織繭般緊緊綑縛──,17,6
143,不聽吸血鬼的話，就會被咬喔！(03)獵人之子,奇幻科幻,完結,42,11,3,,https://mojoin.com/novels/2425,"「你就是我的弱點！」
浴室傳來令人遐想的聲音，純血族的「耀升之星」——米季，正在享受他家新娘的服務。
現任家主米蘿對米御下了誅殺令，米御走到哪兒都被晚輩埋伏，他被妹妹通緝、被兒子封印、被孫子拒絕一起去吃甜點，韓昭明不知道他做人可以失敗到什麼地步，但當「世界末日」來臨，他居然有✕✕米御的衝動!?
「以下稱立約人米御為甲方，韓昭明為乙方……」
韓昭明看到第一行就傻眼了，這種像business man在簽的，到底是什麼？
跟他想像的「新娘契約」不一樣。
不是應該「無論是好、是壞，直到死亡將我們分開」嗎？",58,5
144,饕餮食堂(01)神獸轉生,奇幻科幻,完結,30,93,1,,https://mojoin.com/novels/2913,"杜櫻恨不得把寄生在身上的饕餮食怪趕出去，
這隻妖怪害她成天吃個不停，還捲進一連串的妖怪殺人事件。
天哪！這座城市裡的妖怪怎麼這麼多？
不管是上市集買菜、進咖啡館聽歌、躲在警察局裡頭，
全都能遇見妖怪喔！

肉片一接觸鐵網，就發出滋滋的聲音，還散出微微的香氣，肉片上常青抹了奶油，有種奶味隨著肉香一起燻烤，空氣中都是勾引人食慾的味道。
鐵盤上的肉片翻了一面，留下格菱紋狀的痕跡，肉慢慢熟了，變成淺淺的褐色，還帶點金黃色的奶油。

妖怪美食圖鑑，食堂日日上菜。
深夜嚴禁翻閱，否則後果自負。",371,5
145,一擊必殺的不敗聖劍(01)聖劍英雄的黎明,奇幻科幻,完結,1,5,1,,https://mojoin.com/novels/3412,"聖劍英雄伊吉，橫空出世！

人類為了要搶回被亞獸吞沒的世界，分別建立了兩大機構：戰校和學院。妄想成為世界大英雄的伊吉，在某次機遇中撿到了一把名為龍吼之淵的機聖武裝劍，成為了曉星戰校的學生。

然而，伊吉的行事作風，比起像個英雄，不如說更像個魔王，不僅攻擊學校守衛，亂轟光束炮，挑釁老師，甚至誤入女子更衣室，不小心看到女同學更衣，因此還惹上了女同學的姐姐，全校最暴力的惡霸女──琴凱琳。

「就是他吧？妳說的那個男朋友，看起來很弱的樣子。」
「妳說誰很弱呀，金毛矮冬瓜，我可是未來要成為大英雄的人，伊吉，妳最好給我記住了。」
「金毛矮冬瓜！你居然叫老娘矮冬瓜！給老娘去死啦啦啦！」
於是，在大斧頭和刀劍互擊聲響下，伊吉的戰校生活和英雄之旅正式展開！",443,5
146,Destiny 光與影的羈絆(01)黑與白的交織,奇幻科幻,完結,190,1,1,,https://mojoin.com/novels/3312,"大陸十一年一次的創末祭典在東大陸劍都正式展開，來自四方的強者齊聚一堂，全都是為了爭奪那最高的榮耀！但這次的祭典跟以往有些不太一樣……
烙印著滅世之咒的犧牲者、神祕的黑色處刑者、四大家族的信仰者、充滿罪障的贖罪者、背負著魔族最高死罪烙印的命運者……以及埋藏於罪惡紅夜中那最卑微的願望，全都隨著那人的出現而浮現於眼前。
曾經犯下不可饒恕的錯，曾經親手抹滅那人的存在，當那失去的羈絆再次回歸，他們想說的何止千言萬語，然而卻一個字也說不出口。
「初次見面，我是曉梧．蘭帝。」
那人的笑以及話語在瞬間打碎了他們長久以來的等待及希望。
就如同這個世界沒有所謂的如果，一切都不可能再從頭了。
對不起──並不是每一次都可以被原諒的。",508,5
147,舞弦者‧紫(01)〈Mission 1〉紅之夢魘,奇幻科幻,完結,0,72,1,,https://mojoin.com/novels/3543,"《舞弦者‧紫》Mission 1.劇情簡介

你所知道的，盡是虛假；你將看到的，才是真實！
以此作扉言的一篇文章，引發了一系列「意外」的悲劇，也打開了一扇未知世界的大門：在這個世界裡，有平時看來與常人無異的妖魔，也有追緝妖魔的狩獵者，貫穿了整個人類歷史的隱秘戰爭，背後卻潛藏著令人畏懼的真相！
還有那些和這個世界一樣精彩的人們：因為一篇文章叛出狩獵者的血腥屠夫「龍」，險些慘死妖刀之下卻又莫名其妙成為它主人的菜鳥復仇者「紅」，當然，絕不能忘記那個成就傳奇之後功成身退、隱居在香港做咖啡店老闆娘的美麗女人……
無論是妖魔還是狩獵者，都敬畏地稱其為──舞弦者‧紫！",429,5
148,蜂舞(09)再次改版,奇幻科幻,完結,50,67,9,,https://mojoin.com/novels/3372,"被坑了！被坑了！被坑了！
他們竟然被ＮＰＣ坑了！
＃會坑人的ＮＰＣ不是好ＮＰＣ！嚶嚶嚶……
第二次改版任務全滅！
──雖然說改版任務本來就是要失敗才會改版，可是他們還是想要轟轟烈烈地戰一場啊！
結果竟然……
傑昂佩爾！下次別讓我們遇見你！

※　※　※

方宛擺出霸道總裁酷帥狂霸跩的姿態，對鐵皮人笑得張揚明媚。
「鐵皮人，我允許你喜歡我！」
鐵皮人：「……」
林華和司空龍：「……」
臥槽！這自戀的傢伙是誰啊？
＃這絕對不是我家小妹！
＃進了船屋以後小妹的畫風都變了！這船屋有毒！",502,5
149,月下紅星,奇幻科幻,完結,310,0,0,,https://mojoin.com/novels/3631,"這是在「破碎的紅寶石」戰爭六年前所發生的事。
弗莉狄‧安翠在這一年成為了達莫奈特帝國史上最年輕的騎士，受盡年輕人的推崇。
但這卻只是一切的開端。
達莫奈特帝國的皇帝，有「改革帝」之稱的莫迪恩‧達莫奈特三世在國會中宣布即將發動戰爭，貴族與軍團之間頓時捲入了主戰派和反戰的漩渦之中。
而在這兩派的人馬卻將矛頭指向這位剛竄起的新科騎士。
因為她是年輕人的偶像，而這極有可能帶動年輕一派的走向。
也因此她被捲入了兩派的鬥爭裡無法脫逃……

＊

──妳可曾聽過那月下的紅星？
──沒有。但不覺得那種誇飾的稱呼很好笑嗎？我們將晚霞稱作「祖奈特的嘆息」；洛索達人將夜晚的銀河稱為「弗洛斯的鏡畫」？明明我們已經可以解釋這些景色，但常人卻寧願將其冠上四神的名諱，好像會讓祂們離我們更近一點。真的很好笑。
──唉呀？妳明明是一個賊，結果卻比我想像的還要聰明呢。
──妳明明是受改革帝敕封的騎士，卻比我想像的還要愚鈍。
──呵，也許我真的很笨吧。不過我還是相信哦，相信那月下的紅星。雖然有很多版本，但我最喜歡形容它是祖奈特神的淚珠。
──妳果然是笨蛋吧？
──我是浪漫，妳這白痴！",17,6
150,異魂變01 新生,奇幻科幻,完結,0,54,1,,https://mojoin.com/novels/3646,"他，一個只有編號，被組織出賣的殺手。在面臨死地，爆發強烈生存慾望的他，靈魂無意受到某種力量牽引，來到另一個世界，附身於一個剛自殺身亡的軀體──從此，他真正擁有了自己的姓名！
靈魂力是這個世界基本的力量，偏偏他附身的宇文翼，身軀不僅體弱，更不具有靈魂力；但在柳澤醫師的「幫助」下，他重新擁有開啟身體靈魂力的鑰匙。只不過，他需要付出一點代價……
他取代宇文翼，重新回到學院，面臨的第一件事，竟是被人欺負？當他找到機會報復時，卻不小心害錯人，反而被高高在上的學生會長抓到把柄，被強迫加入學生會。
學生會的光環太耀眼，破壞了他原本想過的平靜新生活，而擁有天使笑臉的學生會長，根本就是個愛指使人的小惡魔！學生會長甚至丟了莫名其妙的任務給他，要他限時完成──
突然間，他有種烏雲罩頂、前途無亮的衰運感，而且一時之間絕對散不了！",229,5
151,龍之聲系列　第一部：被埋葬的說書人,奇幻科幻,完結,15,77,1,,https://mojoin.com/novels/640,這是一個因夢而開始的故事，這個故事因夢而進行著，然後現在──,545,6
152,罪與德,奇幻科幻,完結,0,0,0,,https://mojoin.com/novels/515,"七宗罪，為人類惡行的分類。
分別為憤怒、貪婪、色慾、忌妒、傲慢、暴食、怠惰。
在這個世界裡，天神會選擇七位大罪人分別對應七宗罪。
***
棠巢栗子既「Lost Heart」之後，再度與繪師Ao合作，「罪與德」黑暗上架。
社會現實的黑暗面與奇幻異能題材結合，降罪連載。

「罪」的出現，往往都是由另一種罪所逼迫形成。
「德」就真的是正義的那方嗎？

故事講述在西元1977年的時候，天神第一次降罪了七位大罪人「七宗罪」。
而有一群私人教會發起了天罰，為了將七宗罪徹底消滅掉。
殊不知，天神每七年就會降罪一次七宗罪。
而教會也是為了替天行道，使用了民間武力天罰了他們所認為的七宗罪。
就在某次天罰之時，沾滿大罪人鮮血的教徒們得到了獨特的異能力。
隨著教會得到超越人類的力量，人們開始畏懼著教會，而教會也越來越放肆。
直到西元2019年，第六次降罪到來。
只不過這次被降罪成七宗罪的人不在只是單方面被教會屠殺，
他們也擁有了可以與教會抗衡的能力。",388,6
153,我們班的野良貓同學（上）貓妖的詛咒,奇幻科幻,完結,0,33,1,,https://mojoin.com/novels/2851,"邊緣少年楊哲瑋被貓詛咒，將會漸漸變成一隻貓！

當天，他沒覺得有什麼異狀，但班導師早點名的時候，他卻不自覺地發出了「喵」來回答本來的「有」，而引起班上哄堂大笑……
因意外撞到他暗戀的校花蘇小薇，但蘇小薇有嚴重的恐男症，很怕跟男生有任何的肢體接觸，就在楊哲瑋以為完蛋的時候，她卻意外地主動搭話……
楊哲瑋發現自己的感知能力變強，能知道遠處的動靜，出門買東西時，居然遠遠聞到蘇小薇的味道，然而正期待著不期而遇的時候，卻是一隻哈士奇朝他衝了過來……
因這陣子與蘇小薇走得太近，而被不明人士惡作劇，事後楊哲瑋被蘇小薇發好人卡，卻反而與惡作劇同學成為朋友，但他的目的是為了接近蘇小薇……
不過因為楊哲瑋和惡作劇同學突然關係變好，讓班上的腐女們想入非非，甚至提議要在園遊會的時候舉辦女僕咖啡廳，還讓楊哲瑋當看板娘……
園遊會時，貓研社的學姊小婕也來湊熱鬧，而楊哲瑋與小婕的親密互動使蘇小薇有點在意，也許愛情正悄悄地萌芽了……",548,5
154,我的網遊生活怎麼跟想像中的不一樣？,奇幻科幻,完結,16,0,0,,https://mojoin.com/novels/2986,"線上遊戲，曾經是方逸喬沒想過的一個世界，
直到被朋友們連拖帶拉的，才開始嘗試踏入了網遊世界，
誰知道，玩個網遊也能讓一直平淡的生活有了不同的波瀾。

可以不要讓我遇到傻眼又無奈的事情嗎？

我只是想輕鬆玩個遊戲，第一次遇到讓人想穿過螢幕揍死他的人……
當個小透明，舒心自在有這麼難嗎？QQ",430,9
155,不聽吸血鬼的話，就會被咬喔！(02)銀狼之跡,奇幻科幻,完結,203,11,2,,https://mojoin.com/novels/2424,"「你想射我，就要瞄準。」
韓昭明拿槍指著米御，扣下了扳機，子彈卻沒有打進米御的身體；韓昭明狠不下心殺米御，米御也捨不得傷害韓昭明，但米御卻做了一件讓韓昭明憤而離家的事……
身為一個人類，韓昭明雖不討厭「那種感覺」，但這樣說上就上——噢，他是說湊上，被米御的嘴唇湊上——未免太容易了吧？做人要多一點堅持，才不會被對方吃得死死的！
下一秒……
韓昭明覺得有點痛，舌頭在痛，他不小心咬到啦！
作者保證：這集有更多的咬咬和舔舔。
編輯點評：對付吸血鬼，請準備抹茶巧克力並點滿瑜珈屬性！",58,5
156,闇騎士Ⅱ(04)隱居魔族大遷徙,奇幻科幻,完結,0,80,4,,https://mojoin.com/novels/3546,"先有巫妖王，次有聖輝天使，隨後還有眾多魔族正在蠢蠢欲動？
在國家任務終於有了下文的這天，連場大戰接二連三，彷彿命運之神也卯足了勁要與洛特分個高低！
頻繁的戰鬥，終於讓血紅六翼的輝煌，重新綻放人間。
然而，強大的力量也挽不回即將逝去的生命，洛特唯有狠下辣手，將奇蹟寄望在馮勒的召喚魔法陣上……傾聽召喚的彼端生靈，又會是何方神聖？",475,5
157,神月online(02)試煉之路,奇幻科幻,完結,15,49,2,,https://mojoin.com/novels/3334,"結識了強力夥伴的冥夜，為了龍王硬塞給他的超麻煩任務，不得已前往大城鎮尋求解決問題的辦法，卻不知在自己看不見的地方，某個重要存在正面臨生死危機……

除了提防暗處逼近的惡意，還要面對各種自己找上門的麻煩，甚至還得拋頭露面參加官方舉辦的PK賽？

這……這全部都要怪那個白癡龍王啊！（怒！）",135,5
158,冷月FrostyLuna(01)如果不是你的話，這一切就不會發生了啦！,奇幻科幻,完結,0,29,1,,https://mojoin.com/novels/3459,"地球要爆炸了！我們還有……五集的時間可以跑？
來自異界的黑暗精靈塔伊拉率領一票黑暗精靈進攻地球，而塔伊拉的妹妹莉諾雅因為想要阻止他，勸他打消佔領地球的念頭，也跟著到了地球，沒想到勸說不成還被一路追殺到我房間？
在陰錯陽差之下，我跟著莉諾雅來到了傳說中的異界！不但看到了黑暗精靈，還碰上了個有雙重人格的美少女跟一票想把我抓去解剖的地球愛好協會成員！到底地球的命運……誰理他啊？到底我的命運會怎麼樣呢？",440,5
159,神器物流宅配中！,奇幻科幻,完結,488,0,0,,https://mojoin.com/novels/2922,"「您好，我們是神器配送公司祀玉社！」
不良高中生周恆某天在睡夢中落入地府，
看見忙翻天的城隍爺，這才得知配送兵器的外送員辭職了，
周恆在百般無奈之下，成為臨時派遣工。
上出天庭，下奔地府，被神明使喚的跑腿的職場生活裡，
周恆與未知的全新世界有了交集──
面癱毒舌的古扇，
極度自戀的關刀，
軟弱封閉的風火輪，
當境界線開始模糊的剎那，
日常與非日常交織的奮鬥物語華麗登場！",272,6
160,月夜之歌～拾光裡有你～(01),奇幻科幻,完結,90,18,1,,https://mojoin.com/novels/3504,"震驚！〈晌午拾光〉看上那小公會的原因竟是因為她──！？

頌頌花在個人賽中，打了第101名這個「好成績」，
與高額獎金擦肩而過的她，沒能抄捷徑買回自己被盜走的稀有武器。

然而一波未平一波又起，在絕望的同時，
他們的公會即將被大名鼎鼎的〈晌午拾光〉併吞？

和副會長昭光解副本的視頻被推上了論壇，還被湊成了CP？

然後在讓朋友替她登入帳號的時候，一個猝不及防地就被他告白了？

網遊人生一百八十度大轉變……
但她只想好好賺錢啊嗚嗚嗚！",483,5
161,精靈之歌,奇幻科幻,完結,0,0,0,,https://mojoin.com/novels/719,"百年前的戰爭畫下句點，後面的陰謀卻才剛開始，各族看似和平的表面下其實是暗潮洶湧。
百年後，一個名叫艾薇的神秘少女，隱身一人踏進了那偽裝亂的漩渦中，一步步解開那些被埋藏的真相
而她，真正的身分是⋯⋯？",366,6
162,格林遊戲,奇幻科幻,完結,13,0,0,,https://mojoin.com/novels/142,"不小心加入死亡遊戲，結果第一局就被妹妹打敗，從此躺著給大神罩…… 如果只是這樣，就是個幸福的故事了呢 * * * 林格下載了一款以格林童話為主題，含有益智兼育成要素的手遊，原以為只要解謎養妹子，想不到原來是奪魂鋸系兼超能力系…… 不僅要解謎、猜謎，在遊戲中死了現實也會死亡！ 要勝利，就要活用知識及善用源於童話故事守護靈的能力，猜出敵人的童話，或是殺死對方。
「知名度高的童話容易被論斷，但是同時守護靈也很厲害，反之亦然。」 「反之亦然……靠不就是妳弱爆了嗎？」 「所以我只有你了。」 「……」
幸好，林格在第一場挑戰就輸給親妹林歲安，從此林格變成附庸，跟隨大神林歲安，踏上完成霸業之路。 ……如果這是如此輕鬆愉快的故事就好了。",379,6
163,菜鳥之王(01)死性難改,奇幻科幻,完結,2,61,1,,https://mojoin.com/novels/3437,"自建立以來，為世界提供無數頂尖人材，推動著世界發展的育成機構──地球聯合最高人力資源培訓學院，俗稱王之庭。
為了和妹妹相見，我，蕭子楓隻身來到了這雲集各界精英的人工島上。
「我不認識你！」被妹妹當成陌生人。
「現在怎麼辦？」被奇怪的妹妹依賴。
「有話留到地獄跟閻王說吧……」被不是妹妹的傢伙追殺。
「即使大哥哥叫破喉嚨也不會有人來救你！」被看似妹妹的姐姐綁架。
即使受盡苦難，為了妹妹，一切都是值得的！
只要不放棄希望，努力前進，絕對能到達妹妹所在的地方！",281,5
164,闇騎士Ⅱ(06)魔隱宮遺址攻略,奇幻科幻,完結,0,80,6,,https://mojoin.com/novels/3557,"飯可以亂吃、話可以亂說、人絕對不能亂救！
洛特用血淋淋的教訓，換回了這句至理名言。他也料不到，因為一時貪圖省事，想抓幾個壯勞力代工，結果盯錯了人、多管了事，這會變成人家的代罪羔羊，被偷襲一把，再度醒來赫然驚覺──
他竟然躺在魔王眼皮子底下！
難道明天的今天，就該是戰地殺神的忌日？",475,5
165,業火少女七奈,奇幻科幻,完結,2,0,0,,https://mojoin.com/novels/3637,"被全班遺忘的少女是操火使，家裡蹲的妹妹是夢之巫女……而這一切，都是克蘇魯的呼喚。
傲嬌少女X兄控妹妹X克蘇魯──在名為「常理」的是非題中，絕對無法打上圈的故事。",36,6
166,魔法糖果騎士(01),奇幻科幻,完結,0,89,1,,https://mojoin.com/novels/3314,"這個小鎮，據說精靈會從迷你小門來到家中，實現人們的願望。
可惜是許願的方式不對嗎？
渴望朋友的歌莉，怎麼由害羞少女變成魔法少女了？
同時小鎮還出現一連串怪事──巧克力一夜間全部失竊、薄荷迷霧令人徹夜失眠、幽靈搗蛋嚇得人心惶惶……
歌莉無奈披上華麗澎澎裙，認命肩負守護小鎮的重任！
咦？哪裡來的神秘少年，看起來很冷酷卻會主動來幫忙？
什麼──他就是邪惡主謀？
他究竟有什麼企圖？歌莉實在搞不懂啦！

「下次一定要抓住他，把原因問個清楚才行。」",533,5
167,這樣的學園，沒問題嗎？(09)神所眷顧的世界,奇幻科幻,完結,209,56,9,,https://mojoin.com/novels/3287,"「先回安全的地方等我，拜託！」
即使梅悠苦苦哀求，柯爾卻執意握緊她的手，「我絕不會在這種時候丟下妳，絕不。」

戰爭結束之際，被稱為「神之怒」的魔物海嘯卻忽然襲向整個世界！

轉眼之間，萬千魔物已迫至城下，梅悠與柯爾等人被困在王城中，身邊是這國家曾經的重臣與無數傷患。

冰冷的死亡近在咫尺，究竟該怎麼做，才能保護自己深愛的人？

王子、伊兒雪、洛方等人，這時也面對最艱困的考驗──眼前是這世上最致命的敵人，身邊是最不想失去的夥伴，該怎麼做才能全身而退？

黑夜如此漫長，黎明是否能如期到來呢？",213,5
168,未知領域(01)伊都娜蘋果,奇幻科幻,完結,249,22,1,,https://mojoin.com/novels/3461,"隱藏的區域、奇異的人群、無人道的犯罪以及連續殺人事件，一個未曾注意卻又貼近你我的生活，前所未有的故事就此展開。
這是個在臺面下鬥爭的故事。
少年林品哲，一次迷路中進入了他不該進去的區域：暗藏在巷道的奇妙空間：看似普通的街道，沒有人、沒有垃圾，卻感受到受人監視的壓力。

－－「未知領域」－－
知情的人都這麼稱呼他。一般人絕對不會知道，隱藏在這個和諧社會底下，無人知曉、沒有法律、沒有道德標準，純粹憑著才能與戰鬥技巧生存的地方。
對這個環境感到好奇的林品哲，利用自己駭客的才能為交易，與知情者深入交往，卻沒料到，越瞭解「未知領域」，就知道殘酷的真相－－
同時，也將自己逼入危險絕境之中。",59,5
169,顛覆童話(03)泡沫與糖果屋(END),奇幻科幻,完結,143,85,3,,https://mojoin.com/novels/2459,"由妳來告訴我，愛上一個人是什麼樣的感覺。

臨海大國尤諾里的第一王子，被傳說中的人魚拯救，
而美麗人魚少女的出現，也頓時成為轟動全國的消息，
但這對米拉來說，絕對不是什麼好事。

她不過是很普通地救了落海的人，誰知道那是王子，
而且現在還因為這件事，不得不假扮成宰相格雷姆的護衛，
來到王宮這種讓她最討厭的地方展開調查，
結果沒想到冒牌貨居然是自己的子民，還相當迷戀王子，
接踵而來的事實讓她頭疼不已。

原本不懂愛情的米拉，看著陷入愛戀的夏琪卡，
想起的是格雷姆那張令她心煩意亂的笑臉。
在她意識到自己對格雷姆產生愛意的同時，
也不得不向他坦白，自己究竟是什麼人。

人魚公主愛上人類，但她知道那是不切實際的夢，
捨棄尾鰭選擇雙腿，以巨大的代價換來人類身軀的人魚
在被心愛的人背叛後流下悲傷的淚水，
她不願讓這份痛苦成為仇恨，選擇沉入海底化作泡沫。
──然而這並不是故事的終章。",336,5
170,我應該拯救你，還是該讓你被殺？,奇幻科幻,完結,450,0,0,,https://mojoin.com/novels/3621,喜歡獵奇並不是什麼大不了的事情。畢竟這些都是虛構出來的。只要這些東西乖乖存在於二次元，對現實就一點影響都不會有。是這樣沒錯的……對吧？,75,6
171,異世人生,奇幻科幻,完結,1,0,0,,https://mojoin.com/novels/543,"世界末日降臨，擁有「異能」的高中生白鳳炎，與兩位青梅竹馬一起被自稱「創世神」的面具男子邀請至異世界。
以為能在異世界度過輕鬆打怪、尋寶、與異世界美少女玩樂的日常，卻突然被強制進行一年的武學修練！
好不容易修練結束，又得在路邊擺小吃攤存錢，應付個性古怪的客人！

對於異世界生活瘋狂吐槽的白鳳炎，終於邂逅令他一見鍾情的白翼美女寒鴞雪。
不料兩人的相遇，牽動出一場神話般跨越百年的愛恨情仇，帶出白鳳炎神秘的身世。
同時，白鳳炎的兩位青梅竹馬也捲入大國間的戰爭，甚至影響整個世界的存亡──

「因為你們需要那個世界，而那個世界也需要你們。」
身懷奇特治癒之力的吐槽役青年、有著白色翅膀的偽冰山美人、擁有怪力和臺灣國語腔的偽娘、身為凡人但外表帥氣的金髮女子。
四人共同打造的異世界奇幻故事，正式揭開序幕！",369,6
172,鍾馗 鬼王事件簿(01)這個鍾馗很另類,奇幻科幻,完結,1,78,1,,https://mojoin.com/novels/3482,"「鍾馗嫁妹」往事入夢來，夢見之人還是本代鍾馗傳承者。這，隱藏了怎樣的玄機？
杜財神府夫妻失和，遣盡下人、閉門謝客。這，又是否意味兩者之間具有某種未知聯繫？
一面古銅鏡，牽起鎮守小蓬萊的鍾馗返鄉心思。然而，孩提時的故居乍看如舊，山雨欲來的徵兆卻是掩也掩不住。
潛伏在杜府平靜表象下的陰影，正欲將「祭品」逐一侵吞……",475,5
173,皇家騎士團屠龍筆記,奇幻科幻,完結,0,0,0,,https://mojoin.com/novels/3584,"二十幾年前 ，一位美麗的公主被惡龍囚禁，一位勇敢的少年騎士前去營救，成為不朽的傳說，少年也因此被國王召進皇家騎士團中。
然而，一場陰謀使得少年被流放，從此失去蹤跡。
七年後，現任騎士團團長找上風光不再的青年，說明王國大陸因探測到再度甦醒的龍息而動盪不安，要求青年同皇家騎士團一起執行任務。
而騎士團團長當年正是青年麾下的副官，對於多年後明顯有病的前長官感到十分嫌棄，青年也看這小白眼狼非常不順眼，兩人仍得找回當年默契，好好出發......

一個你看我有病，我看你不爽的故事。一個提到想當年就玻璃心的故事。
「有病的傢伙！」
「小白眼狼！」",170,6
174,魔王真命苦(01)魔王繼承人,奇幻科幻,完結,10,86,1,,https://mojoin.com/novels/2993,"征服世界，是魔王的職責和義務──
患有嗜睡症的魔王繼承人莫林，為了繼承老爹的偉大志向，
發誓要成為讓整個大陸顫抖、最有職業道德的大魔王，決定踏上征服世界的邪惡旅程！
但是才剛走出魔界，他就遇到了熱愛搶劫的魔龍納塔斯，
並且意外砸死了教廷主教，立刻變成了勇者和教廷騎士團的討伐目標。
魔王的生活，果然是心酸得讓人喘不過氣，莫林又將如何面對種種危機？
苦命魔王與他的天兵夥伴們，即將在大陸上掀起最無厘頭的冒險物語！",54,5
175,闇騎士Ⅱ(05)他歸去、她歸來,奇幻科幻,完結,0,80,5,,https://mojoin.com/novels/3556,"打著冥王旗號的神秘商隊來到魔界，裡頭卻藏著一票種族大融合的成員？
這樣危險的組合也能安然通過關口檢查，叫人不得不感慨，這位四界中最神秘的王者確實名不虛傳。只不過，馮勒似乎被冥王的名號，弄得有些火大？
身在魔界，牽扯著昔日恩怨的麻煩不可避免找上門來，導致商團內部到外頭，有些人就連續燒起好幾把心頭火……
面對接踵而至的舊人、舊事、舊情，洛特要如何見招拆招？好好站穩他重返魔界的第一步！",475,5
176,神月online(06)雨過總會天晴,奇幻科幻,完結,0,49,6,,https://mojoin.com/novels/3338,"明明只是單純進行聖地巡禮的任務，卻一波三折？
警報來得又急又突然，身邊的人緊張得團團轉，當事者卻淡定過了頭。
嘛……其實也不是無動於衷，多少有點心兒怦怦跳？
反正船到橋頭自然直，就算歪了再把它扳正就好。
但是麻煩多得跑到現實中來真的很無言……拜託不要挑三更半夜啊！
打斷別人的睡眠時間，還讓不讓人玩遊戲啊！（哪裡不對？）",135,5
177,來自月亮的愛麗絲,奇幻科幻,完結,0,0,0,,https://mojoin.com/novels/2894,"艾維斯是名普通的大學生，某天，一頭藍髮，且頭上有一對兔耳的失憶少女──愛麗絲，闖進了他的生活。
這名少女竟然是從月亮「掉下來」的外星人，具有難以控制的怪力，只要慌張或害怕，一個不小心就會造成大破壞。

自從收留她以來，就發生了許多麻煩的事情，但因為她的身分與外貌像極了母親留給他的繪本故事的主角，他實在無法狠心放她不管。

對超自然和外星人特別喜愛的倫恩也跟著闖入，現在艾維斯平靜的生活又變得更加「熱鬧」了。

然而，愛麗絲在地球闖了大禍，三人瞬間成了媒體追逐的對象，為了避免愛麗絲被抓去研究，他們只好想辦法送她回月球去。
但離別之際，艾維斯才終於察覺自己對愛麗絲的感情……

更糟糕的是，居然有惡魔想要毀滅月球！

身為守護月球的皇族的愛麗絲，面臨抉擇之下，終於還是決定挺身面對勁敵。
但過去的陰影仍然緊跟隨著她……
她是否能在艾維斯與倫恩的幫助下，如同繪本裡的人物那樣，成功守護月球呢？

來自月球的兔子公主，今天也很努力在搞破壞呢！",548,5
178,自律人偶,奇幻科幻,完結,0,0,0,,https://mojoin.com/novels/677,"原來跟女孩子同居，沒有想像中的好。
等待畢業的大四生木天人，某天在自己的租屋處，收到一個大包裹，裡面裝著一個有如人偶般美麗的少女，她自稱是梅希蒂，職業是人偶師。",108,6
179,神月online(05)開啟神的國度,奇幻科幻,完結,0,49,5,,https://mojoin.com/novels/3337,"為了幫忙籌老弟的購屋金，冥夜只得非常不情不願地參與挑戰賽。
目標──百人斬？這麼狂傲自大的挑戰目標到底怎麼回事啊！

不僅如此，雪堯還給他加上了新難題，就連完全不想扯上關係的賭頭二人組都頻頻來找碴……就不能讓他專心一點打挑戰賽嗎？

賽場裡打得熱火朝天，就連場外都不得安寧。更別說挑戰賽結束後還有數不清的麻煩接踵而來……

冥夜表示心累，麻煩來個天使治癒一下他疲憊的心靈吧！",135,5
180,我的室友是阿飄！,奇幻科幻,完結,0,0,0,,https://mojoin.com/novels/3050,"張耀銘立志成為小說家，但卻非常地不順遂，
又被出版社給當面退稿，努力了很久，就只出過一本書。

目前只能在超商打工，過著困苦的生活。

面對現實的種種壓力，在他決定要放棄唯一堅持過的夢想之時，
卻在一次租屋中，
意外碰上了寄宿在房間裡的幽靈──小徹，還有住在隔壁的插畫家方琦。

張耀銘對方琦一見鍾情，但卻不敢行動，
最後與小徹達成協議──
只要他幫他追方琦，那他也會實現諾言，陪他玩遍遊樂園！

卻沒想到小徹第一步卻是附身在方琦所做的兔子玩偶身上，搞得張耀銘的生活天翻地覆……
小徹與方琦都有自己的夢想，也成為支持張耀銘夢想的人，三人在星月下的遊樂園許下心願。
他們的夢想，到底會不會實現呢？",548,5
181,不聽吸血鬼的話，就會被咬喔！(04)新娘之契,奇幻科幻,完結,0,11,4,,https://mojoin.com/novels/2426,"「我喜歡看你，像砧板上的魚。」
甜美的聲音吐出惡毒的言語，韓昭明要懺悔，他不該對米御開條件，所以……他就自食惡果了！他被打扮得英俊挺拔、戴上項圈，米御向他送上鮮花和鑽石，玩起了監禁＋放置play！？
米御的「前」新娘找上門來了，他有著絕世容顏，清新脫俗，他和普羅郡公聯手綁架韓昭明，害韓昭明覺得身體不舒服，心裡也不蘇湖！
「你願意成為我的新娘嗎？」
下跪、深情款款，如果米御再問一次，這次，韓昭明一定會說……",58,5
182,顛覆童話(02)夜天使與王子,奇幻科幻,完結,120,85,2,,https://mojoin.com/novels/2458,"即便要我拋棄一切，我也絕對不會放開妳的手。

從小身體虛弱的布萊恩，不過是虛有的王子，
沒有人在意他的死活，就連他的父親也從未愛過他。
原本以為被丟棄在森林的自己，會成為野獸的盤中飧，
卻沒想到在垂死邊緣，遇見了改變他一生的天使。

當年撿到的小小少年，多年後成長為令她驕傲的男人，
維卡將布萊恩的成長全看入眼底，連同他那份愛慕。
明知道自己無法放開布萊恩的手，卻又無法迴避他，
面對布萊恩坦率的告白，維卡才終於做出決定……

從前有位王子，愛上了森林中的少女，
在向她求婚的那晚，邪惡的魔法師蠱惑王子的心，
將真心相愛的兩人殘忍地分開。
被拋棄的少女無助地流淚，眼睜睜看著王子贏取魔法師為妻。
──然而這並不是故事的真相。",336,5
183,闇騎士Ⅱ(11)瑣事、戰事、天下事,奇幻科幻,完結,21,80,11,,https://mojoin.com/novels/3596,"神王是大敵，神族卻以救世主的身分加盟普羅斯抗魔聯軍？
赤裸裸的陰謀擺著，洛特一行人既然歸來，當然得揭穿神王的險惡用心！
新的戰火熊熊燃燒，明面對立、暗地裡同歸一人麾下的神魔雙王，似乎已經準備拋卻無用的陰謀，以最純粹的力量結束冥神與奈修瑞恩這一回合的博奕。
在神秘加盟者的幫助下，一場媲美神王計謀的空前大騙局，瘋狂登場！暗地裡，針對魔王的行動，也在悄然醞釀……",475,5
184,最初與最後之時,奇幻科幻,完結,0,0,0,,https://mojoin.com/novels/3706,"發生在不遠的未來，也比神話更為古老的故事。
因為命運而相遇，卻註定要背叛才能實現的愛－－這就是預言的本質。",41,6
185,輝銀的阿卡迪亞　第一枚,奇幻科幻,完結,10,0,0,,https://mojoin.com/novels/551,"三年前母親病逝後，作為海比克斯家族末裔的蘿莎就與女僕艾可相依為命，在周圍的異樣眼光下低調地生活著。
蘿莎原以為自己也會在不久後和族人們一樣，因為百年前家族背叛魔女的「詛咒」而死，卻在某日莫名進入了一場灰銀色的夢境中，在被黑色影犬包圍的絕境下，與那名幻想一般的少女相遇。
「妳想要繼續活下去對吧？那就支付代價吧──讓我見識一下妳對願望的執著。」",136,3
186,零度領域前傳 狙擊手篇,奇幻科幻,完結,4,69,11,,https://mojoin.com/novels/3251,"在「戰神」名揚之前，

他們也只不過是遊走在各處的獨行俠，
一次次的交鋒成就了彼此的相知、相惜，
在槍砲彈藥的烽火中，鮮血交織成生死與共的友誼……

要是看了上面那些，誤以為本文裡頭會有轟轟烈烈的戰鬥，
那貓邏只能說－－你們真是太、天、真啦啊啊～～
所謂的文案啊，就是用來騙人滴！
這裡有的，就只是韃羅貓等人在狙擊手跟現實生活裡的一些片段，
部份不為人知的秘密！",502,5
187,闇騎士Ⅱ(08)極限瘋狂與秘辛,奇幻科幻,完結,0,80,8,,https://mojoin.com/novels/3575,"奧納格殞落的慘劇，是怎樣的力量在背後一力主導？
歸來的亡者將親自帶領選定者走上一遭，讓大家用雙眼目睹神界崩潰序曲的上演！
然而，想要知道真相，勢必付出代價。神王的步步緊逼，幾乎讓洛特陷入絕境……
如此絕境，馮勒卻不肯分兵各個突破的堅持，又是基於怎樣的幕後原因？
在死亡陰影逼近的當下，眾人是否能迎來轉機？這時候，驟然出現相護的鐮刀，又將代表哪方勢力？",475,5
188,王子培育計畫(01)初見天界候選,奇幻科幻,完結,20,19,1,,https://mojoin.com/novels/3509,"「如果能再見面，那就好了。」
懷著這樣的思念，夏靜天遇上了那似曾在夢中見過的少年。
少年有著銀色長髮與眼眸，只見他以俊臉擺出誠懇的笑容，緩緩地開口。
「我是神，是天界候選，而你……正是我要尋找的『艾普里歐』。」

  ……咦？
選拔？培育？彼界王？
夏靜天是彼界種子寄宿的「艾普里歐」？
這個少年要將他培育成王？

  與人類社會脫節的天然呆神明亞洛爾，陰陽眼準高中生夏靜天，再加上自稱夏靜天臨時代理監護人、
要保護夏靜天免受某位少根筋神明危害的死黨蘭予希，為期三年的王子培育計畫正式開始！",163,5
189,神月online(04)遲緩的破滅,奇幻科幻,完結,1,49,4,,https://mojoin.com/novels/3336,"初次參與城戰，卻因為病毒體的出現而一團混亂。
冥夜一而再、再而三像跳針的唱盤般出現在重生點，眾玩家都炸鍋了！
到底是怎樣強大的對手，竟讓冥夜死了又死？
冥夜表示：轟轟烈烈戰死不可怕，迷迷糊糊陷入溫柔陷阱中，那才真是羞恥得都想死了……
還有你們這些NPC到底怎麼回事啊？又是耍小人、又是搞自殺，對自己的生命這麼不愛惜……通通給我差不多一點啊！",135,5
190,闇!騎士外傳－時間的此端與彼岸,奇幻科幻,完結,0,81,1,,https://mojoin.com/novels/3521,"愛情使人盲目，但，盲目有的時候又會使人勇氣倍增！
所以連跟異性牽手都有障礙的塔迪，才有毅力魔界千里追愛，才有膽量找上洛特充當愛情顧問。
然而，皇儲「頑疾」格外難纏，佳人芳心不易討好──一個月的時限，塔迪加洛特的組合該使出何等手段，才有機會馬到成功？《塔迪篇．愛情無界線》，讓人見證愛的勇氣。
篝火晚會、細說往昔，馮勒師承大揭秘！馮勒與他第一位授業恩師究竟是如何初遇？絕對的崇敬是如何養成的？而死靈法師又該怎樣快速培育？《馮勒篇．回首求學時》將娓娓道來。",475,5
191,神月online(03)血之異變,奇幻科幻,完結,4,49,3,,https://mojoin.com/novels/3335,"好不容易結束了比賽，冥夜卻被迫開始逃亡？
被力量僅次於月神的強大存在盯上，結果竟意外和辛尼身上的重大秘密扯上關係！
對他起了興趣的高等NPC一個個自動找上門來，是嫌他的麻煩不夠多嗎？
又是遭小偷、又是被跟蹤，連尋找哥哥的小蘿莉也纏著他不放……
冥夜哀傷表示：難道自己真的有吸引怪胎的特殊體質？",135,5
192,所羅門領域(01)被遺忘的故事,奇幻科幻,完結,0,40,1,,https://mojoin.com/novels/3570,"在黑暗中緊緊握著對方的手就可以確保不會失去了嗎？千萬要小心是否有未知的勢力正在窺視著自己。
卡希特落入了無法回來的地方？！
被未知領域重要的單位「生命工廠LM」所管理，不能讓裡頭出來、也不能讓外界進去。所謂未知領域的垃圾場──「遺留地」，雖是定期將垃圾清理到無法進入的深處，一旦有人不小心落進去就無法出來。
不論是監視者、清道夫，除非計畫允許，否則誰也沒資格去就裡頭的東西帶出來。
想救卡希特就必須與未知領域對抗！而能夠入侵主機，順利救出卡希特的，全未知領域只有一人──未知領域的清道夫，瀨！",59,5
193,女巫養成記01 轉學,奇幻科幻,完結,0,9,1,,https://mojoin.com/novels/3642,"面對叔叔「一生唯一」的請求，答應轉學的盧筱希越來越後悔她當初為何要心軟
──
靠，這到底是他媽的什麼學校啊？
進校門要精神力；
畢業資格是孵出小女巫；
學校學生除了來自各個星系的外星人還有叔叔曾說過的故事人物……
面對種種出乎她認知以外的學校生活，以及各式各樣的校規規定，她就已經夠傻眼了，偏偏她還跟聖洛亞各相剋，倒楣命運就此和她糾纏不清……叔叔，你就不要有一天被我找到！",229,5
194,零度領域 新裝版(05),奇幻科幻,完結,0,69,5,,https://mojoin.com/novels/3225,"酆都真不愧是「鬼都」，路過的都是一些妖魔鬼怪
看起來還真像是來到另一個世界的感覺……

媽呀！要找鬼王還要經過一堆機關跟怪物，真是累死人了！
欸？前面有別的隊伍耶，那個男生好面熟……

呼呼，找了一堆陪練高手，我應該可以進步神速吧？
不過，怎麼總覺得有一股帶有「殺氣」的視線傳來呢？
我應該沒有得罪人啊……

終於、終於要跟其他人開打了！
我一定不能輸！
啊啊！不可以耍賴偷襲啦啊啊啊！
可惡，大家都變奸詐了！",502,5
195,不聽吸血鬼的話，就會被咬喔！(05)家主之爭,奇幻科幻,完結,0,11,5,,https://mojoin.com/novels/2427,"他被推去撞牆、撞天花板，被咬得頭昏眼花，從他身上流出來的東西弄髒了床單（他指的是鮮血），他褲子都脫一半了，結果米御跑了！
純血族從上到下都知道他是白狼，還跑去他家按門鈴、拍照、朝聖，到底是誰洩漏他的個資？——不要在我的視線裡出現吸血鬼，讓我想起他啊啊啊，混蛋！
他費盡千辛萬苦潛入家主宅邸，當米御就站在他的面前，他知道自己一生都會跟這個人糾纏下去……
「韓昭明，我選擇你。」如果米御不能來找他，就由他去找米御吧！",58,5
196,我被困在遊戲裡了？,奇幻科幻,完結,0,0,0,,https://mojoin.com/novels/1102,"少年發現自己進入遊戲世界，一個平凡的普通人，要如何在擁有魔法、神奇力量的異世界生存下去呢？
他該如何決定自己的道路？首先要找到盟友，少年遇上公主，一個看穿他來歷的人。

少年知道遊戲世界的故事，甚至走過每一塊大陸，向重要人物交付過任務，他什麼都知道，又什麼都不知道。
公主自身也面對著身分、國家、家族、成長的困境。

少年知道世界面臨著危機，他進入世界的時間點不巧，成為一個魔法學校的應屆畢業生。
問題是他什麼都不會，他能做什麼幫助公主？改變世界的命運？",203,9
197,闇騎士Ⅱ(07)變色的光之故鄉,奇幻科幻,完結,0,80,7,,https://mojoin.com/novels/3574,"神界的「特產」是什麼？
以前不好說，現在抓十個人，有九個會回答「恐怖活動」，另外三個人則會痛心疾首地告訴你：「失業潮！」
神王的鐵血統治，幾乎把神界營造成另一個魔界，卻無巧不巧，提供了洛特一行人混水摸魚的機會。
只不過，機遇與危險總是相伴，能把握住就會成功；把握不了，勢必成仁。看洛特一行人如何勇闖神界！",475,5
198,姑涼惹不得(01)命中註定的相遇,奇幻科幻,完結,0,38,1,,https://mojoin.com/novels/3416,"鼎鼎大名的電腦駭客向韻涼，為了暗中幫〈陞光〉找出最近惡意竄改玩家帳號的兇手，登入一年多以來都沒有碰的〈微風之翼〉，要尋找出隨機惡意攻擊玩家的兇手。

沒有想到一登入到全息系統，想要先試試看手感，在野外區揮個劍就殺死了WWO中的某大神──

覺得很抱歉？願意賠償？可是怎麼辦，大神什麼也不缺──
看來，可憐的小姑涼就只能以、身、相、許了！ヽ(ﾟ▽ﾟ)ノ",483,5
199,闇!!騎士(02)天使也瘋狂,奇幻科幻,完結,0,79,2,,https://mojoin.com/novels/3395,"洛特與穆亞，居然也有感情破裂的一天？這下子，騎士團霎時慘遭超級低氣壓籠罩，人人繃緊神經，日子過得低調再低調，偏偏上天不作美，竟派來競爭對手湊熱鬧。

皇家VS禁衛，兩大騎士團的梁子豈是幾日幾夜說得清？奈何友誼交流賽的到來，恰好撞上一肚子鬱悶無處發洩的洛特活火山，搞出了一對十九車輪戰，外帶一場半夜三更的危樓群戰。

洛特是否可以逢凶化吉，或者只能苦哈哈的被人修理一場又一場，仰天祈禱未知的強援？",475,5
200,Math Server Volume 1,奇幻科幻,完結,0,4,1,,https://mojoin.com/novels/60,"用定理鍛造武器、用信念開拓未來。
融合校園日常、王道戰鬥、解謎推理的現代都市輕奇幻「Math Server」系列正式登場！",139,6
201,私人童話,奇幻科幻,完結,0,0,0,,https://mojoin.com/novels/877,"以童話為基礎或範本的個人創作童話（但並不是給小孩子看的）。
屬於短篇匯集。",489,6
202,神月online(10)心的溫度(END),奇幻科幻,完結,0,49,10,,https://mojoin.com/novels/3342,"承載著各種期望、各種想法，全境副本天劫終於落下帷幕。
然而在帷幕之後，這場遊戲卻還未終結。

一如以往的日常底下，瘋狂的執念與惡意交雜，讓通往未來的道路崎嶇難行。
但是最純粹的感情，卻只有這一刻才能擁有。

在現實與虛擬之間載浮載沉，為了抓住屬於自己的幸福，以自身存在作為賭注。

這場遊戲，原來在更早之前就已經悄悄開始了……",135,5
203,魔法少女年鑑拾遺,奇幻科幻,完結,10,0,0,,https://mojoin.com/novels/3660,"傘面是透明的，她只要抬起頭，就能望見雨滴的結構被撞得支離破碎。
破碎的雨滴匯集成新的，宛如屍體重新拼裝成新的生命，然後再度支離破碎。
最美的是，世人稱其為梅雨。",84,6
204,虛月舞曲,奇幻科幻,完結,0,0,0,,https://mojoin.com/novels/3671,"受虛月詛咒的騎士，與素不相識的旅人青年踏上了旅程，兩人都在追尋各自的目標。
最後，兩人分別做出了選擇。騎士想守護人們，青年卻對騎士說。
「我想守護妳。」",71,6
205,諾瓦之塔,奇幻科幻,完結,10,0,0,,https://mojoin.com/novels/3618,"小說x吃雞x生存遊戲
一場死亡與重生的故事，一份告別的禮物

繪師/浣熊LiRn
封面設計/微靈",152,6
206,黑霆的噩夢師,奇幻科幻,完結,1,0,0,,https://mojoin.com/novels/207,"在一個落雨的午後，翎夜歌忽然變成了孤兒，給她塞了名片的法醫有著奇怪的邀請，加入黑霆就會成為撰寫師。
編寫噩夢？真是聞所未聞",482,6
207,怪異幽冥尋物所：您今天遺失了眼睛，鼻子，還是人生呢？(02),奇幻科幻,完結,158,39,2,,https://mojoin.com/novels/2954,"後天缺陷不恐怖，真正麻煩的反而是涉及前世因果的麻煩委託人。
這些委託人可不可以退貨……當然不可以！

買賣人強勢來襲，對著尋物所眾人刷了滿滿的存在感。
覃衍昊裝死罷工，柏硯錞含淚跟翟陽諒當起了搭檔……
面對鐵血新搭檔，柏硯錞特別懷念覃衍昊的毒舌。

覃家人、買賣人，他們的目標到底是什麼？",9,5
208,惡鬼補習班(01)地下十三樓也能有補習班,奇幻科幻,完結,0,58,1,,https://mojoin.com/novels/3464,"我是唐芯苗，一個剛考完基測等待放榜的國三畢業生。
號稱「這輩子最輕鬆的夏天」，我跟其他同儕好友一樣，第一次踏入打工的世界。
可是，同樣是補習班工讀……
為什麼我打工的地方要命得那麼莫名其妙啊啊啊？

地下十三樓的補習班、天黑開始的課程、暴虐冷酷的補習名師、聽都沒聽過的課程，以及──
號稱人滿為患但一個影子也看不到的學生？

除了膽小外，平凡到極點的唐芯苗，竟然誤闖與眾不同、世界上獨一無二的「惡鬼補習班」！
這麼莫名其妙又玩命的打工，她究竟可以撐到何年何月呢？
夏天又冷又熱的打工記事就此展開！",353,5
209,山神廟後的狐狸村,奇幻科幻,完結,10,0,0,,https://mojoin.com/novels/3196,"望月柊樹因太受歡迎而困擾，故到偏遠山區任教。
他原本以為從此以後就能和自己心愛的二D虛擬人物米米過上平穩的日子，也沒想過要有真實的女友。
誰知道有天，他上山參拜了深山中的山神廟之後，竟然遇上了與米米如出一轍的現實存在人物……只是，性別不對啊！

這個叫做蓮華的狐狸一天到晚糾纏他，到底是巴結他還是帶給他困擾，將他的生活搞得一團亂。
蓮華到底有什麼目的？他能平安擺脫蓮華的糾纏嗎？
而這神秘的山神廟到底又與他所在的小村莊有什麼淵源呢？",548,5
210,於是我回家睡覺,奇幻科幻,完結,0,0,0,,https://mojoin.com/novels/56,於是我閉上雙眼，祈求永眠，一如以往。 ──節錄自劉水的遺書，終章,12,6
211,闇騎士Ⅱ(03)離世幽冥島–下,奇幻科幻,完結,0,80,3,,https://mojoin.com/novels/3545,"叛人者人恆叛之？因為前世種因，今生就要償還那樣的果？
洛特與冥神，前世與今生，糾葛大揭密！
究竟，他們之前有過多少因緣糾葛？為何跨越了萬年的光陰，冥神的目光會再度放到曾經的屬下身上？
明顯不對勁的神王與魔王，在這裡頭又扮演了什麼樣的角色？",475,5
212,穿越變蘿莉(04)龍朔學苑,奇幻科幻,完結,0,46,4,,https://mojoin.com/novels/3234,"和四神締結生命連繫契約之後，林日揚終於能運用靈力了。
憑藉穿越前的知識，他成功做出他在盤古大陸的第一個作品，以第一名通過了學考，正志得意滿時，卻得知遠在桑林的趙紫雲身受重傷的消息！
林日揚在趙紫雲彌留之際匆忙趕至，五神聯手將趙紫雲從鬼門關拉了回來，誰知死神才剛惋惜的收了鐮刀，神經病患者就接著找碴！讓林日揚感嘆人果然不能太出風頭，不過這老天也太不公道了吧，讓他轉運一下是會怎樣？
林日揚一邊忙著三娘教子，一邊還要跟死神搶生意，不僅要應付神經病，又有來歷被識破跟失身的危機……算了！他看破了，反正他就是個很衰的勞碌命！",127,5
213,闇騎士Ⅱ(09)被虛化的生死線,奇幻科幻,完結,0,80,9,,https://mojoin.com/novels/3586,"罪魂造反，冥界大亂！
洛特一行人臨危受命，潛入黑什爾要塞當內應。
心情極度不爽的馮勒藉機發洩，死靈帝君階級上的絕對壓制，無巧不巧壓迫出神魔雙王已將手伸入冥界，叛亂表象下似乎另有內幕的疑慮。
禍不單行，冥界叛亂在前，冥府之門封印被破在後。
為了找回封印用的冥神像，洛特、穆亞重新踏上人界的土地，意外重逢老友。
經對方提醒，這才後知後覺的發現，人界這片天，似乎也變得不太一樣……",475,5
214,闇!!騎士(07)破繭進行曲,奇幻科幻,完結,0,79,7,,https://mojoin.com/novels/3444,"專制的定義是什麼？
就是獨斷獨行，說東絕對不允許任何人往西走。
洛特大人就是如此專制，安排了手底下騎士的假期，只為取得雙頭龍蟒的晶核。
踏出別人的一小步，他走向重現六翼天使輝煌的一大步。
偏偏這位重生墮天使的毛病還挺多，身體的傷恢復了，心靈的傷卻裂開了。
騎士團長與眾位大隊長不得不開會討論，最終制定一套「瞭解洛特心靈變化套餐」任務，由穆亞、菲斯洛主導參與。",475,5
215,404醫院—寂寞科,奇幻科幻,完結,34,0,0,,https://mojoin.com/novels/440,"仇恨、嫉妒、憂慮、痛徹心扉，皆因寂寞。 若寂寞能視、能觸、能醫治。 你選擇與它共處，抑或是，用盡一切方法割捨？
404醫院是一間漂浮在異空間的醫院，專為需要的人開啟。 話說，醫院？ 這……這樣一片白的環境，的確是醫院沒錯啦，但是是不是搞錯什麼啦？

新系列連載，404醫院一共三個故事，先為大家獻上《寂寞科》
ＰＳ：以下兩個管道可以找到我的蹤跡：
FB：Cat 九命貓
IG：storymaker_nine",44,6
216,闇騎士Ⅱ(12)終點，起點(END),奇幻科幻,完結,13,80,12,,https://mojoin.com/novels/3597,"非生非死是什麼滋味？死而復生就一定幸福？
混亂的人間界，鬼門大開、罪魂亂舞、弒神再臨，生死線一夕開始傾斜……
隱身幕後的奈修瑞恩底牌一張一張揭開，既在意料中也在意料外的叛徒，關鍵時刻露出了獠牙！
而它，也終於登上自己佈置的舞台！",475,5
217,零度領域 新裝版(06),奇幻科幻,完結,0,69,6,,https://mojoin.com/novels/3226,"為什麼喜歡上一個人，就要連帶憎恨其他人？
使用手段將對自己不利的一方逼退，真的就能得到幸福嗎？

到底是怎麼一回事？
為什麼麻煩事一件接著一件出現？
造謠、毀謗、放黑函也就算了，竟然還跑來我們的賭場鬧事？
這未免也太過份了！
不可原諒，你們這些人……
不值得饒恕！

「難道我真的這麼不值得你信任？」
「為什麼你一而再、再而三的相信別人，就是不相信我？」

在你開口之前，我明明已經知道你會說什麼了，
可是我還是對你抱持希望，希望你會站在我這邊，
甚至，希望你會相信我。
真可笑，我還真是愚蠢啊……
遙日，你，真的讓我很失望，非常、非常的失望。",502,5
218,Destiny 光與影的羈絆(05)被世界遺忘的戰場,奇幻科幻,完結,0,1,5,,https://mojoin.com/novels/3377,"突如其來的邀請，讓戰靈們一同去到那如同塞納里恩一樣神秘的城鎮中參加著鳳雛城一年一度的新年祭典，然而他們卻隨著初代家主封印的契靈陷入了時間的洪流之中，藉著說書人的歌謠回到了這個大陸的最初，看著那掩藏在歷史中的真相以及最初的真實。
生命之樹的起始、創世與末日的出現、百大種族的興盛、神之戰爭的殞落、殘虐暴君的統治以及那位曾被記載的──消失的第五個人。
「他的惡不過只是希望和弟弟能有個安身之所……妳覺得這個世界上何謂善、何謂惡呢？」
何為善？何為惡？
這個問題老實說梧莘到現在依然沒有找到一個正解。
「在我看來，其實只是想要守護的東西及信念不同罷了。」
善惡之分。
只不過是因為，想要保護的東西，不同罷了。",508,5
219,闇騎士Ⅱ(02)離世幽冥島–上,奇幻科幻,完結,0,80,2,,https://mojoin.com/novels/3536,"坐船能夠發生什麼意外？茫茫幽冥海，生靈難近，入海更無生還之理。
然而，一場發生在海上的「內鬨」，卻把洛特等人鬧得雞飛狗跳，險些要發生流血事件。偏偏這一切災難的源頭，只能歸咎於兩個字——夢、遊！
令人膽顫心驚的夢遊事件才剛結束，很快的，冥神的島嶼就出現在前方。但是，這座島卻是個處處有驚喜的地方。不需多時，洛特一行人就能明白，和島嶼上的「驚喜」相比，船上的遭遇只能算是熱身等級……",475,5
220,闇騎士Ⅱ(10)陰謀、羈絆、黃金瞳,奇幻科幻,完結,1,80,10,,https://mojoin.com/novels/3587,"罪魂軍收縮地獄防守，冥軍初獲大捷！
回收地獄領土的戰線高歌猛進，洛特前世今生的命運羈絆重新連結的關鍵時刻，也伴隨冥軍對地獄逐步收復而漸漸逼近。
儘管被罪魂收買投敵的間諜被一一揪出，被佔去的土地一吋吋奪回，不祥的陰雲卻依舊籠罩……
當罪魂反叛軍最終陰謀揭露，洛特也走上追尋黃金瞳的道路。他這一去，將會帶回哪些左右戰局的重要線索呢？",475,5
221,未知領域(02)送葬輓歌,奇幻科幻,完結,90,22,2,,https://mojoin.com/novels/3462,"這世界並非你所想像的這麼簡單。
邪惡總是在檯面下緩緩進行，在不知不覺的時候。知情的人都明白，究竟是什麼勢力在底下運作著。

──「未知領域」。
2004年，理應抓到真兇的「連續女子分屍案」再度出現。
刑事警官李穹翔奉命追查出真兇，發現事情並非自己想像的這麼簡單……
同時，「醉」已經是個以電腦駭客情報商。他接獲情報，前去調查少年犯罪的真相，然而同時有人窺伺著他……
新世代都市懸疑冒險第二彈，就此展開！",59,5
222,超廢人,奇幻科幻,完結,0,0,0,,https://mojoin.com/novels/1128,喝茶無罪、吃餅有理，即便在末日後重建世界也要盡情耍廢。,46,6
223,神月online(09)災難的連鎖,奇幻科幻,完結,0,49,9,,https://mojoin.com/novels/3341,"軒芸城的事務順利步上軌道，身為城主的冥夜卻依舊沒得閒，因為緊接著又將迎來神月最大的盛事──範圍囊括整個安杜拉的超大型副本「天劫」！
磨拳擦掌準備大顯身手一番的冥夜，卻被下了升等禁止令，這也不能做、那也不能做，到底是想憋死誰？

尋找辛尼最後一個意識體、登上通天閣向月神許願……明明有很多重要的事急待完成，卻有一堆白目傢伙排著隊來扯後腿？
被衰神纏身已經夠倒楣了，拜託爸媽你們別來參一腳，現在不是挑女婿的時候啊！",135,5
224,逢日．光音【短篇集】,奇幻科幻,完結,0,0,0,,https://mojoin.com/novels/3587,"罪魂軍收縮地獄防守，冥軍初獲大捷！
回收地獄領土的戰線高歌猛進，洛特前世今生的命運羈絆重新連結的關鍵時刻，也伴隨冥軍對地獄逐步收復而漸漸逼近。
儘管被罪魂收買投敵的間諜被一一揪出，被佔去的土地一吋吋奪回，不祥的陰雲卻依舊籠罩……
當罪魂反叛軍最終陰謀揭露，洛特也走上追尋黃金瞳的道路。他這一去，將會帶回哪些左右戰局的重要線索呢？",482,5
225,弒神之劍布諾希黎爾,奇幻科幻,完結,0,0,0,,https://mojoin.com/novels/3585,"活在世界陰影處的人類們，將如何向命運展開反擊！？
------
「就算是這樣的世界，你也想活下去嗎？」

人類在二十年前終於看見了太陽。
自古壟罩著大陸的「光霧」散去，清澈的天空竟是如此美麗。
人們手舞足蹈、設宴歡愉，感謝偉大的「神」所給予的恩賜。
然而，天空卻崩落了。
無數巨石砸落地面，撕裂了大地、摧毀了文明，
同一時間，天上的「神」突然降世，無情地對人類展開屠殺。

於是人類重新擁抱危險的光霧，隱遁於地底、苟活以度日。
沒有了夢想、沒有了未來，只期盼著神息怒的那天到來──
或許，人類還能重新取得「生存的資格」。

遙不可及的期盼、庸庸碌碌的生活，
人類距離滅亡，已經不遠了。

然而，不知何時起，某個傳聞卻於無數的地穴村莊中流傳......
「只要擁有布諾希黎爾，就能殺死神。」",391,6
226,闇!!騎士(04)搶救禁忌愛情,奇幻科幻,完結,0,79,4,,https://mojoin.com/novels/3404,"卡克的強橫讓騎士團眾人束手無策，就在馮勒眼看情勢越來越不妙，準備扯下文弱醫官的外衣動手之際，嘹亮的龍吟，帶來救星降臨的訊息。
只是，這位救星大人挽回危局的方法卻是──彈琴？
老天爺，這時候不適合開玩笑，留著以後好不好？
好不容易度過龍背島風波，骨子裡古靈精怪的帝國三公主又微服而來，拿著魔法古物「西蒂耶卡之遺憾」與金光閃閃的「誘餌」，從洛特那裡買到解答，也買到保鏢。
現實世界一波方止，書中世界一波又起……",475,5
227,零度領域 新裝版(04),奇幻科幻,完結,0,69,4,,https://mojoin.com/novels/3223,"一切的事情進展的很順利，任務似乎快要解開了？
呃？怎麼會變成這樣？這一切跟我想的完全不同
這樣的結局、這樣的答案……
遙日啊，我們……找出答案，真的比較好嗎？

戰神總部已經開放參觀了？
啥？狙擊手大幅度改版，還找來一群女生當「辣妹狙擊團」？
嘖！這個討厭鬼是誰啊？
竟然說要用錢找回戰神，幫狙擊手做宣傳？
去去去！我們戰神可不是商品，別想用錢收買我們！",502,5
228,魔法禁止事項(02)禁止用魔法創造生命,奇幻科幻,完結,70,88,2,,https://mojoin.com/novels/3348,"梅北望的哥哥，被一頭巨龍擊殺了！？
因為這件事情，聖伯多祿第三中學竟然嚴密監控、保護主角一行人。
澹臺球等人為了查明學校奇怪的態度而前往羅馬。
不過澹臺球等人的確也遭遇到了襲擊，然而襲擊者卻是巨大的……骷髏巨龍……？
他們即將揭開梅北望家族的秘密……
究竟是誰違反了「魔法禁止事項」？",428,5
229,淵,奇幻科幻,完結,0,0,0,,https://mojoin.com/novels/1104,"夕陽落下，夜幕悄悄降臨……
歡迎進入最神秘迷人但又最為殘酷的吸血鬼世界

恭喜你們被血族挑上，獲得成為永生吸血鬼的機會。
你們已被初步授血，若你們能在三小時內通過所有關卡及試煉，你們就能轉化成永生的吸血鬼。
只可惜，通過此試煉的機率只有二分之一，因此至少會有四人痛苦的死去！
此外，若你們沒有在三個小時內通過試煉，所有人都會被注入你們體內的吸血鬼血液毒死。
在看完以上這些令人愉快的訊息後，有沒有很期待呢？
時間已經開始倒數了，願命運之神站在你們這邊！

八名男女，莫名其妙地在一間陌生的房間中醒來。
詭異的字條上，宣告了八人未來的命運。
三小時一到沒通過試煉。全滅。
在三小時內通過試煉，一半成為吸血鬼，一半痛苦死去。

面對如此嚴苛的考驗，這八位素未謀面的人類該如何通力合作，通過試煉呢？",152,6
230,制約天使(04)遊戲終盤與破壞者(END),奇幻科幻,完結,0,37,4,,https://mojoin.com/novels/3607,"天使大人的最終棋局開始，冷揆言和連祐程迎來的是最後考驗，還是永無止境的棋局？
天使大人身分揭露，居然是「那個人」。
只是他們面對的，卻是跟密室脫逃沒啥兩樣的無限循環的空間。
這讓冷揆言忍不住仰望著天，想問問那個天使大人，是否怕輸，就乾脆地這樣玩弄他們。
最後的決戰，勝者會是天使大人、還是冷揆言和連祐程呢？",9,5
231,穿越變蘿莉(02)破碎的靈魂,奇幻科幻,完結,0,46,2,,https://mojoin.com/novels/3224,"姚傲璿跟林日揚說，他的靈魂隨時都有消散危機！
誰知道還沒有想出解決辦法，因為吉雲殿的立威，林日揚又迎來了四方神君中的另外三位。
這種林日揚一點也不想要的買一送三讓他忘了自己的靈魂危機，結果果然就倒楣了──
林日揚在前往龍朔學苑的途中靈魂即將破滅！
前進無門後無退路的林日揚該如何度過危機？他的衰運又會帶賽害了誰？
老天啊！至少留扇小破窗給他啊──！",127,5
232,台灣勇者協會T.G.G(05)騷年啊，胸不平何以平天下,奇幻科幻,完結,20,21,5,,https://mojoin.com/novels/3590,"『風，是自由的，沒有人能束縛住。』

一年一度的聖誕節就快要到了。
處處充滿著溫暖的氣氛，尤其是我們的學校。
溫暖過頭到根本是要燒起來的地步了。
艾爾蘭德學園最有名的活動，剩蛋……我是說，聖誕節校慶即將展開！
交織著各種想法，回憶與約定，牛肉蓋飯一年份與敵視你樂園五天四夜遊。
還有大義與……別再說大義了，根本就是私人慾望。
但我不畏艱難……

因為，我要成為，艾爾蘭德之花！……咦？好像有哪裡怪怪的。",244,5
233,站在死神的肩膀上凝視永恆,奇幻科幻,完結,10,0,0,,https://mojoin.com/novels/834,"雖然姓夏名洛克，組合起來就是大名鼎鼎的夏洛克．福爾摩斯的夏洛克，但其實骨子卻是弱得要命的私家偵探。
原本是三個合夥人合資的事務所，因故只剩下夏洛克一人苦苦支撐；他需要一個足以讓自己擺脫貧窮，事務所起死回生的大案子！
但是在一旁的助手並非華生醫生。
是一個名叫梅菲的十九歲俄羅斯美女……別被她的外表騙了！
她可不是普通女人，而是——",207,3
234,穿越變蘿莉(10)逝去歸來,奇幻科幻,完結,0,46,10,,https://mojoin.com/novels/3253,"大皇兄趙紫陽終於攜美（誤？）歸來了！真是可喜可賀、普天同慶～
隨之而來的是宇文承皓令人不解的投誠，關於敵人上一秒還在鬧心，下一秒就洗心革面的節奏會不會太突兀？過程呢（拍桌）！由日神做保，大家坐下來敞開了談，原來人家也是可憐的孩子，因為被悲劇所以中二了，中二的孩子轉變總是那麼的突如其來（遠目）……

宇文承皓的臨時反水為林日揚一方帶來大量的訊息，以及掩藏在一連串看似無關的動亂背後的真意，只是真相也不是那麼好接的，當情勢已非人力所能，四神也只能做出選擇──「如果這個世界沒了，一切將不復存在，我們只有一個選擇。」
美花臨時插播報導：「咱們小揚性別真相也終於揭露了！萬年的小LOLI……」被拍飛。",127,5
235,花蕊,奇幻科幻,完結,4,0,0,,https://mojoin.com/novels/510,"時間設定在未來，科學突破了臨界， DNA 不再是限制人類殘缺的理由。
在2007年，人類DNA就已完整的翻譯出來；2025年，DNA操縱技術趨向成熟；2038年，人類已完全了解並控制住了基因；2041年，是人類新世態的開始。

生下來的孩子不但充聚智慧、美麗，而人類一成不變的外表不再是唯一，更多人追求多功能，可以在夜晚發光、能夠像鳥在天上飛行、不用收音機，便能像蝙蝠一樣收聽電台、擁有狗的靈敏嗅覺。
在2025年到2038年，由於技術還未成熟，這波革命下便會出現許多無辜的白老鼠，在基因革命波動之下，許多未知疾病便紛紛見世。
一位女孩便是這波革命下的無辜犧牲者，自幼開始，便開始與她的生命力賽跑，和死神作搏鬥，不僅僅的堅強，在疾病與家庭糾紛的撕裂下，ㄧ個不同觀點的視野，是不是，能在生命最終之前，也能闊達的回眸一笑？
就在這個神話時代，奔跑吧，月尚氏！",283,6
236,怪異幽冥尋物所：您今天遺失了眼睛，鼻子，還是人生呢？(03),奇幻科幻,完結,147,39,3,,https://mojoin.com/novels/2979,"天有不測風雲，人有旦夕禍福，
尋物所眾人好不容易有個悠閒的休息時光，卻有個不認識的算命師在開大召喚術，送上自動挾帶大型任務鏈的委託人。
面對這自動上門，可說是「蟲蟲危機」的任務，他們一點也不想要！

蠱毒、道法、算命師。
這起有著「裡面」世界色彩的任務，這讓人不禁想問，
——這場委託的背後，究竟有多少不為人知的祕密？",9,5
237,穿越變蘿莉(03)冒險者,奇幻科幻,完結,0,46,3,,https://mojoin.com/novels/3233,"趙紫雲等人將計就計讓林日揚先行前往龍朔城，林日揚不明白其中原因卻也樂得輕鬆，逍遙自在的跟著程斐等人前往天香城的冒險者公會，還一時興起考了個冒險者證明，一腳跨進冒險者的世界。
日子過得很愉快的林日揚在冒險者公會鬧笑話又惹風波之後，揮揮衣袖就跟姚煞一起出發前往原目標－－龍朔城。
拜託姚煞帶路果然是大錯特錯的決定，人家說一步錯就步步錯，老天果然很不厚愛他，人才開心沒幾天就又開始衰了，四方神君和季翩然在林日揚將入學之際說什麼也要湊上一腳。
沒報名費？找個看起來有錢的人拖進暗巷裡……
入學考？不好意思，打得太用力毀掉你的考場，請去找飼主林日揚討回公道！",127,5
238,人生狗生,奇幻科幻,完結,1,0,0,,https://mojoin.com/novels/3199,"一個被老闆摧殘成社畜的遊戲ＰＭ，某天下載了一個未知的app，
沒想到居然為他開啟了開掛的人生……",544,9
239,不聽吸血鬼的話，就會被咬喔！(06)百年之願(END),奇幻科幻,完結,1,11,6,,https://mojoin.com/novels/2428,"「米御，你也親我一下？」
看到米御和張瀛抱在一起，韓昭明吃醋！？
米御答應給張瀛三個願望，他不顧米卡卡反對，搞得宅邸裡人仰馬翻。面對米御的堅若磐石，米卡卡覺得自己像以卵擊石，他只好請出韓昭明……

「你會在家主宅邸過夜的話，別忘了，我想要妹妹。」米卡卡的眼神彷彿能穿透一切，「你懂的～」
「我不懂！我也不想懂！」韓昭明有被騷擾的感覺，這絕對是性騷擾！

想做一件讓喜歡的人高興的事，韓昭明首次登台演出——
兩個人能夠相遇，並且相處，就是奇蹟。
百年之願‧感動最終章！",58,5
240,零度領域 新裝版(08),奇幻科幻,完結,0,69,8,,https://mojoin.com/novels/3238,"原來地獄的任務跟其他地方模式不同啊？
遇上怪物沒辦法使用戰鬥技能，那我們也只能多買些防身道具自保了。
喂喂，你們兩個不要吵啦！我知道你們互看不順眼
可是現在大家組隊解任務，你們也該有點合作精神吧？

耶？遙日跳槽去MASK公會？他為什麼要離開？
遙日跟那個女生好像很親密……
他是不是喜歡上她了？
他是因為她才轉公會嗎？

咦？只要能完成零度領域的最終任務，就能擁有一座公會城？
最先完成任務的公會，還能夠選擇公會城設置的地點？
天啊！那還在等什麼！我們快點去接任務吧！
要是晚了，我們的公會城就只能落在偏遠的小角落了。",502,5
241,台灣勇者協會T.G.G(03)仲秋夜之夢,奇幻科幻,完結,22,21,3,,https://mojoin.com/novels/3578,"『那一定就是，愛！』
在考完段考的那個週末，因為如此如此這般這般。
住在魔王城（四層樓透天厝）的所有人全部都要出發去墾丁！
當然，身為魔王的我，早就料想到這不可能會是一趟普通的出遊了。

在夜晚的海灘上與憂鬱的少女邂逅是一件很浪漫的事。
在深夜一同找尋失物同樣也是一件很浪漫的事……大概啦。
只是我沒有料到這次的出遊可以不普通到如此突破天際……

對，突破天際了。
搖滾吧！大家一起在墾丁秋天吶喊吧！
陽光、沙灘、海浪仙人掌……還有一位公主艦長？
……難、難道，這一集就要進入傳說中的宇宙篇了嗎？",244,5
242,神月online(07)承諾與背離,奇幻科幻,完結,0,49,7,,https://mojoin.com/novels/3339,"守城戰才剛開始，冥夜就察覺到各種不對勁。
有古怪的不只是敵方，連自己人也不知道該不該相信了。
這座地點偏僻的軒芸城到底藏著什麼祕密？竟然人人搶著打？
一封給遠方親人的信、一雙明亮堅毅的眼睛，讓冥夜許下不悔的承諾。
為此，無論是怎樣困難的試煉他都願意拼上性命去挑戰！
只不過……他的債台怎麼越疊越高了？
難道在煩惱怎麼變強之前，應該先煩惱怎麼賺錢嗎？",135,5
243,Destiny 光與影的羈絆(06)光影的傳說(END),奇幻科幻,完結,3,1,6,,https://mojoin.com/novels/3378,"「如果可以重來，你還會不會殺了我？」
穿越時光的幻境，回溯千年前的輪迴，隨著時間的腳步不斷前進，泛黃的書卷刻劃著故事的真相，一卷卷訴說著那當年的悲哀，亙古的歌謠傳唱著傳說的始末，一首首掀起那埋藏過去的故事。
命運與機會的操弄，輪迴與時間的選擇，創世與末日的旁觀，滅世與祭品的出現，絕望之聲將響徹昔日的寧靜之鄉，這個世界將被黑暗的子民所籠罩，再無任何一寸陽光及綠草。
「有時候，不是我們去選擇際遇，而是際遇來選擇我們，當際遇來到時，我們能夠做的，只有接受這個挑戰。不要說機會從來沒有出現，它曾經出現過，只是從來沒有人捨得放下自己所擁有的東西。」
人生的構成，交錯著黑暗和光明，光影之後，定有屬於我們的希望。
「我的命運在我自己的手裡，不是在別人的口中，就算是神也一樣。」
──我的傳說是由我自己開啟，那麼就該由我親自寫下結局。",508,5
244,來自異世界的清水島(01)燦白之光,奇幻科幻,完結,10,36,1,,https://mojoin.com/novels/2847,"消失在地球上的「清水島」竟出現在一個充滿惡魔生物的星球！
這個星球上的魔獸們經常不懷好意地上門造訪，人類為了抵抗那些惡魔，採取了惡魔體內的基因研發出「魔生物酶」、「全覆式魔生物機甲」和「半覆式魔生物機甲」的武器。
兼具暴力、任性的亮麗美少女大島紫苑操縱「全覆式魔生物機甲」闖進地球，她操縱的「燦白之光」魔機甲被「牛頭惡魔騎士」毀了，卻她「俘虜」了一個地球人回到清水島——結果不幸的我跟著她回到了「清水島」去了！
這個世界真是充滿危機，不但有各種惡魔生物，注射了「魔生物酶」的人類可能魔化成各種魔人，還有敵視地球人的神秘組織想暗殺我，實在太危險了……地球人還是趕快回地球上去吧！
雖然想這麼說，但、但……我實在回不去了啊！
只好和眾多美少女們（可能也有帥哥？）一起在這個世界努力奮戰了！",428,5
245,闇!!騎士(03)龍背島歷險記,奇幻科幻,完結,0,79,3,,https://mojoin.com/novels/3403,"騎士團駐地被砸，肇事者的挑釁，揭出一段攸關騎士團長卡洛姆的秘辛──是怎樣的誤解讓一對兄弟反目？
讓弟弟不惜身陷修羅道，也要獲取一身能夠親手弒兄的力量？
被派遣上龍背島拯救人質的皇家騎士們，該如何達成這項艱鉅任務，逮住實力神鬼難測的狂人？
影、霜、霧、疾，狂人麾下四使與騎士們激烈碰撞，為了雙方目的各顯神通。
不屬於當今世上任何體系的力量──安古達拉秘術，在龍背島重現輝煌！
離奇的戰鬥技巧讓勝負的天平劇烈搖擺，勝或敗，運氣成為其中的關鍵因素……",475,5
246,台灣勇者協會T.G.G(04)艾爾蘭德不思議,奇幻科幻,完結,21,21,4,,https://mojoin.com/novels/3579,"『你好，安哥爾，我想要和你玩個遊戲。』
艾爾蘭德學園，一間充滿著祕密與不可思議的學校。
台灣的高中命名都是以兩個字為主，就算是教會學校也會將其命名中式化，像道明、明道、伍百、什麼的……
──以上並不是重點。

千萬要記住啊，安哥爾啊安哥爾，謠言起於事實。
不管是多麼不可思議的傳說，都有其起源。
所有的故事，都會有個開始，那個開始甚至早於你有意識之時。
當你在探索無盡的黑暗時，黑暗也悄悄地在窺視著你。
這世上，有許多祕密最好永遠讓它埋葬在黑暗之中。
……不過，既然你想知道真相，那就來吧。
我一直都在看著你，一直、一直、一直──

安哥爾啊安哥爾，你有注意到我了嗎？",244,5
247,青青何盼草(01)擋不住的緣分,奇幻科幻,完結,0,43,1,,https://mojoin.com/novels/3216,"在幫主樓蘭依的召喚之下，何盼盼加入了一支從未合作過的隊伍，但當發現裡頭有個從開服到現在她都恨得牙癢癢的玩家後，仇人相見分外眼紅究竟會發生什麼事呢？

「因為無法駕馭，而且對他沒興趣，所以想要征服。」

縱然旁人都知道戰鬥力排行榜上鼎鼎有名的青海大神對某小小人兒上心，但做為眾人討論的對象，何盼盼卻根本只覺得大神在抽風！
尤其此人還是她恨到骨子裡頭的大惡人！誰的王不搶偏搶她的？還冒似意猶未盡、玩興大起竟走到哪都能跟著來！

面對某小小人兒一連串的無視，大神該如何連哄帶騙將她拿下呢？",219,5
248,台灣勇者協會T.G.G(02)段考停留之夜,奇幻科幻,完結,23,21,2,,https://mojoin.com/novels/3567,"「請問，您是我的主人嗎？」

我是一位普通的高中生，當然，只是乍看之下是位普通的高中生。其實，我是一位被懸賞通緝五千萬新台幣的魔王。但學校可不管你是不是魔王，這是一個平等的時代，就算你是魔王，你只要兼差學生一樣還是得考段考的。
總之，想當魔王同時兼差學生不是一件簡單的事，當我只想好好唸書時，勇者們還有一堆詭異的事件卻不斷地冒出來──為什麼我莫名其妙被強迫戴上了這一枚戒指，還要和其它六組人馬去爭奪那個什麼星杯啊？我管你是盛杯戰爭還是星杯戰爭，拜託不要鬧了！我只是想要好好讀書考個及格啊！
黑甲蟲少女、更多襲來的勇者們、神奇的調酒師大姊、曾在我夢境裡出現的紅髮少女、學院的黑夜怪談，還有在黑暗之中蠢蠢欲動的人們……

一場熱血、不明所以與偷看攻略的星杯戰爭，即將環繞著艾爾蘭德學園展開！",244,5
249,魔族少女的藥引(02)分離亦是重逢的開始,奇幻科幻,完結,0,90,2,,https://mojoin.com/novels/2455,"「世上沒有堅強的眼淚，只有懦弱的眼淚，可我的眼淚還是忍不住流下，模糊視線。」

佟真回到納爾加大陸後，昏迷了一段時間，直到甦醒已是前往黎國的路上。
昏迷期間，納爾加大陸發生許多事情，夕國主人下落不明，死靈體入侵黎國，造成黎國人族動盪不安。

與此同時，聖殿被死靈體包圍，為了保護聖殿的夥伴，列兮和佟真加緊時間趕回聖殿。
殊不知，這次死靈體分批侵擾黎夕兩國，失去魔神的夕國陷入危險。
內憂外患下，佟真的身體日漸衰弱，為了代替戈汀守護納爾加大陸，佟真抱著赴死的決心與死靈體一戰，當她以為會被魔眼吞噬而死時，一名神秘人士千鈞一髮拯救了她。

佟真充滿迷惘，那位拯救自己的人，會是她心心念念之人嗎？",254,5
250,Legend：光與影的羈絆(09)彼岸之聲(END),奇幻科幻,完結,0,2,9,,https://mojoin.com/novels/3443,"經歷了大大小小的事件，被家書催促而終於回到戰靈們心心念念的故鄉，彼岸之都──塞納里恩。
喔耶，塞納里恩，我來了！
以為來到大陸裡最為神祕的土地，身上那莫名強大的主角光環會讓我遇上什麼轟轟烈烈的開端或者奇奇怪怪的人，但這次創世神老人家卻出乎意料的讓我異常平靜的度過我美麗的短暫假期。
塞納里恩的第一站，從熱熱鬧鬧的（混浴）溫泉度假勝地開始……有誰可以來解釋一下為什麼戰靈的性別觀念可以這麼差勁！
但這些都不是最驚人的，最驚人的還在後頭！
不知道是不是回到了熟悉的地方，讓戰靈們的腦袋有些短路，一個個隨處發情是怎麼回事！
難道戰靈回巢就要隨便抓個人告白一下才算回家嗎？
『親愛的灰姑娘，將妳的手放到妳最想要的王子手上，不然等魔法結束了，妳就得全部都選喔。』
得了吧，這是什麼鬼魔法啦！
……親愛的創世神，請您聆聽小女我的願望，請把您最親的子民好好的帶回去修理一下好嗎？戰靈族為什麼全都是奇怪的人啦！

By伊絜翼薩妲斯大陸1561歷年。",508,5
251,深愴峻法,奇幻科幻,完結,0,0,0,,https://mojoin.com/novels/3614,"作為和王女有著類似相貌的她，喬裝打扮進行了成為王女的生活，
以此也接近了她最想對付的人——王子和魔法師首席。

其實，在她得到黑暗之種與剩餘的王子的靈魂後，
王子早就脫胎換骨成為了原本應該成為的人，當她進入到帝都後，遇到了是一位普普通通的人類。

王女終將加冕為王。",482,6
252,零度領域 新裝版(07),奇幻科幻,完結,0,69,7,,https://mojoin.com/novels/3237,"人魚城主還真是難以接近的人啊！
為了能順利接到他的任務，我們甚至不惜……
欸？要救我們？你們誤會了啦！事情不是這個樣子！

嘖！竟然遇到了不同任務的敵對玩家，
而且其中一個還是熟人，這還真是冤家路窄啊！
什麼？你要追求我？先生，我跟你不熟吧！
蛤？遙日也喜歡我？真的假的？
難道我最近犯桃花？

「是，我是真的喜歡貓。」遙日認真的點頭。「立人，從今天開始，我想以結婚為前提，對貓展開追求，你是哥哥，我希望能獲得你的同意。」
「同意！我當然同意！」老哥高舉雙手贊成。「只要你不會覺得後悔就好。」
這兩個人是將我當成隱形人嗎？竟然完全沒有問我的想法！",502,5
253,闇!!騎士(05)陰謀家VS皇家無賴,奇幻科幻,完結,0,79,5,,https://mojoin.com/novels/3423,"月黑風高殺人夜？月黑何止可以殺人，還能夠抹黑！
皇家騎士團驚爆跨年度大案：第七大隊長謀殺第四副大隊長！
人證、物證，所有找得到的證據，都指向對洛特最不利的方向。
為了還自己一個清白，辦案白痴也唯有接下年度大案，親身前往風起雲湧的帝都。
在那裡，潛伏在暗處的陰謀家已經張開無形大網，準備請君入甕。
究竟這場智力的比拚，最終鹿死誰手？
無意間被牽扯出來的龍背島事件，又與這回的謀殺案，有著什麼樣的關連性？",475,5
254,神月online(08)開戰倒數,奇幻科幻,完結,0,49,8,,https://mojoin.com/novels/3340,"為了籌備攻城戰，冥夜簡直忙翻了！
可就連如此忙碌的時刻，麻煩仍舊沒停止找上他。

無法吞忍的屈辱、重要之人的離去……讓冥夜身心俱疲。
還好身邊有願意為他兩肋插刀的朋友義氣相挺，再困難的關卡他都能跨過去！
以神月最大公會凌空藍羽和知名傭兵公會鬼契為對手，絕大多數的玩家都看衰冥夜他們攻城方。
但就是這樣，才更有讓那些傢伙跌破眼鏡的價值！

全神月的玩家們都屏息以待，這場號稱史上最大規模的豪賭，誰會是最後贏家？",135,5
255,闇!騎士外傳－騎士們不得不說的秘密,奇幻科幻,完結,1,81,5,,https://mojoin.com/novels/3520,"噓，騎士也有不得不說的秘密……
深海無盡，海中的生態更是神奇。剛畢業的斐恩．維德，如何與大海寵兒的人魚族攀上交情、建築友情？這趟加入皇家騎士團之前的冒險之旅，將會掀起什麼波瀾？
人生際遇無常，人在一生中總是會面臨無數選擇。擁有天生魔法師體質與優質學習環境的諾奈提，為何會選擇了騎士之路？十歲的諾奈提與葛瑞安，熱熱鬧鬧的兒時記趣即將展開！",475,5
256,萌物娘使用手冊(02)遙遠的龍宮國,奇幻科幻,完結,28,62,2,,https://mojoin.com/novels/3344,"年末的冬夜節即將到來，雖然跟聖誕節是個相似但本質上不太相同的節日，明日還是希望能收到「隊友可靠點」這樣的聖誕禮物。

事與願違，依舊與她們（和一幼女神）嬉鬧的日常，卻潛藏著不安的因子，惡魔的最新行動鎖定了遙遠的東方龍宮國！

不過，跟隨焦急的小蒼進入龍宮國後，首先接收到的訊息卻是──
「對、對不起，我好像是一國的　　　吶。雖然我沒這自覺……」
原來家裡那過動活潑的雙馬尾偽武道家竟是──

舞台來到四季如春的龍宮國，各有心思的萌物娘們，是否能順利回到扉森鎮，迎接充滿光芒的冬夜？",91,5
257,怪異幽冥尋物所：您今天遺失了眼睛，鼻子，還是人生呢？(05)(END),奇幻科幻,完結,110,39,5,,https://mojoin.com/novels/2992,"覃家因，覃家果。
神算、買賣人、神祕道者，最後的強敵出現，
招領人與買賣人的恩怨，將在此終結！

「重傷」回歸的覃衍昊，帶著諸多不為人知的祕密。
柏硯錞深深地體會到，被室友們排擠的錯覺。
覃衍昊的祕密，要回歸到久遠以前，那屬於師門與家族之間的糾紛……

賭局開，任務起，
買賣人賭上買賣、招領人賭上自身一切。
而這一次，招領人能夠全身而退嗎",9,5
258,制約天使(01)學校怪談與占卜師,奇幻科幻,完結,0,37,1,,https://mojoin.com/novels/3594,"天降橫財不稀奇，天降天使可就稀有了吧？
一介普通高中生冷揆言，就這麼地遇上了這根本不可能遇上的神奇狀況。
被天使強迫附身之下，冷揆言見識到天使的神蹟（人為）、以及遊戲對手的怪談（人為）是如何在學校產生……
老天，你這樣惡搞一名純良高中好嗎？
不能給我多一點愛與夢想嗎？",9,5
259,闇!!騎士(08)連環計、解憂計,奇幻科幻,完結,0,79,8,,https://mojoin.com/novels/3445,"憂鬱症應該怎麼治？
美人計？挑釁計？或者採用嚴重刺激視覺神經的玻璃猛男計？
然而千方百計，不敵洛特一招「閉關自守」。
到頭來，似乎連冥界的鬼朋友都看不下去，半夜三更鬼敲門，洛特房間的機關陷阱，首次在人們眼前展現它驚人的殺傷力……",475,5
260,黃泉之狩(02)毒蠱,奇幻科幻,完結,0,64,2,,https://mojoin.com/novels/3323,"收集器官是為了保命？
鬥毆、吸毒、無端陷入昏迷的新聞事件背後，另有真相？
之前發現的異種，不過是真相的最末端、拼圖的一小塊。
藏身於黑暗的幕後黑手，究竟有什麼意圖？

喂喂！叫我打掃煮飯、陪你抓妖抓姦、騙人坑錢外加搶劫，還叫我陪你逛街、打電動？
給老娘我聽清楚！我不是僕人、不是道士、不是詐騙集團，更不是「伴遊小姐」！
你這根本是虐待勞工！小心我去告你喔！

不過才第一集，女主角就失去了雙眼，個性鮮明的角色與神祕人物隨著劇情發展陸續出現，令人驚奇、出乎意料的故事轉折，更是讓看官們大吃一驚！

究竟季薰是否能夠順利取回眼睛？
運送者川羯拿取他人器官的目的是什麼？
神祕的敵人與事件究竟為何？

一連串的謎題將在接下來的劇情中陸續揭曉。
請大家千萬不要錯過了喔！",502,5
261,毀滅,奇幻科幻,完結,0,0,0,,https://mojoin.com/novels/3524,"「這是一場賭注。一場，關於生和滅的賭注。」
故事，從一名遭人陷害墜樓，卻意外重生的少女開始談起。

隨著加入天賦者團體「毀滅」，隨著歷經愈來愈多的事件，少女也逐漸發現......
那隱身在毀滅、在自己身後，龐大如黑洞般詭譎的謎團。
***
世界，倚仗著相互平衡的正元素及負元素，運轉不息。
生與死，昌盛與衰敗，創造與毀滅，相對的一體兩面，如同光與影，休戚與共。
然而，人們絕大多數將前者視為全然的好，而將後者歸為全然的壞。

但事實上……
越多人「生」，未來就是越多人「死」。
社會越是「昌盛」，就越容易走向「衰敗」。
「創造」越是發達，到了極致，終將導致「毀滅」。",189,3
262,破壞者之地,奇幻科幻,完結,0,0,0,,https://mojoin.com/novels/970,"本文是有關於一群被囚禁、身體能力強大的人們「破壞者」的故事。
他們雖被一般人關在沙漠裡，但一般人沒有想到的是、這裡早就被改造成不是一般的「沙漠」了。
莫名其妙的非典型冒險文，此處才有！",90,6
263,萌物娘使用手冊(03)四族的聖物,奇幻科幻,完結,40,62,3,,https://mojoin.com/novels/3345,"新一年的春天，扉森鎮的蓋亞教教堂正式啟用，為此夏綠蒂時常在教堂與家裡兩邊跑，但原來不僅是信仰，教堂還有夏綠蒂不得不去的秘密？

龍宮國事件後，隊伍成員的關係悄然改變，凶手是每天在主人房間待到半夜的劍靈和不介意當小妾的偽武道家，在明日為此搞到精疲力盡時，沒想到祭司也想要參戰！

可魔王與四天王不給明日培養後宮的機會，這次，是真正能毀滅世界的大危機。而拯救世界的方法，指向了四族各自保管的聖物。各自的情感交纏與那解不開的矛盾，在各族的試煉中將面臨挑戰。

此刻，艷紅的花朵仍在惡魔的首都寂寞的燃燒著。在那鮮紅背後的，是當年惡魔遭受三族圍剿的歷史，其中，竟也牽涉到那位流浪神明！

「答應我！明日！即便在這考驗最後必然會失去什麼，即便在這之後已經無法回到以往……你也要保護好你的隊友，要好好給予她們棲身之處。」",91,5
264,圖書館的少女,奇幻科幻,完結,31,0,0,,https://mojoin.com/novels/3206,"童話角色，以自我特性，穿梭故事、夢境、現實……
為達目的而奮鬥。",416,9
265,身為天下第一快劍的我，一不小心就無敵也很正常吧？(02),奇幻科幻,完結,0,35,2,,https://mojoin.com/novels/3527,"這把劍，只有傳說中的天之子才能拔出！
──等等，你確定這把劍不叫石中劍嗎？

天命之劍橫空出世，讓北方起了巨大變動，也吸引大批身懷絕技的高手前往；而自認為最有資格得到「天之子」稱號的四大家族，
自然也派出最有潛力的一批年輕人前往北方，好得到那被天運籠罩的唯一稱號。

當風飛揚等人趕到北方後，先是遇上了大規模的屠村事件，接著又被不知何處冒出來的迷宮吞噬。
除了他們，就連窮凶惡極的「九黑」之一也現身了。另外，以獵殺天之子為頭號目標的「天敵」也正式現蹤，這次務求要將傳說在萌芽前，徹底斬殺！

一時之間，群雄齊聚北方，大亂再次降臨──
究竟是誰，才能得到這把傳說中的天選神劍？",50,5
266,黃泉之狩(05)重生,奇幻科幻,完結,0,64,5,,https://mojoin.com/novels/3381,"最疼愛小彌的奶奶生病了。獲知這件事情，小彌內心十分焦急。
透過掌管生死簿的文官口中得知，奶奶的大限已到，就要離開人世了。
猶豫再三，已經跟家人完全斷了聯繫的小彌，最後決定「回家」一趟。

見到小彌出現，她的家人臉上沒有驚喜，只有愕然。
陰晴不定的神色，似乎隱含著許多事情……

伊格爾跟特倫斯究竟在進行著什麼樣的計畫？
為什麼就連小彌的家人也牽扯其中？
越去探索，似乎就發現謎團越多……",502,5
267,引航人手記,奇幻科幻,完結,0,0,0,,https://mojoin.com/novels/793,"「凡是生命，便難逃終焉」
死亡是一個生命的結束，卻不是旅途的終結，最後一段路程，時常伴隨在側。
他們等待、他們引領。
他們是──引航人，在靈魂到達輪迴的概念之前，觀測一切之人。
這是引航人們的，引航人手記。",448,6
268,黃泉之狩 第二部(04)旱魃,奇幻科幻,完結,0,65,4,,https://mojoin.com/novels/3426,"好不容易找到了季薰的下落，卻意外發現她又多了一個兒子！
而且這個半路多出來的孩子，竟然是那隻單槍匹馬闖進鬼門的旱魃大妖！
因為旱魃的出現，魈、伊格爾與他掀起了一場「爭奪季薰大戰」，儼然就像是三個小孩子在爭奪母親的寵愛。

接到了死神殿的委託，季薰與魈開始追查一把被艾蒙奪走的權杖，卻在調查時，意外得知了其他消息……",502,5
269,穿越變蘿莉(14)終成眷屬(END),奇幻科幻,完結,0,46,14,,https://mojoin.com/novels/3302,"新生的世界為林日揚的小世界帶來豐富的資源，經歷過一個世界生滅的趙舜等人選擇就此定居小世界安居樂業，偶爾到新生世界探探險，偶爾到他方世界串個門，就此脫離新世界的權力圈，超然於世外其樂融融。

冬去春來，卸下了重擔與壓力的眾人有些找到了歸宿，感情上蹉跎許久的林日揚擺脫了三災五難的事故體質之後，是否也能找到適合他的人？
是耐心耕耘的假農夫真心機鬼勝出？還是妄圖發展養父的假年上真年下抱得美人？又或者被旁人收穫了截胡的果實？

當林日揚拷問本心時，赫然發現，原來心早就丟得一乾二淨了……",127,5
270,日日花開不凋零(01)孽緣的開端,奇幻科幻,完結,10,17,1,,https://mojoin.com/novels/3218,"若我此生注定與你相遇且糾纏不清，那姑且不論喜悲好壞，
老娘見你一次，就必定殺你一次！
直至──你徹底從我的世界中消失為止！

擁有氣質女神稱呼的路邊彩花，在WWO擁有相當高的人氣，
論壇上的搜尋TOP前十絕對會佔榜個幾則的帖子。
只不過這女神似乎不是大家所認為的……「人美心也美」？",483,5
271,Destiny 光與影的羈絆(02)消失的人魚之歌,奇幻科幻,完結,0,1,2,,https://mojoin.com/novels/3313,"接受賽恩的任務，前往精靈族的紅魘封印途中，來到了一個未曾在地圖上標明的小鎮──傳說中的人魚之都，遇見了兩名居住在海邊的少年，並開始知曉了關於消失滅絕的人魚海妖一族。
無端失蹤的村民、迴盪在深海中神秘的人魚歌聲、詭譎的滔天巨浪、無藥可醫的魚鱗怪病，昔日平靜的海洋隨著掩蓋在海中的秘密變得汙濁及黑暗，這一切是幻覺？是真實？
「希望這信，有天讓海可以送到你身旁。」
「因為我的夢想是有天可以做你的新娘。」
「我在尋找他……請將我的歌聲傳達給他……」
「因為我最放不下的，就是妳啊……」
四個人、四種祈願，在這一瞬間交織於這片蔚藍的大海中，投於大海、從未寫收件者的瓶中信，心繫於頸上的同心海螺，以及那美麗的人魚之淚，一切的一切都從那美麗的海洋中而起，那麼就讓一切都結束於海洋之中吧。
──哪怕只是一場夢也沒關係……但終究只是一場夢啊。
或許真相的背後總是殘酷，但總比永遠活在懵懂中的好。",508,5
272,萌物娘使用手冊(04)前進！劍靈學校,奇幻科幻,完結,20,62,4,,https://mojoin.com/novels/3346,"由於前幾次的戰鬥消耗，楓璃的生命已如風中殘燭，為此自責的明日渴望著變強，但對他坦誠自己「前世」的劍靈心思又是如何？

而在此時，劍靈學校發出了邀請，希望獲選的榮譽校友回到學校給予學妹們指導，而楓璃便是其中一位。令人意外的是，魔王靜也在受邀之列。

「就拜託你了！反過來讓靜幸福吧！只要讓她能夠幸福，就不會想要毀滅世界了！對方自動送上門，這個機會不能錯過！」
因為是楓璃作為劍靈的願望，明日只能硬著頭皮上了！

但魔王的表現卻不像魔王，更像是一心求死，已生無可戀的普通女孩子。
「來吧，做出抉擇。如果你是能夠解救我的『勇者』，就在這邊將短劍刺入我的胸口。」

有關魔王的前世與此世，即將揭露。但同樣跨過數世的，不只魔王的執念，也有那位神明的思念……",91,5
273,擁抱死亡,奇幻科幻,完結,60,0,0,,https://mojoin.com/novels/3647,"命運是否可以違抗？人生有多少個奇蹟？人離世後，究竟何去何從……

「終」，一位亡靈接引者，為了彌補自身的遺憾，遊走在規則邊緣，
化身為重症少年病患朗一的看護──杜先生，
甚至，在少年死去轉世成為筱恩後，成為她的守護天使。
然而「終」心中的空洞，會因此而被填滿嗎？
輪迴轉世，會改變命運軌跡，還是循著靈魂舊有刻痕，重蹈覆轍？
而違逆之後所要付出的代價，沉重的雙肩是否承擔的起？

你曾懷疑過命運嗎？你曾徘徊在生死邊緣嗎？
知名玄幻小說《神魔變》作者白夜真情呈現──《擁抱死亡》，
要帶給你不同的生命體會、更深的心靈觸動！",129,5
274,黃泉之狩(03)病毒,奇幻科幻,完結,0,64,3,,https://mojoin.com/novels/3369,"因擅自交換證件而被帶回死神殿審判的尚漓，最後的下場究竟會如何？
判刑重罰？或者是另有轉機？

看似平凡無奇的線上遊戲網站，內部竟隱藏著殺機？
原以為只是單純發洩用的遊戲，卻在實際生活中變成真實？
不過只是玩玩細菌培養遊戲，最後竟演變成某地區的恐怖災情！
感染的人數迅速增加，受災區域逐漸擴大
應該要全面撲殺或是進行希望渺茫的拯救？

＋　＋　＋　＋　

「魈！不要再沉迷電玩了！恐怖片也給我收起來！你已經兩星期都沒工作了，難道要喝西北風嗎？」

「嘖嘖！這麼激動做什麼？桌上不是有幾個看風水、收驚、捉妖的案子嗎？妳去處理一下就有錢可以拿了。」

「我去？到底誰是老闆啊！這種事情應該老闆出面吧！」

「老闆動口指揮、員工動手工作，這是千古不變的真理，難道妳都不懂？」

「……」",502,5
275,我們班的野良貓同學（下）貓妖的迷宮,奇幻科幻,完結,26,33,2,,https://mojoin.com/novels/2911,"校園闖進大批野貓肆虐，楊哲瑋為了救蘇小薇挺身而出，殊不知這原來是黑貓的報恩，楊哲瑋終於在野貓的祝福之下，成功的與心儀之人傳達了心意……
原以為從此就是浪漫的校園愛情喜劇，殊不知安分已久的貓妖開始行動了……
楊哲瑋的詛咒加速，不僅貓耳跟尾巴都長出來，最後居然變成一隻徹頭徹尾的野貓……
想要變回人類只有一個方法，就是找到貓妖，並且打敗牠！

變成野貓的楊哲瑋，到底該何去何從？
是否會被親友唾棄，或永遠變不回人類呢？",548,5
276,九皋物語(02)仙與魔,奇幻科幻,完結,0,7,2,,https://mojoin.com/novels/3353,"「我跟那兩個野蠻的男人不同，對我來說，妳比玉石重要。」

半仙是個不上不下的曖昧存在，他們既不是仙，也不能算得上是人，與九皋一樣都是被天界遺忘的存在。

隨薛清央踏入半仙一族的林甯巧，原以為能求助當家族長，將玉石取出。
沒想到，卻遭遇一連串的危機與禍害，以及──薛清央露骨的愛意與告白。

仙與魔自古以來便無法共存，然而他們面對的敵人，究竟是魔，還是笑裡藏刀，隱瞞真相的仙人？",336,5
277,穿越變蘿莉(05)紛亂局勢,奇幻科幻,完結,0,46,5,,https://mojoin.com/novels/3239,"朱襄新王上任，有意與天龍國聯姻，遠在龍朔學苑的林日揚心驚膽跳，生怕會＂欽點＂到他，每天還要忍受崔湘玉和蒼炎金的糾纏，撿回來的小銀狼和四神有如仇人相見，一個不注意就大打出手，趙紫雲的態度也越來越曖昧。
就在眾人迎來兩年一度的盛典－－四大學苑賽時，聖山屏障突然消失，前往查探的國師孟儀失蹤，名震天下的殺手組織－－迷蝶對皇室祭出殺帖，戰國又似有攻打天龍國之勢，一連串的打擊搞得趙舜焦頭爛額，偏在此時，夏竦遭人陷害，誣陷了個通敵之罪！
烽火即將燃起，大陸局勢動盪不安！",127,5
278,饕餮食堂(03)三人小隊,奇幻科幻,完結,0,93,3,,https://mojoin.com/novels/2920,"常青走了，杜櫻被留在原地。
小獵犬表示：有種你就回來保證不打死你！╯‵□′

尋找常青的路上，過五關斬六將，杜櫻無所畏懼。
但被設計的感覺真不好。
我要怎麼做，才能讓你相信我呢？

游走在人類世界裡的人蛇，站在高處睥睨儲備糧，
吃掉與被吃掉，這次只在一線之隔！",371,5
279,雞排大神之我是魔王？！(01)我是魔王？,奇幻科幻,完結,0,84,1,,https://mojoin.com/novels/3479,"靠！雞排大神啊，我只是送祢一根中指而已，祢不用這樣惡搞我吧！
靈魂穿越附身的魔王不像魔王，他還差點在來到異世界的第一天就被某偽君子組織幹掉；連向雞排大神許諾要把雞排傳遍異世界，結果他卻驚恐的發現這世界竟沒有雞？
沒有雞就夠令他想找把麵線上吊自殺了，誰知，他連遇到的女人都是一個比一個還恐怖……
哇靠，只是一根中指而已耶，雞排大神祢給我的報應會不會太誇張了一點！",229,5
280,怪異幽冥尋物所：您今天遺失了眼睛，鼻子，還是人生呢？(04),奇幻科幻,完結,86,39,4,,https://mojoin.com/novels/2980,"奪取人強勢來襲，這場局，跳還是不跳？

面對奪取人的惡意操控，來了一名麻煩的委託人。
他帶來的，是奪取人的意志，以及遊戲的開端。
尋物所眾人決定擺爛委託人，死活不跳奪取人的遊戲巨坑。
可是，不跳遊戲卻可以討錢？這是什麼債務邏輯啊！有誰可以解釋解釋？

憎恨的起始、猜忌的種子，引導出的，卻是屬於覃家的秘辛。
紅色圍巾之下，究竟是什麼？
而這場與奪取人的博奕，獲勝者是誰？

招領人、奪取人，抑或是，兩敗俱傷！",9,5
281,Destiny 光與影的羈絆(04)白梅下的等待,奇幻科幻,完結,0,1,4,,https://mojoin.com/novels/3365,"她和他第一次相遇在那大雪紛飛的夜晚，他救了她，為她留下了日後的預言及命運，而當他和她再次相遇時，也是在如白雪般的梅花樹下，這次的他為她留下的是無盡的憂傷及懊悔。
伸手想要握住他的手，卻發現他的身影如同梅花瓣片片紛飛，直到最後消失在自己的眼前，他身上所隱藏的秘密，隨著時間的前進而被揭開。
「從來就沒有人教會我如何堅強，也從來沒有人教會我如何軟弱。」
「那麼，我教妳吧，用我的一生來教妳吧，我會緊抓著妳的手，直到我放手之前，妳必須學會真正的堅強。」
「真正的堅強，不是在該哭時不哭，而是在哭完後，還記得如何去笑。」
我這一生不為誰上了心，唯獨只有妳……讓我就算失去一切，也想護妳一世周全，哪怕從今以後……再也無法相見。
──不求擁有、也不求失去，只求在我有生之年，遇見了妳。",508,5
282,穿越變蘿莉(06)生命禁區,奇幻科幻,完結,0,46,6,,https://mojoin.com/novels/3240,"林日揚一行人因為四大學苑賽在1024區開始了為期40天的試煉期，完全把試煉當成郊遊的林日揚本以為能平安度過40天，沒想到才開始沒幾天就情況驟變！
自創世以來便存在魔幻森林中的五行生命禁區突然不明原因消失，就在未能及時阻止的四神猶豫是否以自身遭困的代價換得五行平穩之時，失蹤已久的日神突然出現力挽狂瀾，付出的卻是誰都不願承受的。
「一直以來都是他們呵護著我，我沒幫他們做過什麼，當我的生命走到盡頭，回想過去，最多的就是後悔。」──日神。",127,5
283,永樂神社的巫女(05)九姑娘與阿柯,奇幻科幻,完結,4,25,5,,https://mojoin.com/novels/2433,"我和冶金終於踏入雲夢並找到白澤——本以為，就算不能直接取回靈力好歹也能問到恢復方法。
卻沒想到，那頭大白牛不僅語焉不詳，還說什麼打從冶金來永樂開始就是在應驗一個預言，最後更扯出惡水神共工、九尾妖狐以及永樂村三千年前的黑歷史……
好啊，現在連出門踏青都要先和前世今生打個招呼了是不是？",258,5
284,穿越變蘿莉(07)流星雨,奇幻科幻,完結,0,46,7,,https://mojoin.com/novels/3243,"因為日神的介入，讓四神得以平安脫身，免去被代替神物禁錮在禁區的危機，可五行禁區的消失依然無法挽回，盤古大陸正式以群獸暴亂開啟了亂世時期。
林日揚在日神送他返回之前再一次陷入昏迷，意識模糊之間隱約看見了日神與盤古、女媧三位創世神皇齊聚，三位神皇的對話令他得知，原來日神召見他竟另有寓意？

衰星太強悍！這次整個盤古大陸都一起帶衰了……
林日揚風中凌亂著外加寬海帶淚，縮在陰暗角落裡啜泣，他負責自己的小命就已經很吃力了，可不可以不要把其他重責大任加到他身上來啊？這不是強迫他當餐桌嘛！
還要去和親？！有沒有搞錯？小蘿莉傷不起的你知不知道啊！",127,5
285,鍾馗 鬼王事件簿(07)龍與帝,奇幻科幻,完結,0,78,7,,https://mojoin.com/novels/3491,"這年頭，別說友誼大使不好當，連一個拿鑰匙開門的，日子同樣不好混……
這連純陽老祖都避之唯恐不及、御用丹房的「開門大使」，偏偏玉帝欽點，落在了鍾馗頭上。
為了達到百分百的煉丹成功率，鍾馗明知有鬼，也只能硬著頭皮上！
問、題、是──玉帝陛下很明顯漏說一句關鍵情報：「內有脫衣色女，慎入！」",475,5
286,武裝巫女(01)武裝出動,奇幻科幻,完結,0,41,1,,https://mojoin.com/novels/3515,"伊克流島．達克城－－這是巫女的國度，也是所有陰謀詭計誕生之地，只有心懷險惡、居心不良之人才能找到這個地方。
來自達克城的幽靜影，她美貌與暴力兼具，她發誓要成為這個世界上最偉大的巫女！
因為一椿任務，她與助手哥布林離開了伊克流島，不僅展開了一段全新的巫女傳奇，也注定要在大陸上掀起一陣罪惡狂瀾！",487,5
287,黃泉之狩 第二部(01)設局,奇幻科幻,完結,0,65,1,,https://mojoin.com/novels/3410,"紛亂的糾葛、未完的事件，再度捲土重來……
看似塵埃落定，平靜的表象下卻掀起了波瀾。
已故的天使伊格爾，究竟發現了什麼秘密，
為什麼讓天堂的偵查廳如此緊張？
吸血鬼與狼人紛紛現身義大利，他們群聚的目的為何？
是否又有什麼計謀浮現？

混沌不明的絲線漸漸交織成網，續譜出另一個新面貌
在光與闇的對峙之中，遮蔽的濃霧即將散去，真相將逐漸清晰……
身邊的人究竟是敵是友？
我們所相信的，究竟是真理或是假象？",502,5
288,闇!騎士外傳－模範騎士的學院日誌（下）,奇幻科幻,完結,0,81,4,,https://mojoin.com/novels/3518,"熱鬧長假正式開跑！放出牢籠的菜鳥見習騎士們五五成隊，四散在威倫帝國廣闊的國土上，展開他們生平第一遭試煉。
只不過，命運之神的心情顯然不是很好，穆亞的冒險小隊先後「拾獲」莫名其妙的兔子一隻、心懷不軌的魔族三名、肩負使命的聖騎士一位──無庸置疑，這絕對是支龍蛇混雜、內部談不上團結的混亂隊伍。
偏偏這樣的組合，被迫一路披荊斬棘戰豪強，甚至到了最後關頭，還得面對自己人內訌！
難過的關卡一道接一道，穆亞更要面對第一次殺人見血的內心煎熬。他該如何堅持自己的志向，完成作業、走出自己的騎士道？",475,5
289,穿越變蘿莉(09)圖窮匕見,奇幻科幻,完結,0,46,9,,https://mojoin.com/novels/3252,"鬼畜出沒住意！！
宇文兄弟明擺著基情四射，為神馬還要他去和親？
莫非是想娶過去給弟受各種辛酸血淚ＳＭ？
他能不能選擇不參加？

失蹤已久的趙紫陽終於有消息了？
林日揚一行人終於和宇文承皓在汨城會面，一邊緊鑼密鼓的暗中策畫營救趙紫陽。宇文承皓果然來者不善，只是怎麼好像有興趣的不是他啊？
林日揚囧囧有神，只覺天雷滾滾：「姚傲璿你還不從實招來？風流債請自己扛！」
終於重拾『不是人』實力的林日揚，宣告拒絕再當小綿羊啦～～",127,5
290,零度領域 新裝版(02),奇幻科幻,完結,0,69,2,,https://mojoin.com/novels/3194,"bug？你說我是個bug！
等等，今天又不是愚人節，開什麼玩笑啊！

真是的，沒想到老哥竟然對外人比對我好，
他想玩遊戲，我不但要保護他，還要偽裝成他的女朋友？
別開玩笑了！要是這件事情被戰神的人知道，我的形象就毀了！

機器人阿光想要找主人？
沒問題！這件事情我一定會幫到底！
啥？你忘記主人的模樣了？這、這要我怎麼找啊？",502,5
291,闇!!騎士(10)光與闇的交叉點END,奇幻科幻,完結,0,79,10,,https://mojoin.com/novels/3467,"bug？你說我是個bug！
等等，今天又不是愚人節，開什麼玩笑啊！

真是的，沒想到老哥竟然對外人比對我好，
他想玩遊戲，我不但要保護他，還要偽裝成他的女朋友？
別開玩笑了！要是這件事情被戰神的人知道，我的形象就毀了！

機器人阿光想要找主人？
沒問題！這件事情我一定會幫到底！
啥？你忘記主人的模樣了？這、這要我怎麼找啊？",475,5
292,魔族少女的藥引(03)邁向新未來的抉擇(END),奇幻科幻,完結,33,90,3,,https://mojoin.com/novels/2456,"「不論未來發生什麼事情，即便黑暗將妳包圍，我會成為妳的眼睛，我不會讓妳失明，失去這一輩子最後的色彩……」

那勒斯戰役後，身體虛弱的佟真迫切需要全新的晶體挽救魔祿司之眼。
可是關於夜國晶體的下落始終是個謎。

幸運的是，在戈汀、御羅多和單諾齊心協力下，終於查出晶體的所在位置，一行人決定事不宜遲前往夜國尋找晶體。
豈料，異次元死靈體再度逆襲而來。
鑒於佟真先前回到現實世界時，異次元入口已無法承受死靈體的攻擊。
納爾加大陸陷入水深火熱的煎熬，沒有反抗力的人族成為死靈體的養分，魔族同樣傷亡慘重，即使三人異能優秀，也無法阻止死靈體透過異次元裂縫入侵。

在納爾加大陸的劇烈動盪不安下，守護晶體的婦人向佟真娓娓道來一段故事，使得佟真陷入兩難的抉擇，付出的代價讓戈汀和御羅多無法接受。
在家園和魔祿司上，該如何抉擇？",254,5
293,魔法禁止事項(03)禁止用魔法成為神(END),奇幻科幻,完結,50,88,3,,https://mojoin.com/novels/3349,"澹臺球等一行人在格陵蘭島發現了巨龍的真相之後，他們為了逃避羅馬教廷的通緝，卻因為傳送魔法的失誤，而來到了酷熱的沙漠、寒冷的高原……
在幾乎環繞世界一圈之後，他們重回歐洲並瞭解到「雅典聖戰」中，違反魔法禁止事項的真相和瓶中小人叛變的緣由……",428,5
294,黃泉之狩(04)魂變,奇幻科幻,完結,0,64,4,,https://mojoin.com/novels/3370,"「你要我到佐˙司魂院打工？」
「玹澄楓說他們那邊很缺人手，想找短期工讀生，所以我就幫妳答應了。」
「喂！我是要你去找工作、接案子，不是要你去『幫我』找工作！」
「我知道啊，所以我不是用妳個人的名義，我是用事務所的名義去接這份工作。」
「你的意思是說……我在佐˙司魂院工作賺到的薪水，不是我個人的，是事務所的？」
「沒錯。」
「你、你怎麼可以這樣！就算是人力派遣公司，他們也只是抽個一成、兩成！你竟然要全部拿走？你這種行為簡直就跟搶匪沒什麼兩樣！你這個黑心奸商！」

奇怪，身體怎麼覺得怪怪的，難道我生病了嗎？改天給醫生檢查好了。
『不用掙扎了，妳很快就變的跟我一樣。』
『來當我的實驗品吧！看看人類如何變成妖怪。』
『妳跟我們都一樣，都是妖怪。』
『妖怪，怪物！』
『妳也會變成跟我們一樣，都是怪物！』
不，我不會！我不要！",502,5
295,零度領域 新裝版(03),奇幻科幻,完結,0,69,3,,https://mojoin.com/novels/3211,"傳說中的老橋段、老設定──一個經常會炸燬自己家的蠢博士登場！
請大家掌聲鼓勵鼓勵～～
啊？事情不是我想的那樣？我誤會了？
唉呦，誰叫康帕納博士用這種出醜的方式出現呢！
話說回來，不過就是聊天嘛！博士的臉未免也紅的太離譜了吧？

沒想到阿光身上有主人的照片啊？
嘖！不會早點拿出來嗎？這樣至少線索比較多一點啊！
原來這就是阿光的主人啊？怎麼看起來很眼熟哩？

沒想到要維修阿光竟然還要有其他資料？
這還真是麻煩啊，我們到底要去哪邊找資料呢？
嗯？等等，那個好像就是……",502,5
296,Destiny 光與影的羈絆(03)虛偽的救贖,奇幻科幻,完結,0,1,3,,https://mojoin.com/novels/3364,"在前往精靈族的路途，梧莘先來到大陸中的三不管地帶，人稱罪惡之城──安格斯城一趟，而安格斯城正逢黑色慶典全面黑色解禁！
久不見的故人紛紛出現，光之子民的精靈樹賢，日倌月青的美麗雙子，詭譎的黑色地牢以及那神秘的藍色身影，一切都將過去的四年拉開序幕。
從朦朧的空白中抽絲剝繭，找出連自己也不知道的那個被隱藏的過去。
「生死如同過眼雲煙，人類的生命之於你們也不過只是短暫的一瞥。」
「妳的存在，就是我現在最大的意義，我會追著妳的腳步，只希望能待在距離妳最近的地方。」
當我閉上雙眼，那些歡笑、悲痛，依然清晰可見，彷彿就如昨日一樣，但其實時間已經把我們推離了好遠的距離。
我們以為所有的事情都沒變，當我們回過頭，會發現什麼都變了，但無論妳變成什麼樣子，無論妳的過去是什麼，我只想讓妳知道。
──我想要的，就只是妳。",508,5
297,少年土地公 紀事本末(02)就算我是土地公，我也不可能了解女孩子在想什麼啊!!,奇幻科幻,完結,0,16,2,,https://mojoin.com/novels/3306,"青瘟鬼王下了通緝令，緝拿「台灣府台中州西濱南縣城隍顯佑伯轄下的清海里東土地公張德楚（ONLY ALIVE）」。　
懸賞令的正中央是白髮美少女的照片——不對，是我自己的照片！
是哪個渾蛋傢伙用了「美肌」、「柔焦」的效果偷拍我？
等等！我被懸賞了!?還懸賞了五千萬冥幣！
是說懸賞單上為什麼要寫英文？這樣比較有氣氛嗎？
還有，為什麼我的轄區內有老虎出沒啊——？

喂喂，這是哪裡的動物園跑出來的老虎，還可以咬鬼!?",428,5
298,禁斷凶獸少女的不當召喚法(03)假面窮奇,奇幻科幻,完結,0,66,3,,https://mojoin.com/novels/2977,"伴隨著驚天動地的總統暗殺事件，戴著神秘面具、身著馬甲洋裝、自稱窮奇的少女登場了。
和過去的凶獸截然不同，根據自己本意對人類痛下毒手的她，是個難以親近的存在。
「啊啊啊啊啊！右手──我的右手！」
這是何苦呢？只要安分的待在一旁，孤家是不會隨便出手的喔～」
同時，炎修家迎來了一位意料之外的訪客。
「真過份，你們已經忘記我了嗎？」
表面上就像國小孩童的女娃──東碧云，竟然自稱是兄妹倆的「原監護人」。
更巧的是，她也正在追蹤窮奇的下落。
這些事件間到底有著怎樣的關聯？
與黃麟產生嫌隙的炎修一行人又是否能看穿局勢，趕在鎮特與
之前感化窮奇，使她成為夥伴呢？",46,5
299,闇!!騎士(09)戰火連綿幾時休,奇幻科幻,完結,0,79,9,,https://mojoin.com/novels/3466,"戰火重燃，吟遊詩人口中傳唱的重量級敵人粉墨登場！
威倫全境風聲鶴唳，究竟魔族這番大動作的根本原因是什麼？
難道真是為了侵略而侵略？
追隨洛特來到人間的女惡魔再次現身，而且似乎把握著侵略軍的部份兵權？
一場洛特與舊情人的火爆交鋒，儼然已不可避免！",475,5
300,穿越變蘿莉(08)獸潮來襲,奇幻科幻,完結,0,46,8,,https://mojoin.com/novels/3244,"幻森城獸潮在林日揚的瘋魔狀態下宣告結束，順便把覬覦自己的蜜蜂蝴蝶變成豺狼虎豹！
趙紫陽的失蹤讓眾人束手無策，兇手究竟與製造一連串驚人事件的人馬是不是同一批？事態撲朔迷離，就算是神靈也不再無往不利，世界正在悄然改變，而還未有所察覺的林日揚面對了也許是人生中最大的危機……

某腹黑：「我是初吻，而你卻不是？」
某天然：「這不能怪我啊！」
某暴虐：「死心吧！你只能對我負責！」
組團前來相親的新王也不好惹，林日揚內牛滿面，很想把自己砍掉重練！
「神啊──趕快讓我再穿越回去吧──」",127,5
301,生平記述完結後的異世界自由人生,奇幻科幻,完結,40,0,0,,https://mojoin.com/novels/467,"一名高中生因為樸實無華的老套原因穿越到異世界，展開一段全新的自由人生。
在生前感受過各種惡意的他，到了異世界之後逐漸敞開了自己的內心。
這裡有著許多未知的新鮮事物，還有主角染盡鮮明色彩的全新未來！
以老套為前提的異世界全新物語，就此展開！",413,6
302,黃泉之狩 第二部(06)糾纏,奇幻科幻,完結,0,65,6,,https://mojoin.com/novels/3447,"邦加西將巨劍收在背後，不滿的嘀嘀咕咕。「阿薰明明說死神很有趣，這種傢伙哪裡有趣了？」
聽到邦加西說出「薰」這個字，走在隊伍後頭的尚漓猛然煞住腳。
「你說什麼？」他快步衝到他面前，焦急的抓著他的手臂，「你剛才說的阿薰是季薰嗎？來自人界？她身邊還跟著一個叫做魈的人對不對？她沒事吧？有受傷嗎？」
「你想知道？」邦加西圓滾滾的眼睛轉了轉，露出狡詐的燦笑，「跟我打一場，贏了我就告訴你。」

為了修復結界，死神們來到魔界，尚漓在攔路的魔族人口中得知季薰的消息，這讓他喜出望外，只是這位魔族人似乎有些麻煩吶……

「瑪格……麗特？」
看著那張熟悉的臉孔，魈的大腦瞬間空白了一秒，他從沒想過會再遇見她，而且還是在這個地方、這個時代。
「……愛德華？」與他對上視線的瑪格麗特先是一愣，而後驚喜萬分的尖叫一聲，張開雙臂撲入他懷裡。
「……」如此意外的畫面讓DA小組與季薰全都愣住。
這名被DA小組救回的女子，似乎跟魈關係菲淺呢！",502,5
303,零度領域 新裝版(09),奇幻科幻,完結,10,69,9,,https://mojoin.com/novels/3241,"告白！我要告白！
對！既然已經下定決心了，那就要去做！
遙日！等我來追求你吧！

這個公會城的任務還真是麻煩！
一直要我們跑來跑去，真是浪費時間！
吼～～不會一次將話說清楚啊？一定要分批說嗎？",502,5
304,永樂神社的巫女(06)圓(END),奇幻科幻,完結,0,25,6,,https://mojoin.com/novels/2434,"在使盡所有手段以後，宗主終於在北方主殿舉辦婚禮準備迎娶伊織。
原本以為一切都會按自己的意思進行，卻沒想到他今天碰上的冶金更霸氣、更不要命。
逼得他放出六千年前差點毀滅整個大陸的超強大妖——八岐大蛇，但這個舉動卻驚動天庭出動大軍下凡。然而眾大神的目標不是大蛇，而是冶金……
橫刀奪愛只是邪教，提槍搶婚才叫霸氣！",258,5
305,槍靈少女 前傳(03)尋鄉之旅(END),奇幻科幻,完結,0,71,3,,https://mojoin.com/novels/3343,"終於從學校畢業的溫璃踏上了尋找父母的道路，然而因為年代久遠，加上混亂的記憶，讓她的尋親之旅困難重重……
尋找父母的期間，一個個陌生而又熟悉的人出現在溫璃面前，原來有很多人、很多事，早在很久以前，她就已經遇到了……",164,5
306,未知領域(03)詛咒之血(END),奇幻科幻,完結,90,22,3,,https://mojoin.com/novels/3463,"「周成集團」──由龐大的姬氏家族所帶領，台灣屬一屬二的大財團。這個財團非但是「未知領域」的贊助者之一，並且擁有與未知領域相抗衡的龐大勢力。
2006年，周成集團正式與未知領域，展開實際意義上的對抗。

年輕的駭客情報商：醉，曾經在五年前得知關於姬氏家族與自己的糾葛與秘密。然而經過調查之下，醉發現其中有矛盾不尋常的地方：趁著周成集團與未知領域的抗衡，醉決心趁這個時候找出關於姬氏家族的真正秘密，卻發現更多讓人不解的謎團……？

被幽禁在偏遠離室的兒子，知道些什麼的心理醫生姬叔乾，以及掌握姬氏家族所謂「詛咒的血脈」機密的未知領域。這些讓人不解的事情背後，究竟隱藏著如何殘酷的事實？
都市玄疑冒險第三彈，將揭露驚人的真相！",59,5
307,雨,奇幻科幻,完結,12,0,0,,https://mojoin.com/novels/3640,"雨都，米斯特被當地的人們如此稱呼。那是一個一年四季幾乎都下著細雨的城市，由於厚重溼氣的關係，整個都市常常被一股稀薄的霧氣壟罩。
或許是因為細雨和霧氣的關係，在城鎮中的孩子們之間流傳著一個傳說。據說，雨都中藏著誰也沒見過的秘密。只有運氣好的人，才能一瞥其隱藏的迷幻風貌。
當然，這都只是傳說，還沒真的有人親眼見過。不過，也有可能是因為親眼見識過的人，再也沒有回來。",3,6
308,四次元與地下城與異世界！,奇幻科幻,完結,0,0,0,,https://mojoin.com/novels/1074,科學理性解釋穿越原理，理性分析能力源頭，被迫鍋居在地底的異世界，強者會變大或瞬移？（合理緣由與科學應證），弱者消散與墮落，這世界之謎真的有解開的一天嗎？,306,6
309,闇!!騎士(06)闇星的逆襲,奇幻科幻,完結,0,79,6,,https://mojoin.com/novels/3424,"究竟是公主霉運當頭，或者洛特命中帶「賽」？
好好一個接近遊山玩水，美其名「體察民情」的私訪活動，竟能牽扯出一場潛伏不知多久的陰謀，與一個想要一飛沖天的大少爺。
最後甚至鬧出角鬥場大型械鬥，不但鬥氣色彩斑斕，元素炸彈更是滿天飛舞。
更厲害的是，這場「炸彈嘉年華」還炸出一段幾乎天衣無縫的人體實驗，以及三公主殿下隱諱的感情世界……",475,5
310,黃泉之狩(08)真相,奇幻科幻,完結,0,64,8,,https://mojoin.com/novels/3399,"「你要活下去，為了季薰、也為了凱，你不可以讓他們兩人的性命白費。」魈認真的叮囑著，「改變懦弱的個性，讓自己變強，用盡一切手段生存下去，這是你唯一可以報答他們的方法。」
「我知道了。」維德胡亂抹乾臉上淚水，用力的點頭，「我、我一定會變得很厲害，以後遇到欣的時候，換我保護她！」
蛻變前的維德與成長後的魈，同時對自己的靈魂起誓，鄭重地許下守護的諾言。

搭乘上返家的馬車，似乎終於可以鬆一口氣，好好休息，然而，事情真有這麼順利嗎？
藏匿於暗處的惡魔再度現身，在追獵的同時，他也成了被追逐的一員……
「嘖！真是煩人的傢伙。」奧蘭特面露不悅，怒瞪著臨時現身的對手。
「我來取回我的東西。」在一身黑衣的映襯下，來者的膚色更顯蒼白。

除了惡魔的虎視眈眈以外，日後等待著季薰的命運，又會成現出什麼樣的轉折？
已故的亡者再度現身，為事件掀起另一股波瀾……",502,5
311,夢靨的莉莉絲,奇幻科幻,完結,10,0,0,,https://mojoin.com/novels/3720,面對入侵地球的生物「夢靨」，獲得神明莉莉絲力量的少女們，今天也拚命戰鬥著。,41,6
312,月夜之歌～拾光裡有你～(03),奇幻科幻,完結,0,18,3,,https://mojoin.com/novels/3508,"「和我打一場公開的一對一競技賽吧，如果妳贏了，說不准我會把武器『送』給妳。」──拿著頌頌花尋覓已久的〈魔舞劍〉，挑釁的言語讓所有一切一觸即發。

妳的世界充滿光彩，還是黯淡無光？除了遊戲之外，有沒有讓妳感到重要的東西？
如果是以前，湯韶肯定會說沒有，都隨風去吧、隨風飄吧，不管是現在還是未來，她通通都不在乎。
可是，當有了想珍藏、想保護的事物之後，她會靠著自己的力量去守護。

「我的臉有這麼好看能讓妳這麼一直盯著？」
「唔……才、才沒有！我只是在想事情！」
邱昭明看著她，還想她應該對這次的合菜不太有興趣，沒想到會吃那麼多。
於是很不要臉的邱昭明又問：「想我的事？」

比想像中還有少女心的昭光Ｘ女漢子鋼鐵耿直GIRL頌頌花
乘著大家的祝福，用100%的力量用力放閃！",483,5
313,血!!魔導(01)宿命的孽緣,奇幻科幻,完結,0,28,1,,https://mojoin.com/novels/3592,"搶劫皇家寶庫、介入奪嫡紛爭，史上最年輕的魔導士一路走來一路傳奇，儼然是世人眼中冉冉升起的一顆新星。
誰又知道，他的身體非生非死？
誰又曉得，他的仇敵手眼通天？
在他努力累積克敵資本時，致命觸角已經延伸到他的生活周遭。
為了暫絕隱患，勒斯不得不啟用一個決絕的主意，一個關於「人體炸彈客」的計畫……",475,5
314,終焉之島X兵器少女(05)邁向終焉的王者之路(END),奇幻科幻,完結,0,55,5,,https://mojoin.com/novels/3291,"煌日帝國的侵略行動，全面展開！

「藍色是代表靈魂的純淨光彩，紅色則是失去靈魂的絕望色。」

煌日帝國的二十萬大軍，軍臨反抗軍的最後陣線。
所有人嚴陣以待的同時，也知道這將是他們最後一戰。

天拓與剎那前往山區，會見古老的山之民，
這群最接近自然的戰士，其危險與神秘一樣悠久，
沒有人能保證他們能夠活著回來，但他們有著必須這麼做的理由。

同一時間，來自帝國內的最強將軍，
帶著無法逆轉的力量，來到眾人的面前──

兵器少女完結篇，終焉降臨！",50,5
315,台灣勇者協會T.G.G(06)邁向終結的倒數,奇幻科幻,完結,22,21,6,,https://mojoin.com/novels/3591,"『謝謝你，安哥。』

█████████████████████
████████████
█████████████████████████
██████
███████████████

████████████
──────直到約定的那一天。
█████████",244,5
316,饕餮食堂(02)連環圈套,奇幻科幻,完結,0,93,2,,https://mojoin.com/novels/2914,"正式成為大一新鮮人的杜櫻，本來以為可以繼續學霸生涯……
結果迎接她的是更多光怪陸離的妖怪世界！

不管是什麼妖怪，全都是惡意滿滿❤
連環圈套，正式展開，杜櫻小獵犬，勇往直前的衝啊！

您好，今天想來點什麼呢？
今日限定是山蜘蛛腿佐南瓜燉飯、碳烤畢方翅膀糯米捲
歡迎點餐！",371,5
317,饕餮食堂(04)真假杜櫻(END),奇幻科幻,完結,0,93,4,,https://mojoin.com/novels/2921,"「我想讓這份心意，成為一點點能夠羈絆你的可能。」

杜櫻終於告白，但她並不知道黎明之後……
即是有去無回的最後大戰。
常青與何邢共同約定，要保護好她。
什麼都不知道的她，這份心意注定落空。

大戰開始，城市淨空，失去電力的城市即將迎來黑暗期，
但如果這是自由的代價，你是否願意付出？",371,5
318,逃離世界,奇幻科幻,完結,0,0,0,,https://mojoin.com/novels/3730,以考驗作為面對自我內心的困境。,463,6
319,黃泉之狩(07)羈絆,奇幻科幻,完結,0,64,7,,https://mojoin.com/novels/3398,"將關係進行了切割，是否就能保護對方不受傷害？
魈永生的敵人、Ｌ組織的首領──艾蒙終於現身，他的出現又會帶來什麼樣的衝擊？
魈、艾蒙、季薰三人之間，又會發生什麼樣的事件？
上天在他們身上加諸了什麼羈絆？導致三人的命運牽扯不已……

「你這個膽小鬼！逃避不能解決問題，你不知道嗎？」隔著屏障，季薰朝魈的背影大喊：「就算你離開了，事情也不會因為這樣就解決！」
「混蛋魈，死沒良心的大叔，停下來聽我說話是會死嗎？」她憤怒的握緊拳頭。
「我、我討厭你！你這個愛亂吃豆腐的色狼，不負責任的傢伙！隨便就拋棄我離開的冷血動物，大笨蛋！」
滿腔的怒氣越罵越無力，季薰頹然坐在地上，淚水自眼眶滑落。
似乎，不管她用什麼方式，她都再也喚不回、留不住他，一股焦躁而又無能為力的無力感盈滿她的心口……",502,5
320,惡鬼補習班(02)熱熱鬧鬧招生月開鑼囉,奇幻科幻,完結,0,58,2,,https://mojoin.com/novels/3465,"我是唐芯苗，十五歲。
今年夏天，我成為某補習班的工讀生，
但當我披荊斬棘終於正式上班時，才發現──　

除了我們招生組三人是僅有的人類外，
公司內下至學生，上至主任老師……

全、部、都、是、鬼！

陰曆七月初一，惡鬼補習班招生月正式展開！
身為班內最菜的菜鳥，種種難搞又荒唐的工作全落到唐芯苗身上。
幽冥界貼海報、重做出錯講義、帶新生搭電梯、陪有虐待傾向的名師到廢墟招生，還成為課後輔導計劃的實驗用小老師？
菜鳥唐芯苗打工以來最艱困的任務現身！
她該如何協助名為鄭泰的正太怨靈，成為百年難得一見的超級大惡鬼？",353,5
321,零度領域 新裝版(10),奇幻科幻,完結,0,69,10,,https://mojoin.com/novels/3242,"經過了重重考驗，我們終於完成公會城任務啦！
不過，這隻奇怪的生物是什麼東西啊？
咦咦？就因為他們兄弟不合，就讓世界大亂？這、這未免也太……
得到公會城跟領地後，接下來要做什麼？
那還用問嗎？

我們要稱霸《零度領域》！
我們要創造傳說！
我們要成為排行榜上的強者！
我們、我們、我們要邁向結局啦～～

零度領域最終回，結局即將揭曉！",502,5
322,黃泉之狩(06)圈套,奇幻科幻,完結,0,64,6,,https://mojoin.com/novels/3382,"我唯一的摯友，金恩：
當這項計畫失敗後，與我合作的罪人必會重起爐灶，再次奪取那份力量，倘若對方成功，這世界的命運將會被扭轉……

「計畫成功了嗎？」
「咯咯咯，失敗了，嚴重失敗。不僅門沒有打開，伊格爾自己也死了，咯咯咯。」
「是嗎？那還真可惜，我對那個理論挺感興趣。」嘴上說著可惜，男子臉上卻平靜無波，沒有多餘的情緒。
「咯咯咯，他的理論沒有錯，只是準備的不夠完善。」特倫斯暴凸的雙眼發出綠色幽光，「我已經將資料複製下來，等我準備完成……咯咯咯。」

「妳好，我是調查局的偵查員，有件事情想請妳協助……」

意外地，季薰面前出現自稱是調查員的男子，從對方口中，她得知魈的過去，強大的衝擊讓她腦袋一片空白……",502,5
323,Math Server Volume 3,奇幻科幻,完結,0,4,3,,https://mojoin.com/novels/57,"讀者引頸期盼，直搗主角們過往的新冊登場！
融合戰鬥、成長、解謎的現代輕奇幻「Math Server」系列第三集開幕！",139,6
324,惡鬼補習班(04)沒有想像力是無法成為亡靈獵人的,奇幻科幻,完結,0,58,4,,https://mojoin.com/novels/3478,"我是唐芯苗。
不久前剛知道自己上了本市排名第二的高級中學！
現在對於高中登記分發的結果很滿意，補習班的工作也上了軌道。
時間不知不覺間地前推進著，然後……
感謝老天，我終於能領人生第一筆薪水了！

一個多月過去了，唐芯苗總算捱到發薪日，但大大小小的災難依舊形影不離。
突然被抓去拜訪怪婆婆，帶了一堆死人才用得到的東西回來！
用塑膠袋打包薪水，回家路上居然遇到持掃把搶劫的高中少女！
還有神秘的蒙面人，一天到晚騷擾補習班！
甚至連雙胞胎中的弟弟「骨摧」，都對漸入危險的未來，做出了預言……",353,5
325,穿越變蘿莉(13)致新生,奇幻科幻,完結,0,46,13,,https://mojoin.com/novels/3301,"林日揚看見了歷史原本的走向，怎是個慘字可形容得盡，他感覺自實驗意外以來，包括自己穿成小蘿莉的悲憤都受到了撫慰……

為了創造盤古世界的未來，首先林日揚得先──
『殺了日神』
『搞爆盤古大陸』
『創世神皇煙滅回歸為本源之力』

眾：『……你確定不是來滅世的嗎？！』
林日揚：毀滅，致他愛的人，一個不是未來的未來。",127,5
326,我的女友是土方歲三？！,奇幻科幻,完結,30,0,0,,https://mojoin.com/novels/2797,"看似平凡的大學生—矢守祐介，自幼就因夢中女鬼纏身而困擾不已。
在開學當天他被抓去當轉學生張宇伶的輔導員，此時張宇伶竟自稱自己是陰間使者，逼迫祐介協助尋找違法攜帶前世記憶轉世的末代武士—土方歲三。
這時，半路卻殺出自認是祐介前世情人的學妹佐佐木加奈。
在兩女的夾擊下，祐介的前世記憶漸漸浮現，他坦承自己就是土方歲三，而加奈則是自己前世拋棄的情人。
但沒想到加奈聽見他這麼一說，竟表明自己才是真正的土方歲三，而祐介是她的前世情人？！
為了釐清誰才是真正的土方歲三，祐介和兩女共同踏上尋回記憶的旅程……",156,5
327,惡鬼補習班(03)年年中元都有刺激無比的員工旅遊,奇幻科幻,完結,0,58,3,,https://mojoin.com/novels/3477,"我是唐芯苗。
惡鬼補習班招生組工讀生，負責的工作是電話訪問、打雜、跑腿和……
所有同事都不想做的苦差事！

喔嗚，好想放假喔，聽說中元節是鬼魂間最重要的節日。
可是為什麼我連中元節都沒有假放呢？
我一點都不想去什麼兩天一夜的中元節員工旅遊啊啊啊啊！

唐芯苗在補習班的工作漸漸穩定，和同事相處也熟悉了起來。
這種時候，就更需要員工旅遊來增進彼此間的感情了！
一年一度的中元節員工旅遊，這次朝著濱海的水上樂園前進！
藍天、大海、草帽、沙灘排球、棕櫚樹、花襯衫、椰子水和比基尼泳裝……
誰說鬼魂不能在大太陽底下瘋狂玩滑水道呢？",353,5
328,黃泉之狩 第二部(08)終曲(END),奇幻科幻,完結,0,65,8,,https://mojoin.com/novels/3469,"最後的戰役即將展開，為了這象徵正義與邪惡的一戰，死神殿一干人摩拳擦掌以待。
「殺啊啊啊──」

刀光交錯，寒芒閃爍，帶起了一片死亡的陰影。
殺聲響徹雲霄，爆炸聲接二連三的響起，靈魂的殘片化為點點星芒散落於天地之間。
兩名傷兵半坐半躺地靠在一起，一個被削去了半邊身體，一個被扯斷了兩條腿，他們喘著氣、唇邊淌著血，手上握緊了炸彈的拉弦，齜牙咧嘴地笑著，等著死亡的到來。
「殺一個夠本，殺死兩個就賺一個！」被削去半邊身體的死神獰笑道。
「呵呵，至少要拽上四個，才有臉去見死在前頭的弟兄……」

儘管已經傷痕累累，在生命的最後一刻，他們的意志依然沒有動搖，仍然堅守著刻進靈魂裡的驕傲與頑強！
他們可以戰死、可以被殺死，卻沒人能讓他們退縮與屈服！
「為了榮耀！」
「為了家園！」
「死戰不退！」",502,5
329,青青何盼草(03)躲不掉的麻煩,奇幻科幻,完結,0,43,3,,https://mojoin.com/novels/3267,"「青海，其實你不必對我這麼好。」
「不對妳好要對誰好？」大神皺眉。
「先聽我說完，這些話我只說這麼一次。」
何盼盼回想第一次被搶圖王、第一次被玩家殺死、第一次被通緝、第一次包間跟人同居、第一次繫紅繩、第一次首殺上電視……
好多的第一次，都是和這個她曾經討厭的人一起。

「你說，這算不算是一種緣份？」
大神不語，只是靜靜地望著小小人兒，深黑色的眸子清澈如水。
「我只是想說，無論是誰，對我來說都只是一個普通玩家，而你卻是跟我繫了紅繩的夫君」，揚起嘴角，何盼盼自信地重複一遍，「我凌風草的夫君。」",219,5
330,黃泉之狩 第二部(02)牽扯,奇幻科幻,完結,0,65,2,,https://mojoin.com/novels/3411,"收集器官是為了保命？
鬥毆、吸毒、無端陷入昏迷的新聞事件背後，另有真相？
之前發現的異種，不過是真相的最末端、拼圖的一小塊。
藏身於黑暗的幕後黑手，究竟有什麼意圖？

喂喂！叫我打掃煮飯、陪你抓妖抓姦、騙人坑錢外加搶劫，還叫我陪你逛街、打電動？
給老娘我聽清楚！我不是僕人、不是道士、不是詐騙集團，更不是「伴遊小姐」！
你這根本是虐待勞工！小心我去告你喔！

不過才第一集，女主角就失去了雙眼，個性鮮明的角色與神祕人物隨著劇情發展陸續出現，令人驚奇、出乎意料的故事轉折，更是讓看官們大吃一驚！

究竟季薰是否能夠順利取回眼睛？
運送者川羯拿取他人器官的目的是什麼？
神祕的敵人與事件究竟為何？

一連串的謎題將在接下來的劇情中陸續揭曉。
請大家千萬不要錯過了喔！",502,5
331,黃泉之狩 第二部(03)鬼門,奇幻科幻,完結,0,65,3,,https://mojoin.com/novels/3425,"曾經見過一次的門扉再度出現在季薰等人面前，門扉裡的世界是如此匪夷所思，讓季薰更沒想到的是，在那裡她竟然見到了……

所謂的「全智之眼」究竟是什麼？
這個空間又是怎麼形成的？
而她又為什麼不受影響？
種種的謎團，繞在季薰身上，將她埋入迷霧之中。

圓滾滾的金棕色大眼透著迷惘，小小地腦袋左右移動了下，將圍繞在他身邊的幾人一一看過，而後男孩的目光定在季薰身上，稚氣的臉蛋上露出一個純真笑靨。
「媽媽！」
「噗！咳咳咳……」端著一杯咖啡才剛喝下的魈，被嗆了好大一口。
「水、水色，他、他他叫我、叫我……」指著從地上坐起身的小孩，季薰的表情僵硬，手指微微發抖。

亂了、亂了，怎麼會這樣？照理說這個孩子不應該……",502,5
332,歡迎來到『魔物之森』便利商店(01)不知道為什麼老是走到「魔物的便利商店」,奇幻科幻,完結,0,92,1,,https://mojoin.com/novels/3197,"這是個魔物和人類姑且算是和平共存的現代社會，冒險者這個職業也因為魔王的城堡仍然佇立、低薪的問題日益嚴重，因此這個職業依舊存在。
傳說中在一個住滿魔物和怪物的森林中，有一間名為『魔物之森』便利商店，裡面充滿各式各樣的奇怪且稀有的夢幻商品。這間便利商店，雖然主要的客群當然是住在魔物之森中的魔物們，但在冒險者之中也擁有不小的人氣。
然而並沒有人知道這間便利商店的確切位置，只是當你迷失在森林中，需要它之際，便利商店就會出現在你面前。
不過伊魯，這個普通到不行，甚至可以說是完全不顯眼的冒險者，似乎被這間便利商店給祝福（？），不管他怎麼走，總是會進到那間便利商店。
不管是去森林冒險、到公會找工作、到旁邊的雜貨店買醬油，甚至只是從房間走到廁所，伊魯總是有辦法來到這間便利商店。
而且不知道為什麼便利商店的客人，似乎不是很喜歡伊魯的樣子，尤其是店長帕蕾西亞，每次看到伊魯總是會想欺負他……",443,5
333,對手被隕石砸死難道是我的錯嗎？(02)冒險者傳說,奇幻科幻,完結,0,70,2,,https://mojoin.com/novels/2943,"柯恩表示，冒險者的生活真的很不簡單，舉幾個例子來說明吧。

一、明明就想當騎士卻因為不小心尾刀了別人的魔獸而變成冒險者，受到敵視而且被公認為冒險者。
二、明明就只是路過卻重複尾刀了同一個人的獵物，並被視為眼中釘，然後大家還是把他當成冒險者。
三、明明就已經打倒最可怕的對手了，卻被人尾刀把功勞整碗拿走，結果也沒有被正名不是冒險者。

最後，已經放棄解釋自己想成為騎士的柯恩，在不斷地不想撿人尾刀卻莫名撿人尾刀、自己打敗的敵人卻被人撿了尾刀之後，忍不住嘆道：「唉，對手被人撿尾刀難道是我的錯嗎？」",270,5
334,制約天使(02)雙重憑者與兩依者,奇幻科幻,完結,0,37,2,,https://mojoin.com/novels/3595,"天使大人的事件告一段落，冷揆言的網路占卜師網頁又收到了一封奇怪的訊息。
繼「必死三問」之後，訊息拐彎抹角的讓他查到了「捉迷藏」遊戲，冷揆言深深覺得，這些學生──不對，這些憑者到底有多愛怪談呀！
只是這一次的怪談有點奇妙，訊息不清不楚的，還弄得好像人人都是犯人，這讓冷揆言有了案情不單純的錯覺。
難道，這事件又跟「天使大人」有關？",9,5
335,超超能力者NOT日常生活權(03)指鹿為馬的人工智慧論,奇幻科幻,完結,0,63,3,,https://mojoin.com/novels/3142,"為了防止意外發生，為了守護世界和平，人造機器人木蘭，從今天起要和空之上一塊兒上學、一塊兒生活──附上滿滿的機槍、飛彈以及武裝喔！
不過可怕的不是武器，可怕的是趕鴨子上架的她……竟然沒有腳！難道政府高層認為腳只是裝飾嗎？
好在她還有一根竿子，插著履帶輪。

嗯……如此美好的模樣，自然嚇壞了空之上班上所有的人，無法接受這位新同學的聲音隨之席捲而來。
然而空之上一出手，便知有沒有。他拯救了木蘭，證明她有顆少女之心。
接著，木蘭產生了改變──

「窩、倭、我……沒有心，窩、倭、我……想要有心。」

天下最強的日常生活喜劇第三彈！關於機器人有沒有心那件事──不就是人類說的算嗎？",46,5
336,我的蘿莉勇者變御姊(04)小特務大英雄,奇幻科幻,完結,0,32,4,,https://mojoin.com/novels/3298,"「要是你敢對公主陛下亂來，莎比就閹了你這個老百姓。」

因為上次的校慶事件，讓大家以為莎比已經死了，而跟她關係最好的伊莉莎白公主，也因此非常難過。
為了要讓她打起精神，於是艾赫把她約出去散散心，然而就在艾赫跟伊莉莎白約會的時候，原以為已經死掉的莎比卻冒了出來，警告艾赫不要對伊莉莎白毛手毛腳，也叫他好好的照顧她，說完之後就這樣消失在艾赫的眼前。
但是莎比的再次出現，也把意想不到的敵人，也帶到了艾赫的身邊。
同時魔族消失的祕密與勇者被封印的歷史，也將隨著這來自海外的敵人，慢慢揭開謎底。
得知過往歷史的艾赫，又該如何面對襲來的魔族以及勇者過去的祕密呢？",443,5
337,守衛龍騎(04)誓約&背叛,奇幻科幻,完結,0,27,4,,https://mojoin.com/novels/2438,"終於成功勸退花婗退出公會，但竟然意外發現花婗早就對索伊一見鍾情，花婗甚至還開始製作大量黑暗料理要阿修幫忙「試毒」，讓阿修苦惱不已。

席娜終於來到普雷特公會報到了，而阿修與席娜舊地重遊，由神奇的寶石所製造出的回憶幻境之中，阿修終於見到朱牙了。
他深感自己比不上朱牙，但阿修發誓絕對不會讓席娜獨自一人，席娜被他的精神所感動，決定讓阿修成為自己第二任專屬騎士。

阿修已經找到自己想守護的人事物，但卻也懷疑自己是否真有這能力做到這一切，但與主使團的衝突已經白熱化，而主使團團長也確實是席娜的血親，但卻只一心想奪走她的寶物，普雷特公會等人只能逃亡至西北岸的古塔避難。

重重困難之下，阿修是否能從絕對權威者手中守護普雷特公會與席娜公主呢？",548,5
338,終焉之島X兵器少女(04)絕對孤傲的獅子女王,奇幻科幻,完結,0,55,4,,https://mojoin.com/novels/3263,"對決！
不信命運的人VS認定自己就是命運的人！

當狂獅子帶著超越奇蹟的暴力降臨，
昔日階下囚，成為今日最大敵人。

帝國軍步步進逼，反抗軍節節敗退，
King知道，也許這一次，光靠奇蹟已無法獲勝。

「那我就超越奇蹟吧。」天拓笑了。",50,5
339,萌物娘使用手冊(05)竹取未完物語(END),奇幻科幻,完結,50,62,5,,https://mojoin.com/novels/3347/176278,"「但是，故事並沒有結束，到此還沒結束喔。」
「開始吧，屬於我們的……」
「未完的物語。」

這一切，或許該從故事的開頭說起。
讓月光也能暫時失色的那位銀髮女孩，降生到這世界的最初談起……",91,5
340,少年土地公 紀事本末(03)哪個笨蛋土地公死掉了!?,奇幻科幻,完結,0,16,3,,https://mojoin.com/novels/3320,"城隍大小姐開始兼營販賣土地公布偶了！
感覺起來土地公廟的生財管道越來越多。
不過城隍大小姐也在網路上亂買東西，
還運用土地公廟的經費買了超級昂貴的「平價神裝」！
看來土地公廟的負債永無止境……
而清海高中的「幸運女神」帶著土地公阿楚，
即將揭開連城隍都沒有告訴阿楚的秘密……

還有城隍的身世之謎也……
這一集有好多秘密即將公開！",428,5
341,LOST星際少女(06)拾回進度67%(END),奇幻科幻,完結,0,3,6,,https://mojoin.com/novels/3282,"一支偽裝成星盜的德里部隊神不知、鬼不覺的潛入了聖維可多內部，他們的目標，正是二十年前攻破了他們指揮部的公主！

所有人的目光都放在公主身上，可公主卻表示她重傷未癒，無力出手。舒越他們該如何是好？",164,5
342,叫我大小姐！(03)親愛的管家，不管你出了什麼事，我一定會把你追回來的！,奇幻科幻,完結,0,20,3,,https://mojoin.com/novels/3310,"成功偷渡至新大陸，和眾人分散的宇夏情時很榮幸的又多了一個新身分──即將被拍賣的奴隸！
好在，她遇見了不靠譜的師父。
脫離奴隸身分，宇夏情時發現自己轉運了，一下就發現遍尋不著的管家，雖然他忘了她，但在她使出纏人大法，外加救命之恩後，他的心動搖了。
祕境開啟，遇上失散的冷陌竹。
為了尋找歐陽修壹，意外撞見朝千，只是，朝千啊，你身邊的三大天王怎麼變成一個了？",229,5
343,九皋物語(01)福與禍,奇幻科幻,完結,0,7,1,,https://mojoin.com/novels/3352,"「記住，無論發生什麼事，一定要保護玉石。」
林甯巧從小答應奶奶，會守護「玉石」，雖然她不知道「玉石」究竟有什麼特別。

為了兌現承諾，林甯巧每天都在努力修行，甚至不顧形象的圍著浴巾，和小偷大打出手，沒想到搶奪玉石的途中，卻失手將它摔破。

還以為它「煙消玉損」，就此鑄下大錯，直到奶奶告訴她，玉石躲進她的身體裡，不肯離開。

這下可好，她真的是用「性命」在守護玉石了。",336,5
344,從海裡救起的人類總想撩我,奇幻科幻,完結,57,0,0,,https://mojoin.com/novels/581,"相傳在很深很深的大海裡，住著一個擅長煉製魔藥的可怕魔女，曾有人魚獻出了悅耳的聲音，才求取到可以將魚尾變成雙腿的魔藥——
對於這個傳聞，身為魔女本人的海兒只覺莫名其妙，那隻人魚只是在成為人類後得了重感冒，才發不出聲音好嗎！

不過被誤解也無所謂，海兒只想過著不被打擾的生活，因此她還找了隻大水母當代理人，這樣她才有餘裕做喜歡的月光浴。
某天當她又來到海面上做月光浴時，遇上了暴風雨，並見到一名少女從大船的甲板上跌落海中。

海兒本想當作沒看到，可是少女那頭金燦燦的長髮太美了，於是她終究將少女救上了岸，想不到卻為自己招來危機——被吃掉的危機！？",441,9
345,九皋物語(03)生與死(END),奇幻科幻,完結,0,7,3,,https://mojoin.com/novels/3354,"「倘若我說這不是民間故事，而是妳奶奶真實的過去，妳會怎麼想？」

仙魔同時來襲，逼得林甯巧喘不過氣，
面對強大的上仙，與漸漸被剝奪的生命，
林琳那不能說也不該碰觸的過去，也將浮上檯面。

林琳的過去是謎，卻是憎恨源頭，
小時候林甯巧曾誓言要保護奶奶與玉石，
此時此刻，她依舊沒有後悔當時做出的決定。

唯一讓她怯步的，是對余項的感情。
如果他們的相遇不是如此，那麼……

「奶奶，我可以喜歡上他嗎？」",336,5
346,穿越變蘿莉(12)平行漂流,奇幻科幻,完結,0,46,12,,https://mojoin.com/novels/3286,"俗話說男人嘛，對別人狠，對自己要更狠！宇文承皓自認自己怎麼也算是個狠角色，算計了人家妖族民不聊生、滅族之景可待，再把瘋人院都不收的冰姬算計得未來即使白龍回歸也接受不能，最後算計了自己去領便當了。
熊孩子他就是這麼中二他任性……某人匿名表示他可以抽陛下屁屁嗎？

輾轉在各個時空找尋回家之路的林日揚和趙紫雲與姚傲璿四神，遇到了許多啼笑皆非的事情，甚至逛個街姚傲璿就多了個崽，前提是得把朱雀崽從蛋裡孵出來。
終於回到了盤古大陸，林日揚發現一切不過只是開始，平行時空所發生的事情告訴他們世界原本的樣子，事情又本來該是什麼結局，而最詭異的是他們發現，每個世界都──沒‧有‧日‧神！",127,5
347,Sloth——因循的軸線,奇幻科幻,完結,0,0,0,,https://mojoin.com/novels/437,"在外敵的侵逼下，莫凡公國派出由「勇者」阿庫諾率領菁英小隊，深入「深淵」，試圖尋找百年前因為大戰的神劍「凝滯的剎那」。
隨著阿庫諾一行人逐漸深入邊界城市的遺跡，過往的種種也逐漸浮出水面。
虛幻的過往與現實的此刻，也將逐漸重疊。
歷史永遠在重演，而過去的英雄們，是否能夠逃離這因循的軸線？",15,6
348,雞排大神之我是魔王？！(02)誰欺負誰？,奇幻科幻,完結,0,84,2,,https://mojoin.com/novels/3480,"哇靠，變態啊！
他認識的女人一個比一個恐怖就算了，現在連碰見的男人都開始脫離正常人的範圍──才第一次見面，某人竟然伸手大捏特捏他的臉頰──雖說事後自居為大哥的某人的確幫了他們不少忙……
骨崎山的地宮通道藏著天大的寶藏，寶藏中還包含令司斐文心癢難耐的「雞界Ａ書」，而Ａ書中竟同時藏著歐艾基最想要的雞的線索？
咕可達，唯一的攻擊手段就是吐出雞胸肉，是想把雞排傳至全大陸的歐艾基最適合的契約獸，偏偏這隻犯賤的「雞」，卻必須情緒緊張到臉部嚴重抽搐才會吐肉……
靠，我說雞排大神啊，我是該感謝祢還是該埋怨祢啊？",229,5
349,Legend：光與影的羈絆(06)蒼月之憶,奇幻科幻,完結,0,2,6,,https://mojoin.com/novels/3422,"離開了雷諾爾，我們繼續前往獸人首都──愛蘭特尋找解除血咒的辦法，先不吐槽這裡的氣候為什麼隔了座山就隔很大，想要在一堆動物裡跑來跑去的前提，居然是連自己也要變成動物的一員？不變還會被當成通緝犯而滿城通緝？哪有人這樣啦。
說什麼我也不想要變成獸耳娘啊！
但是在曄幽大人的淫威下，就算現在是天黑，他說天亮就天亮，不變他硬是要你變，長期被他當成寵物養的我能拿他怎麼樣？連吱一聲都不敢吱！
好吧，變就變，但我只答應多加一副耳朵跟尾巴，並不想連自己未來的丈夫也一起變出來啊！
幫忙幫到底是不錯，幫忙碌的新娘朋友披嫁衣喬裝什麼的簡單，但我一點都不想幫她處理她的老公啊！
我都還沒交過男朋友！居然要我陪別人的老公上禮堂說：「我願意。」
……曄幽爸爸快來救我QAQ！

By伊絜翼薩妲斯大陸1561歷年。",508,5
350,終焉之島X兵器少女(03)跨越時光的龍后之戒,奇幻科幻,完結,0,55,3,,https://mojoin.com/novels/3262,"籠子裡的鳥，認為飛翔是一種病。
但，惡獸不需要翅膀，因為牠們有尖牙利爪。

King膽大包天的俘虜帝國大將‧狂獅子。
此舉引來敵方陣營中，最精銳的殺戮部隊。
惡獸部隊──他們只有六人，卻各個殺技高超。
放到別的地方，他們是名震世界的殺人魔。
放到戰場上，他們則是最惡的戰士。

今天，兇猛惡獸出閘，即將進入鳥籠。",50,5
351,黃泉之狩 第二部(05)異域,奇幻科幻,完結,0,65,5,,https://mojoin.com/novels/3446,"意外闖入魔界的季薰等人，受到憨厚單純的魔族人──克朗一家的熱情招待，從他們口中，季薰等人對魔族有了更進一步的瞭解。
魔族，是一個民情純樸、制度分明的種族。
咦？這似乎……跟一般大眾認知的「惡魔」不同啊？
喔喔，原來魔族跟惡魔是兩種不同的族群吶～～

當季薰等人在魔族遊玩時，DA小組等人則是為了找出他們的下落，忙得一團亂。
也因為季薰等人的失蹤，一些原本沉潛於死神殿暗處的污穢，此時全都浮到明面上，讓情勢變的更加灰暗不明。
尋人時，DA小組意外搜查到一個Ｌ組織的重點基地，在那裡找到了不少受害者，而其中一人的來歷，似乎有些不尋常……",502,5
352,我才不是過氣騎士呢！,奇幻科幻,完結,12,0,0,,https://mojoin.com/novels/3208,十年前的失蹤的過氣騎士，將帶著向黑暗妖精所學的一切重返亞丁！,234,9
353,過往之影,奇幻科幻,完結,0,0,0,,https://mojoin.com/novels/3203,"傭兵芬恩過去的夢魘猝不及防地找上他，黑暗在艾澤拉斯上逐漸蔓延。
然而，失去聖光信仰的他卻在這個關鍵時刻卻步了。
芬恩只剩下兩個選項：再次背棄同伴與聖光只為苟活，
或是在這場災難中變成他最不想面對的不死生物。",153,9
354,惡鬼補習班(05)歡迎光臨鬼城酆都(END),奇幻科幻,完結,0,58,5,,https://mojoin.com/novels/3481,"我，唐芯苗，一個平凡到不醒目的高中生。
就讀市立第二高中一年十四班，座號是不吉利的四十四號。

沒有想參加的社團，打掃工作是外掃區垃圾，外掃區則是女生廁所。
沒有寵物，沒有男朋友，也沒有任何的打工。

被九皇趕出惡鬼補習班的唐芯苗，恢復了她夢寐以求的正常生活。
但是，開學第二週還沒過完，唐芯苗竟在學校裡，被從天而降的亡靈獵人岳霜輪給強行押走！
自稱岳家掌門人的岳霜輪，甚至大膽妄為地要唐芯苗陪著她，一起潛入幽冥界最熱鬧的鬼城酆都，抓回背叛家族的弟弟！
然而開除唐芯苗的惡鬼們，似乎也正計劃著前往酆都，尋找雙胞胎的下落……",353,5
355,《夜行者2-獵殺 》The Son of Cain-Slaughter,奇幻科幻,完結,0,0,0,,https://mojoin.com/novels/563,"《玫瑰首部宗教奇幻作品》
這不是一個人的自傳
不是一對情侶步入教堂的歷程
而是殘酷的現實下一齣又一齣的悲歌
* * *
以賽亞宮的悲劇之後，政府派出了一隊偵查隊展開任務。
一隊人馬，四個人的目的卻不盡相同。
這到底會擦出甚麼火花。

而遠在另一邊的新生血族蕾蒙娜。
在擁有一段新的生命後，
是福？是禍？
夜行者與吸血鬼兩族的命運又該走向如何？",245,6
356,制約天使(03)遊戲升級與審判長,奇幻科幻,完結,0,37,3,,https://mojoin.com/novels/3606,"先別管遊戲了，你聽過「天使大人」嗎？
捉迷藏事件結束不到數天，「天使大人」的名聲突然傳遍了整個校園。
面對從低調轉為高調的「天使大人」教派，這一場天使與惡魔之間的奪核遊戲也出現了變化。
遊戲進階升級，裁決這次遊戲的審判長現身，規則的改變一切都是為了要打擊「天使大人」，這場遊戲究竟會變成如何呢？",9,5
357,身為天下第一快劍的我，一不小心就無敵也很正常吧？(04),奇幻科幻,完結,0,35,4,,https://mojoin.com/novels/3529,"天下武功，無堅不摧，唯快不破。

那一長一短兩把劍的傳說，從遙遠的另一個世界，飄蕩到神州大陸。
北方，各種意志交錯，綿延無盡歲月的戰爭，來自天的訪客，與自地獄冒出的惡魔。
擁有不同意志的人們，共演最扣人心弦的篇章。
在此時，攔在主角面前的，是那把天下最強的劍。
結局，白熱化！

─────────────

大風起兮，風飛揚。
一長一短的雙劍傳說，在此開始。",50,5
358,Legend：光與影的羈絆(05)綾緞之心,奇幻科幻,完結,0,2,5,,https://mojoin.com/novels/3421,"為了解開米拉蘭夏雙子的詛咒，包袱款款的啟程前往愛蘭特，一路上東撞西碰，恍恍忽忽的睡很大，當我再次醒來，居然回到了過去遇見那個人的時候。
是夢是現實？我搞不清楚。
不過……媽啊！我聽過穿越而我本身也是穿越，但我沒聽過可以再穿回去而且還穿到過去的啊，這怎麼想都不對的吧！
親愛的創世神，沒有必要這麼玩我吧。
好吧，看在您老人家對我還不錯，將我九年來一直想要見的人帶到了我的身邊，我唯一知道的是那人依然帶給我溫暖，如同那天之前給予我的救贖及安心。
『在想哭的時候，對著自己說不要緊；在軟弱的時候，對著自己說要堅強；在委屈的時候，對著自己說要忍耐，在被欺負的時候，對著自己說沒關係……』
一直以來，我對著自己也對著綾說著這句話，等到我獨自回首盼望時，才發現當初綾說的是真的。
我在這四句話的枷鎖中，從未活過。

By伊絜翼薩妲斯大陸1561歷年。",508,5
359,一擊必殺的不敗聖劍(03)科技之都大冒險,奇幻科幻,完結,0,5,3,,https://mojoin.com/novels/3431,"為了要修理被伊吉打下來的飛空學校，尤里烏斯學院，於是伊吉一行人前往曉星城北方的科技之都艾達城尋找零件。

然而……
「嗶嗶！嗶嗶！這是臨檢，請出示證件，如果是其他城市的居民，請出示身分證明。」
在所有人下車辦入城手續時，無聊亂晃的伊吉，剛好被大鐵桶機器人臨檢。
「化成廢鐵吧！大飯桶！」
「嗶嗶！判斷為人身攻擊，根據法規八十七號，本機將……」
「一擊必殺！斬鐵劍！」
身為大英雄的伊吉，毫不留情的打爛機器人。

還沒有進城，伊吉一行人就已經被艾達城列為首要通緝犯。
伊吉他們有辦法買到零件嗎？伊吉有辦法不要再製造更多麻煩嗎？
愛與冒險的英雄史詩第三彈，科技之都的大冒險正式展開！",443,5
360,Legend：光與影的羈絆(07)雙生之願,奇幻科幻,完結,0,2,7,,https://mojoin.com/novels/3441,"『我們何其的幸運，在出生前就擁有了彼此，但又何其的不幸，出生在這不被祝福的命運裡。』
繞了好大一圈找到了傳說中的言靈師，才發現案情並不單純，所以只好滾回血族大本營……整人啊！
從東邊跑來西邊，現在居然要我再跑回去，我還能遇到比現在這狀況還慘嗎？
現實告訴我，就是現在！
那對莫名受傷的雙子憑空消失，他們的房間居然出現了陌生人！重點是那個陌生人對我有莫名的敵意！三不五時的拿刀架在我的脖子上！
這世界最可悲的事，莫不過洗澡吃飯睡覺時，小命永遠都受到威脅！
你可以再過分一點喔，狗逼急了也是會跳牆，把我逼急了，我、我也是會……對不起，請把刀子放下，有話好說，陌生人大大！
親愛的創世神……算了，我已經放棄許願什麼的。

By伊絜翼薩妲斯大陸1561歷年。",508,5
361,青青何盼草(05)屬於她的光芒,奇幻科幻,完結,0,43,5,,https://mojoin.com/novels/3269,"西岐城北某夜突然開了家名為「心有靈犀」的店鋪，出售的物品轟動整個《封神傳說》！
帶著這項驚人消息去椰林小區找大神的弱弱小書僮竟發現了更驚人的事實！

「大嫂，我就直說了，關於那個神祕店主，妳有什麼看法？」

「書僮，那店鋪的主人是我。」結果何盼盼比他還要更直白。

弱弱小書僮震懾得一句話也說不出來，他打從心底越來越崇拜這樣一個沒有大幫會背景、沒有固定財團贊助卻依舊能賺進大把大把遊戲幣的女子。

低調卻散發著內斂的光芒，那是就連大神站在她身邊都無法搶過的風采！",219,5
362,Legend：光與影的羈絆(04)影咎之月,奇幻科幻,完結,0,2,4,,https://mojoin.com/novels/3402,"親愛的日記……我要懺悔，早知道千祤泉那貨不正常，我怎麼能期待她的家人很正常。
在加特的墳場中找到失蹤已久的血族雙子，為了拯救我的良心……你懂嗎？克利斯整天淚眼汪汪的看著我有壓力！所以一行人決定先到離加特不遠的魔法首都，回到千祤泉以及向典狄的老家。
奇怪的千家人以及可能有精神分裂的皇子殿下，我還從一個神祕的翼族人手上得到了一本專長是咬人的書！也在此揭開了這個大陸最神秘的黑暗傳說……
親愛的創世神，如果時間可以重來，我希望你可以打斷我的腿，這妥妥的是開啟主線的節奏好嗎！我只想回家養老有這麼難嗎？

By伊絜翼薩妲斯大陸1561歷年。",508,5
363,身為天下第一快劍的我，一不小心就無敵也很正常吧？(03),奇幻科幻,完結,0,35,3,,https://mojoin.com/novels/3528,"黑牆四起，殺機飛揚。
故事，也來到揭露一切的關鍵時刻──

無論是投機取巧的賞金獵人，還是胸懷壯志的四大家族子弟，
當所有人都把目標放在天命之劍時，神祕的「天敵」再次現身，
他們擁有無與倫比的恨意，以及同等強大的實力。
於是，這個憑空出現在北方的神祕迷宮中，將上演有史以來最慘烈的大亂鬥。

人與混沌，一直都是兩個世界的戰爭。
那一長一短的兵刃，即將帶來真相！",50,5
364,Imaginary,奇幻科幻,完結,0,0,0,,https://mojoin.com/novels/3722,"是真還是假？
是虛幻還是現實？
我的世界一片混亂，搞不清我真正的歸屬在何方。
如果可以重來一遍，我希望(你)可以快樂地活下去。",312,6
365,一擊必殺的不敗聖劍(06)最終決戰(END),奇幻科幻,完結,0,5,6,,https://mojoin.com/novels/3449,"最終決戰來臨！

巴巴羅薩就如之前的宣言一樣，為了奪取伊吉手中的黃金聖械「不敗聖劍」，帶著大批軍隊包圍曉星城，同時神選之子也跟著凱薩學院一起發動攻擊。
伊吉一行人用自身當誘餌，帶平民逃離曉星城，因此來到前線。然而，等待著他們的，是超乎想像的大軍猛攻。
白火的奇美拉、無限分裂的魔蛇,、精銳大軍,、重型攻城武器……面對重重包圍和洶湧的攻勢，伊吉一行人能逃脫生天嗎？有辦法守護曉星城不被摧毀嗎？最後伊吉有成為真正的大英雄嗎？

熱血史詩戰鬥正式邁入最終章以及精彩大完結！",443,5
366,女巫養成記03 任務,奇幻科幻,完結,0,9,3,,https://mojoin.com/novels/3710,"為了小女巫指定要的女巫騎士人選，盧筱希沒有多加思考就主動加入修分冒險團，迎來的是冒險團團員怪異的目光以及跟送死沒兩樣的冒險任務。
無知不是錯，錯的是明明知道自己無知還自以為是──偏偏她就是這樣一個笨蛋，偏偏事後她還放任衝動行事，差點死在任務之中。
好佳在，冒險團任務突然中止，好不容易回到學校，還沒來得及休息，衰到極點的她就因為該死的好奇心無意撞見露出瘋狂一面的葉君落，結果被迫攬下尋找眼睛的責任，以及拒絕不了的「社團任務」……
媽的咧，還有誰比她更衰的啊！",229,5
367,少年土地公 紀事本末(04)十萬人的祈願(END),奇幻科幻,完結,0,16,4,,https://mojoin.com/novels/3321,"清海高中的「幸運女神」在同學的牽線下要去「相親」？
而土地公阿楚最近的異性緣也好得不得了……呃，同性緣也不錯……！
城隍大小姐威脅著要找月下老人斬斷阿楚的桃花。
蘭斯洛特無意中告知鄉里百姓土地公生日的日期，
在全台灣最受歡迎的土地公生日那天，
不但有很多人湧進小鎮為土地公慶生，
連古代妖怪也蠢蠢欲動……

感動最終回！
全台唯一!!戀戀草莓土地公誕生!?",428,5
368,冷月FrostyLuna(06)開外掛的男人！北大陸的決戰和超越生死的旅程(END),奇幻科幻,完結,0,29,6,,https://mojoin.com/novels/3486,"翻過克隆山脈後，得到精靈援助的我們，在時違天的帶領之下參與了這場反抗軍作戰。
在戰場上接到的第一個任務竟然是……解救腦殘的獸人王？

來自地球，所有以前的好朋友跟戰友一個一個的再度登場，就連脫線的老媽也出現！
這群牛鬼蛇神的加入，會給戰局帶來什麼影響？

塔伊拉終於現身戰場，恐怖強大的力量足以讓所有人都俯首稱臣！
到底我們有沒有辦法打贏他？
封神寶具啟動後，真正的大魔王出現了！
最後在我眼中出現的小男孩，他又是誰？
這場結合神魔、超越生死的決戰，結果又會如何？

冷月最終集，會有好結局嗎？
這個問題……我怎麼可能會知道啊啊啊啊！",440,5
369,鍾馗 鬼王事件簿(03)人狐戀？鬼狐戀？,奇幻科幻,完結,0,78,3,,https://mojoin.com/novels/3487,"是人狐戀，還是鬼狐戀？
二尾白狐避劫停留，陰錯陽差下先後迷倒了人類修士和堂堂鬼尊。
火剎為了帶給佳人安全感，一門心思想要長大，修士鍾有道為愛走天涯，甚至不惜悍然對抗小蓬萊守護者──伏魔大將軍制定的規矩！
一場人與鬼與妖的三角戀，就此在小蓬萊這個眾生樂園，熱鬧上演！",475,5
370,超超能力者NOT日常生活權(02)夢想的食用方式,奇幻科幻,完結,80,63,2,,https://mojoin.com/novels/3141,"希望擁有超能力以成為英雄的熱血少年萬萬卍，巧遇天下最強的少年空之上以及他的跟班明明日……
「請收我為徒弟吧！」
經過萬萬卍的哀求以及展示決心後，空之上收下了這個徒弟。
不過在進行超能力教學前，萬萬卍提出了一個請求，那就是空之上要參觀他所創立的社團──超能力超能社！

原以為名字奇異、方向奇特的社團應該只會有社長一人，但意外的，在那之中還有另外一位少女──白梅香！
全身上下散發出一種奇特的古典氣息，與社長完全聯想不在一塊兒的她，到底為什麼會在這個社團之中呢？據說好像還是某個明星？
更奇怪的是，為什麼社團門牌寫的是「超能力茶道社」呀？而且社團的迎新活動還是「打電動」？

「這世界不存在科學無法解釋的現象；如果常理無法解釋，那就一定是超能力！」
天下最強的日常生活喜劇，再次展開……
今天，你想怎麼吃夢想？",46,5
371,LOST星際少女(04)拾回進度39%,奇幻科幻,完結,0,3,4,,https://mojoin.com/novels/3277,"安德莉亞被舊日的仇人找到並追殺，被送去了有史以來從來沒有人成功越獄過的監獄星──X099！為了救出安德莉亞，大家決定玩一把大的……

救出安德莉亞的同時，翟鵬飛還找到了有關舒越身世的線索，她竟然是被人工孵化出來的？

是改造還是複製？抑或有其他原因？一行人繼續踏上征途……",164,5
372,惑星14,奇幻科幻,完結,7,0,0,,https://mojoin.com/novels/298,地球曆4551年，妮娜跟隨宇宙商船「凱德尼斯號」來到一個美麗的行星，關於自己，關於這個行星，關於凱德尼斯號，關於整個宇宙的故事，就此展開……,7,6
373,喵喵魔法屋(02)黑白巫師之繼承戰,奇幻科幻,完結,0,57,2,,https://mojoin.com/novels/3227,"一行人跟著貝托在魔法界尋找黑巫師，但是卻慘遭背叛遇險，誤闖了可怕的人偶博物館，莎希米被要求作為人偶的模特兒，卻差點慘遭毒手！幸虧被白巫師所救，但更有可能只是白巫師跟蹤他們到現在才出手搶鋒頭。

離開博物館，一行人遇到了隱居在山林間的莎塔娜，竟然是黑巫師唯一的家人，但她也不知道黑巫師的下落。她教導他們基礎的魔法與武術，好讓他們能有能力保護自己，並指引他們到道格里家族去，竟又遇上了那位和藹的大叔，原來他竟是黑巫師的導師雷辛。

雷辛帶領他們看看黑巫師年輕時曾經住的地方，也談及了些他的過去，使貓咪們很想念他，他送他們回去人類世界，承諾有天會帶牠們尋找黑巫師。

他們回到人類世界，沒想到白巫師為了打聽黑巫師的下落而無所不用其極，竟然潛入他們的校園當臨時導師，不斷地找日暮旭和酒井良徹的麻煩。 

而這時，又有一位曾經暗戀日暮旭的轉學生綠川鈴惠也出現了……

魔法世界的黑暗生物闖進人類世界，為了保護家人，黑巫師與白巫師做了個承諾。但他真的會代替他保護貓咪們嗎？與這位轉學生又會擦出什麼樣的火花呢？被勾起的樂團回憶，又會帶給日暮旭怎樣的衝擊？",548,5
374,王子培育計畫(06)陸綻彼界心華(END),奇幻科幻,完結,0,19,6,,https://mojoin.com/novels/3514,"「夢，畢竟是夢，夢醒了便什麼也不是。」
夏靜天不知道有過多少次都曾想過自己遇到的事其實是一場夢。

如果迄今所遇上的一切也是夢呢？
如果……只是說如果……如果真能夠那樣的話，那就好了。
可是，夢，畢竟是夢，夢醒了便什麼也不是。
如今展露在面前的一切才是現實。
「即使再不願面對，但這就是現實啊……」

態度丕變，擁抱祕密的神明亞洛爾，徬徨的高中生夏靜天，完成拯救判官的任務後，迎來的是最信賴的友人的離去。
行蹤不定的第三判官與彼界王選拔的悲劇息息相關，水面似的安穩不過是假象，如暗潮洶湧而來的現實將衝擊眾人。
於是，揭開了真相與黑幕的王子培育計畫第六集──
計畫，終將結束。",163,5
375,穿越變蘿莉(11)盤古末日,奇幻科幻,完結,0,46,11,,https://mojoin.com/novels/3285,"黏皮糖宇文承皓像是要定居天龍，來了就不肯走了，天天攜弟大放閃光，閃瞎了一堆單身狗又順手砲灰了一朵爛桃花。
盤古大陸上各地頻傳失蹤事件，冰姬的魔爪也伸向了妖族，終於激怒了四國與妖族組成聯軍，攻向聖山營救失蹤的族人與百姓。看似一切順利，其實卻是被將計就計，算進坑裡去了，好不容易用『愛的抱抱』拯救了姚傲璿四神和趙紫雲，轉眼又有一日神陷進坑裡來，最後他林日揚居然又穿越了，攜家帶眷外加小寵物一隻……但為什麼他是兔耳小蘿莉？！（淚兩行）

可是眼前已經顧不了蘿莉的問題了，他們穿越了，身無分文的，而且奇裝異服，吃穿住用都要錢，最糟糕的是他們都沒有身分證明啊啊啊～～林日揚抱頭哀嚎。",127,5
376,鍾馗 鬼王事件簿(02)黑鴉、女魃、首級像,奇幻科幻,完結,0,78,2,,https://mojoin.com/novels/3483,"鍾馗例行夜店獵豔，「獵」回來的角色卻不得了。塊頭很大，來頭更不小！當然，最最價值連城、引來多方爭奪的，還是他的項上人頭！
為了這顆腦袋歸屬誰家，小蓬萊的夜裡不再平靜；同樣，為了替這顆腦袋安家，小蓬萊上空天劫悍然降下，直面西海真龍準備的法寶──

「避、避、避……避雷針？靠！這最好扛得住啦！」",475,5
377,闇!騎士外傳－盜王VS.殺神,奇幻科幻,完結,0,81,2,,https://mojoin.com/novels/3519,"魔宮秘寶「魔王鎧」失竊！
當軍人職業體系的頂端，對上盜賊職業體系的巔峰，一場最高層次的「官兵捉強盜」會如何演繹？
這場萬眾矚目的官與民之爭，不但牽涉到魔王，還牽涉到三大魔尊，又會在魔界掀起怎樣錯綜複雜的風波？
一場鬥智鬥力還鬥勇，戰地殺神與膽敢冒犯魔王威嚴的一代盜王，以魔界為舞台背景的極致爭鋒！

──殺神VS.盜王。",475,5
378,LOST星際少女(02)拾回進度17%,奇幻科幻,完結,0,3,2,,https://mojoin.com/novels/3259,"舒越被冤枉扔進垃圾星，不僅沒有按照那些人預想的那樣讓她被困死此地，反而讓她找到了自己的師兄！

師兄妹合作，所向披靡，搶了運輸艦就跑路！

離開了垃圾星，眾人即將展開復仇大計。不過在垃圾星遇到的同伴卻被仇人所捉，為了救人，他們乘坐星艦來到了另一個特殊的星球……",164,5
379,Legend：光與影的羈絆(03)辰鈅之歌,奇幻科幻,完結,0,2,3,,https://mojoin.com/novels/3401,"『我們何其的幸運，在出生前就擁有了彼此，但又何其的不幸，出生在這不被祝福的命運裡。』
繞了好大一圈找到了傳說中的言靈師，才發現案情並不單純，所以只好滾回血族大本營……整人啊！
從東邊跑來西邊，現在居然要我再跑回去，我還能遇到比現在這狀況還慘嗎？
現實告訴我，就是現在！
那對莫名受傷的雙子憑空消失，他們的房間居然出現了陌生人！重點是那個陌生人對我有莫名的敵意！三不五時的拿刀架在我的脖子上！
這世界最可悲的事，莫不過洗澡吃飯睡覺時，小命永遠都受到威脅！
你可以再過分一點喔，狗逼急了也是會跳牆，把我逼急了，我、我也是會……對不起，請把刀子放下，有話好說，陌生人大大！
親愛的創世神……算了，我已經放棄許願什麼的。

By伊絜翼薩妲斯大陸1561歷年。",508,5
380,對手被隕石砸死難道是我的錯嗎？(07)幸運的秘密(END),奇幻科幻,完結,0,70,7,,https://mojoin.com/novels/3011,"主角死亡，惡魔重生，世界末日來臨。
女神現身，過於幸運的秘密，終於有了解答。
在完美的世界與永生的邪惡之間，柯恩將會如何選擇？
他們一步一步，迎向最終結局！",270,5
381,所羅門領域(04)所羅門的終結(END),奇幻科幻,完結,0,40,4,,https://mojoin.com/novels/3573,"絕望的倒數計時開始。
醉在極度的恐懼中掙扎著，避開所有人，斷絕一切聯絡。
但是這什麼也阻止不了。
在醉所不知道的時候，「所羅門」這個名字已經刻印在大都市的下頭。
被稱為「所羅門王」的那個人，將帶來一切的終結。",59,5
382,叫我大小姐！(02)遇上一個不靠譜的師父，她只能自求多福啦！,奇幻科幻,完結,0,20,2,,https://mojoin.com/novels/3296,"一覺醒來，因為一個不靠譜的師父，宇夏情時發現她的世界變了樣──
肚子餓，隨便吃顆果子，卻引來一波波的魔獸追著她跑。
泡個「溫泉」，泡著泡著，冥竟然突破了！？
好不容易和大家重逢，先是小乖乖帶著「大情人」出現，再來是親愛的管家鬧失蹤，緊接著歐陽也在她的面前「出櫃」……
事情一件件，誰知道就連她自己也從高高在上的大小姐變成通緝犯……
老天爺，她只是想好好當她的大小姐，她怎麼覺得她美好的大小姐生活，離她越來越遠了？",229,5
383,終焉之島X兵器少女(02)我欲血洗三千大世界,奇幻科幻,完結,0,55,2,,https://mojoin.com/novels/3260,"愛殺人不可怕，可怕的是她很會殺人，
而且只有她殺別人，卻沒人殺的了她。

每個時代總會有天才的存在，
或文、或武，在各自的領域大放異彩。
但是極少會有八個天才齊聚一個時代的景象。
他們被稱為「八傑」。

再獨裁的暴政也害怕病嬌，
黑色魔女，登場！",50,5
384,所羅門領域(02)流亡者的墓碑,奇幻科幻,完結,0,40,2,,https://mojoin.com/novels/3571,"不可能的犯罪震驚整個社會及未知領域。
暗巷中的獵奇殺人，警方調查的結果竟是在瞬間將人分屍？受警探李穹翔所托，醉與劍軒去調查這個案件，卻在無意中捲入難以想像的陰謀當中。
在調查當中，醉更發現過去曾經眼睜睜看著被殺死的「那個人」，活生生的出現在西門町的街頭。
犯下獵奇案件的是誰？為什麼過去的死人又復生了？而同時，「所羅門」這個名字悄悄的由某個開發組織「深藍」開啟了故事……",59,5
385,正義美食團(03)突來的方糖假期,奇幻科幻,完結,0,24,3,,https://mojoin.com/novels/3530,"悲慘的歐洲之行結束，正義美食團因來自各方的打擊而陷入愁雲慘霧，
心理壓力大，紓壓來放假，走走郊遊去！

「臭牛仔，女王說的山上渡假，應該還是去那個地方吧？」

已故團員留下充滿回憶的山林小屋，讓我們體驗野炊樂無窮之趣，
不過，事情的發展怎麼與想像中的不一樣呢？

山林魔神仔沒出現，反倒潛藏著一個由變態為首的神祕團體，
把我嚇到驚叫連連，弄得灰頭土臉，還讓搭檔的醋罈子漏了一地。

嗚嗚……每次出門都沒好事，我還是乖乖在家當宅男吧！",408,5
386,花之姬綺譚(06)殺神‧神天泉之戰(END),奇幻科幻,完結,0,42,6,,https://mojoin.com/novels/2446,"「芸櫻，我們的相遇即是命中注定。」
每個人的相遇，都有深刻的意義，若相遇是偶然，等待是執著，那麼愛一個人即是奇蹟，可以凌駕於犧牲之上。
他想，他的愛，漸漸演變成一種守護。
除了愛她外，他還有另一個選擇——放棄。

為了改變宿命、為了完成琅煠的希望、為了延續兩人之間的愛情、更為了守護師傅，芸櫻向誅神之泉許下願望，返回最初的原點——天界。
芸櫻重新經歷浮香的誕生、成長，看似平靜的八部族眾神徵選會，在耶迦族預言出現後，眾神們紛紛恐慌、猜忌，以及離心，任務在身的芸櫻深陷危機，不僅被花神的未婚妻陷害，更遭夜族族長的追殺。
當耶迦族第二個預言出現時，芸櫻才明白輪迴的宿命，真正能拯救花神的方法只有一個……

「花神大人，您要好好活著。」她臉上掛著一抹知足的微笑。
如果，沒有誅神之泉的預言。
如果……她從未存在。",254,5
387,槍靈少女 前傳(02)想要遺忘的過去,奇幻科幻,完結,0,71,2,,https://mojoin.com/novels/3265,"即使天賦高強如溫璃，同樣有過痛苦的過去……
一直都修行順利的溫璃終於陷入瓶頸，為了突破，溫璃再次與岳澤修一行出門修煉，然而不諳世事的她第一次嘗到了背叛的滋味。
為了長久以來的目標，她只能繼續走下去……

 ",164,5
388,鍾馗 鬼王事件簿(04)與鬼同遊農家樂,奇幻科幻,完結,0,78,4,,https://mojoin.com/novels/3488,"死亡率離奇攀升，枉死城鬼口大爆滿！
地府調查一切線索，均指向綠野村的農家樂體驗營為其根源。
伏魔將軍、顯聖真君、北斗星君組成的天庭鐵三角，臨危授命，報了旅行團要一探究竟。
當宛若地府入口、來多少人死多少的綠野村，尬上真正來自地府的公費旅行團，是饕餮般吞噬生機的鬼村兇猛，還是陰間的生死法則更佔上風？",475,5
389,熊的場所,奇幻科幻,完結,48,0,0,,https://mojoin.com/novels/1105,"住在森林裡的正雄從小就被囑咐：絕對不可以靠近熊村。
傳說如果闖進熊村，就再也回不來了，就像他爸爸一樣。
但是……如果是熊闖進他們的村子呢？

正雄看著被熊弄壞的床、椅子和在一旁哭泣的青梅竹馬咲實，
一氣之下決定前往熊村，向那隻金色的熊討個公道！
在途中，他遇到了一個迷路的斗篷女孩，她擁有纖細的四肢和淺金色的髮尾，而且也正往熊村的方向前進……",48,9
390,是魔．非魔06 聖劍盟,奇幻科幻,完結,10,45,6,,https://mojoin.com/novels/3731,"星澄海封印因為有了米格勒「無私」的奉獻而變得很容易破除，封印一破，魔王氣息現，不論是友是敵的神魔兩族都有了相應對的動作，但破除封印的倫一行人卻是高高興興的和熟識好友相會合。

聖劍盟出事，為了迪亞安，聚集一起的眾人因此兵分三路，一路前往聖劍盟幫忙，另兩路則是分別由神魔兩族帶頭去找尋其他的魔王封印地點──

聖劍盟的危機在迪亞安等人的幫助下暫時安穩，就連分路去尋找的封印地點都有了下文，可就在這時，異冥盒丟失，倫也被人抓走了，這究竟是怎麼一回事呢？",229,5
391,日日花開不凋零(02)兩情相悅的曖昧,奇幻科幻,完結,0,17,2,,https://mojoin.com/novels/3350,"不准欺負她，能欺負她的只有我！

在眾人面前是怎麼樣都無法好好相處的冤家，但在私下，卻是每個晚上都通電話談心的「好朋友」。

一個是昭告天下大膽的明戀，一個是默默察覺到自己的心意，卻不敢說出口的暗戀，兩人的第二次相遇──是在公會的網聚上！

張禹辰：哼！就讓大家見識見識我們的感情究竟有多麼好！",483,5
392,異魂變03 美人計,奇幻科幻,完結,0,54,3,,https://mojoin.com/novels/3714,"宇文翼從來不認為自己有女人緣，但是林瑩栩這個被拋棄的新娘卻百般勾引他，甚至半夜溜進他的房間，大施美人計，偏偏她遇上的是完全不懂得憐香惜玉的大木頭……
心存妒恨的田邵華帶人想教訓宇文翼，但他原本以為好欺負的軟柿子卻突然大展神威。不甘心的他，躲在暗處，想盡一切方法設計宇文翼。最後他找上陳台生，兩人究竟會在背後計畫何種陰謀？
宇文翼和司馬凜無端捲入宇文仲和黑衣男的戰鬥，為了自救，宇文翼只好變身為有著詭異動物耳朵的小男孩模樣。因為小小冥，他更初步掌握了靈魂力的使用方法；而宇文仲託付給他保管的黑盒子，也在她的舉動下顯露出真面目……
「小小冥，妳到底是什麼東西？」
宇文翼終於對總是黏在身邊的白色小貓感到一絲神秘，但在他學會貓語，或是小小冥會講人話前，宇文翼和她的溝通還有很長一段路要走！",229,5
393,魔王真命苦(05)通天大盜,奇幻科幻,完結,0,86,5,,https://mojoin.com/novels/3332,"教廷突然宣佈獲得了光明神賜予的光明之杖，召集全大陸的精英前來參加鑒定大會。
莫林決定帶著魔王小隊潛入光明之杖鑒定會，沿途卻遇到了紈褲騎士團、神秘的亡靈復生者、教廷裡逃脫出來的美少年，以及還在為公主奮鬥的貝魯特。
然而，教廷卻將光明之杖放在防禦森嚴的魔法陣中，莫林他們該如何成功奪得光明之杖？",54,5
394,花之姬綺譚(02)誅神，陰陽傳說,奇幻科幻,完結,0,42,2,,https://mojoin.com/novels/2442,"「我的女人，我來保護。」
「櫻，留在我身邊，我需要妳、我喜歡妳。」

為了找尋增強花秘術實力的祕方、探索七宗罪惡念的來源，芸櫻來到異世界，沒想到卻是處處碰壁，一下子被感染惡念的「瘟疫」追殺，一下子被琅煠的哥哥靈王追殺，弄得一身傷。

螳螂捕蟬麻雀在後，佩卡特首領的突襲帶來了一場硬仗，連帶也揭露了歐陽卿極力隱瞞的驚人秘密。
儘管危機四伏，琅煠的追求依然深深撼動芸櫻的心——當意識到時，卻已是離別之時……。",254,5
395,正義美食團(02)少女的方糖情歌,奇幻科幻,完結,0,24,2,,https://mojoin.com/novels/3525,"活過十八個年頭，都被女孩子敬而遠之的我，隨著織郎的歸來，收到了燒燙燙的任務──

「爆竹，跟你介紹一下，這是你未來的女朋友，很可愛吧？」
有沒有搞錯？我以為人生頭一次上飛機，會收穫滿滿，結果誤上賊機，要被捉去當感情騙子啦！
天可憐見，希望老天保佑從來沒交過女朋友的我，能從不類人的歌唱少女手中全身而退！嗚嗚嗚……變身後長得太帥錯了嗎？
想到隔壁住著一巴掌拍碎別人腦袋的暴食者，我晚上都不敢起床尿尿。

「如意，所以我該怎麼做？」
「簡單，把母的當成狂風。」頓了頓，如意輕快的聲音再次傳來，「反正──你喜歡那傢伙，不是嗎？」
「噗──」剛要入喉的開水一口氣被我噴光，美食團本部的團員會開的惡劣玩笑何時傳到這裡來啦？",408,5
396,血!!魔導(05)死神的約戰獻禮,奇幻科幻,完結,0,28,5,,https://mojoin.com/novels/3604,"風起雲湧，幽冥神系內戰即將輻射至信仰起源，教皇、紅衣主教、冥神侍者全被捲入其中，誰也無法置身事外。
只是，今次事端癥結點讓魔導士分外哭笑不得，因為……冥神使也有雙胞胎了！
管這件事和尊主有沒有關係，勒斯現在只想質問所有針對他的人一句話：「你們到底有多喜歡雙胞胎！」",475,5
397,禁斷凶獸少女的不當召喚法(05)饕餮再現,奇幻科幻,完結,0,66,5,,https://mojoin.com/novels/2990,"收到黃麟招待的票券，炎修一行人來到了位於台南的知名溫泉旅館。
在櫃台登記入住後，服務生帶領著炎修與他的妹妹們──桃、靈華、川板、乃霧，來到了今晚住宿的房間。
「不好意思，請問……五張票，只有一間房、兩張雙人床嗎？」
「是的，訂房的祈宿小姐有特別吩咐，這樣比較安全。」
「安全的點在哪裡呀！」

完全不安全的新篇章，就在溫泉╳泳裝╳浴衣╳集訓╳花火的豪華組合下正式展開！",46,5
398,喵喵魔法屋(03)佩托因斯的月蝕之日,奇幻科幻,完結,0,57,3,,https://mojoin.com/novels/3228,"回到人類世界，過了一陣子平凡的校園生活，這天同學們提議要去神秘的鬼屋探險，沒想到那個鬼屋，竟然就是貓咪們住的房子！

雖然大家都被陰錯陽差地嚇跑了，但祕密還是被同班同學的綠川給發現了，她甚至連日暮旭都懷疑是不是貓妖怪……好不容易解釋清楚沒有敵意之後，日暮旭與良徹、綠川等三人都被蜜糖老闆娘給召喚到魔法界去──還債。

他們開始了在魔法界餐館打工的日子，但是摳門的老闆娘卻讓他們的債越欠越多……這天晚上，是神祕的佩托因斯之夜，因為意外發現黑巫師的身影而追逐出去，卻碰上了屍妖，而黑巫師竟然見死不救？

碰上了新夥伴，慢郎中的實習牧師。從貝托那邊獲得黑白巫師兩派的競賽消息，只要獲勝的那方都能獲得獎金，而且說不定黑巫師也會現身。為了能從債務之中解脫，酒井良徹與日暮旭只好硬著頭皮參賽了。

但這些競爭對手實在不太好惹……他們真能全身而退嗎？",548,5
399,正義美食團(04)麵店的方糖秘密,奇幻科幻,完結,0,24,4,,https://mojoin.com/novels/3533,"銅牆大哥想婚了，夥伴升格成姐夫，還要籌備一場驚險浪漫的求婚計劃！
聿凌的第二春、可莓的新爸爸，還有其他夥伴們，竟然一起回我家上演美食團家族會親家的戲碼！
我的身分再次遭逢曝光危機，不僅如此，冒牌黑方糖俠活躍在螢光幕前，害我變身後也不能大方出門了。

狂風一聲不吭的遠行出走，沉默麵店的保鑣擔子由我一肩扛，不起眼的麵店到底暗藏多少秘密，竟然連魔女飛飛也難以招架！
這一回，暴食旅行團也蹚入沉默麵店這灘渾水，銀鬼一夥人的陰謀也在暗處蠢蠢欲動……

搭檔，我想你了。",408,5
400,我們班的野良貓同學（中）收服不良少年為貓奴！,奇幻科幻,完結,0,33,3,,https://mojoin.com/novels/2896,"生活總是不平靜，楊哲瑋收到夏閻的「戰書」！

原來是因為夏閻心儀的對象似乎喜歡楊哲瑋，於是夏閻開口說只要楊哲瑋在運動會項目上勝過他，他就要將周婕瑀讓給楊哲瑋，雖然楊哲瑋根本沒有那個意思，但偏偏在運動會時卻因意外勝過了夏閻……
楊哲瑋和蘇小薇的關係卻因為誤會而變得冷漠，楊哲瑋為了從寧寧的口中打探原因而答應去她家打工，結果反而被誤會是和她越走越近，而賴柏毅也趁機推舉蘇小薇一起參加演講比賽，雙方的交集似乎越來越遠了……
哲瑋不小心在學校睡著，當他醒來之時已經天黑，他正想溜回家，卻意外撞見貓爭鬥，牠們正在選老大，而闖入其中的楊哲瑋被誤認為是挑戰者……
附近住戶因不滿貓的騷動而請來捕貓大隊，貓咪們嚇得一哄而散，但貓老大卻因為救助貓咪們而差點被捕，還好楊哲瑋出手相助，殊不知事後群貓闖進校園跟著楊哲瑋，又將引起什麼樣的騷動……",548,5
401,一擊必殺的不敗聖劍(04)尤里烏斯城陷落,奇幻科幻,完結,0,5,4,,https://mojoin.com/novels/3432,"因為尤里烏斯學院無法飛回尤里烏斯城，導致尤里烏斯城被大量的亞獸包圍，不得不跟所有學院和戰校求教。
就在阿胡拉騎士學院和曉星戰校結成同盟，要一起想辦法進入尤里烏斯城時，伊吉跳上大石頭吼道：「哪有人回自己家，因為有人擋住正門，所以只好走後門的道理！那當然是要踢開擋路的垃圾，讓牠們知道誰才是真正的主人！」
面對亞獸之海，伊吉使出了有史以來最強大的一擊必殺光束砲，在亞獸海之上切開了一條直通尤里烏斯城的路。然而，等待在這一行人面前的，卻是比亞獸之海更困難的難關。
白火的滅世亞獸、心懷不軌的凱薩學院，以及目的未明的恐怖組織神選之子……伊吉一行人有辦法在這危機重重的困城中，安然度過這次難關嗎？
壯烈的熱血史詩第四彈，正式展開！",443,5
402,月夜之歌～拾光裡有你～(02),奇幻科幻,完結,0,18,2,,https://mojoin.com/novels/3507,"新的開始，尋回最初的夢想，在青春大幹一場吧！

「原來喜歡是這種感覺！」
遲鈍的湯韶這才意識到，自己好像喜歡上了自己的青梅竹馬……
怎麼辦怎麼辦？她該主動進攻嗎？在煩惱此事的同時，她似乎也得解決另件事情──他們公會的副會長昭光說想與自己有進一步的發展！
在鼓起勇氣向對方說「自己有喜歡的人」婉拒昭光之後，卻迎來了一個大秘密──邱昭明就是昭光！
能不能別這麼玩她！

〈晌午拾光〉的結成揭曉後，公會殞落，一切都將結束──
然而新生公會的新（親）副（善）會（大）長（使）頌頌花，該如何接手這重要的任務？",483,5
403,女神祝福的大地,奇幻科幻,完結,3,0,0,,https://mojoin.com/novels/3788,發覺女神過去的真相，少年少女一同旅行並因此相戀的故事。,524,6
404,異魂變05 海盜,奇幻科幻,完結,456,54,5,,https://mojoin.com/novels/2968,"「你是我的」
「死也不放手」
睜眼，聽到就是這句熟悉的話。
前世她逃之夭夭，這一世，她緊抱大腿。
冷情冷心，偏執暴戾大佬對上順毛小嬌妻。
外人眼中，傅三爺代表着富可敵國，權勢滔天，心思深沉，神！
傅太太眼中，大型高冷藏獒。
稍微順順毛，挺好用。
這個世界，對於傅三爺而言，只有兩種人。
傅太太，和傅太太以外的人。",229,4
405,菜鳥之王(02)花嫁凶襲,奇幻科幻,完結,0,61,2,,https://mojoin.com/novels/3438,"自建立以來，為世界提供無數頂尖人材，推動著世界發展的育成機構──地球聯合最高人力資源培訓學院，俗稱王之庭。
為了和妹妹子芽相見，我蕭子楓轉學到了她任教的南區高中。
但要見到妹妹必須先尋找Ｓ階四王之一的凶獸？
我可以告這學院詐欺嗎？
招募了犬系少女萊姆，帶上黑洞系少女斯雨，三人馬上展開尋找凶獸的大冒險！
話說，有人知道凶獸長什麼樣子嗎？
尋妹之路上難關重重，但我才不會放棄。
苦難是一時的，妹妹是一生的。
不如問我為什麼要向前邁出大步，因為前面有妹妹！",281,5
406,蘇瑞瑪之輝,奇幻科幻,完結,0,0,0,,https://mojoin.com/novels/208,"＊2015年6月的作品。為塔莉雅版本前所寫，讀者表示預測超準（？）

希維爾是英雄聯盟中的一員。
蘇瑞瑪升起的那日，千年前的皇帝甦醒了——她是阿祈爾的末裔。
當年殺死阿祈爾並毀滅蘇瑞瑪的兇手魔導——齊勒斯同樣也在英雄聯盟中。
對於皇帝的到來，他似乎在盤算著什麼。
千年前的蘇瑞瑪究竟發生了什麼意外，導致這個偉大帝國一夕之間崩滅，而阿祈爾與齊勒斯反目成仇？
千年前的往事，將希維爾的命運也牽扯了進來。",256,6
407,禁斷凶獸少女的不當召喚法(08)重逢之市(END),奇幻科幻,完結,0,66,8,,https://mojoin.com/novels/3013,"最終決戰即將開始……
提問：有什麼地方是在最終決戰前一定要去的呢？
答案是：夜市！
「等等等等，夜市什麼夜市呀～妳們不是正被通緝嗎！」
凶獸少女逃亡中，即便如此，今晚還是要開心！
完全沒有決戰感覺的決戰前夕，決戰真的即將登場嗎？
顛覆中國神話的奇幻喜劇最終回！

惹到了傳說中的四大凶獸，後果可需自行負責喔～",46,5
408,對手被隕石砸死難道是我的錯嗎？(06)童話故事的結局,奇幻科幻,完結,0,70,6,,https://mojoin.com/novels/2989,"打敗各種怪物、斬殺無數惡魔，射箭、造武器、甚至使用魔法都無往不利的英雄柯恩，
終於遇到了他最大的天敵──暈船！

要是讓他用一句話來形容自己的海上生活，大概就是……
「噁噁噁噁噁噁噁噁噁噁噁噁噁噁噁噁噁噁噁噁噁噁噁噁噁噁噁噁噁噁！」這樣吧。",270,5
409,青鳥與蒲公英,奇幻科幻,完結,0,0,0,,https://mojoin.com/novels/3664,清純而無邪的吸血鬼少女，與滄桑的吟遊詩人，每個夜晚，如同《一千零一夜》般的相遇.......,15,6
410,我的蘿莉勇者變御姊(03)學校慶典大騷動,奇幻科幻,完結,0,32,3,,https://mojoin.com/novels/3297,"「呼呼呼，這次我一定會擊敗妳，勇者姆露姆。」

伊莉莎白因為上次跟姆露姆的歌唱對決沒有分出勝負，所以打算在校慶的時候對姆露姆發起挑戰。
然而就在伊莉莎白把魔掌伸向姆露姆之際，另一個威脅也緊接在那之後襲來……
就在艾赫為了姆露姆和伊莉莎白的事情，搞得頭痛不已之際，一名暗殺者蘿莉，也悄悄出現在艾赫面前。
自稱莎比的蘿莉間諜，用武器抵住艾赫的腦袋來逼問卻自答：
「莎比其實是亞歐伊帝國派來抹殺姆露姆的間諜，因為姆露姆引發了太多大型的破壞，讓亞歐伊帝國非常擔心她會被利用而攻擊我們，所以派莎比潛伏在這裡，設法刺殺她。」
就這樣子艾赫原本已經一團亂的生活，變得更加混亂。
艾赫可以平安度過校慶嗎？伊莉莎白和姆露姆的比賽最後是誰獲得勝利？而那些威脅世界的魔物和魔爵又如何呢？
小校慶大騷動的紛亂日常第三集，就此激烈展開……",443,5
411,對手被隕石砸死難道是我的錯嗎？(04)輔助的神工匠,奇幻科幻,完結,0,70,4,,https://mojoin.com/novels/2973,"身為一個主角，沒有什麼事情是辦不到的，
就算連鐵鎚都沒摸過，照樣可以打造武器、強化武器、
成為所有矮人臣服的神殿級鐵匠。
但主角威能也需要付出代價，身為一個輔助角色，
戰鬥的時候就只能靠邊站，看著隊友們發揮了。
柯恩表示：「唉，難道我就是當輔助的命嗎？」",270,5
412,花之姬綺譚(03)伊始‧雙心的羈絆,奇幻科幻,完結,0,42,3,,https://mojoin.com/novels/2443,"心與心的悸動、熟悉的眸光，恍如曾經命中注定，只因為這個原因──
「這個世界上，不論是誰想傷害妳，我都不允許。我最在乎的人，只有妳。」

花神歐陽卿揭開隱瞞千年的秘密，芸櫻的身分水落石出，不僅改變了她既往的認知，也傷著她脆弱的心靈。
琅煠為了讓心愛之人轉變心境，徹夜排隊買下阿斯摩德公主號昂貴的船票，透過七天六夜旅遊，兩人的感情更加濃烈且密不可分。

蔚藍的大海、廣袤的天空，如此美好的黃金郵輪卻暗藏了不可告人的勾當。
淫慾女神阿斯摩德的殺戮使公主號上染上血色的復仇。
擔心芸櫻狀況的歐陽卿悄悄抵達公主號，一方面默默的守護她，更在危急時刻現身。他的每一個舉動融化彼此的隔閡，讓被夢魘糾纏的芸櫻不禁有一絲相信……",254,5
413,鍾馗 鬼王事件簿(06)金烏與冰凰,奇幻科幻,完結,0,78,6,,https://mojoin.com/novels/3490,"史上最憋屈的尋找煉藥材料之旅──上冰山、下火山，還要兼差復仇代理！
天知道只是為了求一滴金烏心頭血作藥引，怎會捲入這麼多是是非非？
無奈等明白過來，已經身在局中，鍾馗除了徒呼奈何，唯有積極介入破局！",475,5
414,女巫養成記05 海盜,奇幻科幻,完結,0,9,5,,https://mojoin.com/novels/3725,"小女巫指定的四位女巫騎士終於到手，盧筱希終於能夠開始進行小女巫的第一次升級挑戰，想到距離畢業又將進一步，她理該大笑的，只是為什麼她會這麼衰，挑戰還沒開始，就先遇到海盜來襲，被海盜綁走的她甚至還見到一個熟人，一個要她命的熟人……
好不容易在小命丟掉前被救，之後幸運完成升級挑戰，她卻在學校大門前莫名其妙遭人綁架，而這個另類綁架犯對她超級好，除了不放她回地球，她要什麼他給什麼，有麻煩他更是主動跳出攬下，讓她對他都有點小心動，只是……
我想回地球啊！",229,5
415,勇者靠邊站！(01)不是每個魔王，都喜歡去壓迫眾生的。,奇幻科幻,完結,0,44,1,,https://mojoin.com/novels/3742,"人們心中無節操的魔王！
卻連一隻最弱小的史萊姆都打不過？？？
這樣的傳奇人物將如何讓勇者靠邊站？
魔王和玩家又會擦出什麼樣的火花？

一位從封測時期就從未被玩家目睹過其面貌的魔王？
卻因為一個充滿奇蹟與悲劇的巧合，露出了自己的真身！ 

友誼！愛情！利益！道義！
各種理念，在這虛擬與真實的交界點中激烈的碰撞！
人與人之間究竟會產生出什麼樣的精采戲碼？
就等著玩家們前來冒險囉！",169,5
416,LOST星際少女(05)拾回進度44%,奇幻科幻,完結,0,3,5,,https://mojoin.com/novels/3281,"舒越匆匆趕到啟微星參賽，終於順利奪回眼睛！

本以為只是一次遊戲性質的大賽，竟然會再次遇到難搞的改造獸！這回可沒有安德莉亞和毒藥的幫忙……

就在學生們的生命受到威脅之際，那位傳說已久的公主殿下終於降臨……",164,5
417,龍之狂想05 出谷,奇幻科幻,完結,0,76,5,,https://mojoin.com/novels/3727,"前往暗龍亡谷的求救之旅竟意外遇到失蹤的南陵和小龍，帶隊的阿魯克斯更在瞧見他後，連求救一事都放下的轉身出谷，這是怎麼回事？

勛夷城被魔族爪牙佔據，南陵大驚出手，之後七大神使出現，他們是誰？目的又是為何？

南陵等人混進入魔者中，只為了打擊暗魔組織，卻沒想到這是一個為他們所設的陷阱，南陵他們的命運將會變得如何呢？

欲知詳細發展請閱讀本期的《龍之狂想》！",229,5
418,黃泉之狩 第二部(07)抉擇,奇幻科幻,完結,0,65,7,,https://mojoin.com/novels/3468,"靈魂死亡時，就只會化為光影粉塵消散，不會殘留下什麼。
因此，死神沒有葬禮，死神殿也沒有墓園。
這是死神殿的一貫作風。
在伊恩死亡的隔天，夏契爾等人照常上班、照常執行任務，照常進行著一切該進行的事情……
一切如常，並不表示遺忘，只是死亡留下來的傷口太痛，讓人不敢碰觸。

※　※　※

「雖然不清楚原因，可是雷扎姆對季薰非常禮遇，她待在那裡的時候，住的是最好的房間，聽說那房間還是雷扎姆讓出來給她的。」
「那個壞蛋竟然對她這麼好？」不清楚情況的蜜妮發出驚呼，「他該不會是愛上她了吧？」
這個想法雖然讓人覺得很不可思議，卻也是最能解釋這種詭異作為的理由。
「不，不是這樣。」巴薩德搖了搖頭，「雷扎姆心裡只有力量與永生，他不會愛上任何人，是因為她對他有用處，所以才……」",502,5
419,雞排大神之我是魔王？！(03)盆地秘密,奇幻科幻,完結,0,84,3,,https://mojoin.com/novels/3497,"靠，他只是想要個普通的約會有這麼困難嗎？
好好一趟找雞兼約會的美好行程竟撞上有人被追殺的情景，偏偏歐艾基還不能當作沒看到，因為被追殺的老人曾幫過他 
結果，在救下的老人指點下，他有了魔族人的下落，誰知，最後他循線得到的只有一封信和意外撿到的玻璃球，這就算了，搞到後來還有人跑來刺殺他，理由是他是魔王？
刺殺事件剛過，原本被眾人認定是散心的一件任務居然莫名成了他們被設計的陷阱，跑到最後，為了救綠梓荷，他們兩人跟其他人分散，來了場危險、曖昧、及一絲絲令人哭笑不得並存的冒險……
雞排大神啊，我已經夠衰了，難道祢一定還要如此惡搞我嗎？",229,5
420,神域密碼(07)第二密碼(END),奇幻科幻,完結,0,50,7,,https://mojoin.com/novels/3330,"伊斯拉菲爾的行動，生命之樹的佈置，紅色三角區的戰場，蠢蠢欲動的黑暗……焦點匯聚的中心，是步入祭壇的奈亞。這場早已注定的戰爭，即將迎來決定性的一刻，無論是在背後計算的人，還是在前方拚殺的人，都爭奪著命運的指針。

洛伊德對這些一無所知，他的行動只為自己，以及自己所關心的人。自由與律法號停泊在紅色三角區，再次起航時，必定不會落下任何一個同伴！",47,5
421,來自異世界的清水島(02)寒冰女王,奇幻科幻,完結,0,36,2,,https://mojoin.com/novels/2852,"大島紫苑繼任為「全覆式操縱者隊隊長」……唔，是「代理隊長」！
紫苑的另一位戰友「寒冰女王」渡邊由紀奉命帶我去第二科研所做健康檢查，沒想到
又遇到魔化人了──嗚，我真不幸……
想要輕鬆等著清水島上的居民把我送回地球是不可能的了，
我被指派教導清水島的軍士們劍道。嘖！連渡邊由紀也能輕鬆打敗我？
然後……哇！為什麼邀我去她家的渡邊由紀特地換上女僕裝？而紫苑怒氣沖沖地跑來發現了我和渡邊由紀正在……",428,5
422,神域密碼(04)噩夢三角區,奇幻科幻,完結,0,50,4,,https://mojoin.com/novels/3327,"生命之樹的小角色洛伊德，受組織之命跟隨奈亞與娜伊娜，浪跡宇宙追擊伊甸。一行人的旅途來到了宇宙最危險的區域──紅色三角區，那裡潛伏著巨大而神秘的威脅！

在拉族的聖地，行星阿維上，支配者再次出現了，而洛伊德將要單獨與牠戰鬥。同時，還有一個堅信自己的神明的少女，在頑固地祈禱著。

支配者、「神」、伊甸，一切彷彿昔日的重現。命運蜷成了一個環，頭尾相接，成為歪曲與錯亂的迴廊。而奈亞依然在自己的夢境迷宮中徘徊，然後……",47,5
423,魔王真命苦(02)魔王大冒險,奇幻科幻,完結,0,86,2,,https://mojoin.com/novels/3271,"一個勇者團倒下去，千萬個英雄站起來！
莫林還沒來得及慶祝勝利，就被不幸的告知，教廷騎士團正在前來拜訪！艱難的危機中，史上最無良的吟遊詩人費多多華麗登場。
在他的唆使下，莫林一頭撞進教廷騎士團，而且還莫名其妙的綁架了聖女薇薇安？
偏偏在這個內憂外患的時候，因為莫林的恐怖金幣食量，塔門領地居然遭遇了破產危機！
於是，傳說中的尋寶大作戰、傳說中的打造蓋世英雄計畫，就在萬眾期待中，轟轟烈烈的拉開了序幕！",54,5
424,舞弦者‧紫(02)〈Mission 2〉紫之夢魘,奇幻科幻,完結,0,72,2,,https://mojoin.com/novels/3544,"《舞弦者‧紫》Mission 2 劇情簡介

未知總是令人感到恐懼，於是世人景仰先知，可是誰又知道，其實無所不知才是最可怕的事！
一件看似普通的謀殺案，兇手自首，證據確鑿，卻因為兇手匪夷所思的供述而陷入泥潭。
警方束手，著名偵探金老虎同樣無計可施，只好向好友林墨求助。
可是誰能想到，命運會讓他與紅尷尬重逢──
從昔日手下口中探知眾多秘辛的蕭小紅，意外得知當年一手造就了傳奇之紫的弈棋者‧白，居然還有個親生弟弟，一心追趕紫的她決心要將林墨拖下水，不惜香車美人地在校外等候。
於是乎，毫不知情的林墨同學即將迎來影響他一生的豔遇……",429,5
425,守衛龍騎(05)古塔幽靈,奇幻科幻,完結,1,27,5,,https://mojoin.com/novels/2439,"為了救多德，阿修與會長兩人潛入監獄塔，卻意外發現多德早已被劫走。
兩人空手而歸之時，才知道劫走多德的人，原來是薇。而薇為了莉莉決定留下來，要和普雷特公會等人一同備戰。
有了薇的加入，普雷特公會一行人對於戰事的規劃也步上軌道，但索伊卻在這疑似鬧鬼的古塔失蹤，阿修等人爬上古塔神秘的三樓，經歷一番奇特的歷險之後，雖然成功救下索伊，但他們從此不敢再越雷池一步。

平淡的日子，卻讓阿修隱約感到不安，果然培茲利用神官的占卜，找到了他們，並且還傷了席娜和花婗。
阿修不敵培茲，多德為了爭取夥伴們逃走的時間而與培茲纏鬥，卻不幸喪生，珂璃也被奪走。自責不已的阿修捨棄了象徵榮耀的劍，對席娜說出已經無法再守護她的話……

失去了兩名龍騎士，普雷特公會到底該何去何從呢？",548,5
426,冷月FrostyLuna(04)大航海時代的終點、時家的大封印師還有全新冒險的起點！,奇幻科幻,完結,0,29,4,,https://mojoin.com/novels/3476,"結束了航海的旅程，我終於踏上了東方初陽國的國土！

在我們打聽傳送門跟小雅、安安的下落的時候，宮本商行的人卻帶人來慕容家找麻煩，還指明要慕容雪出來說清楚講明白？
為了尋求封印詛咒的辦法，我一個人回到了地球，想從時家那邊詢問看看，因此得知了有個專門在搞封印術的大封印師，而且還離我們很近，就住在高雄而已？
雖然這樣，旅程應該比較輕鬆啊，可是想不到全新的敵人跟威脅竟然在高雄登場！

噢，為什麼我已經變成走到哪就要打到哪的敵人吸引器了啊？
到底這趟旅程的終點，我有沒有辦法順利的走到呢？
這問題實在太深奧了，你要我怎麼回答你啊啊啊啊！",440,5
427,魔王真命苦(03)戀愛大作戰,奇幻科幻,完結,0,86,3,,https://mojoin.com/novels/3272,"危機降臨！辛苦奔波的魔王殿下突然發現，自己似乎有很多煩惱要面對。
為了打開魔界雙塔，莫林踏上了尋找鑰匙的旅途，卻在魔界的險峻山谷中，遇到了自以為身患絕症的六臂蛇魔。
為了尋找失蹤的老爹，莫林決定去人類世界調查紋章的線索；但是在那之前，他必須替修斯特挽回即將失去的愛情，傳說中的戀愛大作戰即將展開！
糟糕的是，教廷騎士團的攻擊即將來臨，而魔將那羅的龐大軍隊也在集結中。立志要征服世界的魔王殿下，又該如何應對？",54,5
428,王子培育計畫(05)吾惜珍重之人,奇幻科幻,完結,0,19,5,,https://mojoin.com/novels/3513,"「可不可以解釋一下這是怎麼回事？」
天界組的三個可悲少年跪在綁著兩條長長麻花辮的少女身前，少女姣好容貌上的嘴角不斷抽搐，渾身散發懾人的威壓。

「我們是不是來得不是時候？」夏靜天小聲的對隔壁的蘭予希說著。
「不只是來得不是時候，我想連來的地方都錯了吧。」蘭予希涼涼的回答。
夏靜天冷汗直流，明明是來尋求協助以拯救莫里森的，怎麼情況會變成這樣──

天然呆神明亞洛爾、吐槽高中生夏靜天、住在海邊管很大的死黨蘭予希，這回接下的是拯救被擄走的第二判官這項危險任務，沒想到任務不僅過程波瀾萬丈，更將揭開彼界王選拔隱藏的秘密？
於是，充滿著秘密與冒險，驚心動魄的王子培育計畫第五集──
計畫，持續進行中。",163,5
429,世紀末書商01,奇幻科幻,完結,80,0,0,,https://mojoin.com/novels/3789,"世紀末╳世界名作╳奇幻──
在毀滅後的世界，踏上尋找失落故事的旅途。

第三次世界大戰後，世界文明覆滅，
「書」成為上層階級最奢侈的娛樂，有一批人成為了「書商」。
書商以兜售在廢墟裡找到的書謀生，
因為他們知道那些坐擁資源與權力者，
最大的煩惱從來都不是生存，而是無聊。

一名遊走於廢土，兜售古老書籍的少年「我」，
夢想有一天能夠開一間自己的書店、賣自己想賣的書。
他在途中遇見獨居於廢棄圖書館的少女，
為了尋找她失蹤多年的父母，兩人一同踏上旅途，
並在毀滅的世界中，尋找過去的文字──",48,2
430,是魔．非魔05 尋找寶藏,奇幻科幻,完結,0,45,5,,https://mojoin.com/novels/3723,"同樣的地圖幾乎人手一張，有人說地圖上的標示是盜賊王的藏寶地點，也有人說是星澄海真正位置所在，不管是哪一個，地圖成為知情者爭奪的搶手貨，為了查探，倫一行八人決定前往地圖上標示的地點。
滾若岩，進入地圖標示地點的第一個入口，原以為此地並無危險，卻讓死狀悽慘的屍體改變了他們的想法。
魔闇之蛇、水秀兒、狼濤、媚娘……應該消失的暗系魔法、魔族，甚至之前追殺倫他們的人全一一出現，帶來意想不到的危險，可是也讓他們找到真正的星澄海封印地。
封印動搖，神王備戰令啟動，所有神魔間的動亂，也將隨著他們破除封印的動作而展開──",229,5
431,一擊必殺的不敗聖劍(05)約定的勝利之劍,奇幻科幻,完結,0,5,5,,https://mojoin.com/novels/3448,"阿胡拉騎士學院VS曉星戰校！一對一擂台代理戰爭全面開打！

在上一次尤里烏斯城的戰爭中，因為伊吉太過目中無人，還胡搞瞎搞，差點害死阿胡拉騎士團的人，因此阿胡拉騎士團正式對曉星戰校宣戰，展開代理大戰爭。
「宣誓，我們乃阿胡拉騎士學院，在此遵從元老會之法則，進行合法且公正的代理戰爭。警告，接下來我軍會對曉星戰校及其成員進行宣戰之行為，請非戰鬥人員進行迴避，避免造成不必要的傷害，我軍也絕對不會無故傷害平民。」
「居然這麼囂張的跟本英雄宣戰！各位！教教那些腦袋塞滿水泥的蠢蛋騎士什麼叫做血流成河的戰爭！」
於是，彷彿祭典一般的代理戰爭，在兩軍的叫囂下正式展開。

史詩奇幻大作第五彈，同時也是本系列第一次的車輪擂台戰，正式展開！",443,5
432,Legend：光與影的羈絆(08)陽月之晨,奇幻科幻,完結,0,2,8,,https://mojoin.com/novels/3442,"傳聞開族魔王創立的城堡神祕的被保持著千年前的樣子，傳聞魔族最可怕的血鳶花是因開族魔王的故事而起，大大小小的傳聞都從魔族敬而遠之的血鳶森林開始，而這次也不例外。
陷入了人為的時空漩渦，踏進了戰靈們不為人知的童年秘密，感受到那溫柔眼眸背後的責任及難過，認識了那純粹笑容背後所存在的哀慟及辛酸。
佇立在我眼前的，是那個我所不認識的那人。
窺探著被掩覓在時間底下的哀傷，如果可以請拆下偽裝，如果可以請卸下悲傷，如果可以請聆聽自己的聲音。
因為被呼喚之人，你將會知道……
你並不是一個人。
……最後，我還是想說，創世神大大您老讓我這樣穿來穿去真的可以嗎！

By伊絜翼薩妲斯大陸1561歷年。",508,5
433,永樂神社的巫女(02)神無月大典,奇幻科幻,完結,0,25,2,,https://mojoin.com/novels/2430,"誰都沒想到曾被冶金惡懲的程俊居然還敢出現，而且還帶著伊織最要好的童年玩伴，來自北方主殿的巫女——雪兒。
但更沒想到的是……即便大戰群妖也無所畏懼，反而較怕沒牛奶喝的冶金居然被一張告發同居的密信給逼離永樂！
然而事件卻一波未平一波又起，離開冶金沒多久的伊織才剛踏上返北之旅卻又遇上喜歡說鬼故事、以開鬼門為樂的青行燈，若真讓牠將陰間裡的魔物通通放出來，那可不是說笑的啊！
天啊！為什麼有這麼多事啊？還讓不讓人回去主殿參加神無月大典啊？還有，說好的保護委託呢？冶金到底去哪了？你要是再不趕快回來……
人家都快被自家弟子給拐走啦！",258,5
434,王子培育計畫(04)肆迎群靈歸來,奇幻科幻,完結,0,19,4,,https://mojoin.com/novels/3512,"「老、老爸？既然你回來了，那老媽她們……呢？」
夏靜天壓低聲音，以大約是蚊子在耳邊飛行時會聽到的嗡鳴音量詢問床上的父親。

「明天吧……我是先回來看看你的狀況的……天知道你有沒有……呼嚕……」
夏靜天瞪大眼，望著再次睡去的父親，思緒頓時亂成一片。
驚訝、恐懼、焦慮、煩躁，他的家人們要回來了──

天然呆神明亞洛爾、吐槽高中生夏靜天、住在海邊管很大的死黨蘭予希，這回將要面臨人生中的大危機──造成夏靜天與亞洛爾心靈創傷的女性們要正式出場了！
前有母虎成群，後有第二次判定測驗，夏靜天等人已經不算平穩的生活將再掀起何等波瀾？
於是，充滿著驚恐與心靈創傷，外加一點點偶然奇遇的王子培育計畫第四集──
計畫，持續進行中。",163,5
435,青青何盼草(06)何盼盼的逆襲(END),奇幻科幻,完結,0,43,6,,https://mojoin.com/novels/3270,"何盼盼可以接受別人針對自己，卻無法接受別人傷害她珍愛的人。當敵人屢屢挑戰底線，她該如何應對呢？
夢想不會自己實現，那得是揮灑汗水、竭盡全力之後才能實現的，就像珍愛的東西要自己守護一樣。
一句話，改變了何盼盼原本矜持的態度。這次，就換她來守護大家！
此仇不報，她誓不為人！",219,5
436,喵喵魔法屋(04)守護永恆之約(END),奇幻科幻,完結,0,57,4,,https://mojoin.com/novels/3229,"打從一開始進入比賽場地，在第一輪的大亂鬥，黑巫師派的人馬被白巫師那方的人偷襲，損失了許多夥伴。他們重振旗鼓，打算採取新的戰術好扳回一城，卻在兩方交鋒之時，闖入了第三勢力的黑暗生物。

日暮旭與良徹等人好不容易脫逃，重新與貓咪們會合，並從道格里家族的雷辛那裡聽到有黑巫師的消息，一行人便出發到指定的試煉洞窟……但等的黑巫師卻是冒牌貨！

為了黑巫師，日暮旭等人勇闖絕望峽谷，路經許多危險與波折，終於見到了黑巫師本人，和貓咪們更是感動的重逢。援軍也到了，但白巫師那方的人不願意攜手對抗黑暗化身的惡龍，反而想趁機打敗黑巫師取得權位，意外的白巫師居然要求要與黑巫師光明大地決勝負，而決定先聯手打敗惡龍？

回到人類世界的三人決定重組樂團，完成黑巫師與日暮旭的最後約定。並且，期待有一天，能與貓咪們再次相聚……",548,5
437,禁斷凶獸少女的不當召喚法(04)賢妻檮杌,奇幻科幻,完結,0,66,4,,https://mojoin.com/novels/2978,"四月一日，少年月炎修收到了有生以來最大的玩笑。
一名有著飄逸長捲髮、修長美腿、超級大胸部的美女竟然自稱是「自己的妻子」。
這份大禮的背後，自然有著不可告人的秘密──
那名為日乃霧的女子並不是人類，而是凶獸檮杌。
她之所以親近炎修的理由，是希望少年能以自身特殊的影響力，改變世人對於凶獸檮杌的看法。
「男人所嚮往的女人不就是完美的妻子嗎？而成為親愛的眼中的完美妻子，才能成為世人眼中的完美妻子！」
如此錯誤的認知，在炎修家燃起了一道戰火──桃、川板、靈華以及乃霧……
以「最佳妻子」頭銜為目標，少女們的戰爭就此展開！",46,5
438,血!!魔導(03)誕生，龍騎士！,奇幻科幻,完結,0,28,3,,https://mojoin.com/novels/3598,"──一個是嚴厲負責，將種族凌駕於個人之上的老邁龍王。
──一個是渴望履行王者責任前，擁有最後自由的新龍王。
勒斯一行人為了靈泉而來，卻在不經意間捲入了新老龍王由於意見無法統一，互相對峙而生成的考驗之中。
而新任龍王破解僵局的辦法，居然是簽、契、約？
「──龍王大人，你確定真不介意給人家騎？」",475,5
439,是魔．非魔03 獎品搶奪戰,奇幻科幻,完結,0,45,3,,https://mojoin.com/novels/3707,"因為倫手上的封塵印，芙雅記起了轉生前的神族公主記憶，但她卻寧願只當一個平凡的人類；倫也因此接觸到黑晶盒中的魔王魔力，進而恢復了一部分魔王意識，但這卻讓迪亞安變成間歇性的啞巴！？
神月圖書館整個崩塌，甩不掉這份責任的迪亞安等人只好接下學院給他們將功贖罪的任務，豈知倫卻意外奪得美女選拔活動的第一名，之後又在迪亞安的設計下成為挑戰三王子的優勝獎品。
只是這挑戰賽都還沒有一個結果，迪亞安卻率先動手把倫這個獎品給搶走，遠遠的逃離被他們四人搞得一團亂的神祭學院，這事情究竟如何演變呢？",229,5
440,獵魔血咒01,奇幻科幻,完結,0,82,1,,https://mojoin.com/novels/3752,"薩伊，獵魔行會的實習菜鳥，因為一次的任務就此改變了他的一生，只能孤獨一人踏上尋找恢復身體異狀的旅途。

熟悉的氣息，他所找到的卻是另一個紅髮女孩，為了同學夜天，他不惜變身救人，卻因此和女孩有了進一步接觸，並且不知不覺中被她吸引，讓懶人的他、不想多惹麻煩的他突生風波，卻撇不下手。

真實實力的曝露，讓夜天故作怨婦的抱怨，在王紫櫻面前，更搖身一變成為他的親密愛人，和王紫櫻真的是「情敵見面，分外眼紅」，當然如果夜天嘴角的那抹痞笑可以再收斂點的話。

只是薩伊為了她口中的沐大哥大吃飛醋，為了她受傷、中毒而發狂，甚至捲入她家族親人的叛變……可是最後事情剛定，和王紫櫻家族長老密談完後他卻一心計畫著要離開她，到底是為什麼呢？",229,5
441,one more chance X game world,奇幻科幻,完結,0,0,0,,https://mojoin.com/novels/3017,"一個死神與天神的遊戲，被挑選者進入天神所創的遊戲世界，
才發現……
原來他們都已經死了。

這是一個每個人都有第二次機會的世界，遊戲開始！",116,9
442,超超能力者NOT日常生活權(04)天下第二罪該萬死,奇幻科幻,完結,0,63,4,,https://mojoin.com/novels/3209,"最強的強敵即將來襲！

「你就是『天下最強』嗎？」
「不是。」
「請你撤掉『天下最強』這個稱號。」

覬覦著「最強」之稱號，完全沒有在聽人說話的美少女刺客正式登場！
身著臺北市排名第一的第一女子高級中學制服的她，似乎是個滿分資優生。
而她提出分勝負方式，不知該說有沒有意外，就是──段考成績！

面對挑戰者，理論上來者不拒的最強少年空之上罕見的提出了先決條件──
「平時考試都只用六十秒寫考卷的我，正常考試可以；但在那之前，妳得通過四天王的考驗，而且……不、比、考、試喔！」

題目，由超能力社四天王出題。
範圍，不可以超出學生的本分。
最強稱號爭奪戰，就在雙方達成協議後正式展開！

附帶一提，四天王不滿四個，也是合理的事情吧？",46,5
443,龍之狂想03 表演中斷,奇幻科幻,完結,0,76,3,,https://mojoin.com/novels/3712,"紫的誘惑開始表演，卻遭到有心人破壞，空氣中更流動著宛若小不點天敵的邪惡氣味，這次的表演中斷，不僅暴露了南陵極力想隱藏的實力，也透露出某股隱藏的黑暗正蠢蠢欲動！
表演沒得看，連他們無聊想去散散步，一堆麻煩不請自來，後來南陵等人竟無緣無故成了學院交流賽的選手？
烙炟脈荒原，盜賊的大本營，卻不主動招惹別人，偏偏就是有不知天高地厚的人自動送上門，差點把一條小命丟掉。幸好駱曉曉偷懶，騎龍找人，把人救出也無意打響銀面龍騎之名。
學院交流賽終於開始，就在爭學院的第一排名時，南陵竟以意外的狼狽之姿投降，接著就被學園長踢出校門！
這一切的真相究竟為何呢？",229,5
444,血!!魔導(04)偽神、神殿、弒神者,奇幻科幻,完結,0,28,4,,https://mojoin.com/novels/3599,"是蝴蝶效應，還是有人惡意偏轉歷史，不按劇本演出？
麥納村外，不存在於使徒記憶裡的廢棄神殿，給勒斯一行人敲響了警鐘。
死亡騎士也猥瑣？
留待最後一夫當關，佈下無盡迷宮獨戰變異弒神者的勒斯，命令死亡騎士執行的絕殺一擊，居然──呃，讓人深切明白，什麼是「蛋蛋的憂傷」……",475,5
445,對手被隕石砸死難道是我的錯嗎？(03)無敵神射手,奇幻科幻,完結,0,70,3,,https://mojoin.com/novels/2972,"柯恩瞄準眼前的箭靶，但那支箭矢卻用四十五度角射出，
在天空中劃出漂亮的弧線，在幾乎不可能回到靶上的時候射中一隻不知道哪裡來的老鷹，
然後又穿過另一隻老鷹，最後不可思議地落下並射穿靶心。

柯恩第二箭不帶絲毫氣力，箭矢直接往下掉落，
但就在這時一陣莫名其妙的強風發生，像一雙無形的手托住了箭矢，
用迴旋鏢的方式旋轉向前，最後在機率無限趨近於零的情況下射入靶心。

柯恩第三箭背對箭靶，隨便將箭射出，
但那支箭矢射到了外圍少數有彈性的樹枝回彈，
加倍奉還的猛烈箭勢射穿隔壁的箭靶靶心再次回彈，最後反向穿出紅心。

恭喜柯恩獲得本次神箭手大賽的冠軍！
柯恩無奈表示：「唉，隨便射都會中難道是我的錯嗎？」",270,5
446,血!!魔導(06)最後的黑暗黎明(END),奇幻科幻,完結,0,28,6,,https://mojoin.com/novels/3605,"以尊主為樣本，最早期的死亡天使兵團現身赫雷克爾。米薩契爾早已被鮮血染紅的棋盤，佈局用棋終於完整。
決戰之日逼近，偏偏就在這個關鍵時刻，尊主刻意引導他們察覺到──原來之前有驚無險一次次度過難關，已經使他們在左右最後一戰勝負的氣運上，有了驚人「負債」……",475,5
447,神域密碼(02)黑之物，火之吻,奇幻科幻,完結,0,50,2,,https://mojoin.com/novels/3325,"神秘組織「生命之樹」的一介小兵洛伊德，前往偏遠宇域調查謎之生物伊甸，巧遇同樣以伊甸為目標的奈亞和娜伊娜，超大場面的宇宙冒險故事於焉展開！

為了追擊伊甸，洛伊德三人來到一顆中世紀的魔法星球，卻在這裡遭遇意料外的恐怖之物。原來這顆星球的所有人類，都是一個名為支配者的東西圈養起來的食物。當瘋狂的咒語完成之時，黑色魔物將由地而生。同時沉睡於此處的伊甸，又將做何反應？

茫茫星空，洛伊德踏上的是一條未知的旅途。組織傳訊邀請一行人去到行星「失樂園」，在那裡，洛伊德遇到組織的頂級人物，然而卻另有一個陰謀的黑手，在向「生命之樹」逼近……",47,5
448,我的蘿莉勇者變御姊(06)魔王與勇者的終焉(END),奇幻科幻,完結,0,32,6,,https://mojoin.com/novels/3317,"最終魔王與勇者的決鬥還是到來！

姆露姆原本以為自己被魔王放鴿子，但是不可見的陰影卻深入校園之中，引發世界性的大轟動！
男主角艾赫的真實身分也在這禍不單行的災難接踵而至中因而揭開！
究竟魔王和勇者的決鬥的終焉會抵達哪裡呢？
戀愛喜劇、熱血戰鬥的最終章，正式展開……",443,5
449,姑涼惹不得(03)幸福美滿的相依(END),奇幻科幻,完結,0,38,3,,https://mojoin.com/novels/3418,"雖得知攻擊遊戲玩家的駭客真身為何，但小姑涼在遊戲中被抹黑，成了惡名昭彰的罪人。
在時間的壓迫之下，陸子淺也介入了此事，所有的事情才順利解決。
被父母深深「疼愛」著的向韻涼，在順利與陸子淺交往後，想要擁有該有的自由，一切都發展得比她認為的還要順遂！
與他長時間相處之後，她才知道，陸子淺並非表面上那麼驕傲自信。
他背負著的、與他所嚮往的，和她想像的，完全截然不同……",483,5
450,白霧裡沒有敵人,奇幻科幻,完結,13,0,0,,https://mojoin.com/novels/3715,"大學生考森在雷雨交加的夜裡暫住於布諾桑特山上的小鎮．本特蘭，未曾想，致命的白霧從山腳下昇起，而他這一住便是一年。
「真相是什麼一點都不重要。」
除了要在排外的山城中爭取容身之處外，考森還得與其他三名旅人周旋。為了將白霧擋在本特蘭之外，他們能依靠的，也只有搖搖欲墜的平衡......",396,6
451,異魂變04 背叛,奇幻科幻,完結,10,54,4,,https://mojoin.com/novels/3721,"為了找回皇甫家失竊的家徽，宇文翼和司馬凜把搜尋目標放在平區最著名的地下交易所。
因為有人跟蹤，宇文翼和司馬凜分開而不小心迷路，恰好遇到韋笑天及樓玉離，更在纏人的樓玉離幫助下，他們順利得到任務相關情報，但情報內容卻又意外牽扯到陳台生及其背後組織上。
一絲戰鬥波動吸引宇文翼靠近，意外發現戰鬥的一方竟是他們所熟悉的人影；而在戰鬥雙方雙雙撤離時，宇文翼從中得到一把小刀，這把小刀將給宇文翼帶來什麼？
雲水岳陷入愛河，本該是他個人的喜事，但他所愛的女人卻非普通人，神秘的綠蘋究竟是何身分？她又將掀起何種風波？
明明是快樂的畢業季，結果卻演變成背叛事件，甚至害得無防備的藍奕司和宇文翼二人受傷，還在星際中漂流……",229,5
452,冷月FrostyLuna(05)傳說中的封神寶貝、南大陸的探險跟雷霆崖的牛頭人！,奇幻科幻,完結,0,29,5,,https://mojoin.com/novels/3485,"翻越克龍山脈，前往未知的南大陸，展開超熱血的大冒險，取得傳說中的封神寶具！
事情如果就像憨人所想的一樣是這樣展開的話，那就太好了啊！

穿過傳送門之後竟然來到了初陽國？
身為初陽國十大槍擊要犯之一的口古月，不被抓我都覺得過份啊！
到底為甚麼阿雪要害我回初陽國被抓，最後我又是怎樣離開初陽國的呢？

南北大陸交界的克龍山脈，竟然被囂張跋扈的山賊給佔領了？
前面打過了海賊，現在又要成為山賊王，神秘的金髮美女高手的真實身分又是如何？
終於來到南大陸，卻對封神寶具沒有任何一點頭緒，這趟多災多難多吵多鬧的冒險之旅，到底會變成怎樣？
最後我們有辦法成功的取得封神寶具嗎？
這個問題你拿來問我，我還可以問誰啊啊啊啊啊啊───！",440,5
453,永樂神社的巫女(04)打結的往事,奇幻科幻,完結,0,25,4,,https://mojoin.com/novels/2432,"看完冶金的過往雖然讓我更加了解他，但我很快就知道那只是一種錯覺。
什麼Ａ級驅魔師、未來的總長、戰無不勝的靈矛……這些看似耀眼奪目的頭銜，在另外兩把靈武和神祕的八業障面前根本只是不值一提的文字啊！
還有啊，為什麼本巫女明明只是去雲夢想治個腿、取回靈力，卻連八歧大蛇都被扯進來啦？
可惡，冶金和吟槍這兩傢伙根本是祕密無底洞啊！",258,5
454,王子培育計畫(03)叁逢青鳥妖精,奇幻科幻,完結,0,19,3,,https://mojoin.com/novels/3511,"「哥哥──」
面對那熟悉的身影，夏靜天近乎絕望的吶喊。
有著灰白髮色的青年，枯槁的面容上揚起一抹淡然卻悲傷的笑容。

呼喊我的名！
我因你而生，為你而活。
自誕生的那一刻便發誓……
──只要你希望，將為你付出所有！

夏靜天茫然的望著消失的影子，垂下了肩膀。
天然呆神明亞洛爾、吐槽高中生夏靜天、住在海邊管很大的死黨蘭予希，這回不僅要面對熟悉的那個人，還要進行滿是危機的拯救行動，最後居然還有……突來的異世界求生？
於是，充滿著回憶還有驚險刺激與一點點驚奇的王子培育計畫第三集──
計畫，持續進行中。",163,5
455,舞弦者‧紫(06)〈Mission 6〉末日夢魘(END),奇幻科幻,完結,0,72,6,,https://mojoin.com/novels/3565,"《舞弦者•紫》Mission 6劇情簡介

若不想讓你知道真相，便將真相弄成你畏懼的，所以你會發現，真相往往就是你最不敢相信的那一個。 
數百米的高空中，窗外是凜冽的寒風和激烈的戰爭，窗內是彌漫著香氣的熱朱古力和充滿回憶的講述……
來自父親的手稿，揭開了殘酷的真相；人類是什麼？這個問題的答案也許你寧可不知道！絕殺陷阱中的生還，是以死亡為代價；血腥的屠戮，卻是為了最後的拯救……
那一瞬間，看著沖天而起的聖光，聽著直擊心靈的聖歌，你的身體是否告訴你臣服於神？你是否能鼓足勇氣，面對神的威嚴，從容落下棋子，然後微笑說出──
將軍！",429,5
456,冷月FrostyLuna(03)史上最恐怖的扮家家酒、感覺很好吃的海怪跟無人島上的大冒險！,奇幻科幻,完結,0,29,3,,https://mojoin.com/novels/3475,"哈囉大家好，我是阿月！我又來跟大家報告我這次的冒險旅程囉！

在面對反抗軍的懷疑，我跟安安共同演出了一場毫無破綻的扮家家酒，但在終於矇混過去，大家可以收工回家睡覺的時候，想不到反抗軍竟然在此刻爆發金融危機！
而這該死的金融危機竟然還要我出面調停？
現在是把我當成經濟部長了嗎？

為了要解決反抗軍的經濟問題，我們一行人只好跟隨著獸人的腳步，搭船出海前往未知的新世界──東方初陽島國。
結果這趟旅程多災多難到多災多難這四個字還很難描述出到底有多慘的地步！
先是碰上絕命危機，又碰上了海賊、海怪，最後砰的一聲連船都噴掉了啊！

到了最後，我們有沒有辦法去到那個東方初陽島國，解決反抗軍政府的經濟危機呢？
我到底有沒有辦法拯救地球呢？我……
我怎麼可能會知道啊啊啊啊啊！",440,5
457,身為女裝少年的我，貞操快要不保。(02)病嬌的狂襲,奇幻科幻,完結,0,34,2,,https://mojoin.com/novels/3745,"「渣滓！」
嬌軟的嗓音喝斥著，阿泱膝蓋一軟跪了。
「學姐呢！快讓學姐出來啊！你這垃圾，存在世界上完全沒有價值！」

唉，那個在戰場上勇敢脫衣告白的學妹又重出江湖了，她不是在醫院待過了嗎？為什麼腦子一點也沒變好啦！
為了替中央出任務跑到偏遠山區，這瘋狗妹子一路追了過來，更悲劇的是，聽說她要成為零的影武者？
打造雙刀？
OH，NO！我要胃潰瘍了(崩潰)！

她哪時才願意承認，我就是零啦！",55,5
458,永樂神社的巫女(03)土蜘蛛之役,奇幻科幻,完結,0,25,3,,https://mojoin.com/novels/2431,"還以為可以安心享受快樂的師徒生活……卻沒想到又蹦出一個自稱「大妖」等級的土蜘蛛，不僅帶著成千上萬的自家子弟兵殺入主殿，更誓言要將所有巫女吞下肚內……
可惡，哪有被侵門踏戶還忍氣吞聲的道理？看我伊織鈴音還不把這群可惡的八腳生物給通通收拾……冶金！你幹嘛又來搶戲？還有，你剛剛那招是什麼來頭？
什麼？天道？
吼……麻煩你別這麼省話好嗎！",258,5
459,武裝巫女(08)克裡斯王宮的火鳳之舞(END),奇幻科幻,完結,0,41,8,,https://mojoin.com/novels/3561,"使盡了各種手段仍然束手無策的幽，終於決定使出必殺技，要對米亞國王實行色誘！
然而色誘不成，她卻發現了米亞國王的一個秘密。這個秘密的揭露，讓幽之前的合約自動作廢，卻也給她提供了一個新的機會。
當幽的新合約到手的時候，意外突然發生，三位野心家的叛亂開始了……",487,5
460,魔法糖果騎士(02),奇幻科幻,完結,0,89,2,,https://mojoin.com/novels/3315,"歌莉由害羞少女變成魔法少女，擺平小鎮怪事之餘還如願交到了朋友，從此快樂又平凡地生活下去──
才怪！這是哪裡來的黑兔子？
她自問不是愛麗絲也沒追著兔子跑，結果仍被強行拉進精靈世界了！
糖甖貨倉遺失方糖、幻彩果園只剩果乾、果凍高山整座融化……眼見小門後的不思議國度變得一團糟，可是她的變身棒被搶走了，究竟怎麼辦才好？
除了搜捕黑兔子，精靈們也各自遇上連魔法也無法解決的難題！
與此同時，子禹不惜打破禁忌來到人類小鎮的原因也漸漸揭開──
面對逃避已久的心結，他的抉擇又會是……

「總之不論什麼結果──我都會陪著你，不會讓你獨自一個面對啊。」",533,5
461,武裝巫女(02)巫女駕到,奇幻科幻,完結,0,41,2,,https://mojoin.com/novels/3516,"在路上遭遇搶劫的幽，不但沒有損失財物，反而捕獲了兩位有些古怪的搶劫犯：一個迷糊大膽、受到古怪教育的小蘿莉，以及一隻吃齋念佛的老虎！
在克裡斯王城，幽見到了自己的委託人──一位心懷野心的權貴人物。他聘請幽的目的，就是顛覆這個國家的王位，把剛剛登基的國王拉下馬。
身為一名常常與陰謀打交道的巫女，幽很豪邁的接受了這項工作；這個時候，哥布林的新發明也出現了，然而他的實驗室卻發生了新狀況！

 ",487,5
462,武裝巫女(05)最強女僕傳說,奇幻科幻,完結,0,41,5,,https://mojoin.com/novels/3549,"為了參加侍衛選拔之前的皇家晚宴，幽費盡了心機，甚至不惜變裝，準備矇混過關，可是，意想不到的轉機卻出現在她去參加宴會的路上。
無聊男士的搭訕、敵對勢力的挑釁，一樣又一樣的麻煩被幽乾脆的解決，兩隻小蘿莉也在舞會現場大出風頭！
幽一行人成了舞會現場最耀眼的明星，但是，她們卻被一雙憤怒的眼睛盯住……",487,5
463,舞弦者‧紫(05)〈Mission 5〉港島夢魘,奇幻科幻,完結,0,72,5,,https://mojoin.com/novels/3554,"《舞弦者‧紫》Mission 4劇情簡介

眼睛是心靈的窗戶，是我們認知這個世界的第一途徑，所以我們盲目地信任眼睛看到的一切，可是我們又怎會知道，這扇窗戶外面的景色，不是另一個楚門的世界？
當辛子豪打出那個跨越大洋的求助電話時，絕不會想到自己會變成被人爭搶的「貨物」，更不會想到這場圍繞他的爭搶會變成兩個龐然巨物間的全面戰爭！
被「囚牢」封鎖的港島，就像是古羅馬的鬥獸場──不再隱藏於陰影中的妖魔，全面集結的狩獵者，在這片血肉磨盤中廝殺殞落！
火力全開的紫、血河解放的紅、化水的真石立海、浴火的菲尼克斯、久違的風魔龍一，還有那傳說中的主人，誰才是鬥獸場中的勝者？
代表死亡的槍聲響起，粉碎了自大的狂妄，卻沒能帶來結束──戰爭來了！你準備好了嗎？",429,5
464,我的蘿莉勇者變御姊(02)前任勇者也來湊一腳～,奇幻科幻,完結,0,32,2,,https://mojoin.com/novels/3275,"「姆姆也想要去高中上學！！」

姆露姆住到艾赫的家中已經好幾天了，然而度過平穩的假日後，艾赫也要返回高中上學，姆露姆當然也吵著想要去高中上課。
然而並非勇者狀態的姆露姆，怎麼看都只是個十歲小女孩，當然不可能去高中上學，所以就這樣被艾赫丟在了家裡。
姆露姆為了要去高中上學，於是偷偷跟了上去，但是三兩下就被學校的警衛踢出來。
就在姆露姆絕望的時候，經瑪芙妮和庫哈姆的介紹，她與一名可愛的金髮小女孩，普莉亞相遇。
於是中古時代的勇者，在現代展開了跨越時空的高中生活，但也被捲入了橫跨了千年的陰謀中……",443,5
465,正義美食團(06)他們的方糖旅行,奇幻科幻,完結,0,24,6,,https://mojoin.com/novels/3532,"遊走天涯海角，方糖傳說大揭密！
被衰神纏身的我，加上禍不單行的旅行團，先是天打雷劈，後是敵人來襲，這樣的旅行真的沒問題嗎？
暴食者掀起全球的食材慌，我帶著塞滿假鈔的錢包實地訪查──哎呀！那位美麗的菜市場大嬸，怎麼與不回家的美食團團長有幾分像？
「爆竹，我也很想你。」
即使天涯兩隔，心仍咫尺相依，狂風啊狂風，我感受到你的愛了！不過，為什麼重逢之後，一定要先來場大戰呢？嗚嗚！這劇本不對吧？藤牙和狂風是男人，我也是啊！",408,5
466,異命雙子,奇幻科幻,完結,0,0,0,,https://mojoin.com/novels/121,"一對失散的雙胞胎姊妹
一個住在孤兒院，後來被貴族收養
一個在盜賊集團中受虐，後來被刺客收留
命運截然不同的她們在相遇之後
原本漸以熟悉的生活將再度掀起劇烈波瀾",75,6
467,禁斷凶獸少女的不當召喚法(07)虛無之境,奇幻科幻,完結,0,66,7,,https://mojoin.com/novels/3012,"月光下，那名沉睡已久的少女甦醒了。
但是她卻萬萬沒想到，醒來後的世界已變得完全不同。
那個為了她與她的姊妹，正面突破了許多危機的少年月炎修，不再是她所熟悉的那一個他。
他自怨自艾地斷絕了與外界的所有連繫。
就像是死了一般……心死了，眼神死了，一切的一切，都死了。
壞事還不止這麼一樁，接二連三……
新任的總統墨皓衍公佈了凶獸們的真實面目，使她們成為了全民公敵。

危機加上危機等於大大的危機！
凶獸們還有轉圜的餘地嗎？",46,5
468,花之姬綺譚(05)八惡‧宿命的輪迴,奇幻科幻,完結,3,42,5,,https://mojoin.com/novels/2445,"秘密如同潘朵拉的盒子，在歐陽卿、芸櫻、琅煠三人間揭開，擊碎琅煠對芸櫻的那份堅持，扼殺搖搖欲墜的希望。
芸櫻帶著再也不見琅煠的決心，接受佩卡特組織首領捎來的一封挑戰書──受邀參加「別西卜」島嶼參加瘦身計畫。
為了促成惡念的誕生，往往伴隨了許多危險，而佩卡特首領的一句話深深撼動芸櫻與琅煠搖擺不定的心。
他愛她，這個理由就足夠了。
不管最終命運走向何處，他絕對不會拋下她一人。
她想，即便前方道路佈滿荊棘，仍執意想與他走下去。
當芸櫻試著完成最後的誅神之泉，面對的卻是難以接受的掙扎與糾結。",254,5
469,來自異世界的清水島(06)不存在的新紀元(END),奇幻科幻,完結,0,36,6,,https://mojoin.com/novels/2950,"清水島百年來最大的作戰開始了——
召喚史前級大怪物消滅「渡邊家那隻烏龜」！
但這個時候，蠢蠢欲動的福道教成了威脅最大的敵人……
三百架「全覆式魔機甲」突然出現在戰場？
這將是清水島最驚濤駭浪的一戰！",428,5
470,武裝巫女(07)巫女的宮廷小步舞曲,奇幻科幻,完結,0,41,7,,https://mojoin.com/novels/3560,"如願以償的成為了侍衛統領之後，幽躊躇滿志，但是她卻沒有太好的機會接近克里斯大公，計劃只能慢慢展開。
幽在王宮裡遇到了一名很有趣的小女孩，兩人一見如故，玩起了超現實家家酒遊戲，但是，公國的陰謀家們卻已經有些迫不及待了……",487,5
471,LOST星際少女(03)拾回進度26%,奇幻科幻,完結,0,3,3,,https://mojoin.com/novels/3276,"來來到灰星的五人終於破解了灰星的祕密，救出了朱利安！

拯救朱利安時，無意中破壞了裝有劇毒的氣管，導致整個灰星的毒霧性質發生變化。性質改變的毒霧威力極大，為了自救，一行人竟然發現了一處在灰星之中也無任何毒霧的世外桃源……

這世外桃源等待救援的過程中，他們發現創造這個世外桃源的人擁有舒越的肺。舒越取回肺的同時，還獲得當年改造的線索，一行人踏上尋找舒越其他器官的路途……",164,5
472,龍之狂想04 分別上路,奇幻科幻,完結,0,76,4,,https://mojoin.com/novels/3719,"被踢出校園作任務的南陵才想說這一路上她會很無聊，結果老天就送了一個因為覬覦她俊美外貌，硬纏上她的女娃兒，外加師兄師姐纏在她身邊。任務要完成有這麼困難嗎？路才走到一半，她竟然捲入她閃也閃不掉的麻煩事，最後連她人也跟著失蹤！？
同時被阿魯克斯踢出校園的雷力和紫淵，前者被駱曉曉纏上，甩都甩不掉，只好認命身後會跟著兩條尾巴，不過卻是相當好用的尾巴，至少雷力不用費什麼力氣就如願達成任務。
後者則是能偷懶就偷懶，完全不把任務看在眼底，只是等他好不容易找回一點良心，肯去做任務了，結果，因為他無人能比的美貌又惹來一堆麻煩。氣得紫淵只能大喊：我是男的！
龍皇的責任、龍族大長老出現、自稱雪冰蓮的守護靈精……這一切的一切將讓三人在這一趟任務旅程中獲得什麼呢？",229,5
473,叫我大小姐！(04)我只想當一個享樂的大小姐，不想當打怪的救世主啊！(END),奇幻科幻,完結,0,20,4,,https://mojoin.com/novels/3311,"為了找尋歐陽修壹，宇夏情時一行來到邊海群島，卻意外遇見故人。
是敵非友的紅衣女子，引出一顆手持黑色匕首的「圓球」，而且「圓球」也叫做歐陽？
神物反噬，源頭指向祕境神墓──為了同樣受制神物的管家，以及陷落在那的師父，宇夏情時只能衝啦……只是，她原以為就算天塌下來也會有高個子頂著，但為什麼？為什麼？為什麼最後卻變成她跟大BOSS打？
老天爺，她想當的是一個享樂的大小姐，不是救世主啊！（淚奔）",229,5
474,台灣勇者協會T.G.G(07)那一天，與之後的每一天(END),奇幻科幻,完結,0,21,7,,https://mojoin.com/novels/3779,"『渾沌的魔王！這就是我與你的最終決戰！』

一直以來，我一直都不知道那一天到底是哪一天。
也不知道那一天代表著什麼樣的意義。

我到現在還是搞不清楚。

但我知道那一天，會有尊比台灣本島還大的異世界邪神從天而降，然後把台灣炸沉進太平洋。
這種事怎麼不早說，我是看新聞才知情的……
……咦？事情好像挺大條的？

而我們拯救台灣的關鍵，是阿伯留下來的最後希望。
一塊發霉的太陽餅───

───太棒了，天佑台灣。",244,5
475,鍾馗 鬼王事件簿(08)鬼皇疑塚匯今昔,奇幻科幻,完結,0,78,8,,https://mojoin.com/novels/3492,"楊戩的求愛大作戰、逝影重現的過往揭密、疫鬼皇的步步陷阱……
鍾馗不過南下一行，種種麻煩事卻一股腦撞上來！
到底是不正常的楊戩較麻煩？逝影重現訴說的秘密更惱人？
或者疫鬼皇的步步陷阱、步步試探才令人頭大？
對此，鍾馗只想不負責任大吼一聲：「全部滾開不要煩我！」──可惜，這是妄想！",475,5
476,菜鳥之王(05)永恆之星(END),奇幻科幻,完結,0,61,5,,https://mojoin.com/novels/3456,"自建立以來，為世界提供無數頂尖人材，推動著世界發展的育成機構──地球聯合最高人力資源培訓學院，俗稱王之庭。

為了和妹妹子芽相見，我蕭子楓必須從博士手中，把被拐走的妹妹搶回來。

公寓第一屆答問大會突然舉辦！
即使想馬上救出妹妹，但太多事搞不懂，這種時候當然就是先收集資料，為奪回妹妹做好一切準備。

閃光之被夜襲！
先手必勝，這是古人智慧。但實際上，先手的人不一定能嬴，古人不也有云「後發先至」嗎？

輕鬆簡單的修練篇！
現代社會，繁事都講求輕鬆簡單，總之輕鬆簡單就是最好的！輕輕鬆鬆升級，輕輕鬆鬆考試一百分，沒有比這更好的事了。

分久必合，合久必分！
我相信，世事總有定數，再波瀾壯闊的經歷，回首時也只是和重要的人一起渡過的日常而已。",281,5
477,菜鳥之王(03)如幻似真,奇幻科幻,完結,0,61,3,,https://mojoin.com/novels/3454,"自建立以來，為世界提供無數頂尖人材，推動著世界發展的育成機構──地球聯合最高人力資源培訓學院，俗稱王之庭。

為了和妹妹相見，我每天都為生活費而努力。

發現新任務！
跟蹤黑衣人──進行中

再次發現新任務！
跟蹤黑衣人──進行中
翹課去和妹妹們約會──進行中

發現突發任務！
跟蹤黑衣人──進行中
翹課去和妹妹們約會──進行中
跟隨明夷完成地下副本──進行中

為什麼任務都完成不了還一直另開新的？這絕對是ＢＵＧ！
但是，為了妹妹，再多任務都儘管給我放馬過來！",281,5
478,守衛龍騎(02)龍族王女,奇幻科幻,完結,0,27,2,,https://mojoin.com/novels/2436,"一行人前往龍谷，遇到的神祕少女，竟是早已滅絕千年的龍隱國的遺族。
面對獵龍團的威脅，等待席娜公主現身的王龍為了守護一切，而召喚其他飛行龍族前來支援，形成了前所未聞的奇妙景觀──眾多不同龍族協力驅逐人類。
阿修的妹妹花婗因為也在獵龍團裡，而同樣遭受波及，還好席娜公主為了阿修而手下留情，但卻也離去不知行蹤。
阿修對她留下深刻印象，也許還有一些特別的情愫？
一行人回到城鎮，果然被獵龍團所屬的公會給盯上，而傑又發派臨時任務，要他們前往神秘的菇蕈幽地去尋找三頭龍。
一行人經歷一番歷險之後總算成功取得龍鱗，但交付任務才知道原來背後的大人物，竟然就是索伊的父親。
莉莉的奶奶突然來襲，還要阿修和索伊去幫她領寵物回家，但這隻寵物竟然是隻兇殘的龍蛇，阿修首次與索伊單獨出任務，根本互相扯後腿。後來意外發現莉莉的奶奶居然是阿修父親以前公會的夥伴！
而聽說下任新的主使團團長，非常討厭龍族，而守護龍族的普雷特公會將會面臨前所未有的危機。
但在煩惱那些之前，還是先把離家出走(？)的花婗給找回來吧！
聽說她為了去找到那位打敗她的對手──龍族公主，而瞞著所有人獨自前往危機四伏的地底之都，這可是讓阿修擔心極了啊！",548,5
479,孤島奇兵,奇幻科幻,完結,0,0,0,,https://mojoin.com/novels/736,"這部小說以台灣的歷史為基礎，添加虛構設定發想而成，透過每個章節的楔子、角色人物以及對白逐漸塑造出整體世界觀。

故事發生在一座先進、大氣、奢華且神祕的城市：新阿姆斯特丹。
城裡有著各式各樣的人物、繁複的社會文明，以及符合當地政治氛圍的延伸設計和文化。

主角是一名德國軍人，孤身在島國上四處冒險，接觸全新未知的人事物，讀者將扮演主角的雙眼，逐步認識這座一九二零年的摩登城市。

本作有七個主要角色，每個角色都有自己的目標和野心，互相碰撞擦出火花。
隨著故事推動，主角漸漸挖掘出這座島的歷史和黑暗面，連帶影響到眼前的事件。

本故事是市面少有的近代科幻，帶領讀者進入二十世紀初的衍伸想像，結合懸疑劇情和部分推理，少數章節以動作場面為主。
本作表面上是典型的西方社會，骨子裡是對台灣歷史的省思，並透過主角的人生際遇，折射出每個人在生活中都會面臨的挫折和困境，甚至對人生的絕望。

故事的調性從光鮮亮麗走到沉重黑暗，並放入許多科技發展和宗教的思辨，除了為故事增添厚度，也放入我對宗教的看法和它真正該有的本質。
本作受到知名遊戲生化奇兵的啟發，部分設定的原型參考該遊戲。",340,6
480,禁斷凶獸少女的不當召喚法(02)渾沌雙子,奇幻科幻,完結,0,66,2,,https://mojoin.com/novels/2952,"經歷了饕餮事件，月炎修正式加入了私人凶獸研究機構
這一次他的任務目標是利用他獨有的影響力，將分裂成雙子姊妹的凶獸渾沌重新融合成一個人。
姊姊夕川鈴不但是個光鮮亮麗的美少女，還是個家喻戶曉的大明星，甚至登上小巨蛋開起了演唱會！
而妹妹夕川板則是與姊姊完全的相反女孩，既膽小又怕生，渾身上下看似沒有半點生氣，卻有她獨特的天真與爛漫。
面對如此截然不同的兩個人，月炎修有辦法順利完成將二者合而為一的高難度任務嗎？",46,5
481,我的蘿莉勇者變御姊(05)南方小島考古大冒險,奇幻科幻,完結,0,32,5,,https://mojoin.com/novels/3316,"夏日、海灘、大海、海盜船和魔族祭壇！！

美好暑假的三大要素，湊齊了五個！艾赫將體驗前所未有的南島渡假之旅。
艾赫在南方小島考古的父母，在艾赫放暑假後寄送了一封邀請函給他。
於是艾赫跟雙胞胎姐妹瑪芙妮和庫哈姆，以及兩位勇者姆露姆和普莉亞，五人前往美麗的南方渡假小島。
然而原本悠閒的渡假之旅，卻在艾赫的父母和雙胞胎姐妹的父母開出海盜船和古戰船後，就整個變調了。
悠閒的渡假時光，變成了遺跡大冒險！！
滾滾而來的大石頭、陷阱、飛箭，還有傳說中的魔族陵墓，以及最高級的寶物，勇者之劍，全部都在小島的遺跡中。
全新冒險型勇者物語，今夏全新展開……",443,5
482,魔法糖果騎士(03)(END),奇幻科幻,完結,0,89,3,,https://mojoin.com/novels/3366,"最後一顆記憶糖果收集完畢，子禹以為所有麻煩事情告一段落，沒想到真正的危機才正式展開。
是打開小門的方式不對嗎？
為什麼子禹從精靈世界回來，人類小鎮的時間居然倒退到他與歌莉相遇之前！
子禹與歌莉幾經患難，他以為彼此的關係會更進一步──
未料歌莉竟然倒戈相向，與黑兔子結盟成為暗黑糖果騎士！
潛伏在混沌時空內的謎團，隱藏在少女微笑下的秘密，子禹與菟菟如何才能追尋到真相？
此外，遺落在悠久歲月裡的約定，子禹還有機會實現嗎……

「直到妳相信自己之前，儘管相信我就好。」",533,5
483,神域密碼(06)無之風，自在之劍,奇幻科幻,完結,0,50,6,,https://mojoin.com/novels/3329,"純愛神教的勢力正如日中天，在伊斯拉菲爾的策劃下，更與拉族結盟。然而，正當神教與拉族準備聯合行動時，卻傳來鱗被殺死的噩耗！

伊斯拉菲爾與洛伊德急忙趕去拉族，看到的是鱗宛若熟睡的屍體。殺死鱗的是誰？危險是否還未遠去？在拉族的旗艦裡，伊斯拉菲爾和洛伊德遇到的是一個深不可測的對手。

神域密碼第六集，「無之風，自在之劍」！幕後的敵人若隱若現，洛伊德同學終於要大展身手？",47,5
484,姑涼惹不得(02)密不可分的關係,奇幻科幻,完結,10,38,2,,https://mojoin.com/novels/3417,"雖得知攻擊遊戲玩家的駭客真身為何，但小姑涼在遊戲中被抹黑，成了惡名昭彰的罪人。
在時間的壓迫之下，陸子淺也介入了此事，所有的事情才順利解決。
被父母深深「疼愛」著的向韻涼，在順利與陸子淺交往後，想要擁有該有的自由，一切都發展得比她認為的還要順遂！
與他長時間相處之後，她才知道，陸子淺並非表面上那麼驕傲自信。
他背負著的、與他所嚮往的，和她想像的，完全截然不同……",483,5
485,身為女裝少年的我，貞操快要不保。(03)誡神女巫的靈啟,奇幻科幻,完結,0,34,3,,https://mojoin.com/novels/3748,"「阿泱，我知道你覺得派不上用場，但武技是很重要的，我們一起來練習吧。」
「為了讓你對練習有更、更大的熱情……」
「只要、只要你贏我一次，我就脫一件衣服！」
Wow……

老天爺你終於開眼，知道我也是需要春天需要幸福的嗎！
但，事情好像永遠都不是憨人所想的那麼簡單，雖然實芽吃藥乖乖了，但碰上艾爾娜他就一顆頭兩個大，最悲慘的莫過於……
「我喜歡妳、我喜歡妳、我喜歡妳！」
他的暗戀對象居然告訴他，她喜歡他的女裝！

這一集到底要我怎麼活啦！我恨作者！",55,5
486,雞排大神之我是魔王？！(04)綠梓荷的第一個條件,奇幻科幻,完結,0,84,4,,https://mojoin.com/novels/3498,"因為綠梓荷提出的第一個條件，歐艾基不得不成為她的臨時男伴，在招待會上受盡各種矚目，在某人故意下還上演了一齣「楊過與小龍女」的戲碼，而後更因為一張紫金貴賓卡，讓對此一無所知的歐艾基在招待會大出風頭，卻也因此惹來殺機……
落海被救，意外發現植物界的「雞」，還有了醫治司斐文傷的辦法，這應該是很令人高興的事，怎麼過沒多久，他這個魔王卻得為了綠梓荷混進聖廷殿這一偽君子組織中？ 
雞排大神，是祢在惡搞我，還是我真的愛上這朵野蠻桃花了？",229,5
487,獵魔血咒05,奇幻科幻,完結,0,82,5,,https://mojoin.com/novels/3767,"取得教廷想要的競標之物後，薩伊意外發現跟古倫老人交給他的玉珮是一套的，經過調查，得知玉佩是教廷遺失的聖器，裡頭蘊含的能量對沉睡其中的王紫櫻靈魂有莫大好處！

為了靈魂玉這一個對復甦教廷勢力有莫大幫助的聖器，教廷不惜灑重金，找異士團，甚至找殺手，就是想從薩伊等人手中把靈魂玉搶回；但王紫櫻的靈魂在靈魂玉的能量中甦醒了，薩伊欣喜若狂，更加堅定保護好靈魂玉的決心。

一份邀請函交到了莫子顏手中，並且點名受邀者要包含薩伊和軻魂，由於王紫櫻的興趣，薩伊點頭前往，見到了噬巫一族的聖女，結果王紫櫻得到了好處，薩伊反倒發怒而在海上大開殺戒，這是為什麼呢？",229,5
488,禁斷凶獸少女的不當召喚法(06)妹妹女媧,奇幻科幻,完結,0,66,6,,https://mojoin.com/novels/2991,"任務是：將因不明原因而失去理智的月桃（饕餮）完完整整的帶回來。
但不論月炎修怎麼利用自身對凶獸的影響力來呼喊，也喚不回他們那往日的時光……甚至差點失去了性命。
好在千鈞一髮之際，「女媧」現身了！
擁有「全知全能」之力的她，帶領眾人解除了危機。
可是……代價卻萬分慘痛。
只是單純的活著……就稱得上是「好結果」了嗎？
「──達令！為了解除這樣的窘境，請你和妹妹去約會！」
「咦咦！為什麼會突然變成這種發展呀！」

一點點的悲傷，以及更多一點點的歡笑。
任何問題，交給「約會」都能解決？",46,5
489,哪都別想逃(02)養到自己懷裡(END),奇幻科幻,完結,0,0,0,,https://mojoin.com/novels/3415,"知道蒼翼在現實生活中的身分之後，張巧婉只想挖一個洞把自己埋了──沒想到自己做盡的傻事，他全部都知道！
本以為自己的傻里傻氣會被嫌棄，誰知道大神師父就愛這一味，一眨眼，師徒關係就變成了情侶關係！
才交往沒有多久的時間，凶巴巴的穹奪走了巧巧的「遊戲初吻」……難不成美好的情侶關係就要因此破裂？
巧巧敲碗：嗚嗚嗚不要啊師父，我沒有戴你綠帽！
沒有任何事情能影響兩人的甜蜜關係，但是，巧巧默默覺得，師父從溫柔的正人君子，逐漸變成變態霸道的寵妻魔人──我的天！師父，有沒有這麼腹黑的啊！",483,5
490,異魂變06 回歸,奇幻科幻,完結,0,54,6,,https://mojoin.com/novels/3737,"還沒踏進宇文家大門，宇文翼就先遇上了宇文家成員派出的殺手。認親後，宇文翼卻多了一個未婚妻，甚至附帶了一長串數也數不清的愛慕者和挑戰者。
宇文家主替宇文翼甄選出一個家庭教師外加一個拖油瓶，當小星月被困時，因為家庭教師的指示，宇文翼成功擊退敵人，對方意外的表現，讓他增添幾許神秘。
因為家主的命令，宇文翼接下任務，護送黃珞瑤到白靈殿參加每月一次祈禱會，還沒出發，黃珞瑤的愛慕者竟跑來搗亂。
一到加牙星，魔靈塔的使者率先來到，目的竟是邀請宇文翼去見黃珞瑤的老師，這當中究竟存在何種原因呢？",229,5
491,《神眠紀》（完本）,奇幻科幻,完結,0,0,0,,https://mojoin.com/novels/3790,"＊作品封面圖／御夜

九方豫是一個生活在海島國家的電子工程師，與尚在大學學習的女友莫英同為戰爭孤兒，生活在飽經戰亂的世界亂局當中。
一個失了業，一個失了學。

為了去往更好的未來，託管了所有資產與人生，參與「人體冷凍睡眠50年計畫」。

等待在前方的時空，又會是怎樣的光景呢？",43,6
492,守衛龍騎(03)公主與騎士,奇幻科幻,完結,0,27,3,,https://mojoin.com/novels/2437,"普雷特公會一行人為了尋找花婗而前往危機四伏的地下城，卻意外遇上席娜公主。一次墜谷意外，阿修與席娜兩人不得不在深不見底的山谷裡求生，卻因此而兩人的關係產生些許變化。
主使團的人奉行團長的命令捉拿席娜，阿修為了保護她而拋棄各種羞恥心，幸好帶頭來的紅髮男子雖強，但卻是一個非常容易騙過的笨蛋，就連阿修拙劣的演技也瞞過去了。
阿修邀請席娜加入普雷特公會，她是否會答應呢？
花婗突然想要加入普雷特公會，但這樣就會發現許多不該知道的祕密，蕾芙亞到底要怎麼勸退她？主使團團長來訪，但令人訝異的是他與席娜的外表竟有幾分神似，再加上團長隊追緝席娜的執著，兩人到底有何關係？
小小的普雷特公會被盯上了，阿修等人到底該何去何從？",548,5
493,冷月FrostyLuna(02)沒用的打手、暴力的補師跟有錢的拖油瓶！,奇幻科幻,完結,0,29,2,,https://mojoin.com/novels/3460,"嗨！大家，又見面了！我是阿月！我又來跟各位報告這一次我的行程了！
台北街頭的戰鬥、神祕又古老的祕密結社、保護地球的重任，竟然全部莫名奇妙的降臨在我的身上？這是什麼意思？難道這個世界已經沉淪到必須由向我這樣的人來保護了嗎？
為了拯救地球妹妹脫離來自異界壞人的魔掌，我跟小雅回到異界踏上找尋反抗軍的旅程！沒想到竟然連安安也跑過來湊一角參與我們的隊伍，組成一個詭異的冒險拼裝小隊？到底這樣隨便組成的什麼鬼啊冒險團，在尋找反抗軍的旅程上會碰上什麼困難？到底能不能順利的完成任務呢？
這問題不要說你想問了，我自己都想問了啊啊啊啊啊！",440,5
494,來自異世界的清水島(05)銀色靈魂之終焉,奇幻科幻,完結,0,36,5,,https://mojoin.com/novels/2941,"「黑暗詛咒」和「幻影鎏璃」的激鬥才剛結束，周永嘉好不容易成功完成魔機甲的初次連結。
另一方面，為了抵禦大舉入侵的外敵而重新啟動的「雷電之瞬」卻發生暴躁機動，全覆式魔機甲「黑暗詛咒」緊急馳援清水島……
內憂外患的清水島戰況危急，魔歸部司令官隕落！",428,5
495,正義美食團(05)海邊的方糖夢魘,奇幻科幻,完結,0,24,5,,https://mojoin.com/novels/3531,"新婚的姐姐與魔女廚父不約而同在旅遊展抽到六天五夜的住宿卷，相約一起在炎炎夏日享受藍天、沙灘、比基尼……

咳咳！一向衰夠夠的美食團，豈有那麼好康的事？
學個游泳在海上看見紅髮美女與大章魚搏鬥，我就知道大事不妙，旅遊變成折磨……什麼？旅行團也在附近賣烤肉？
以為過了夏季可以安心，不料棘手的事情一一冒出頭，那位我最不願面對的女人，終於隨著我的步伐而來了！]",408,5
496,來自異世界的清水島(04)幻影鎏璃VS黑色詛咒,奇幻科幻,完結,0,36,4,,https://mojoin.com/novels/2912,"「清水市矮妖之亂」結束後，魔歸部情報官李雲龍揭露了隱藏在政府高層的陰謀──福道教掌控著清水島的政權更迭？
在周永嘉與大島紫苑等人前往離島，即將初次操縱暫時定名為「虛弱詛咒001號」的「黑暗詛咒」全覆式魔機甲之際，福道教七麟士竟出現在部隊內部，這讓「黑暗詛咒」的啟動測試投下不安因素……
周永嘉的初次連結果真出現了變數！",428,5
497,魔王真命苦(06)魔王的世界(END),奇幻科幻,完結,0,86,6,,https://mojoin.com/novels/3333,"母親大人一時興起訂下的娃娃親，讓苦命的魔王再次嘗到了苦頭！
莫林被困冥界之中，卻遇到了奇怪的骷髏城主凱瑟琳；更讓他瞠目結舌的是，這個骷髏城主居然自稱是他的未婚妻？
為了回到大陸，莫林找到了守護冥界大門的半神魔獸．刻耳柏洛斯；然而，如果想要打開通往大陸的冥界大門，莫林必須要通過牠的三個考驗。
南北大陸即將大戰，為了制止這場沒有意義的戰爭，莫林決定阻止斯德納普召喚光明神降臨。讓人沒有想到的是……原來，光明神居然真的存在，而他的真實身分，更是讓眾人都難以置信！
在光明神的公平裁判下，為了大陸的命運，莫林和斯德納普進行了決鬥……",54,5
498,日日花開不凋零(03)平凡相依(END),奇幻科幻,完結,0,17,3,,https://mojoin.com/novels/3351,"因為一場感冒，沈彩涵搞砸了大考，但也總算與母親破冰。

本以為她的母親不允許她早戀，沒想到當她知道張禹辰的存在時……居然莫名支持？兩個人感情的發展如順水推舟般的順利

沒有卡媽媽這個大Boss安然過關，他們終將迎向美滿的結局──",483,5
499,轉生成三隻小豬裡的磗房要怎麼結婚？,奇幻科幻,完結,10,0,0,,https://mojoin.com/novels/1087,"車禍、轉生、異世界，超常見的開掛三連，卻讓他迎來超展開的人生！？
如題，他在車禍後轉生成一棟磚房了……哭啊！
而且童話中可憐的三隻小豬，原來都是奸詐的大野狼獵人。
牠們把磚房當作陷阱，引誘大野狼們跌進煙囪下的油鍋裡，再扒皮剁肉拿去賣。
正當他覺得自己只能接受這無奈的「房生」時，有隻奇怪的大野狼突然跑來敲門──
「不好意思，請問你們有看過一個叫『阿銘』的男人嗎？」
這個聲音……不就是他「前世」差點要求婚的青梅女友嗎！
看見所愛的人（狼？），他的爐心再次燃起希望！
既然是在異世界，那磚房跟大野狼結婚也沒問題吧？",409,9
500,身為女裝少年的我，貞操快要不保。(04)灼燒的靈魂(END),奇幻科幻,完結,0,34,4,,https://mojoin.com/novels/3765,"搶奪焱星礦卻意外引起星石共鳴，造成能量外洩，躺在醫院變成木乃伊，差點英雄沒當成變狗熊！
嗚嗚嗚，還以為這輩子完蛋了，小命就算保住說不定也變廢人，但、但老天就是眷顧我！
我怎樣復活的就不說了，反正你們也沒興趣。

好不容易千方百計救回了芸，以為可以稍稍喘一口氣，沒想到艾爾娜卻被西北軍監禁，諾闊諾比契要求人質交換。

最終，中央下令：除去諾闊諾比契。

哪怕毀去西北唯一的焱星城也在所不惜！",55,5
501,獵魔血咒02,奇幻科幻,完結,0,82,2,,https://mojoin.com/novels/3755,"和王子櫻感情漸入佳境的薩伊突然消失，伊人為此憔悴不已。不知情的王紫櫻吃不下、睡不著，好不容易因為她身體不堪負荷昏倒，在醫院醒來時見到了薩伊，但兩人說不到幾句話，他卻又跑了？

傷心的王紫櫻在夜天的建議下找上家族大長老，終於知道薩伊離開她的原因，原來她竟是……

薩伊要崩潰了？到底發生了什麼事？讓一向冷靜自持的他無法再按捺住情緒…… 

是因為夜天的死纏爛打成功了？還是因為著什麼樣的因素？總之……薩伊有條件的加入了特異局，並和夜天動身去尋找五行晶石。為什麼夜天不惜一切代價，也要取得五行晶石……？此行中結識了兩個會媚術的女人和一個被懸賞的男人。在夜天一副小生怕怕，薩伊無動於衷的模樣下，他們之間又會發生什麼事呢？",229,5
502,勇者靠邊站！(02)這年頭，不懂的賺錢養家的魔王，不是個好魔王。,奇幻科幻,完結,0,44,2,,https://mojoin.com/novels/3760,"話說，上集的魔王經過一番偷拐哄騙吹的行為後？
成功拉攏了一隻最終兵器幼狐！
一顆天然呆人型自走盆栽！！
一對友達以上、情侶未滿的精靈幼馴染！！！

今回，那經不起癢的魔王？
再度幹起經商的搶錢自肥模式！
這次看準了那些被打只能默默吞淚的反派ＮＰＣ上面！！

當這些已往被玩家拿來刷錢刷經驗的悲劇存在，
碰上科技力滿點的無良魔王時，
會產生何等讓玩家氣到翻桌的火花呢？
就等著玩家們前來冒險囉！",169,5
503,對手被隕石砸死難道是我的錯嗎？(05)我是大法師,奇幻科幻,完結,0,70,5,,https://mojoin.com/novels/2988,"莫名其妙成為魔法之都黑名單的柯恩無法進城，只能被隊友丟包在城外等消消息，
卻在這時遇上了一個能夠破壞一切的神祕怪客，兩人還莫名其妙交上了朋友。

原來這位神祕客雖然擁有超強的破壞能力，但他跟柯恩一樣很無奈，
這根本不是他所想要的，兩人不禁惺惺相惜，有了同病相憐的感覺。
神祕客表示：「唉，任何東西被我碰到都會被破壞難道是我的錯嗎？」",270,5
504,超超能力者NOT日常生活權(05)天下第一那又如何(END),奇幻科幻,完結,0,63,5,,https://mojoin.com/novels/3210,"過去的朋友變成了新的敵人，小打小鬧的日常，如今將牽動起人類的命運！

為了證明自己，執著第一的少女決定用破壞來證明自己就是「天下第一」。
從臺北出發，直到整個世界，最後，跟隨「第一」的名號一塊兒毀滅！
這就是少女自認的最終心願。

「呵呵呵呵……想成為第一，卻連自己的心都不懂，可不行呀？」
「天下最強」的少年V.S「天下第一（假）」的少女。
最後的大戰，一觸即發！

然後……是關於那場棋局的結果。
未來，究竟能不能夠因為「人」而有所改變？",46,5
505,武裝巫女(04)巫女在行動,奇幻科幻,完結,0,41,4,,https://mojoin.com/novels/3540,"夜迷夢的角鬥場裡，老虎大定以一種全新的方式戰勝了強敵，在克裡斯王城第一次展現了猙獰的頭角，也為幽賺足了一大筆金幣。
為了進行可怕的顛覆計劃，幽策劃了一場自相殘殺，在一場香艷的舞蹈之後，三個可憐的人成為了她的棋子。
一場由伊克流島的巫婆特別策劃的暗殺行動，在克裡斯王城拉開帷幕。",487,5
506,一擊必殺的不敗聖劍(02)滅世十二獸,奇幻科幻,完結,0,5,2,,https://mojoin.com/novels/3413,"青梅竹馬Ｘ飛空學校Ｘ最強亞獸降臨！英雄旅程最新篇章！

解決奪劍事件後，伊吉再次回歸平常的生活──每天被凱琳虐待，被打飛，然後被打飛，以及再被打飛的生活。
某天早上，伊吉再度被打飛時，卻被他的青梅竹馬艾樂梅救下，於是伊吉把樂梅介紹給他的夥伴們，然而樂梅和凱琳卻起了衝突。
「阿吉是絕對不可能不問過我就交女朋友，我最了解阿吉了。」
「不問過妳？妳當妳是誰呀？」
「最要好的青梅竹馬～」
「這算哪門子的青梅竹馬？總之現在老娘說的算。」
「這話我可不能當作沒聽到，金髮蘿莉。」
「妳叫誰蘿莉呀，妳這個黑髮蟑螂！」
「把別人的所有物中途搶走的小偷蘿莉沒有資格數落我。」

凱琳與樂梅為了伊吉的所有權大打出手，就在這時，巨大的飛空城堡出現在曉星戰校的上方，整座城市的人因為城堡的反重力全飄了起來。
伊吉用劍對準飛空城堡說：「我要把那個城堡變成本英雄的要塞！」
一擊必殺的光束砲登時轟出。
「是誰把我們的學校給打下來！」
伊吉打下來的飛空城堡，正是尤里烏斯學院的主體。

於是，英雄大戰尤里烏斯學院、大戰大怪獸的史詩冒險正式展開！",443,5
507,獵魔血咒04,奇幻科幻,完結,0,82,4,,https://mojoin.com/novels/3764,"徐煙兒中毒，為了取得解藥，朱美毓和貝羅談條件，而貝羅的條件讓朱美毓及龍石天對薩伊和軻魂起了莫大興趣，甚者，造成四神集團一直在尋找的魁首現身，也讓原屬同盟的龍石天和貝羅決裂。貝羅因為自身的靈魂波動，似乎成了某人垂涎的目標……

艾莉絲的到來，帶來有關五行晶石的消息，而前去參加拍賣會的途中，薩伊等人順便去高等魔物所在地，試圖獲得更多晶石下落，結果卻意外救了兩個出自教廷的修士……

也不知他們是不是跟教廷有緣，在拍賣會上竟然又發現那兩個換裝過的修士，甚至和教廷想競標之物槓上，這又是為何呢？",229,5
508,鍾馗 鬼王事件簿(09)跨越光陰的回歸,奇幻科幻,完結,0,78,9,,https://mojoin.com/novels/3500,"這年頭的大人物，也許不值錢？
繼刑天、女魃之後，又一位疑似來自洪荒的「大人物」，半殘登場！
墨羽修為的晉升與他有關，刑天內心的柔軟需他觸動，就連都市裡一連串肢解殺人案都與他息息相關，似乎所有尚在「潛伏期」的麻煩，皆因他的出現，意外爆發！",475,5
509,女巫養成記04 印記,奇幻科幻,完結,0,9,4,,https://mojoin.com/novels/3718,"接下葉君落的「社團任務」，遇到一堆出乎她認知以外的事情，還因為一塊不知名晶體讓她猛受驚嚇，誰知，當她事後從無意救到的愛芙蒂倪亞口中獲知幻月鈴心草的下落，結果又是波折重重，其中晶體展現的種種異狀，將會為盧筱希帶來什麼？
額心莫名出現的印記，讓何彣生一見到她，即主動開口要成為小女巫的女巫騎士，又在他的帶領下，她找到葉君落遺失的眼睛，同時也招惹來想要她命的敵人，這一切到底是怎麼回事呢？",229,5
510,青青何盼草(04)最意外的發展,奇幻科幻,完結,0,43,4,,https://mojoin.com/novels/3268,"西岐城拍賣行門口駐足的三名男子吸引了所有路過玩家的目光，但怎麼看都不對啊！
這是什麼情況？青海、柳絮因風起、度日如年，向來不合的三人竟為了何盼盼一個小任務聚在一起？

「大嫂救命！這些人好恐怖啊！」
何盼盼再也不能同意川流不息更多！恨不得立刻找洞鑽了，不就是個任務嗎？用得著這樣大陣仗嗎？
世界更是一直不停地討論著這件事，甚至還有人將這等世紀性的組合給了一個紀念日，標榜又相信愛了，這三人都能夠組隊了，那還有什麼是過不去的？",219,5
511,龍之狂想06 遇見獸人,奇幻科幻,完結,0,76,6,,https://mojoin.com/novels/3735,"為了尋找龍族長老交代的任務，南陵一行七人來到野蠻大陸，先遇到獸人爭風吃醋，之後他們竟變成獸神使者，進到獸人村子，還遇見一個出名人物，他是誰呢？

精靈被擄，恰巧趕上的南陵等人當然義不容辭的出手幫忙，當然其中也為了一點小小的個人私慾在裡頭……最後不只從吸血鬼的窩中救出精靈，還順帶摸走一些小玩意，搞得他們只好一路大逃亡。

為了火精之魄，南陵等人勇闖矮人密地，雖然火精之魄順利取回，南陵卻犯了眾怒，事情的起因又是怎麼一回事呢？

欲知詳情，敬請觀賞本集的《龍之狂想》！",229,5
512,青青何盼草(02)輸不起的遊戲,奇幻科幻,完結,0,43,2,,https://mojoin.com/novels/3266,"公告：不須玉杵千金聘，已許紅繩兩足纏。恭喜玩家青海與凌風草繫上紅繩，獲得月下老人的祝福。

什麼！居然繫了紅繩！
七夕新增的雙人副本，為了首殺獎勵，何盼盼竟同意與大神成親！究竟是假戲真做還是權宜之計？
面對一連串的考驗，兩人該如何化解危機？大神又會出什麼招收服眼前的小小人兒呢？
「還叫大神？第四次了，不給妳點懲罰不行！」
「我不……」何盼盼話都還沒說完，嘴唇就覆上了一片柔軟！
舌尖的撫弄、唇與唇的纏綿，像電流一般注入彼此心臟！",219,5
513,王子培育計畫(02)次拜魔界組合,奇幻科幻,完結,0,19,2,,https://mojoin.com/novels/3510,"「洋菜凍──你在哪裡？洋菜凍──」
尋找著失蹤者，夏靜天沒什麼好氣的四處呼喊。
銀髮的少年躲在床板底下，只見終於探出頭的他以一張俊臉，笑容黯淡地開口。
「我在尋求真正的自我。」

喂……你真正的自我是躲在床底下嗎？
夏靜天忍不住如此吐槽。

天然呆神明亞洛爾、吐槽高中生夏靜天、住在海邊管很大的死黨蘭予希，這回三人要面對來勢洶洶，怎麼看都比自己強悍好幾倍的魔界組。對上這個讓亞洛爾有著心靈創傷的對手，到底該要怎麼辦才好？
於是，充滿著愛與堅定的友情，還有一點點混亂的王子培育計畫第二集──",163,5
514,是魔．非魔04 黑晶盒,奇幻科幻,完結,0,45,4,,https://mojoin.com/novels/3716,"替身任務結束後，倫一行人趁混亂偷跑出神祭學院，他們的下一個目的地是藏有魔王封印的星澄海。剛巧有人主動找上他們洽談保護商隊的任務，因為商隊欲前往的地點和星澄海同方向，他們便接下這個任務，意外的是這任務實際上竟和黑晶盒有所關聯！
十二個黑晶盒仿造品擁有莫大的吸引力，因此招惹來未知又強大的組織覬覦，一個狼濤，一個元蠍，讓他們要打打不過，要逃逃不了，最後靈茵決定犧牲自我以保全其他人──
為了躲避敵人追殺，迪亞安一行四人全部換裝，結果男扮女裝的傑諾不過是救了個差點被發狂的馬兒踏死的無辜小孩，竟引來一個男人的追求？迪亞安偏偏又決定跟這男人同行，他們之間又會發生什麼事呢？",229,5
515,Legend：光與影的羈絆(02)冥落之雨,奇幻科幻,完結,0,2,2,,https://mojoin.com/novels/3393,"從不下雨的德陽克亞面臨了滅城前第一次雨淋，被迫看著許多屬於冥族人的滄桑，結界的崩毀，以及那人的遺物將過去的秘密，隨著那雨落在眾人眼前。
啊，是說這日記太無聊、假文青？我們換個說法好了。
轟轟烈烈的冥族生活我膩了！我受夠了莫名其妙的事件！為什麼我的穿越之路可以曲折離奇，像是成本低廉又不能登上黃金時段的八點檔狗血劇啊！
親愛的創世神，我已經不強求變得強大什麼的，或者穿越回家去這種不切實際的願望，我只希望您大神有大量，快告訴我其實我在做夢啊！

By伊絜翼薩妲斯大陸1561歷年。",508,5
516,舞弦者‧紫(04)〈Mission 4〉目之夢魘,奇幻科幻,完結,0,72,4,,https://mojoin.com/novels/3554,"《舞弦者‧紫》Mission 4劇情簡介

眼睛是心靈的窗戶，是我們認知這個世界的第一途徑，所以我們盲目地信任眼睛看到的一切，可是我們又怎會知道，這扇窗戶外面的景色，不是另一個楚門的世界？
當辛子豪打出那個跨越大洋的求助電話時，絕不會想到自己會變成被人爭搶的「貨物」，更不會想到這場圍繞他的爭搶會變成兩個龐然巨物間的全面戰爭！
被「囚牢」封鎖的港島，就像是古羅馬的鬥獸場──不再隱藏於陰影中的妖魔，全面集結的狩獵者，在這片血肉磨盤中廝殺殞落！
火力全開的紫、血河解放的紅、化水的真石立海、浴火的菲尼克斯、久違的風魔龍一，還有那傳說中的主人，誰才是鬥獸場中的勝者？
代表死亡的槍聲響起，粉碎了自大的狂妄，卻沒能帶來結束──戰爭來了！你準備好了嗎？",429,5
517,武裝巫女(06)敲詐進行時,奇幻科幻,完結,0,41,6,,https://mojoin.com/novels/3550,"戰勝了吸血鬼伯爵之後，幽順手發了一筆小財，不過在準備參加侍衛選拔的路上，卻遇到了兩個奇怪的同伴。
選拔賽上，無敵的巫女大人威風八面，魔槍卡路一出，沒有人有機會從她槍下逃脫。
可是，在這緊張的賽場之中，幽卻嗅到了一絲詭異的氣氛。一位冒牌巫女，正在暗中做著手腳！",487,5
518,歡迎來到『魔物之森』便利商店(03)史萊姆大罷工！,奇幻科幻,完結,0,92,3,,https://mojoin.com/novels/3750,"史萊姆團結力量大！史萊姆永不為奴！
這是個魔物和人類和平共存的現代社會，許多古老的職業依舊留存，所以儘管有戰車、飛機和鐵路，但冒險者和魔法師這類職業並沒有就此消失。

聖騎士愛麗絲和祭司瑪利亞，因為上次的騷動不得不簽了賣身契給帕蕾西亞，才勉強保住了一命。
然而兩人卻不是非常適應魔物和便利商店的生活，經常搞得便利商店的史萊姆員工天怒人怨，甚至引發了大罷工，甚至還因此讓所有的魔族領主，連署罷免失職的魔王帕蕾西亞。
在帕蕾西亞為這兩個大事件忙得不可開交之際，中秋之月和萬魔狂歡節也即將到來！

魔物之森便利商店有辦法挺過罷工的危機嗎？帕蕾西亞有辦法能擋住魔王罷免案嗎？又有辦法安全度過兩個超級大節日嗎？

雷明在此為您獻上瘋狂又電波，超（不）真實便利商店物語……",443,5
519,勇者靠邊站！(03)遠攻手還老愛玩貼臉近戰，這除了中二就是笨蛋。,奇幻科幻,完結,0,44,3,,https://mojoin.com/novels/3768,"出來跑，總是要還的！
最近一直間接挖坑讓玩家跳，搞到天怒人怨的無良魔王？
終於引起了眾怒，被玩家組團給堵到了！！

唉？等等，不對啊！
身為一個魔王，本來就應該挖坑給玩家跳，搞得他們哭爸哭母的痛苦哀號，這樣才是個認真負責的好魔王啊！

那更正一下！
終於想起自己是個魔王，開始認真禍害玩家的艾爾，在很確實履行職務之下，終於迎接到她生平的第一次績效考察了！

不過這場考核一開場，艾爾家的ＴＯＰ就被打殘，另外兩名主力也為愛捨身斷後，剩下艾爾這個靠隊友的ＳＵＰ，跟一隻呆萌小ＪＧ，他們要如何反轉這道難關，通過考核領到年終呢？就等著玩家們前來冒險囉！",169,5
520,歡迎來到『魔物之森』便利商店(05)新角色（？）聖誕少女小伊登場！,奇幻科幻,完結,0,92,5,,https://mojoin.com/novels/3769,"我才是真正的勇者！所以我現在要以真勇者的身分，解決你這個私通魔族的人類背叛者！

某天一位名叫哈莫、自稱新勇者的人，來到伊魯的家，開始對他展開追殺，並炸了他的家，同時也把伊魯踢下了勇者的寶座。
當伊魯逃離了家中後，發現城鎮中聖騎士們和冒險者們，全都在追殺伊魯。
於是伊魯就這樣成為了私通魔王的人類背叛者，讓他不得不躲進了魔物之森便利商店裡避難。
新勇者發起了全新的聖戰，揮軍進入魔物之森和便利商店中，甚至還大喇喇在魔物之森的正對面，開起了全新的百貨公司，徹底拖垮魔物之森便利商店的營業額。
然而新勇者的真實身分到底是誰呢？他又有什麼目的呢？
伊魯究竟有沒有辦法回到原本的生活呢？
還有全新的美少女登場，又會為這場新勇者大戰魔物之森便利商店帶來什麼樣的變化呢？
雷明所呈獻的超電波便利商店戀愛喜劇，充滿愛與歡笑的第五集，重磅上市……",443,5
521,菜鳥之王(04)尋妹以蠻,奇幻科幻,完結,0,61,4,,https://mojoin.com/novels/3455,"自建立以來，為世界提供無數頂尖人材，推動著世界發展的育成機構──地球聯合最高人力資源培訓學院，俗稱王之庭。
為了和妹妹子芽相見，我蕭子楓必須在學遊祭遊戲創作大賽獲得首獎。
新型ＴＣＧ講求心、技、體合一，開發過程困難重重是可想而知，但麻煩才不會因為一個人已經有夠頭痛而稍後再來。

女朋友ＧＥＴ！
被寄騷擾信件、被敵視、被吃醋，一切麻煩都是家常便飯。誰叫女朋友既是美人，又是Ｓ階四王的第一人？

水上樂園大暴動！
有水的地方就有潛伏的主人，有主人的地方就有大麻煩！

心動約會！
跟妹妹約會的我，就注定要遇上麻煩了啊……

否極泰來，柳暗花明！
我相信，經歷最大的苦難後，必定能和妹妹一起得到最大的幸福！",281,5
522,魔王真命苦(04)魔王強盜團,奇幻科幻,完結,0,86,4,,https://mojoin.com/novels/3331,"大魔王的失蹤竟然和達羅斯公爵有關？
為了打探父親的消息，莫林帶著征服世界的魔王小隊，前往紫荊公國的南方領地。
在橫徵暴斂的達羅斯公爵領地，他們遇到了史上最淒涼的強盜團。身為魔王的莫林，決定要給這些傢伙好好上一課，讓他們知道什麼才是強盜團的精髓！
但是，殘暴的達羅斯公爵卻展開了反擊，並且得到了教廷苦修士的支持；莫林和他的魔王小隊，不得不想辦法進入達羅斯城堡，展開一場緊張又爆笑的城堡攻防戰！",54,5
523,歡迎來到『魔物之森』便利商店(02)隔壁又開了一家便利商店？,奇幻科幻,完結,0,92,2,,https://mojoin.com/novels/3739,"在這個正職月薪只有22Ｋ的年代，當個便利商店工讀生或是冒險者，好過一個社畜！
這是個魔物和人類和平共存的現代社會，冒險者這個職業不但沒有因為時代的演進而消失，反而因為魔王的城堡仍然佇立、社會的低薪的問題又變得更嚴重，使冒險者產業蓬勃發展。

上集伊魯為了拯救帕蕾西亞脫離魔王老爸的掌控，打倒了魔王，在打倒魔王的同時，帕蕾西亞也因此成為了新一任的魔王。
但撿了魔王尾刀的伊魯，因此莫名其妙的被國家和聖光教會認定為新勇者，並派了一個正經八百的聖騎士愛麗絲來當伊魯的輔佐。
擁有滿腔熱血的愛麗絲，當然馬上拖著伊魯去討伐新魔王帕蕾西亞，雖然伊魯百般不願意，但身上擁有「不管怎麼走都會到便利商店」詛咒的他，轉眼間就把愛麗絲帶到了魔物之森中。

愛麗絲看到便利商店中，魔物、魔獸以及長得像是獸人的強壯冒險者，馬上就大開殺戒。
因而點燃了與便利商店店長帕蕾西亞的怒火，於是魔物之森便利商店，正式對上了聖光教會。
另類的魔王大戰人類的便利商店史詩日常大戰，正式開始……",443,5
524,鍾馗 鬼王事件簿(05)初戀、魘災、乾兒子,奇幻科幻,完結,0,78,5,,https://mojoin.com/novels/3489,"物慾橫流的都會中，新型魔物汲取著紛雜慾望，孕育而出。
孰料小小魔物，膽大妄為，將軍頭上也動土，之於伏魔大將軍有特殊意義的初戀情人，竟然成為魔物罪魘的狩獵目標……
縱然不為往日情誼，衝著初戀肚子裡的小小生命，罪魘的所作所為，其罪亦當誅！
只是，有四菱印記加持的罪魘……真有那麼好收拾嗎？
一場可能影響輪迴秩序的伏魔之戰，正式展開！",475,5
525,花之姬綺譚(04)背叛‧歸零的記憶,奇幻科幻,完結,0,42,4,,https://mojoin.com/novels/2444,"為什麼有我的世界，你卻遺忘一切？
我已在這裡，可是這個世界沒有你。
我的要求，你可以答應嗎？留在我身邊。
不管妳在哪裡，我都會找到妳，不顧一切的深愛。
從歐陽卿口中得知宿命的秘密，芸櫻震驚得心如刀割——
原來，兩人的距離是永遠無法跨越的界線，是一段觸不到的愛情。
此時，西都知名學府傳來疑似受到惡念侵擾的事件，難過的芸櫻決定暫時把琅煠的事情拋到腦後，與若彌假扮助理參與學府舉辦的五天四夜學習營，但卻被惡念困在舊校舍裡，遭遇一件件危險的突發事件。
此時，佩卡特首領卻再次出現，告訴芸櫻改變宿命的方式只有一個……",254,5
526,獵魔血咒03,奇幻科幻,完結,0,82,3,,https://mojoin.com/novels/3756,"叢林間的訓練讓夜天自創他得意的招式，卻在這當頭收到來自特異局的招集令，在夜天的請求下，薩伊點頭答應先回台灣，結果看見的卻是特異局總部的毀壞？

和莫子顏等人會合，從他口中得知人工魔物的出現，可是在對方毀壞特異局總部後竟龜縮起來！？

無事下，薩伊等人回到學校讀書，一個來自四神集團的女孩率先找上他們，甚至因為人工魔物去攻擊她的原因，使得特異局接下保護她的任務，讓他們幾人相處更緊密。

在徐煙兒的介紹下，他們認識了貝羅，而因為他，薩伊和軻魂竟然成為噬巫族人要尋找的命運之子的人選，這究竟是怎麼回事？",229,5
527,鍾馗 鬼王事件簿(10)請把兒子嫁我(END),奇幻科幻,完結,0,78,10,,https://mojoin.com/novels/3501,"「速令汝子下嫁與吾！」
──好吧，疫鬼皇沒這麼說，鍾馗承認這句話是他腦補的。
但是沒有講明白的人，如今正這麼做著！
莫非只要靈魂正確就好，男、女沒有關係，人、獸不用介意？
那「女婿」無所謂，「岳父」有意見行不？
鍾馗一點都不想「嫁」兒子，哪怕是乾兒子也不行！
更別說是嫁給先擄人綁票、再拿毀滅一座島當「聘禮」的瘋子！",475,5
528,舞弦者‧紫(03)〈Mission 3〉青之夢魘,奇幻科幻,完結,0,72,3,,https://mojoin.com/novels/3553,"《舞弦者‧紫》Mission 3劇情簡介

所有人都喜歡美夢，可是從美夢中醒來時心中卻只會剩下美夢成空的悵然；所有人都懼怕噩夢，可是從噩夢中驚醒卻會讓你感覺現實的美好，還有那無盡的慶幸！
事件發源之地變成了復仇的舞台，不管你是首惡還是幫兇，都將在夢魘之中得到最終的制裁。
紫與青的初遇，因為共同關心的同一個男人而化干戈為玉帛，作為網開一面的交換條件，紫的要求竟然是在夢中重回過去，再次體驗那曾經將她傷到夜夜噩夢的夢魘時刻。
逃避多年的傳奇之紫，終於想要尋找疑惑了多年的問題答案，只是夢中的那個他，是否能給她想要的答案？
「柳小美，我愛妳。」他說。
「笨蛋，我永遠愛你。」她說。
只是，脫口而出的這句話，那個人已聽不見……",429,5
529,歡迎來到『魔物之森』便利商店(04)就是襲來！蒂芬妮,奇幻科幻,完結,0,92,4,,https://mojoin.com/novels/3761,"大哥哥，要跟我簽訂約，變成我的奴隸呢？

在這個到處都是便利商店的時代，魔族也是每個大陸和海島都會出現的種族，而在這個到處都是魔族和便利商店，卻反而是拯救人類不景氣的救星，然而這到底是真正的曙光呢?還是包著糖衣的毒藥呢？
經過各種危機之後，魔物之森便利商店終於回到了往常的和平時光。
然而有一天，伊魯半夜下班回家碰到了一名哭泣的小女孩，就在伊魯想要無視時，卻被這個可怕的小女孩給纏住，並且被強迫簽下契約成為她的奴隸。
這名叫蒂芬妮的小女孩，是離島魔王的女兒，為了要打敗帕蕾西亞向媽媽證明自己很厲害，所以才把伊魯變成自己的奴隸，於是蒂芬妮就帶著被奴役的伊魯，開始跟帕蕾西亞展開挑戰。
奇幻便利商店戀愛喜劇第四彈，頑皮固執的小女孩大戰帕蕾西亞熱烈展開……",443,5
530,守衛龍騎(06)最後決戰(END),奇幻科幻,完結,0,27,6,,https://mojoin.com/novels/2440,"多德之死，使阿修陷入低潮之中，甚至與席娜發生爭執，還好夥伴與家人的支持之下，他總算獲得重新振作的勇氣，但席娜卻不告而別。
為了追回席娜，阿修只能盡全力去追逐，卻意外得知被奪走家鄉的藍潘帝居民們正策劃叛變，想推翻主使團的絕對統治。

培茲被憤怒掩蓋雙眼，為了剷除心腹大患而一意孤行，甚至不惜犧牲霏妮神官，引起了大臣們的不滿，逐漸對這位團長失去信心。而薩格勒也對他產生了疑慮，決定自己去調查一番。
得知培茲的真正目的之後，薩格勒決定幫助席娜，但也因為這個念頭而讓他陷入危機之中。

主使團的魔爪慢慢逼近，一場世紀大戰是免不了，普雷特公會等人該如何應對？
面對強大的組織與培茲，他們又能存活下來嗎？
阿修是否能貫徹騎士精神，守護心愛之人與普雷特公會呢？",548,5
531,獵魔血咒07,奇幻科幻,完結,0,82,7,,https://mojoin.com/novels/3776,"惡整教廷，簡直讓教皇快要抓狂了，他們信仰的上帝拋棄他們了嗎？陸怡心突來的求救，卻讓夜天一行人看見教廷苦修士的超強實力，也因此讓眾人對教廷產生一絲害怕。

有靈魂玉的下落？教廷的人如何火急火燎的想奪回它？龍石天身上隱藏著什麼樣的秘密？他心中思念之人，究竟是誰？

薩伊終於拿下排名賽第一，在桑棗等人的警告下，薩伊他們在禁地順利解決想偷襲他們的人。

在禁地，薩伊遇上了蒙德，解開他的身世之謎……。就在這時，梅貝茲突然從薩伊身後偷襲，甚至搶走靈魂玉，進而誘發他身體中血之能量的反噬；殺意揚起，大肆發狂的薩伊，最後竟然自燃了起來……。薩伊會不會失去紫櫻？聖女要用什麼方式拯救他？",229,5
532,異魂變08 秘密,奇幻科幻,完結,0,54,8,,https://mojoin.com/novels/3753,"獵林園中，原想悠哉躲在樹上等競賽結束的宇文翼卻巧遇另兩個參賽成員，他一時不察，被宇文青空設計而中毒，後又遇上索命的超魔人，生死一瞬間，盡最大能力抵抗超魔人攻擊，也等來援救之人的他最後結果是……

回到居住小樓，意外發現小星月跟宣日陽失蹤，從鄭清時口中宇文翼二人得知有兩方勢力在抓他們，等找到小星月他們，赫然發覺他們產生了莫名變化，而且連魔靈塔也牽扯其中？

自樓玉離口中，宇文翼終於知道從在綠藤學院就找他麻煩的組織來歷，也了解樓玉離的身分和他會來到這世界的真相，之後，樓玉離代表魔靈塔向他提出一份邀請，宇文翼會有什麼反應？ 

宇文家族招待客人，看見熟悉的來人，最高興的卻是宇文翼，這是為什麼？因為跟蹤一個人，宇文翼等人無意間闖進宇文家守護的禁地，在那，宇文仲將會為他們揭開什麼秘密呢？",229,5
533,武裝巫女(03)激昂的鬥獸場之夜,奇幻科幻,完結,0,41,3,,https://mojoin.com/novels/3539,"來自異世界的蛇魔女，美杜雅．莉莉！帶著曾經在另一個世界創造無數恐懼和災難的力量而來！她想要制霸天下、毀滅一切，她能成功嗎？
帶著蘿莉親衛隊和老虎大定，幽來到了克里斯王城最熱鬧的地方──夜迷濛，而顛覆國王寶座的行動，將從這裡開始！",487,5
534,是魔˙非魔08 誅天刀,奇幻科幻,完結,0,45,7,,https://mojoin.com/novels/3751,"落入影幻界，突然被挪走來到一間黑色寢宮的倫，他的意識隨著腦海兩者不同記憶的播放而產生混亂，不知自己是倫，還是魔王？誅天刀的出現引來神王搶奪，也讓真正的「魔王」現身於眾人面前……

在有心人的設計下，十二個異冥盒終於聚集在一起，可開啟異冥界的結果卻是有人死、有人瘋，其餘的皆是一場空！ 

為了趕在神王再度出現搶奪誅天刀前，先到達死亡峽谷以破除魔王最後一個封印，他們一行人幾乎不停歇的趕路，不過面對神王的設計，他們沒有一個人敢有所鬆懈。 

但誰知，他們一進谷中仍馬上陷入神王設的陷阱──誅天刀被奪，下一秒，魔王和倫竟然同時出現。讓人訝異之時，魔王已經搶回誅天，和神王飛上峽谷半空進行一戰，最後結果會是如何呢？",229,5
535,歡迎來到『魔物之森』便利商店(06)邁向終點的便利商店！(END),奇幻科幻,完結,0,92,6,,https://mojoin.com/novels/3771,"帕蕾西亞，妳今天怪怪的……到底怎麼了……
某天伊魯發現帕蕾西亞好像變得怪怪的，不僅魔物咖啡喝得異常的甜，還忽然非常善待便利商店員工、對人獻上祝福，甚至還對伊魯異常的主動，讓伊魯根本就不知道是怎麼回事。
就在帕蕾西亞性格變得詭異的期間，前魔王還趁機來攪局，硬是塞了一場相親給帕蕾西亞，逼迫她參加，連帶伊魯也被捲了進去。
而帕蕾西亞的未婚夫的襲來，也帶給了伊魯和帕蕾西亞情感的衝擊，甚至整間便利商店，也跟著動盪了起來。
伊魯可以找出帕蕾西亞變得奇怪的原因嗎？伊魯有辦法對抗襲來的相親對象嗎？伊魯真的有能力應付便利商店員工群起的變化而化險為夷嗎？作者真的有辦法在第六集完美的收尾嗎？
雷明所呈獻的超電波便利商店戀愛喜劇，充滿愛與歡笑的第六集，重磅上市……

 ",443,5
536,來自異世界的清水島(03)人類之劍，人類之盾,奇幻科幻,完結,0,36,3,,https://mojoin.com/novels/2897,"周永嘉終於和「幻影琉璃」操縱者趙宜婷見面了，這位大小姐是清水島八十萬居民的偶像，同時她也擁有一頭古老的魔獸「灰灰」，不過這一切都是有原因的。
而清水島正值多事之秋的時刻，不但「薇兒丹蒂塔有90%的搜敵功能暫時喪失」，同時還有矮妖入侵清水市！
大島紫苑和佐藤康將在混亂的清水市，再度面對五年前曾經殺害過他們父母的矮妖……",428,5
537,雞排大神之我是魔王？！(05)神徒代表(END),奇幻科幻,完結,0,84,5,,https://mojoin.com/novels/3499,"神徒跟魔族是仇人，偏偏他這個魔王混入聖廷殿，卻被剛清醒，頭腦不清的神徒指定為代表──
哇靠，他就說他是個衰人吧，原來神徒選他當代表是要奪取他的身體，幸好，雞排能克制神徒……不過他很想問一件事，親愛的雞排，你是被雞排大神附身了嗎，不然你怎麼會突然變得這麼猛？
真假神徒前後出現，引出的卻是一段驚天隱密，偏偏他不想聽也不行，聽完後，還得「主動」接下任務──靠，還有誰比他更心酸的！
意外得知魔王母親的消息，身為「人子」的他唯有含著眼淚再度自動回歸聖廷殿，結果因為一件內甲，他受到聖廷殿追殺，被夢幻卡達救，還因此多了一個未婚妻……
雞排大神，祢一定要記得保佑我啊！",229,5
538,獵魔血咒08,奇幻科幻,完結,0,82,8,,https://mojoin.com/novels/3777,"血之淨禮儀式在包覆住聖女和薩伊的紫色球體外舉行，這個儀式將會帶給噬巫族人怎樣的改變？又為什麼會讓衝進洞中查看儀式進行的軻魂等人，滿臉通紅的衝出洞外？

姬公主現世，世界風雲變色，特異局局長突然出現在禁地，然後帶給姬公主有關她失蹤兒子的消息，也間接讓特異局人有歇喘的空間，特異局局長的身分究竟是……？

薩伊從昏迷中甦醒，和親生母親相認，姬公主仍然會一本初衷毀滅世界嗎？……這一切的一切都在本集有所完結。敬請觀閱《獵魔血咒》精采最終篇章，在如此漫長和辛苦的努力下，薩伊可否使他的最愛「紫櫻」重生呢？

附加精采番外篇：龍石天和風鳴謙的相識、薩伊和古倫老人的過往、薩伊的十八歲生日。",229,5
539,正義美食團(08)人心的方糖故事(END),奇幻科幻,完結,0,24,8,,https://mojoin.com/novels/3542,"我在睡夢中迷迷糊糊的當了一個月的白癡，聽方糖說故事聽得入迷，殊不知現實正鬧得雞飛狗跳。
夥伴跑到只剩小貓兩、三隻，黑色狗狗與綠髮魔女相繼離家出走，旅行團與美食團間的爭執又讓我們這群僅存的暴食者「一分為二」。不知道煮一桌子好料能不能挽回夥伴們的心？
說好一起走到最後，在那張黑色醜怪的巨臉前，怎能退縮？總之，為了與重要的人一起迎向未來無數次平和的晨曦──我拚了！",408,5
540,勇者靠邊站！(05)每個故事都會有歡樂大結局，差別在於你是從哪個角度去看而已。(END),奇幻科幻,完結,0,44,5,,https://mojoin.com/novels/3773,"一鳴驚人的效果，不只是讓他人對你刮目相看，也有可能會因為叫得太大聲，被鄰居控告噪音汙染……
而叫太大聲的艾爾，就這樣很不幸地被人通報檢舉了！

接著在各大勢力一起組團的抗議大軍之中，迷宮塔魔王城又再度成為眾人關注的焦點！！

面對著這群來亂的暴民、網軍、路過的、黑心商人，以及替上司背黑鍋的底層人員！？
艾爾又會使出什麼阿里不達的詭異手段，來讓眾人又陷入哭笑不得的窘境呢？",169,5
541,異魂變09 報復,奇幻科幻,完結,0,54,9,,https://mojoin.com/novels/3757,"為了報復在暗地陷害宇文翼的宇文青夫，藍奕司替對所有事狀況外的宇文翼做出的決定是，搶劫由宇文青夫資助的無影海盜團，結果當紅星海盜團和藍家、司馬家打到無影海盜團的基地時，意外發現幽魂組織的成員及靈魂珠，還有一個對宇文翼有敵意的人，這人是誰？

應樓玉離之邀，宇文翼一行人來到魔靈塔，為了答應魏斯中的事情，宇文翼前往魔靈塔墓地，卻差點被一個早就死去多時的人的靈魂奪舍，幸好有人幫了他；之後，暫時失去身體控制權的他還因此間接使得魔靈塔塔主成為階下囚，是為什麼？

瓦解幽魂組織計畫展開，暫時沒他事的宇文翼卻莫名閒了下來，不過當他們回無琅星，偶遇追人的寒綺後，在藍奕司一聲令下，他們也跟著追上，這將會帶給他們什麼事呢？",229,5
542,女巫養成記06 逃婚,奇幻科幻,完結,0,9,6,,https://mojoin.com/novels/3733,"一場簡單的逃婚，而且逃婚主角還不是盧筱希，結果逃著逃著，因為小女巫的命令，她只是多收了一個候補女巫騎士，一個執意要叫她哥哥的小白小朋友，她竟莫名變成某顆星球的救世主。

來到另一顆星球，她發誓她只是離開一下下，真的只是一下下而已，結果一座好好的城市竟被小白毀掉一半以上，通緝犯的稱號理所當然的落在身後滿是黑線的她和其他兩人頭上。

而當她忍不住對著小白這個罪魁禍首發飆，搞到最後卻變成她得跟某人道歉……

鬱悶的她只想大喊：衰神，祢不要再玩我了！",229,5
543,獵魔血咒06,奇幻科幻,完結,0,82,6,,https://mojoin.com/novels/3774,"教廷逐步進逼，陸怡心的到來以及她所提供的消息，讓夜天有了回報教廷的念頭。他首先催眠了負責監視他們的奧立克和傑森，從他們口中掏出有關教廷的大小事，接下來……就請大家先替教廷的人默哀一秒吧！

才剛從教廷那偷出的皇冠上頭發現了火行晶石，又從慕容言燚口中得知土行晶石的下落，接連的好運讓大家都有笑的心情；而為了取得王紫櫻需要的五行晶石，薩伊答應慕容言燚前往梅嶺參加家族排名賽，只是比賽還沒開始，卻有人不長眼的來挑釁？

解決了挑釁的人，薩伊在梅嶺上逛時無意聽見一段可疑的對話，並偷偷跟上可疑對話的當事人之一，結果遇到兩個教廷苦修士，和一個給他有種親切感的影子……為了保護影子，他卻被人打成了重傷，這到底是怎麼回事呢？",229,5
544,異魂變07 陷阱,奇幻科幻,完結,0,54,7,,https://mojoin.com/novels/3747,"為了魔靈塔交付的任務，黃珞瑤三人來到佐副星卻不小心落入陷阱，連救人的宇文翼也一起被迷昏，抓走，即使沒踏入陷阱的小星月也因為一個蘿莉控而同樣被帶走。 

在被抓的基地中，提早甦醒的宇文翼看見一個理該死去的人，而這人竟然還是基地的主人？後來他跟黃珞瑤被關在黑牢，卻意外發現一個同樣被關住的故人，他們分別是誰？ 

為了救被基地守衛帶走的黃珞瑤，因為綠蘋的關係而脫出禁錮的宇文翼，他化身為小男孩樣，先是答應某人的條件，後來卻因為小星月的關係，他不只得跟一隻怪物打，離開基地時，還附帶一個死皮賴臉的蘿莉控？

家族傳統競賽開始，無心競爭下任家主位置的宇文翼在第二關的虛擬世界中發揮得一塌糊塗，而在第三關的障礙實戰中他又將會有什麼樣的表現呢？",229,5
545,血!!魔導(02)拯救惡魔大作戰,奇幻科幻,完結,0,28,2,,https://mojoin.com/novels/3593,"強力隊友怎麼來？
當然是先坑後埋接著拐回來！
遠道而來的灰翼使徒，夥同勒斯舊屬先斬後奏，直接安排下這場買一送一，救哥哥送妹妹的精采好戲。
只不過，為了一場「戲」，不但把目標鎖定在眾神殿屠刀「審判庭」上，還頂著神使頭銜大鬧。
「逼吃腹瀉烤肉」、「走音失眠攻擊」、「抽血為稅」……各種把戲相繼出籠──玩這麼大，真的沒問題？",475,5
546,勇者靠邊站！(04)人生總是免不了被打臉，但至少你能選擇用左臉還是右臉去挨打。,奇幻科幻,完結,0,44,4,,https://mojoin.com/novels/3772,"才剛經歷過人生第一次團戰，好不容易取得首勝的艾爾，正準備要開趴慶祝時。
無恥的官方系統，就通知她家那座魔王城是非法違建，所以要沒收拿去法拍！？

強烈表示魔王也是有人權的艾爾，立刻通報自己很熟的政府官員，準備抗爭到底！
在惡質官僚、貪婪冒險者、路過看熱鬧等撿便宜的……多方互爭之下！？

迷宮塔魔王城的歸屬權，最後會落入誰的手中？
別走開，我們廣告過後，馬上為您揭曉答案！",169,5
547,異魂變10 瓦解,奇幻科幻,完結,10,54,10,,https://mojoin.com/novels/3758,"由寒綺口中，原本只想看熱鬧的宇文翼他們意外得到一條線索，關於陳軍在雲環星做的事，這將對他們瓦解幽魂組織有何幫助？

超魔人突然來襲，宇文翼和司馬凜合作對敵，一旁的藍奕司也指揮著他安排的人手幫忙，結果剛解決超魔人，藍奕司卻意外被抓，為了救出他，宇文翼自願套上能量禁斷環，交換藍奕司的自由，而落入梁不堯手中的宇文翼會有什麼下場？梁不堯最後結果又是什麼？

瓦解幽魂組織到了收尾，偏偏組織首腦躲了起來，為了設陷阱讓他往下跳，宇文翼他們開啟了隱藏之門，賈老闆也如願現身。

在經過一番辛苦的拚鬥後，賈老闆最終還是被抓起來了，但宇文翼卻為了救司馬凜被賈老闆一掌打中，身不由己的飛入隱藏之門，小星月和宣日陽為了宇文翼也跟著進到隱藏之門中，他們三人在隱藏之門內又會遇到什麼事？

 ",229,5
548,神域密碼(05)冰之花，愛之嵐,奇幻科幻,完結,0,50,5,,https://mojoin.com/novels/3328,"伊德一行來到充滿危險的紅色三角區宇域，不幸與奈亞失散，洛伊德更被娜伊娜與伊甸戰鬥的餘波波及，身受重傷，性命垂危。在此之際，娜伊娜終於下定決心救治洛伊德，但其方法卻會使洛伊德接觸「第二意志」……

在娜伊娜的幫助下，洛伊德得以死裡逃生。兩人正打算繼續尋找奈亞時，一個很糟糕很糟糕的傢伙登場了。因為是很糟糕很糟糕的傢伙，所以大家都跟著一起糟糕了。

因為這個很糟糕的傢伙的關係，戰爭與征服的遊戲，開始在宏大的宇宙空間上演……",47,5
549,龍之狂想07 吸血鬼來訪,奇幻科幻,完結,0,76,7,,https://mojoin.com/novels/3746,"在南陵等人準備返回聖明大陸時，吸血鬼突然來訪，他們來意是善還是惡？南陵又要怎麼面對？

為了次元之刃，南陵一行七人回到若比亞市，找尋伊偌克的下落。結果，南陵戀女癖的風波再度隨著她的回歸而飄揚，而且照目前看來，可憐的南陵完全沒有澄清的一天！

為了剷除魔族，進行最後一戰，前往魔界的南陵等人會遇到何種遭遇？他們是否能順利解決危害大陸生靈的最終黑手，找回南陵最想要的平靜生活呢？

《龍之狂想》已經進入結尾，想知道眾人會邁入何種階段嗎？請不要錯過《龍之狂想》充滿笑與淚的大結局！",229,5
550,迴夢偵探,奇幻科幻,完結,0,0,0,,https://mojoin.com/novels/3049,"主角在一個因緣際會之下，收養了一隻老狗，
原來這隻老狗是一位「分靈者」，有著使用分靈術讓主角穿越回前世的時空的能力，
借此來得知ㄧ些秘密或破解重要事件的因果關係。
因此原本身為平凡上班族的主角，也兼差成了一位時空偵探，幫助委託人解決各種疑難雜症。
在其過程中，也將一步步解開分靈者的謎團與主角的身世。",79,9
551,所羅門領域(03)女巫之鎚,奇幻科幻,完結,0,40,3,,https://mojoin.com/novels/3572,"貴族的孩子、沉默的孩子、傻呼呼的孩子，一個太過固執，一個太過冷漠，一個搞不清楚是非。
每個人都背負著罪過，每個人都想不清真相。
最終他們、最終他們，一同落入地獄去。
醉曾經在高中的朋友張俊城利用自己在政治界的人脈舉辦了一次創作比賽，然而卻收到威脅：如果俊城不停止這場比賽，後果將不堪設想？
在這一年人人都瘋狂了，自殺、殺人、任意破壞，俊城的決定導致前所未有的大騷動，他被列為未知領域的目標，成為不論是未知領域或是尋常老百姓追殺的對象。
企圖阻止這些事的醉暗地作了不少調查，卻發現幕後黑手竟然是……！
無法逃離的永久拷問‧女巫之鎚，即將展開。",59,5
552,正義美食團(07)罪惡的方糖輓歌,奇幻科幻,完結,0,24,7,,https://mojoin.com/novels/3541,"新夥伴勾著舊夥伴，我終於結束多災多難的旅程，回到舒適的本部，不過奇怪……大樓居然不見了！
除了追查摧毀本部的犯人，正值新的一年開始，本團依舊貫徹宗旨，為了奪回「平凡」而努力，大事小事串起來的麻煩卻讓大家忙得焦頭爛額，老爸、老媽偏偏還來湊熱鬧，讓除夕大團圓變成審判大會！
元宵節更是不得安寧，擒拿敵人大作戰雖然成功，卻又造成一片屍山血海，而那個被監禁在地下樓層快要發狂的人兒，正在等待釋放……
織郎為故人復仇的力量有多強？我彷彿聽見輓歌預先響起，憑弔將逝的靈魂。",408,5
553,女巫養成記07 真相,奇幻科幻,完結,0,9,7,,https://mojoin.com/novels/3741,"一次讓盧筱希倍感莫名其妙的升級挑戰，竟使她意外發現她原以為死去的父母還活得好好的，而從他們口中得知身世後，本來就很衰的她立即麻煩上身：她先是成了交換學生，再被人纏上，之後更是不由自主的被迫跟她注定的「敵人」交換身分。

這還沒完，因為小女巫被抓，為了救回小女巫，她不禁落得失憶下場，還險些被人賣了……

媽的咧，這根本是要玩死我嘛！",229,5
554,神域密碼(03)白之城，月之語,奇幻科幻,完結,0,50,3,,https://mojoin.com/novels/3326,"在行星「失樂園」上，洛伊德遇到似乎受某個黑手指引，專門針對「生命之樹」組織而來的敵人，歐巴人。最終卡麥爾啟動「魔裝咒甲」，擊垮了歐巴人。然而這時，身在行星「失樂園」的奈亞卻不見蹤影。

為了尋找奈亞，洛伊德和娜伊娜深入「生命之樹」的機密領域。在那裡等著他們的，卻是一個更大的謎團。 

奈亞身上發生了嚴重的變化，「生命之樹」的秘密計劃在暗地裡進行，自由與律法號再次起程，卻遭遇一隻奇異的伊甸……洛伊德一行人的旅程，逐漸接近宇宙最危險的區域──紅色三角區。所有事件彷彿被一雙神秘的手牽引著，如今才是開始……",47,5
555,闇之國的小紅帽,奇幻科幻,連載,144,0,0,,https://mojoin.com/novels/3684,"她是個非常普通的少女。
除了有點漂亮，有點沒神經，思路清奇難以猜透，又穿了件紅斗篷以外，
沒有任何特別的地方。
但她的人生卻註定要不斷遭遇群魔亂舞的黑森林，靈異事件不斷的詭異古堡，
還有想取她小命的眾多恐怖怪物。
而她唯一的依靠，是一個隨時可能變身成惡魔，內心躁動不安的青年。
不過她仍然活潑開朗，樂觀以對。
因為人世間最可怕的事情，她在年糼時已經看得差不多了.....",14,6
556,《哈梅爾的吹笛人》,奇幻科幻,連載,28,0,0,,https://mojoin.com/novels/3699,"好幾個世紀以前，人類持續受到某種的物種──喰夢獸，一種由人類對於噩夢的恐懼而產生的虛幻惡獸──的侵擾，因此衍生出了「架構師」這種依靠著「創造力產生的術式」來對抗牠們的職業。
架構師們漸漸壓制住了喰夢獸浩大的聲勢，由被獵捕的獵物轉變為狩獵的獵人，奪回了曾短暫被怪物們支配的世界。
幾個世紀後的現代，擁有「吸引喰夢獸」這種謎樣體質的少年林文宇本靠著家族的遺產過著繭居族般的生活，沒想到在某次外出時，卻「意外」被捲入了某個龐大的陰謀之中......？",144,6
557,雙子小搗蛋1 &發條兔妖精,奇幻科幻,連載,0,83,1,,https://mojoin.com/novels/3667,這是賦靈創世、妖精百態、幻獸相伴的魔法世界。立體機械城法米里歐中活躍一對雙子小淘氣：璐和艾。她們展開一場奇幻的大冒險，與發條兔妖精愛咪結下不解之緣……,418,6
558,第二遊戲世界,奇幻科幻,連載,406941,0,0,,https://mojoin.com/novels/2351,"★第二部「無限樹海」閱讀由此去★

──神從來沒有希望我們成功，只是期望著有人能挑戰祂而已。

一場地震，讓我和夏以璇來到了看似與原本世界相仿，卻又截然不同的世界。
放眼望去盡是殘敗廢墟，藤蔓青苔肆無忌憚生長，覆蓋過一切事物，
那是宛如末日的荒蕪景色。

據說，這是神的作為。
祂選定了各行各樣的人們在此進行遊戲，
於是被賦予異能的我們，不得不彼此鬥爭，被迫賭上性命，
甚至親眼目睹所愛之人陷入危難──
這場沒有目的，也沒有終點的遊戲，就此敲響了第一聲喪鐘……",173,9
559,劍舞輪迴 (Sword Chronicle),奇幻科幻,連載,340,0,0,,https://mojoin.com/novels/3639,"以鏗鏘之聲、銀白刀光編織出的西方奇幻故事！

融戰鬥、成長、愛情、成長、歷史、政治等元素於一身的長篇奇幻故事！

以劍和血譜寫出的故事，在刀光劍影之下，有的是愛與恨的交錯，信念的相衝。",27,6
560,威廉與他的貓,奇幻科幻,連載,68,0,0,,https://mojoin.com/novels/3636,"【魔法 x 英倫 x 探險 x 日常 x 自我尋覓】

我想找到自己的終結，你想找到自己的歸屬。
不如我們互相利用吧。
在永生的詛咒裡，一同前行，找到各自想要的答案。

章節在Penana先行更新中：
https://www.penana.com/article/91524",27,6
561,魔法高校生,奇幻科幻,連載,621,0,0,,https://mojoin.com/novels/1080,"魔法，超乎常理的存在、超脫現實的想像，更是超越科學的技術。

曾經被世界十一國視為眼中釘的居神島，有著一所以培育優秀魔法師為目標的軍事化教育學校。

鬼澤道彥——等級Ｆ的０魔力魔法師；
神谷拓二——道具出身的黑暗魔法師；
舞三火雪千櫻——人稱暴風雪公主，毫無關係的三人卻將因為一起事件而發生新的邂逅。

他們的故事也就此展開——",141,6
562,冒險者之歌,奇幻科幻,連載,845,0,0,,https://mojoin.com/novels/425,"──我們每一個人生在世上，都被詛咒給束縛著。
這是一個世界，有著數不盡的萬物、道不盡的風險與報酬。
每一個人，所要尋找的東西也不盡相同。
這是一個屬於冒險者們、以及關於信仰與希望的故事。
這是，屬於他們的冒險者之歌。

封面繪者：Z欣",448,6
563,陽奉陰違,奇幻科幻,連載,853,0,0,,https://mojoin.com/novels/1141,"★美男大明星╳面癱警備隊長╳正太水鬼
★跨越陽世陰間的東方幻想冒險譚，正式啟航──
★高顏值地獄男子警備隊，即將奪走你的魂（物理）！
演藝圈大人不會教的事：被捉交替後變身小正太該如何解？

人氣偶像東湛落入地府才知道，這年頭出外景還要防水鬼搶身體……
變成短腿小屁孩靈體已經夠悽慘，竟然還撞上專捉遊魂的陰間警備隊！

這下為了保住小命、重回人間，東湛必須：
一、賣萌抱緊冰山隊長的大腿
二、奪回被水鬼霸佔的誘人胴體（？）
三、擊退覬覦自己的第三方勢力？！
等等，大家不要為了他（的肉體）打架呀！

話說回來，換回身體的時辰是不是快來不及了……？",373,6
564,我被分配到扮演牆角的那些日子,奇幻科幻,連載,145,0,0,,https://mojoin.com/novels/514,"左轉《腹黑總裁的小嬌妻指南》，右轉《影帝的專屬大黑粉開始嗑CP了》，前頭還有《給你一顆糖，跟我走》的劇情，楊新熙作為這些劇情裡的專屬背景板，已經做得得心應手。
楊新熙獲得超能力，又或者是覺醒自我意識是八個月前的事，他的世界由不同的劇本所組成，而他手上拿著好幾部作品的劇本，不僅是小說、動畫、漫畫還有電視劇，不過在這些作品中，他不是主角或配角，而是連姓名都沒有的背景板。
而身為背景板，他的工作就是在劇情裡過個場，也就是電視劇裡所謂群演的一種，只是這次他拿到的劇本有點特別。
他負責演出牆角。
於是，楊新熙提著劇本，淡定地扮演這個牆角。

場景一。
男主角將女主角逼到角落，俯身靠近她，近得可以聞到洗髮乳的芳香。
男主角：「妳為什麼躲我？」
女主角：「我、我哪裡躲你了？」
提前知道劇情的楊新熙忍不住開口：「她沒有躲你，是在釐清自己有沒有喜歡上你。」
男主角聽到這句話高興的不得了，直接捧起女主角的手，然後身子一頓，「不對，剛才是誰在說話？」
楊新熙：「……」慘了，闖禍了。

場景二。
男配角被一群混混包圍，縮在角落裡瑟瑟發抖，突然聽到慘叫聲才抬起頭，看到他的室友踩著一個混混的腳站在他面前，其他的混混則躺在地板上。
他的室友一動也不動，眨著眼看他。
男配角也不知道要做什麼反應，也安靜地看他。
趕著赴約的楊新熙又忍不住開口：「他喜歡你，根本不是討厭你，這次來救你是怕你受傷。」
男配角頓時感動地流下眼淚，他的室友手足無措地拿出面紙。
男配角抽噎地擦乾淚才問道：「剛才是誰在說話？」
楊新熙連忙閉嘴，假裝自己就是一道牆。

……
自從接到這部劇本後，他的生活開始發生天翻地覆的變化，原本以為他的生活不會被劇本給影響，沒想到卻意外被捲入更為匪夷所思的事件裡。 「我所在的世界，究竟是真實世界還是別人筆下的虛擬世界？我的人生是由我自己掌握，還是作者輕而易舉就可以左右的？」

────

正在播放《被分配到扮演牆角的那些日子》
●━──────────────────────────── 0:10
ㅤㅤ⇆ ㅤㅤㅤ◁ ㅤㅤㅤ❚❚ ㅤㅤㅤ▷ㅤㅤㅤ ↻
√填坑是一定的
√日更是不一定的
√有沒有人看是不一定的
√如果回個貼圖我也會很高興(〃'▽'〃)
√長期出沒噗浪，如果發現作者失蹤可以往那邊找( • ̀ω•́ )✧",19,6
565,蒸汽與魔法之書,奇幻科幻,連載,45,0,0,,https://mojoin.com/novels/2312,有多久沒看過月亮了呢，少年已經記不清了，他回想著以前曾仰望過的那宛如白玉面紗的明月，雖然正下著大雨，但隱約能感受到透過雲層的微薄，然而他卻無暇顧及這稀薄的月光。,23,6
566,動物戀愛諮詢PLUS,奇幻科幻,連載,523,0,0,,https://mojoin.com/novels/1044,"當媒人沒什麼了不起，幫兔子X烏龜牽紅線才夠酷！
當倒楣的菜鳥戀愛諮詢師，碰上一群不可理喻、情竇初開的動物們，要如何一同縱橫情場，無往不利！？
有自殺癖、夢想當檢察官的長耳兔，愛上了隔壁家少年老成的哲學海龜；愛說反話的獨眼赤狐被女孩救了之後，從此一見鍾情，粉身碎骨也在所不惜；彆扭又自卑的突變白毛小棕熊，武俠言情看太多，闖入營區，牠娘親救子心切，大鬧人類世界……
聽不懂動物的語言？門外漢閃一邊，讓專業的來！
同性同戀？不同科不同屬不同種相愛？沒問題！
動物戀愛諮詢師──使命必達！",145,6
567,永恆之血（Eternal Blood）,奇幻科幻,連載,170,0,0,,https://mojoin.com/novels/102,"所有超自然生物，包括吸血鬼、巫師和狼人都是真實存在於世界上。
如果生活在充滿這些不可思議生物的小鎮上，到底會是一種怎樣的體驗？

⚜️原創西方奇幻小說⚜️

「在夢境中出現吸血鬼的景象並不是一件奇怪的事，那極有可能是已經發生或代表將來會發生的事。」
在過去一個月以來，戴維娜一直都夢見某位吸血鬼被殺害的情景。
起初，她以為那純粹只是一個虛假的夢境，直到她認識並且發現傑瑞德的真實身份後，她才知道那根本不是一場夢，而是確確實實發生過的事情，而且背後還隱藏著一個對人類世界不利的陰謀……

宿命的安排讓她註定無法逃離超自然的世界，更令她對吸血鬼產生了不能自拔的情感。
「妳願意為了愛情放棄妳的全部嗎？當然，包括妳的性命。」
到底戴維娜和吸血鬼之間會有著什麼關係？
她的人生又將會因為吸血鬼而產生怎樣的變化？
與吸血鬼相戀的她，又會有著怎樣的結局？

一段奇幻的愛情故事就在這裡開始發生……
故事總共分為三集，
第一集是神秘夢境，
第二集是真相，
第三集名稱暫時還沒有想好。
===========
故事的角色圖以及封面都是由文友Wendy繪畫♥
第一種嘗試歐美翻譯風格，獻醜了～",28,6
568,機智的下界生活,奇幻科幻,連載,90,0,0,,https://mojoin.com/novels/2310,"孽緣始於三百年前，上界的二王子凱倫身為神二代，從小備受大帝疼愛，雖然身邊跟了一隻如影隨形的妖魔阿萊爾──而且這妖魔還不是普通的煩人，但大體來說還算是過著養尊處優，每天和妖魔打打架、拌拌嘴的悠閒日子。
────直到有一天大帝被妖魔給掉了包，凱倫和阿萊爾也被丟垃圾一樣的丟到下界去自生自滅，一時之間失去神(妖)力的兩人弱小、無助又可憐，幸虧遇上了凱倫從前在下界收的三好徒弟，快馬加鞭趕來拯救老師，不但給他們房子住，還給他們找了份......工作。

「來喔，各位叔叔阿姨伯伯，走過路過別錯過！您最好的朋友""神奇魔法產品研究所""在此隆重推出最新產品────愛情魔藥水！」
「剩下最後十瓶！剩下最後十瓶！跳────樓────大────拍────賣！」
這麼浮誇的工作真的沒問題嗎？
凱倫：「我很煩惱，跟在我身邊那隻智障妖魔最近老是夜不歸宿，好像信了什麼邪教！最後還真的被人綁架了！！！有病吧他！」
這樣的豬隊友真的沒問題嗎？

最後────
這樣的下界生活真的沒問題嗎？說好的打倒敵人、開開心心回到上界繼續享福呢？",170,6
569,皓月奇譚,奇幻科幻,連載,0,0,0,,https://mojoin.com/novels/2303,"「弱小的生命，沒資格活在這個世上。」
李仁皓，表面上是禮儀公司的小老闆，實則擁有不同於常人的異能。

「我的直覺特別準喔！既然覺得你不是壞人，那肯定不會錯的。」
潘曉郁，來自臺灣東部山地鄉，在髮廊擔任助理的女巫。

當兩人偶然相遇於河岸，自古流傳下來的神話，在現代都市裡揭開序幕──
「我不會放過她的。」
蛇與少女的傳說，再度重現於世。",157,6
570,星際代碼 code,奇幻科幻,連載,114,0,0,,https://mojoin.com/novels/238,"人類的夢想——
是征服與踏入未知領域。為了實現殖民計畫，人們做足了準備。培訓優質的太空員、研發高端科技、打造殖民者太空站——足以匹敵一個國家所擁有的全數資源。透過計畫，便能將萬中選一的那顆星球變為下一顆地球。
為確保計畫執行，每座太空站所執行的殖民計畫將對應該星球的環境而有所不同。最初的時間裡，為避免人力與資源的浪費，將系統設定為自動化模式，凡事都將經由薩蒂．伯雷所研發的腦神系統操作過濾。
＊！但是，再多的準備也永遠不夠＊
＊！只因，宇宙定律終將無法掌握＊

殖民者太空站——守護者號在執行星球P-51-18-28的殖民任務過程中發生一場毀滅性意外，倖存人數不餘百人。
＊！一名失去記憶的太空員遭受著一幕幕褫奪人心的片段記憶所困，她要如何在有限的資源中找回過去的自己，又要如何才能在逐漸崩潰的精神上拼湊出曾經的過往？＊",20,6
571,萬物皆可娘系列,奇幻科幻,連載,175,0,0,,https://mojoin.com/novels/39,"半夜三點想出的智障計劃，如標題：萬物皆可娘。
以單元劇的方式呈現，每卷篇幅一萬字，一卷一位物品娘。",32,6
572,龍之聲系列　第二部：傳承世界的羽翼,奇幻科幻,連載,0,77,2,,https://mojoin.com/novels/2306,這是一個因夢而開始的故事，這個故事因夢而進行著，然後現在──,545,6
573,入土後、成為死靈術士浪跡天涯,奇幻科幻,連載,43,0,0,,https://mojoin.com/novels/1064,"「隸屬於黑暗與寒冷的亡靈們！聽從我的召喚！成為我的女人吧！」
與世長辭千年後，柯爾特被未知的力量重新喚醒、並在因緣際會下成為一名不老不死的死靈術士。在獲得力量的同時，也意味著柯爾特將被一切生靈所厭惡、在孤寂中渡過永恆的歲月。
──既然如此，那就來創造一個對我言聽計從的不死族後宮吧！
作為實現夢想的第一步，柯爾特用死靈法術復活了一名剛在他面前失去生命的少女，克莉絲，並答應為她實現生前的遺願：回到家鄉、和家人鄭重道別。
然而被光明所拒絕、被世人所敵視的二人，真的能夠順利完成這趟旅途嗎？

封面繪製/授權：Prohans",6,6
574,到了異世界不能打怪冒險只好繼續當老闆,奇幻科幻,連載,427,0,0,,https://mojoin.com/novels/504,"重度動漫、重度遊戲宅的公司老闆——凱琳，為了可以實現自由自在的耍廢生活，接受了神明的提議，穿越到異世界經歷考驗。
還妄想能來一場轟轟烈烈的異世界之旅，結果竟然不能打怪、尋寶、冒險，那來到異世界還有什麼意義！
不僅如此，若是違反了試煉規定會遭到天罰，甚至變矮？
開局先縮小五公分的凱琳老闆當然不會讓這種事情發生啦！
還好有忠心耿耿的員工——柏斯，緊隨其後，儘管被沙石車撞到也能繼續上班的可靠之男。
到了異世界不能打怪冒險，只好繼續當老闆！",269,6
575,戀愛降臨在殭屍末日！,奇幻科幻,連載,21,0,0,,https://mojoin.com/novels/1123,"諾諾在一個殭屍主題的網路遊戲上認識一個笨瓜。
叫他笨瓜，是因為這傢伙老是嘮叨一些有的沒的， 說遊戲這裡不合理那裡沒邏輯，光顧著碎碎唸就被莫名其妙殺死了，
諾諾總得趕過去救他，氣不過就罵他笨瓜。
諾諾怎麼也想不到，
有一天遊戲會變成現實，她卻沒有遊戲中矯捷的身手，
而這次，趕著來救她的，卻是那個大笨瓜……

★★★溫馨提醒★★★
一句話交代：
這是一隻吉娃娃和德牧在台灣殭屍末日爆發初期四處冒險的歡樂戀愛故事。

作者人格保證絕對HE
不恐怖、不恐怖、絕對不恐怖（真的不恐怖所以要說三次）
有看殭屍滿滿的老朋友們可以幫我作證～～～",314,3
576,求死的暗殺者與第二次的異世界之旅,奇幻科幻,連載,17,0,0,,https://mojoin.com/novels/1022,"林義實，三百年前和女友葉霙被召喚到異世界。
作為勇者的他們一路過關斬將，最後卻在魔王城慘敗。
葉霙被殺，林義實則被關了起來。
三百年後，魔王突然又將他放了出來——",289,6
577,最終災禍少女組合,奇幻科幻,連載,9,0,0,,https://mojoin.com/novels/564,"為了取得「世界盡頭的財寶」，夏法洛與同伴踏上了旅途，然而同伴們卻不斷引發災難，成為所有冒險者心中的噩夢。
－－－－－－－－－－
數百年前，主宰創造出最終的智慧種族「人類」之後，便安祥的在世界的盡頭迎來生命的終點。
祂無上無窮的力量消散在空氣之中，滋養了萬物的生息，而祂所擁有的無上財富與統治世界的道具仍遺落在世界的盡頭，等待著天選之人挖掘，接替祂成為新的主宰，於是，無數冒險就這麼展開了──沒有人知道「盡頭」位在何處。

人們爬上高山、潛下深海、探索森林、闖入地城，卻未曾有人能夠找尋到關於主宰的蛛絲馬跡──數百年的時間過去，還是沒人能繼承主宰的意志。

就在這個時候，世界上出現了移動的天災、人形的禍害。
「她們」極其強大、無所不能，但所到之處必然出現重大死傷與損害，任何單純的事情經過她們介入都會往最壞的方向發展──那便是人稱「最終災禍少女組合」的雙人組，據傳，其實是主宰派來滅世的使者……",391,6
578,甜點戰爭,奇幻科幻,連載,5,0,0,,https://mojoin.com/novels/136,"天才甜點少女（16歲）與苦悶咖啡執事（26歲），穿越中古世紀歐洲，帶著一本甜點食譜，遇上自稱是奧爾良少女的「貞德」，他們啟程要解救法蘭西的命運，卻屢遭打擊。
身為甜點師的女主角，要用怎樣的方式來結束這持續百年的戰爭呢？而其中戰爭背後又隱藏著哪些陰謀？
甜點戰爭即將開打──

✢ 風格：像乳酪蛋糕一樣平易近人，容易讓人滿足
✢ 標籤：甜點、穿越、歷史、冒險、長篇、軍事、經營",8,6
579,墨袍,奇幻科幻,連載,10,0,0,,https://mojoin.com/novels/42,"姑且就承認那天是「末日」吧。
2032年的某一天，強烈的地殼變動裂解了地球上已知陸地。
那一天後，所有常識不再適用於往後的世界。

這座由宜蘭到台東所組成的宜東島上，生存下來的進化人類構築了新的社會、新的秩序。
故事，就從那個大火圍繞的晚上開始……
台式冒險小說，空想和現實一次滿足。
封面繪製：陸陸塗鴉板

黑夜中我總會想起她的臉。
她並不特別美麗，平凡如這海岸邊隨處可見的海檬果。
但那深邃的雙瞳像深夜中的金星，在伸手不見五指處永恆綻芒。
彷彿她一直不曾離開。
也永遠在那裡。
儘管許多年毫無音訊，每當海風襲來時，我總是對著身旁的空位暗自神傷。
她是墨妘。
現在大家叫她墨袍，一個擁有超凡神力的女英雄。
從我被她拋上天去那刻起，我知道接下來的日子可不好過了……",415,6
580,蹺城堡的公主,奇幻科幻,連載,0,0,0,,https://mojoin.com/novels/461,"羅艾音與好友們（16）在上學途中，走著走著，卻莫名其妙被街上的賣花童所陷害，墜入了名為天堂的地方。
在那裡，她因為一則預言而開始逃亡，展開尋找失落魔法的旅程。",196,6
581,影后：比夜色更寂寞,愛情,連載,2959,0,0,,https://mojoin.com/novels/3781,"★ 臺灣原創熱播影集《影后》獨家授權改編小說推薦
一窺角色內心，揭露成名背後不可告人的祕密心事

二十八歲的史艾瑪，擁有了曾經夢寐以求的一切──
接不完的戲約、重要獎項的肯定、一線女星的地位，
然而每當在夜裡獨處，她總會被洶湧而至的寂寞吞噬。
原來有了那些還不夠，她還想要有人真心待她。
這樣很貪心嗎？但人總是貪心的，不是嗎？

直到某天，一名年輕的新人男演員出現在她面前，
他對她的刻意討好，是那般顯而易見。
史艾瑪在男演員身上看見了自己的影子，
他和當年的她一樣懷才不遇、一樣渴望成功……",331,9
582,逆天萌寶，妖皇爹爹別搶娘親,愛情,完結,110,0,0,,https://mojoin.com/novels/3816,"【幻想言情+古言萌寶+女強+團寵+穿越+古言甜寵+寵妻+扮豬吃虎】 
剛穿越就被黑蓮花姊妹毀容下藥，命懸一線，好不容易逃出生天，卻被人當成解藥送人了？ 
駱卿漓表示，這運氣其實有點差！ 不過，這男人長得賊帥，當她的解藥也不錯！ 本以為只是一面之緣，駱卿駱怎麼都沒想到，自己肚子裡還偷偷藏了個小崽！ 
這也就算​​了，崽崽錦鯉體質，想啥有啥，能號令萬獸，簡直不要太拉風，實乃居家旅遊、吊打渣渣之必備良品！ 
駱卿駱本想帶著崽崽吃遍天下美食，看遍萬水千山，卻不想，冒出一個男人跟她搶兒子？ 
南峪擺手：“不，我不搶兒子，我要搶的是你！”",72,4
583,逆天毒妃：絕色魔尊乖乖受寵,愛情,完結,110,0,0,,https://mojoin.com/novels/3814,"【穿越+女強+甜寵+寵妻+腹黑+扮豬吃虎+嫡女+幻想言情+天才+團寵】 
她是古武家主，醫毒雙絕，一根銀針，活死人肉白骨，一朝穿越，成了人人唾棄的廢材醜女。 
餵她毒藥，奪她真鳳血脈，毀她清白，挖她雙目！ 廢物變天才！ 
帝家嫡女逆天改命，駕馭神獸煉神丹，踩太子，虐白蓮，讓你知道誰才是女王！ 醜女？ 哼！ 紅胎散去，絕色傾城！ 被無數美男追求！ 
坐擁乾坤空間，天材地寶隨便拿，極品丹藥隨便吃，囂張狂妄.
不小心惹到了某人，從此以後，某個絕色大妖孽日常堵門:「小丫頭，看你往哪裡逃？ 」",361,4
584,放過我吧，公爵大人！,愛情,連載,58590,0,0,,https://mojoin.com/novels/3643,"宋儷昀原本只是個生活在二十一世紀的普通少女，某天醒來卻驚覺，自己變成名為「奧黛莉亞」的一國公主，且公主還死過了一次，也就是說她不只穿越，還算是重生了！
她發現公主的死因和丈夫──來自鄰國的塞德里克公爵脫不了關係。英俊能幹的塞德里克位高權重，深受各方女性愛慕，公主自然也不例外。即使是政治聯姻，奧黛莉亞公主依舊深愛塞德里克，只是直到死亡前一刻，她都未曾分得丈夫一點憐愛，甚至很有可能是被塞德里克所殺。
這一次，成為奧黛莉亞的宋儷昀決定逃離這個男人！然而塞德里克卻顯然一點也不想放過她……

「不管當初發生了些什麼，都已經和現在無關了。」
「等等，塞德里克，你在說什……」
「無論妳的想法是什麼，妳都不能走。」
",390,9
585,指數化愛情,愛情,連載,13823,0,0,,https://mojoin.com/novels/3770,"年近三十的小資女蘇慕耘，是個渴望致富的股市小白，
於是報名參加投資名師張復恆開設的課程，
課後成為粉絲的她，決定到他開課的書店上班。

某次張復恆在課堂上教導學員進行高風險操作，
卻遭書店常客鍾梓軍出言反駁，蘇慕耘跳出來為偶像護航，
從此兩人時常針鋒相對，一見面就吵架。

只是當鍾梓軍又一次駁斥張復恆的投資觀點時，蘇慕耘竟被說服了，
原來鍾梓軍曾是投資圈裡的傳奇人物，卻在兩年前突然退隱。
為了不讓蘇慕耘在股市裡成為被收割的韭菜，
這兩名男人展開了一場激烈的投資比賽，
而贏家的獎品竟是……蘇慕耘的吻？",69,9
586,離開的一路上,愛情,完結,3279,0,0,理想混蛋,https://mojoin.com/novels/3785,"理想混蛋Bestards人氣歌曲改編小說．2024《看你聽的》音樂X漫畫X小說跨域特企作品

打從有記憶以來，我就始終是一抹飄泊的靈魂。
只要淋了雨，且隔天仍是雨天，我所在的時空便會發生改變，而我的靈魂也會隨機穿梭到某個人的身體裡，取代他繼續生活。
我可以成為任何人，卻無法真正擁有自己的人生。

我習慣了當個短暫的過客，也不認為有什麼能讓我停留──
直到遇見那個名叫潘葶的女孩。
這是第一次，我不希望和對方說了再見之後，卻無法再見……",352,9
587,小紫,愛情,完結,2688,0,0,芒果醬,https://mojoin.com/novels/3784,"芒果醬Mango Jump人氣歌曲改編小說．2024《看你聽的》音樂X漫畫X小說跨域特企作品

害死前男友的拜金女──這是眾人對小紫的印象，包含萊特。
然而萊特卻覺得小紫像一朵驕傲的薔薇，美麗卻帶刺的姿態深深吸引著他。
於是他主動接近小紫，逐漸融化她心防的同時，也在她的溫柔中淪陷。

與小紫交往後，萊特協助小紫經營精品代購生意，還一起成立了公司，日子過得甜蜜且順遂。
就在萊特認定兩人會這樣相伴一生時，卻突然收到小紫昔日好友的告誡。
她說，小紫的一切都是假的……",191,9
588,往矣,愛情,完結,0,0,0,,https://mojoin.com/novels/3780,"凌小倩的男朋友唐頁是個渣男，常常令她傷心，及後，她在一場意外中過身，她的靈魂不斷縈繞在唐頁身旁，卻意外發現唐頁的改變。

作者註：封面是馮子緣在旅遊時拍下的照片，照片版權由馮子緣擁有",417,6
589,A子不會預言自己死亡01,愛情,完結,0,0,0,,https://mojoin.com/novels/3778,"「十八歲生日那天，我會死。」
自稱能看見未來的少女，找上了一事無成的我…… 

異能高中少女及絕望大學青年，共譜微帶不安的青春異想戀曲──

在劉松霖打工的咖啡店，有位讓人在意的常客。氣質清冷、總是獨坐在窗邊的安靜女高中生，這樣的少女，初次開口就是莫名其妙的預言？──她，會在18歲生日當天死亡。

劉松霖與少女許下約定，希望能幫助她活下去。但，拯救某人這件事，真的有這麼簡單嗎？想改變命運軌跡的少女與青年，一步步接近預言背後的真相──",91,2
590,遺失的角落,愛情,連載,40,0,0,,https://mojoin.com/novels/3732,"上集： 主人翁楚楚本來有個拍拖穩定的男朋友阿傑，但自她遇上陽光男孩樂捷以後，便再也管束不住自己的感情，深深地陷進三個人的痛苦關係中......
下集： 經歷愛情重傷的女主角楚楚，重新投入新生活，遇到新的追求者，究竟她會開展一段新的感情，還是跟樂捷和阿傑的緣份還未了斷呢?",417,6
591,墮天使的羽翼,愛情,完結,6,0,0,,https://mojoin.com/novels/3695,"因父母離異感到孤單的活潑女孩，
遇上從天而降遭到天界排斥的墮天使。

兩人的相遇究竟會發生什麼事呢？

一段愛情中，唯有勇往直前的去追尋，才能找到真正的幸福。",327,6
592,渣男進化論,愛情,完結,3,0,0,,https://mojoin.com/novels/3682,"這是我第一次覺得，想被一個人愛著，很難。
———————————————————
會讀心術的極品渣男X天然呆治癒系少女",328,6
593,半與伴,愛情,完結,10,0,0,,https://mojoin.com/novels/3662,"◐ 半 與 伴 ◑
碎染有姑娘策馬似脫韁
眉眼帶勾閃艷光
素手長刀扛
冷府有公子圓滑一奸商
手中算盤叮噹響
眸底掠微芒

☾ 微天然霸氣半狐 V.S. 超腹黑陽光奸商 ☽
碎染城，大陸上有名的大城之一，虎寅國最繁榮的城市
包容性極強，不管是人、神、妖抑或是魔，皆有其容身之處
紅半湖，一個巾幗不讓鬚眉的颯爽少女，少見地以女子身分成了碎染城內的捕快
冷礿昕，一個心思百轉千迴的腹黑男子，少見地以商人身分成了碎染城內的名人
一個武者為尊的環境，一個強者為王的國家
當霸氣捕快對上圓滑奸商，孰勝孰敗？
當天然少女遇上腹黑青年，又是誰會先遺落自己的心？",295,6
594,戀人,愛情,完結,876,0,0,美秀集團,https://mojoin.com/novels/3659,"美秀集團人氣歌曲改編小說 ‧2023《看你聽的》音樂X漫畫X小說跨域特企作品

關曉真的心裡有個人，那個人叫做沈安頤。
自小沈安頤便總是在她身邊，他們是那麼了解彼此，
所以，當她在工作上遇到挫折時，沈安頤會來陪著她，
而當沈安頤失戀時，也都會來找她討拍求安慰──

可是關曉真很清楚，沈安頤是她抓不住的那隻飛鳥。

她永遠永遠，只會是他的「小真姊姊」，
也只能是他的小真姊姊……",398,9
595,月旁月光,愛情,完結,487,0,0,怕胖團,https://mojoin.com/novels/3658,"怕胖團人氣歌曲改編小說 ‧2023《看你聽的》音樂X漫畫X小說跨域特企作品

女孩從小就害怕被拋棄，索性先拋棄別人，拋棄那些本應難以忘懷的記憶。
在明亮的月色下，她遇見一名樂手，四目相交時突然有了一瞬間的心跳加速。
樂手說他寫了一首歌要獻給初戀，她很不是滋味，原來有人能將初戀記掛那麼久。

她早就忘了第一次喜歡過的那個男孩，以及日常相處的點點滴滴，
只依稀記得兩人當時做下的約定，與歌唱有關，與月亮有關。

女孩大學畢業那年，第一批民用觀光太空船啟航，宇宙探險時代迎來新篇章。
她成為宇航公司的空勤人員，在航空站的酒吧再次遇見那名樂手，
兩人迅速甜蜜相戀，然而根植於女孩內心的害怕卻始終如影隨形……",452,9
596,能不能和我留在台北（陪我幾天）,愛情,完結,474,0,0,icyball冰球樂團,https://mojoin.com/novels/3657,"icyball冰球樂團人氣歌曲改編小說 ‧2023《看你聽的》音樂X漫畫X小說跨域特企作品

地質研究生魏冰原以為自己只是和教授一起參加火山研究學會，
沒想到剛出台北車站，她們便被幾位軍官一路載上陽明山。

沿途望見山麓繚繞著異常濃重的白煙，地表還不時出現震盪，
不祥的預感湧上了魏冰的心頭。
之後一個月，她被安排住在軍用宿舍，每天分析火山數據。

在這段枯燥又不安的日子裡，她認識了高大卻靦腆的軍官王裘，
兩人都熱愛饒舌，時常一起寫詞，關係漸漸變得曖昧。
然而魏冰還未能袒露心意，大屯山卻先瀕臨爆發，
大量的火山灰如細雪般飄散在整座城市裡，末日驟然降臨—－",145,9
597,我在愛情的盡頭看見了你和我,愛情,完結,606,0,0,老王樂隊,https://mojoin.com/novels/3655,"老王樂隊人氣歌曲改編小說 ‧2023《看你聽的》音樂X漫畫X小說跨域特企作品

所有的事情在發生之前都有跡可循，只是你有沒有察覺，或想不想察覺。
就像我和我的伴侶，是怎麼從甜蜜相戀走到現在這一步的呢？
他是在什麼時候做下這個決定的？
是我們終於找到一間理想的房子，他對我開心大笑時？
是他安靜走進海中，任憑海水淹沒他的腰、並打濕他全身時？
還是他在聽陳珊妮唸詩，卻失控地淚流不止時？

愛情的消失，會有多少證據？為什麼我沒發現？
或許，被愛過的我，也是愛存在過又消失的證據之一……",479,9
598,守天誅,愛情,完結,5286,0,0,,https://mojoin.com/novels/3484,"是你予我鮮血，讓我得以成妖，知曉世間情愛，
我願用此生相護，換你一世無憂。

由石榴石幻化成精的少女「紫牙烏」，一直獨自過著自由愜意的生活。
但有件事始終讓她掛在心上──助她成精的那抹血，究竟是誰的呢？
為了找到那個人，紫牙烏踏上旅程，因緣際會遇上雙目全盲的男子「丹良」。
丹良不僅溫柔地包容她的率性嬌蠻，還在告別之際，與她相約來年初夏共賞橘花漫山的美景，令她的心湖初次泛起漣漪。
然而待重逢時，卻見丹良因妖魔肆虐而渾身染血、命懸一線，
紫牙烏才猛地想起有人曾經跟她說過──
那抹血的主人在千年前犧牲雙瞳、封印了妖魔後，便轉世成人。
難道她長久以來尋覓的人，早已出現在眼前……",533,9
599,愛上喝白開水的男孩,愛情,完結,20,0,0,,https://mojoin.com/novels/3645,"一個擅長彈吉他的書獃型男孩，
和一個迷糊容易臉紅的女孩；
一段愛的最真的感情，一杯白開水，
牽引起一段清澈如水的單純愛戀……
二○○八年情人節前夕最有滋味的白開水，
清新雋永，值得您細細品味……",129,5
600,【花神淚】《冽雪凝嫣》,愛情,完結,2772,0,0,,https://mojoin.com/novels/3629,"自樓臺上相望的第一眼開始，他/她的心就已經深深淪陷了。
也許是神器的牽引……
也許，是前世修來的緣分……
但他/她更信的是——今世的註定！",400,6
601,迷途,愛情,完結,2588,0,0,,https://mojoin.com/novels/3625,"白夏因迷路誤闖古墓後，
成功捕獲一隻男阿飄─薛風至。

不需投餵！還會煮飯！
不用清潔！還會打掃！
甚至能24hr工作，還不用付薪水！
還是節能省電的涼涼來源，
這麼棒的『飄』才，當然不能放跑呀！

※KEY WORD：靈異、溫馨※",165,6
602,朱湖,愛情,完結,30,0,0,,https://mojoin.com/novels/3620,在村子的南面有座朱湖色的湖。有傳言說，在湖中央的島嶼上面，棲息著人們所敬畏的龍——,209,6
603,今晚的月色很美,愛情,完結,582,0,0,,https://mojoin.com/novels/3613,"✵


聽說人一生中總不免會和渣男談戀愛，這大概是真的。


符雅妮陷入了深深的自我懷疑，感覺自己似乎永遠也無法擁有平凡的愛情。
她總是會被陽光帥氣的男孩吸引，符雅妮認為這是體內的「向光性」使然。
她不覺得自己有光，所以總是想向光而行。
然而卻總是在抵達終點的時候，才愕然驚覺原以為能飽腹的果實，其實是毒藥。


於是這次她乾脆地躺平。心想她不站起來接戲，這樣命運就無法再派渣男來蹂躪自己了吧？
然而看著突然出現在自己生命中的那個耀眼的男人——周澧，她的決心被狠狠的動搖了。
……這是老天在考驗自己夠不夠堅定嗎？
她一邊猶豫著，身體卻很誠實的在對方有意無意的勾引中淪陷。


她瞪著身旁那個狡猾至極的男人，看不出外表清冷的人城府竟這般深，害她不知不覺就踏入他專為自己羅織的甜蜜巨網中。
「……你得負責。」
「好啊，樂意之至。」周澧一把摟過她，虔誠獻上深情的吻。


不知道吧？早在很久很久以前，妳就是我的光了。


這是符雅妮和周澧的故事。",278,6
604,狐染傾城,愛情,完結,10,0,0,,https://mojoin.com/novels/3612,"「無論我變成什麼模樣，即使我忘記了這一切，請你一定要找到我。」
「如果有一天全世界都遺忘妳，那我會拋棄所有記憶，只為了能想起妳。」
人與妖若註定無法相戀，對於世人而言，也不過是多了一個淒美的愛情故事。",317,6
605,如果你聽見,愛情,完結,0,0,0,,https://mojoin.com/novels/3523,"我追逐著他，希望總有一天能打動他的心；我追著夢想，希望總有一天能夠實現。
於迷途的人生道路，即使狂風襲來、大雨降下，我仍不屈不撓，繼續向前，可我卻不知道，幸福的青鳥其實就在身旁。

「別再為我做那麼多了，別再說要表演給我看、唱歌給我聽，不要再說妳做的一切都要是為了我。」
他鬆開了手，語氣是那麼認真地，在判我出局。
「我會辜負妳。徐昭穎，我是真的不會喜歡妳。」
──好似沒有一件事情能夠實現，我的青春糟得一塌糊塗。
可是，總有一個人，會對著我笑、向我鼓舞。那個人，是不是聽見了我愛的喧嘩？",483,5
606,悠然戲韶光,愛情,完結,212,0,0,,https://mojoin.com/novels/2685,"網遊裡，除了大神，妖人和人妖也四處橫行。

身為「雲遊」這款線上遊戲妖人的其中一員
邱楓打怪下本建幫派，混得輕鬆愜意、如魚得水；
然而有天，因為一個陰錯陽差的意外，
她竟發現了同為實力榜上有名的玩家：韶光易逝的祕密。
──原來，她是個人妖。",189,3
607,一騎紅塵妃子笑 卷四：長相思(END),愛情,完結,0,6,4,,https://mojoin.com/novels/3376,"上有青冥之長天，下有淥水之波瀾。
天長地遠魂飛苦，夢魂不到關山難。
長相思，摧心肝。
──唐．李白〈長相思〉

「沫澄，我帶妳出去，帶妳離開，好不好？」

碎玉為信，懷玉其身。三生之前許諾相守，三世終得相戀。她終於記起一切，記起種種愛恨，記起自己曾經一心愛著的是他。
可他何其傻，卻為了她的安危放棄所有。那個歷史上暢吟「人生得意須盡歡」的詩仙本該快活做酒仙瀟灑一生，卻為她墮入凡塵，再傷不起。
如果相見時就已注定要三世悲傷，是不是寧可未曾相遇？

「君兒，快走吧。」

歷史的潮流顛覆襲來，她所背負著的三世宿命，是應該要承擔還是逃避？
她背負了最多最多的，不是那些已不屬於她的過往，卻是他給她承受不起滿身悲涼，是承載了三生三世的等待和哀慟──
一切混亂始於她，或許一切動亂也該終於她而復歸原位。
若記起她是痛，那麼她願意來生從此與他們永遠擦肩，再不要相見，只餘留記憶裡相思斷腸，只是未能長安……

「沫澄……待我來生，可好？」
「若有來生……」她伸手撫上他蒼白容顏，嘴角笑意越發越痛楚起來。
「若有來生……別再遇見我。」

長安回望繡成堆，山頂千門次第開。一騎紅塵妃子笑，無人知是荔枝來。",166,5
608,一騎紅塵妃子笑 卷三：清平調,愛情,完結,0,6,3,,https://mojoin.com/novels/3375,"一枝紅豔露凝香，雲雨巫山枉斷腸。
借問漢宮誰得似，可憐飛燕倚新妝。
名花傾國兩相歡，常得君王帶笑看。
解釋春風無限恨，沉香亭北倚欄杆。
──唐．李白《清平調》

「妳和李白必須儘快離開京城……片刻不得再留！」

京城暗潮洶湧。於歷史洪流，凡人的力量如此蒼白，再如何不安，卻終只能睜睜地看望，坐以待斃。
一語沉重驚醒夢中人，那月色下一舞霓裳，卻竟不僅僅是為驚鴻他目光。她和她生得並無二般的模樣，原來早是命中注定……
明明只是願望一世長安，可為何，這長安竟然這樣艱難痛苦？

「孫可君，天命不可違。」

渴望長安的夢卻無法上達天聽，時刻提醒她和他是相隔一千三百年洪流相遇。那個隨她而來的男人卻只留下一句相同的話，教她不該痴心妄想。
若是一開始便注定分離，那麼為何還要相知相守？
清平調響透大唐繁華，卻冷透五年痴心，再無喜樂。千年後千古傳誦的愛情不過是笑話，她卻只能身陷其中，無法自拔……

「君兒……莫怕、莫怕……我陪著妳，生生世世……」
「太白星君七情未斷，判之下凡一世，以去紅塵雜念！」

懸崖那驚痛一箭，一夢三生三世愛恨糾葛。卻原來，她早於千年前，就已經深深愛上他……",166,5
609,一騎紅塵妃子笑 卷二：秋風詞,愛情,完結,0,6,2,,https://mojoin.com/novels/3363,"秋風清，秋月明，落葉聚還散，寒鴉棲復驚。
相思相見知何日？此時此夜難為情。
──唐‧李白〈秋風詞〉

清朗出塵的溫雅男子如同三月暖風，溫潤如玉。她卻怎麼也沒法回報他一腔真情，只能任由心裡掛念逐漸清晰。
原來，在不知不覺間，他的情如同絲線，將她的自由牢牢束縛。
她曾經想，只要能再遇見他，她一定再也不放開，一定不再和他分別。
她可以不要所有，只要他一句不顧一切的諾言──
「天地為證，日月為鑒，結髮為盟，以此為信物，一生一世，白首不離！」

賀知章一句驚歎，卻將他捲進歷史長河，京城誠如深不見底的繁華深淵……
她知道他該是史冊上光輝留名的天上謫仙，卻越來越希望他不過是一介再普通不過的凡夫俗子。
京城裡恩怨迷霧重重，久別不見的故人也一一現蹤，引導出一個個預言的夢──
「好詩、好詩！莫非為天上謫仙人也？」

寧願遠離京城，一生安然平淡，卻在見到那人後，所有念想瞬間瓦解。
為何這一切的巧合竟越來越詭譎？那人深鎖禁宮，身不由己，又是為何悲戚心痛？
她能不能不要他功成名就，只盼他能全身而退……

",166,5
610,一騎紅塵妃子笑 卷一：白頭吟,愛情,完結,0,6,1,,https://mojoin.com/novels/3362,"淒淒復淒淒，嫁娶不須啼。願得一心人，白頭不相離。
──漢．卓文君《白頭吟》

關於穿越這檔事，基本上沒什麼人生目標的孫可君，一直只想得過且過混過無趣的大學生活，壓根兒沒想過這種千萬分之一的微渺機率。
然而伴隨著那句意義不名的話語，以及口袋裡那塊隨身攜帶的玉，她竟就這樣被帶回了一千三百年前的盛世唐朝！

「哪！玉華真君，乖乖睡去吧！」

第一眼所見是冷面純情木訥書生李太白？憂國憂民的詩聖杜甫是翩翩風流俏公子？一生失意的沉鬱詩人孟浩是妖嬈似玉花美男？
怎麼她看到的都和書上的不一樣？國文課本裡的畫像都拿來坑人的？畫裡面的李白分明是個胖子啊喂！

「我便喚妳為『沫澄』，可好？」

向來沒心沒肺，孫可君的人生愜意自在，從來嚮往無人拘管的生活，連離別也道別得爽快。可是遇見的人越多，那個人叫喚她的聲音卻越是清晰，盤旋耳際，教人越加思念，不可自拔……
倘若一生只求一人心，又到底誰才為她生死不改的一心人？",166,5
611,夢迴羽憶然,愛情,完結,15,0,0,,https://mojoin.com/novels/3361,"相愛是最困難的事情，
也許一對彼此坦承，世界就會崩塌……
不過無所謂，都已經死過一次了，再死一次，好像也沒什麼大不了的。
一出場就車禍死亡的邱商羽，化成了鬼來談戀愛──
「妳必須達成生前的心願，才能夠升天。」
──當聽到自己的曾祖母這麼對她說，她實在欲哭無淚，
生前天天混著過，哪來什麼遠大抱負要實現？
最重要的是，誰都看不見她，她還活著的祖宗三代加上她生前的好摯友，連她一個旋風響屁都聞不到味。無法與世界接觸的她，到底該怎麼完成願望？
一個轉角撞到愛，邱商羽撞著了一個人類，從此，就糾纏著他不放。
「你是我死後的第一個朋友！」一個霸氣的宣言，邱商羽直接判定了與邵宇然之間的關係。
她不能在這世界上留情，所以就算喜歡，也只能悶在心裡，不許對方知道。
真他媽的……邱商羽現在真寧可下地獄，消失在人間，也只想聽到一句「我也喜歡妳」",483,5
612,請你對我唱,愛情,完結,5,0,0,,https://mojoin.com/novels/3303,"有些人、有些事，會一輩子牢記在自己的心，就如我對他、就如他對我──

對他而言，我就像是一個大災難，只因為一個小小的理由，就展開了近十年的孽緣。

可是，誰說努力不懈就會有好結果？
對我來說，他一直都是差一步就能夠抵達的終點。
離得好近，卻又走不進他的世界。

雖然他什麼都比我好、頭腦也比我還要聰明，但就唯獨面對喜歡和愛，總是避而不談、總是希望能逃避到天涯海角、裝傻裝得比我還要傻。",483,5
613,我和她的愛情進行式,愛情,完結,0,0,0,,https://mojoin.com/novels/3215,"我的高中生活本來應該是慘白的，
每天除了充當死讀書的行屍走肉外，
毫無任何樂趣可言。

然而，同班的方卉玉卻突然開口說：
「哎！我要追你。」
而且還付諸行動！

這究竟是愚人節玩笑，
又或是甜蜜而痛苦的開始呢？",267,5
614,在。途,愛情,完結,0,0,0,,https://mojoin.com/novels/3212,"在這個人類與人偶已經密不可分的時代，許多人開始思索究竟人偶的存在是什麼樣的定位。

然而在人類追尋答案的過程中，他們忽略了，人偶也在追尋同樣的答案......",510,9
615,法蘭城的變革,愛情,完結,0,0,0,,https://mojoin.com/novels/3205,"改編自線上遊戲《魔力寶貝》，原本和平的法蘭城忽然遭受惡魔的襲擊，

勇者們的全新冒險即刻展開！",243,9
616,我想再見你一次,愛情,完結,140,0,0,,https://mojoin.com/novels/3207,"她因為一場夢境，穿梭到另一個世界，
吵雜的聲響，四處追趕的腳步聲，
在睡意還沒有散去時，眼前突然出現一個模糊身影，
將她從夢中喚醒得同時一股力量將她拉起身，
而他們的相遇就在這一刻開始......

是什麼原因將她捲入他的世界？

她又如何回到原來世界？",504,9
617,戀上陰間鬼丈夫,愛情,完結,47,0,0,,https://mojoin.com/novels/3159,"自從我戴了那個戒指以後，就開始做同一個夢，
夢中我和一個男人發生了羞人的事情，我不好意思跟父親訴說。

但父親的舉動變得很奇怪……",288,4
618,攝政王的掌中嬌,愛情,完結,100,0,0,,https://mojoin.com/novels/3158,"【重生+女強+寵妻+甜寵+皇叔+王妃+古代言情+嫡女】

前世鳳曦瑤眼瞎，以致最終連累滿門，自己也落得個剝皮抽筋的下場。
當她含恨而死後，誰知再次睜眼她居然重回到三年前，一切都尚未發生之際。
鳳曦瑤步步警惕，小心提防。
毒辣庶妹想要攀附皇家，那她便主動成全，撕破白蓮花妹妹的偽裝，要她此生受盡折磨！
渣男一心想要拉攏利用自己和父王的權勢稱帝，那她便一步步斷了渣男的登基之路，要他求生不得求死不能！
然而，正當鳳曦瑤一步步精心算計，恐生變故之際，為何一貫深居簡出，清冷不問世事只存在於傳言中的皇叔沈驚瀾卻頻頻出現在她身邊？

鳳曦瑤看著眼前猶如謫仙般清冷寡淡的沈驚瀾，猶豫開口：「皇叔，既然這麼多年您心中也無心悅之人，而皇祖母也為您的終身大事所憂心。我鳳曦瑤也同樣，且鎮南王府也不願成為他人的倚仗被其利用。不如，你我假意成婚，待一切塵埃落定後，你我橋歸橋路歸路，可好？」

沈驚瀾冷哼一聲，未置可否，神情冷淡疏離。

誰知，婚後，一貫清冷俊雋攝政王搖身一變成了妻奴，滿心滿眼的都是鳳曦瑤。",359,4
619,贈他情深不相思,愛情,完結,0,0,0,,https://mojoin.com/novels/3157,"葉初離開六年後攜女歸來，鐘遲看著那眉眼酷似自己，卻喊著自己叔叔的小女孩，心裡的執念和憤怒叫囂著要把葉初拉進地獄，狠狠折磨，讓她餘生都用來還債。
然後，鐘遲的確佔有了葉初的餘生，只不過，是寵了她整個餘生。
-說來可笑，我驕傲了二十年，卻為你折了腰。

恨了六年，卻為你一敗塗地。
我想，時隔經年，我依舊思念你的話，大約地獄也是天堂。

——鐘遲無以為報，願意一腔情深相贈，聊表心意。

——葉初",351,4
620,爆寵甜妻：影后太囂張,愛情,完結,20,0,0,,https://mojoin.com/novels/3156?sw=1,"前世，她是萬眾矚目的影后，卻懷著屈辱與不堪，在最好朋友的背叛與陷害中死去。
意外重生在胖妞江夏身上，有人看不起她，嘲笑她，而她決定重歸娛樂圈，將那些曾經欺辱過她的人統統踩在腳底下。
她打臉正打得開心，卻意外相識某總裁，一路艱險，他唯願護她周全。

「等了你這麼久，江小姐，願意和我共度餘生嗎？」

大仇得報，她感到一陣快意，卻忽然被攬入懷中。",220,4
621,法醫娘親颯爆了,愛情,完結,110,0,0,,https://mojoin.com/novels/3819,"21世紀女法醫琴晚，醫解雙刀，一刀治人，一刀驗屍 
結果她因事故意外死亡穿越到同名同姓的女孩身上
穿越當下就遇上難產、兇殺， 但她莫名多了金手指？
親手剖腹產子，還驗屍破案， 結果卻被路過查案的巡按沈遇盯上，為躲麻煩，改頭換面隱走他鄉。

誰想一日，又遇上
沈遇眸色氤氳，冷芒暗藏，大手緊掌細腰將人扣住。
「帶著本王的孩子，還想跑？」
琴晚眸色清冽，無波無瀾。
「有何不敢，畢竟某人不行」",92,4
622,生存大佬她又狠又撩,愛情,完結,0,0,0,,https://mojoin.com/novels/3818,"【女強＋爽文＋無限流＋升級流＋金手指嘎嘎猛】 
在奚鹿除了一條爛命一無所有時，踏入了一款生存遊戲。 
只要活下來，可以拿生存積分兌換現實中的一切，包括金錢、豪宅、名牌…… 很快，她發現了自己的與眾不同——她的眼睛可以看透這款遊戲的代碼，整個遊戲世界任她操控！ ！ 
那麼，真正的遊戲開始了。
 —————溫馨提示———— 書中感情線慢熱，非一見鍾情，男配多，1v1，金手指會升級。 
女主角權衡利弊不愛救人不喜勿入，比心~",496,4
623,將門嬌，暴戾攝政王你被拿捏了！,愛情,完結,0,0,0,,https://mojoin.com/novels/3817,"【重生+古代言情+嫡女+甜寵+寵妻+皇后+女強】 
前世的蘇羨慕漁活的糊塗，夫君慘死自己面前，自己也被黑心肝的一刀穿了心。 
重生歸來，蘇羨慕漁自己送上門去，嫁給了前世的夫君。 
虐渣女，打渣男，平戰亂，成為了遠近聞名的將軍。 
而她的夫君，前世的攝政王卻成了帝皇，在封後典禮當晚。 
攝政王大人在她耳邊呢喃：“今生，我可是你想要的了？
「 蘇羨慕漁咬著小手帕，一身冷汗，縮到角落，“你，你，你也是重生的？」",198,4
624,醫庶成狂：盛寵世子妃,愛情,完結,174,0,0,,https://mojoin.com/novels/3155,"21世紀的天才醫生蘇小小，因為一場催眠事故，不小心重生在蒼藍大陸西涼國成為藥學家族意外身死的天才庶女身上。
沒事兒，醫經在手天下我有！姐過目不忘，毀了看誰敢搶！

醫也好，毒也好，藥這東西就和女人一樣是把雙刃劍，用對就好。
醫術麼？簡單！催眠術麼？更簡單！
各國皇子，她桃花不斷，唯一有挑戰性的，大概只有眼前這冰塊兒將軍了吧？

「娘子，咳咳，為夫有隱疾，這……」

「放鬆，我幫你檢查檢查，治愈治愈！」",516,4
625,醫見鍾情,愛情,完結,0,0,0,,https://mojoin.com/novels/3154,"微博寵物小達人蘇麥麥，一見鍾情主治醫生江苡仁。
為了早日追到江美人，誘拐人家狗子哈里，憑藉著寵狗子就是寵主子的原則。
蘇麥麥使出殺手鐧，十八摸連環扣，層層撬開江美人的心坎，
終有一日，江美人感覺到了危機四伏，拎人，「想做我大腿？那麼自己爬上來……」",465,4
626,舊恨相思纏做繭,愛情,完結,22,0,0,,https://mojoin.com/novels/3153,"她在風月場裡等一場愛情，從青樓小花，等到她成為，
艷冠天下的第一名妓從動心到動情，從心灰到心思「從三年前，到你將我買入你府中，你林軼聞到底、可曾愛過我？」
他一句「等我」，讓她在得不到有關他任何消息的情況下，等了三年。

在她覓得良人，要贖身離開的當晚，他強行要了她，並將她買下，囚在府中日夜發洩折磨。

她被下人污衊構陷，他視而不見。
她被官差輪番毒打，他充耳不聞。
她被山匪挾持侮辱，他漠然路過。
她生下死胎精神崩潰，他要她再懷一個。",389,4
627,總有刁民害本宮,愛情,完結,620,0,0,,https://mojoin.com/novels/3152,"【穿越+嫡女+醫妃+空間+寵妻+爽文+1v1】

她是二十二世紀，能醫會武的第一神醫，卻穿越成府中連丫鬟都能踩一腳的廢物嫡小姐。
待她手持空間，光芒萬丈翻雲覆雨，顛亂都城驚艷四季，欺負她的人一個都別想逃。
他是擁有戰神稱號的太子殿下，全都城女人的夢寐以求。偏被這個『廢物』撿了便宜。
誰說太子妃是廢物，本宮可是錦鯉。宋延汐上得廳堂下得廚房，保了殿下前程似錦，旺夫的面相讓殿下喜得愛得！

初見，殿下撩人：「如此趣人，兩清豈不可惜。」
後來，殿下霸氣：「本宮的小野貓，撓死人本宮賠。」
娘娘掌管東宮時，殿下在床：「愛妃，本宮冷了。」",237,4
628,錦繡良緣：撿個太子來種田,愛情,完結,30,0,0,,https://mojoin.com/novels/3150,"大明星溫如月威亞失事，一朝穿越重生喜當娘；丈夫剛死就被掃地出門，領著四個娃無家可歸；小寡婦絕地逢生，鬥長嫂，撕流氓，各種計策賺大錢；
日子本是逍遙自在，可誰知當初無意間撿的傻子盡然是當朝太子，自己的小竹馬？",478,4
629,錦繡田園，嬌俏村婦有點甜,愛情,完結,0,0,0,,https://mojoin.com/novels/3149,"蘇小鳳死了，又活了，確切的說是重生了。
重生在了不知哪個朝代的農戶中，是個重達二百斤的大胖子。
這個家不好過，前有奸詐嫂子，後有時時想要霸占他們家那三畝地的二叔。
作為新時代的女強人，蘇小鳳表示這些都不是事兒。
她只有一件心事。
自從下嫁給村東頭的醜瘸子後。
她發覺醜瘸子竟然不醜也不瘸，還是個大美男，而且身份超級逆天。
最最重要的是，他總是變著法兒的想要她那點家當！！！",541,4
630,獨寵狼妃：王爺要惜身,愛情,完結,1,0,0,,https://mojoin.com/novels/3148,"她逆來順受，溫柔嫻淑，卻落得家破人亡，幼子被人挖心。
重生一世，她要遇神殺神，遇魔殺魔，她要逆天改命，哪怕是要霍亂天下；
他從小面容被毀，狠戾無情，一著心動，為她上天入地，生死無悔。

「娶我？王爺沒聽人提起，我缺一點為狠，心狠手辣，多一點為狼，狼心歹毒？」
「本王就喜歡你這狠毒的樣子。」
「我心眼小，可容不得你後院有其他女人，你就不怕我把她們撕碎。」
「本王心中眼中只有你一個女人，後院之中，也只容你一位女人，若是有母的，你愛怎麼處置就怎麼處置。」
「我……」
「王妃不用說了，什麼條件我都答應你。」",178,4
631,嬌妻來襲：推倒首席大人,愛情,完結,1,0,0,,https://mojoin.com/novels/3147,"身為一個小小娛記，沈凌薇最大的夢想卻是成為娛樂圈影后！
誰知道，卻一個不小心被囂張的總裁大人給潛了潛了潛了！！！
星途還沒璀璨，困難接踵而至，緊接著，天大的秘密一個一個揭開！
且看歡喜冤家如何終生眷屬！面對桃花一二三朵，看沈凌薇如何掐掉陳雨澤的爛桃花！
沈凌薇不僅要翻身農奴把歌唱，一躍星途成影后，撲倒總裁麼麼噠！還要回家啪啪啪！",474,4
632,墨少的新婚罪妻不好惹,愛情,完結,1,0,0,,https://mojoin.com/novels/3146,"一個通話記錄，紀婉晴被丟進了監獄中。
從此人生髮生劇變。
未婚夫被搶，家里人拋棄，雙腿被打成殘廢，出獄後還要被人踩賤侮辱……
一無所有的她想要好好活著都是奢望！
可他卻闖進了她的世界。
她以為他是她的光，她的救贖，卻不想他竟是罪魁禍首！
絕望的紀婉晴只想逃離！
可墨一寒卻如影相隨。

「你的前半生因我而毀，你的後半生有我來償！」哪怕付出生命，他也只想給她幸福！",176,4
633,鳳妃謀,愛情,完結,0,0,0,,https://mojoin.com/novels/3145,"蓮霜沉作為一個女殺手，可謂兢兢業業……
別人在主公面前獻媚，她在殺人！
別人在主公面前詆毀她是叛徒時，她還在殺人！
……
主公無奈，派她去刺殺樊帝，多日後——
主公問：「樊帝死了嗎？」 屬下回答：「沒有。」
主公問：「為何？還有她蓮霜沉殺不掉的人？」
屬下回答：「她好像對樊帝……」

主公莫名覺得煩躁，衝進樊宮。

蓮霜沉：「你對我動情了？」
主公：「我沒有！我不是！我不可能！」",531,4
634,辣妻天降：鬼夫去種田,愛情,完結,10,0,0,,https://mojoin.com/novels/3144,"好人不長命，禍害遺千年！
葉梓萱不過是難得的做了回好人，結果就被撞身死，靈魂穿越回了古代。
家中一貧如洗，自己被賣沖喜，丈夫癱瘓在床不說還一堆極品親戚，難道好人真的做不得？
等等，床前這飄來飄去的是什麼？
不會是……
鬼啊！

葉梓萱：「現在天黑了，快去給我種田！不要一天飄來飄去！」
某隻阿飄：「是，娘子說得對，為夫這就去！」",434,4
635,誘拐呆萌妻：少董寵愛無度,愛情,完結,92,0,0,,https://mojoin.com/novels/3143,"只是一個協議婚姻，做做樣子的婚禮，兩個人以夫妻名義生活著，沒料到，
兩顆心卻慢慢地當了真，卻又默契地選擇了不驚動另一顆心。

她只當他還一心一意愛著那嬌俏可人的七年小女友，一直，一直不敢說出口。
他也只當，她是為了不想坐牢，是為了還上一輩的情，勉為其難地做著他晉家的大少奶奶。
當她離去後，他發現自己夜夜難眠。
而離開了他的她，將全部的思念灌注在，她與他的兒子身上。
再次的相遇，終於都知道彼此錯過了多少，還好，不曾錯失你。
",513,4
636,蜜戀甜妻：早安，男神,愛情,完結,10,0,0,,https://mojoin.com/novels/3098,"墨小妖去面試，卻遇上了過於風姿綽約的面試官，她一個激動，鼻血長流外加不雅暈倒！
一覺醒來，男神還在眼前！

墨小妖趁機理直氣壯的告白：「是你救了我啊，那你就是我的救命恩人了！
鄙人此生無能故無以為報，唯有以身相許才能表達我對你的感激之情，望您能給我報恩的機會。」

然而男神太傲嬌，想要轉移話題！
哈！當她墨小妖是善男信女啊！且看她怎樣花樣搞定男神！",205,4
637,團寵萌妃超凶噠,愛情,完結,23,0,0,,https://mojoin.com/novels/3097,"樓容漪死後才知道，自己是一本書中的砲灰女配，
重生歸來，她只想抱穩男主大腿，
避過死局危機，努力活到壽終正寢，
然而不知不覺成了團寵。

爹爹：「欺負我女兒的都得死！」
某和尚：「寵容容，得好運。」
某神醫：「徒兒好，徒兒妙，徒兒是萌萌噠小棉襖。唯有男主黏手還會咬人，不光抱上就不給撒開，還被他逼進牆角，緊緊抵住。」

男人灼燙的氣息拂過耳尖：「容容，別想躲開我。」
樓容漪紅著臉悲憤，指著自己脖子上他留下的罪證：「那也不能動嘴啊！」
男人陷入沉默：「難道，可以直接動手？」",150,4
638,農門嬌寵：王妃原來是首富,愛情,完結,0,0,0,,https://mojoin.com/novels/3096,"【古代言情王妃種田穿越甜寵寵妻】

她，是貴婦圈裡千金難求的全能時尚達人。
一朝穿越，居然成為被分配到鄉下改造的落魄王妃。
京城里人人嫌惡，在鄉下也是人人喊打。
這不剛睜開眼睛，就被人揮刀追了八條街。
不過嘛！危機也是機遇，這不她又將時尚事業發展到古代了麼。
然後她那腹黑不好惹的夫君，就听說她在鄉下混得風生水起，冷臉找了過來。

「王妃乃千金之軀，如此拋頭露面成何體統！」
「所以，王爺這是要問罪，還是藉口想接我回府呢？」
「本王……」

蕭禹宸將她攔腰摟進懷中，

「王妃這麼閒不住，不如替本王生一窩猴子耍耍。」",193,4
639,督軍，莫問歸妻,愛情,完結,0,0,0,,https://mojoin.com/novels/3095,"賀晉存從沒想過會愛上聶婉清，愛的那麼深那麼狠。
然而感情就是如此，遇見了她，便像是著了魔。
以前，大帥府的人都說，他和她是情正逢時。
可後來，他才明白什麼叫做緣淺情深。

「你殺了我吧！」她跪著求他，痛不欲生。
他冷著臉道：「既然你這麼想死，我便讓你給那個姓蔣的陪葬！」
他手握重權，攬盡繁華，可沒了她，一切不過是裊裊雲煙。",31,4
640,爺，王妃又砸牌匾了,愛情,完結,2,0,0,,https://mojoin.com/novels/3094,"再次睜開眼，蘇落清竟然穿成了爹不疼娘不愛的庶女，
被未婚夫休棄不說，還被迫嫁給了一個殘暴冷血王爺顧北擎？
在府裡一沒根底二沒勢力受人欺侮，小妾還敢爬上頭作威作福，反了天了！
她堂堂一代名醫，在21世紀威風八面的人物，豈能栽在這裡？
「統統發賣！」
她憑著王妃的頭銜，開始欺壓小老婆，
本以為能夠鯉魚翻身，卻沒想到撩到了某個腹黑男人的心窩……

【小劇場】
「爺，王妃將柳府牌匾砸了。」
「為何？」
「說是柳家小姐試圖勾引爺，給點教訓。」
「無事，重做一塊送去。」

幾日後。
「爺，王妃又將全京都的牌匾都砸了，說是小姐們故意接近爺。」
「統統重做送去。」
…
蘇落清站在聶王府，正要舉石頭，男人攬住她的腰。

「王妃，使不得，這可是皇上欽此，不能砸。」
「砸，只要你高興。」
【這麼寵？ 】
【寵得無法無天，王爺寵起妻來不得了，惹得全京都姑娘們都春心蕩漾，要男人只要這款！ 】",181,4
641,愛你情深意長,愛情,完結,520,0,0,,https://mojoin.com/novels/3093,"十年前，他救她出火海，
用身體擋住了倒塌的樑柱，從此前途斷送。

十年後，他已經站在雲端錢權在握，精心的策劃只為誘她入局。
「卓先生，時間到了，我們的協議婚姻該結束了。」
她遞上的離婚協議書被他撕的粉碎。
－
我曾留有私心，如果這輩子都找不到你，那麼下輩子我想再試一次。",316,4
642,愛你入骨：老公請多指教,愛情,完結,20,0,0,,https://mojoin.com/novels/3092,"如果說顧少最痛恨的女人是誰？
非安洛心莫屬。
傳聞安洛心是上流社會的恥辱，更是顧少心頭的刺。
用了四年的時間，顧少好不容易的抽身想要結婚，
卻沒想到她高調出現，搶婚，撩撥，
無論他如何躲避，反抗，都一一無效。

「你究竟要如何才肯滾出我的世界？」最終，他忍無可忍。

「怎麼辦，我好像習慣了你的存在。」眨眨眼，她顯得這般的無辜而又嬌媚。

愛一個人，是不是就這樣，彷彿打不死的小強！
顧承易，我愛你，也怕你。
累了，我可以逃嗎？
她準備離開，卻被慌亂不安的他一把拽住，「女人，你敢離開……」",514,4
643,愛妃，你馬甲又被扒了,愛情,完結,60,0,0,,https://mojoin.com/novels/3091,"王爺說：「我家夫人是個柔弱得不能自理的女子，你們不要欺負她。」
被打得鼻青臉腫的將士痛哭，到底是誰欺負誰！

王爺說：「我家夫人是個鄉下人，不懂調香、禮儀，規矩，你們不要笑話她。」
那些被王妃搶盡風頭的名媛小姐望著手上拼了老命高價才買來的香料頓時陷入了沉思……

王爺說：「我家夫人以丈夫為天，我說東她連個西字都不敢想。」

眾幕僚：「是誰每晚跪著搓衣板唱征服？」",280,4
644,嫁入豪門後她甜翻了,愛情,完結,137,0,0,,https://mojoin.com/novels/3090,"一場交易，她懷著陌生人的孩子嫁給了所謂的娃娃親對象。
本以為在三個月內，借用『霍夫人』的身份將自己屬於自己和母親的一切搶回來。
不曾想到至此卻被男人給糾纏上了。
黯然離開，三年後，喬依帶著龍鳳胎席捲時尚界。
男人恬不知恥得壁咚，牆咚各種咚。

霍擎澤：「依依，該給孩子上戶口了。」
喬依：「……」",471,4
645,媽咪，爹地掐你桃花了,愛情,完結,67,0,0,,https://mojoin.com/novels/3089,"五年前，白芷汐被舅媽設計，
與陌生男人纏綿一夜，還差點慘死在舅媽手上。

五年後，她帶著寶寶強勢歸來，
他們拿走屬於她的東西，她統統都要拿回來！
仇，她要報！娃，她也要養！
只是養娃道路上多了個絆腳石。
簽約經紀公司，公司總裁竟然是孩兒她爹！
從此讓人聞風喪膽的大總裁，愛上了蹲劇組。
每天陪著媳婦兒拍戲，幫媳婦兒收拾渣渣，還順手掐了她的桃花！

「爸比，昨天有個帥叔叔，去劇組給媽咪送花了耶！」

「誰敢給我老婆送花！封殺他！」",188,4
646,馭獸女帝,愛情,完結,4,0,0,,https://mojoin.com/novels/3088,"再次醒來，她成為七歲稚女。
與孿生哥哥相依為命，被毒打、被拋到亂葬崗上。
命不該絕，她與哥哥被神秘隱世高手所救。
開始新的人生。再次出世，七歲女娃已然成為絕美少女。
騎著白虎、吹著玉蕭，領著千軍萬獸橫掃江湖。
欠他們兄妹債的人一個也休想逃。
血債血還，敢動她最在乎的人，就要有死的覺悟。
她罩的人，願以命相護。
她的敵人，弒殺不休。惹她，必死；惹她哥哥，讓你生不如死。
……
馭獸女一出，引無數美男競折腰。

他說：能配得上你的人只有我。
他說：一生一世一雙人，我只要你。
他說：不能相愛，但求永相隨。
……
一個個美男登場，一場身世之謎也拉開。
她竟不是將軍的女兒，那麼，她是誰？",543,4
647,貴女重生：將軍大人掌上寵,愛情,完結,2,0,0,,https://mojoin.com/novels/3087,"【蘇爽宅鬥好文！女主超靈，醫毒雙絕，男主非無腦霸道寵】

前世，父親斬首、母親自縊、抄家滅族，李太后毀了她全家！
逃入花坊，陰差陽錯下她被李太后之子強擄入宮，更因他慘死！
重生到一切慘劇尚未發生前。

極品親戚謀害母親？讓她後悔來到這世上；

前世渣男說愛她？直接奪了他的帝王之位；

偽善姨娘惡毒姐妹，通通給我靠邊站。
這一世，葉蓁蓁只想做一個惡人，護住所有心愛親近之人，
冷心冷情的過一生只是誰能告訴她，那個世人眼裡孤傲冷峻的少年英才，
為何一見她就面紅耳赤，溫柔似水，化了她冰封的心。",529,4
648,萌寶助攻，總裁奶爸要追妻,愛情,完結,25,0,0,,https://mojoin.com/novels/3086,"閨蜜撬走男友。
她一報還一報，轉身投奔閨蜜舅舅的懷抱。
一夜迷情，卻遭人誣陷，一時桃色緋聞滿天飛，不得已帶球跑路。
五年後歸來。

盛世集團總裁盛淮寧遭萌娃抱大腿，「爹地，不許你走！」
某女人卻死不承認，「抱歉，盛先生，我兒子認錯人！」

後來的後來，離了婚還帶著娃的文涼被權貴一方的盛家公子盛淮寧苦追。
有人羨慕有人妒恨，可只有文涼知道，從始至終，不過此一人矣。",117,4
649,報告爹地：媽咪是重生的,愛情,完結,1,0,0,,https://mojoin.com/novels/3085,"上一世，蘇白被渣男迷了心竅，
為他生下兒子回歸家庭，卻不想他和她的妹妹早有姦情。

直到她被凌虐至死，她才知道最愛她的父親是被他們害死的，
疼了多年的兒子根本不是她親生的，她的孩子一出生就被渣男掉包了！

那一晚和她在一起的另有其人！
重生歸來，蘇白復仇虐渣，找到寶貝女兒，還附贈了一個男神級別的老公。

她緊緊抱住老公的大腿狂刷好感：「老公，女兒不能沒有媽媽，你考慮一下我。」
男人神色冰冷：「你昨天還和別的男人糾纏不清。」
蘇白摟著他不撒手：「都是誤會，我是去談離婚的，反正我現在就是荔枝媽媽，你太太！」
男人計謀得逞，反客為主：「好，簽字領證！」",403,4
650,報告仙君：帝姬她，恃寵生嬌！,愛情,完結,0,0,0,,https://mojoin.com/novels/3084,"「仙君，快去看看吧！你家帝姬她她她又闖禍了！」
「我寵的，有意見？」

送走同僚，顏淵按了按太陽穴，
自從養了這個禍患，每天聽不見第二句話。
狐妖出身的尹花休放肆成性，天下人皆知仙君顏淵收了個無法無天的小妖，卻又都門兒清神帝護短的厲害。
這可把在天庭上房揭瓦踩蓮虐渣的尹花休高興壞了。

「我著實也不想這般趾高氣揚的，奈何我家仙君說了，有他在，什麼都不用怕！」

仙君汗顏，我何時說過這等話？
難道是……哪天夜裡？",124,4
651,傅少，今天護短了嗎,愛情,完結,180,0,0,,https://mojoin.com/novels/3083,"重生歸來的寧歡一棍子掄暈了渣男。
私奔？不存在的，她眼睛又不瞎！

翻牆爬樓，遇上死對頭，
寧歡表情驚悚地摀住了自己的臉，快，她的眼睛要亮瞎了！

傅沉，傅家老么，A城出了名的病秧子，
陰險狡詐獨斷狠戾，自從寧歡出現後，他又多了一個專長——護短！

「傅少，夫人回寧家炸了她叔叔的婚禮現場！」
傅沉：「她消氣了嗎？沒消氣的話再炸一下！」
下屬：「！」那是個人，又不是炸麻花！

身為寧家長女的寧歡前世活得不如一條狗，
重生回來的她磨刀霍霍，披荊斬棘地宰豬宰羊，身邊更是有了個保護神。

傅沉：「刀給我，我幫你！」",218,4
652,閃婚蜜愛：異能嬌妻別亂來,愛情,完結,0,0,0,,https://mojoin.com/novels/3030,"據說，總裁夫人不是人呢。
據說，總裁也不是人呢。

不知何時開始，流言四起，蕭鴻翊半瞇著眼睛，手裡拿著鍋鏟對助手說道：「去讓別人改口。」
助手一臉懵逼：「要改口這不是強人所難麼？最近夫人不知道是怎麼回事，總喜歡用異能解決一些問題，以前還好，可現在，連掃地這樣的事情都用異能代替了，還被人給看到。」
「這個是你的事情，不是我的事情。」

助理：「……」
「老婆，可不可以商量一下，異能什麼的，就不要用了。」
「我才不要，異能多方便？」

 某人扶額：「可是你也不能當作生活技能啊。」
「可以啊，那我先出去買個菜。」
 半個小時後，助理一個電話：「總裁不好了，夫人留了紙條說再也不見，怎麼辦？」
「追啊！還能怎麼辦！」",252,4
653,追愛365天：宮少誘捕小淘妻,愛情,完結,40,0,0,,https://mojoin.com/novels/3029,"「女人，看光了本少的身體，你難道不該負責嗎？」他雙手將她禁錮在車廂一角。

言曦掏出匕首抵在他的下身，冷笑，
「現在還要負責嗎？」男人邪眸微瞇，反手奪過匕首對準她纖細的脖子，

邪笑：「負責！」
「混蛋，你別忘了當初是誰救了你！」她咬牙。

「當然沒忘，本少這不是打算以身相許嗎？」他低頭舔了舔她的紅唇，味道真好，找了那麼久，你以為你還逃得掉嗎？
生死之際，這個霸道邪魅的男人在海里托著她的腰，
深邃雙眸凝視著她：「你說過，你最大的心願是活在陽光下，而我宮少爵，就是你永遠的太陽！」
【這是一個腹黑爵爺霸寵特工小野妻，共造天才兒童的故事！ 】",507,4
654,追妻36計：王爺太難纏,愛情,完結,22,0,0,,https://mojoin.com/novels/3028,"玩個網游，刷個副本，直接穿了，還好死不死的把人家新娘給砸暈了，
蘇晴嵐只好代替原主嫁給了慕容玉卿，沒想到這貨性情暴躁，還是個殺人不眨眼的傢伙，
帥是帥，就是太整，

「既然嫁給本王，王妃就行使一下職責吧，取悅我。」
「怎麼取悅？」
「本王教你，琴棋書畫樣樣精通，那麼就全套做下來。 」",142,4
655,情禍,愛情,完結,0,0,0,,https://mojoin.com/novels/3052,"鄧楠喬北崔攀。
講述的是鄧楠為了給撫養自己長大的結界報仇不惜墜入紅塵爬上崔攀的床的故事。
鄧楠本以為這隻是一場單純的複仇但在最後才知道她掉入了一個滿是陰謀的陷阱，
而最後，她竟愛上了一個早已心死的男人。",180,4
656,許卿百世無憂,愛情,完結,0,0,0,,https://mojoin.com/novels/3044,"天下第一莊的莊主以盛大婚宴迎娶一名女娃。

「聽說你養大我，只為了報復我爹？」
「你聽誰說的？」
「你只告訴我，是或者不是。」
「是。」

於是她看著他，微笑含淚的走出他的生命。
曾經他執意復仇讓她受到傷害，如今他願意用自己餘生來彌補。

「後悔嗎？」
「許卿百世無憂。」",297,4
657,莫以浮生,愛情,完結,0,0,0,,https://mojoin.com/novels/3043,"他是陸家名門的二公子，才貌雙全，矜貴清冷。
三年前，她同他一夜歡纏。
三年後再遇，他已婚，她訂婚，他為她離婚，要她做第二春。
所有人都說他和她不配——
她還是義無反顧地嫁了。

最後的結果便是：
在白雪紛飛的夜晚，她淨身出戶，孑然一身，懷裡抱著死去的孩子，站在她身旁陪著她的，是別的男人。
莫安暖：「我想過安穩的生活，奈何，感情不讓。」
衛信宇：「如果再給我一次機會，當年我定會娶你。」
陸浮生：「我們重新認識吧，就止於你的名字，陸太太。」
陸競琛：「能讓她做陸太太的，不止你一個。」
……
你生命中總會遇到三個男人。
一個驚艷了時光，一個溫柔了歲月。
還有一個讓你明白，時光是假，歲月亦是假，莫以浮生度流年。",437,4
658,盛世嫡妃：我為陛下平天下,愛情,完結,0,0,0,,https://mojoin.com/novels/3042,"一朝穿越，她竟成了痴傻棄妃。
棄妃就棄妃吧！
虐渣，打臉，手撕綠茶婊！
她一路開掛，無所不能！
外帶拐了個超級美男，當成貼身丫鬟！
王府待膩了，她就去皇宮逛一逛，
一不小心，竟把皇宮也鬧了個天翻地覆！
王爺，皇上，齊齊拜倒在她的石榴裙下。
就在她厭惡這兩朵煩人桃花之時，美男丫鬟帶到走進一條神秘通道。
從此驚險、稀奇，奇遇不斷。
忽然一天，美男丫鬟變成冷面王子！
殺伐果斷，叱吒風雲！千夫冷對！
唯有對她含有脈脈，深情款款，情意綿綿！
二人聯手，仗劍江湖，所向披靡，她全力助他登上皇位。
這冷面帝王剛才還一副正人君子模樣，可轉眼之間這冷面帝王就拋開帝王所有尊嚴，攬她入懷。",360,4
659,清風未醉人未歸,愛情,完結,0,0,0,,https://mojoin.com/novels/3041,"她有多愛顧延安，他就有多恨她。
三年前的那場意外。
他的摯愛毀容傷殘，兩年，顧延安用了整整兩年來讓她生不如死。
她仍然記得成年禮時，他有多冷漠，多無情，
至今，那些曾經用命愛過的人，卻以傷害你來博得喜歡，卻不知你已然心涼，不再回頭……",142,4
660,情路漫漫，冷暖自知,愛情,完結,0,0,0,,https://mojoin.com/novels/3040,直到後來她才知道，這個男人靠近她，還有不可告人的目的……,393,4
661,情深予你終不悔,愛情,完結,240,0,0,,https://mojoin.com/novels/3039,"「我不怕死，可我怕我死了，這個世界上再也沒有一個人會像我這麼愛你。」
顏景清看著心臟被扎中的刀子，嘴角溢出苦澀的笑對著顧冉竹開口。

「如果我真的死了，你一定要好好活著，我在天堂看著你好好活著，才能安心。」
顧冉竹滿手是血，她終於如願以償的要解脫了，

可是為什麼，那個口口聲聲恨不得她死的男人卻要承受她給的這一刀。
如果沒有愛，那便是濃烈的恨，
可愛之深恨之切，他們之間，早就已經說不清是愛是恨，是悔是痛……",159,4
662,庶女清歡：皇后會通靈,愛情,完結,0,0,0,,https://mojoin.com/novels/3038,"沐清歡新婚之夜被夫君和侍妾害死，但她卻被閻王夫人選中成為通靈女活了過來，
她能讓所有鬼祟看到她就退避三舍，亦能收服鬼祟。

大難不死，她要徹底成為一朵黑蓮，一邊復仇鬥渣男渣女，
一邊驅除鬼祟維護人間，在附帶寵幸一下身邊那既忠犬又邪魅的夫君……

「愛妃，你辛苦一天了，我們是不是該就寢了？」某男以一種撩人的姿勢躺在床榻上，試圖勾引她。
「不行，還有一個小鬼未收。」
「那今晚你就把我當成鬼收了吧……」某男可憐兮兮的扯著她的衣角。

她招架不住她夫君的各種勾引和哀求，只好將他撲倒在床榻……",301,4
663,庶女重謀，夫君上塌可好,愛情,完結,194,0,0,,https://mojoin.com/novels/3037,"一朝穿越，毒體纏身，
姨娘害我，爹爹惱我，
唯我夫君與我同舟，即便如此為何還有人要爭！
如此我便來一殺一，練弱體修強心，千山萬水不負自己。",284,4
664,將軍千嬌百媚,愛情,完結,0,0,0,,https://mojoin.com/novels/3036,"外面，顧大將軍功名顯赫，
手段狠辣，讓敵軍聞風喪膽。
在內，他冷淡禁慾，最寡情不過。
白瞎了那張讓京都貴女為之瘋狂的臉。
薛子衿每每聽見坊間傳聞，都會扶著腰淡淡一笑。
禁慾，寡情？
不存在的！",494,4
665,婚然心動：嬌妻限時購,愛情,完結,4,0,0,,https://mojoin.com/novels/3035,"她，沒心沒肺，神經大條。
他，冷酷無情，步步為營。

「上門推銷來了？」冰山的聲音魅惑無比。
「放屁！」趙廉珞咬牙切齒，奈何抵擋不住來人的武裝來襲。

直到生死一線，她才知道，她早芳心暗許。
直到聽聞她的死訊，他才懂得，她已紮根心底。

「趙廉珞，你是我的。」他撫摸著她臉，不允許再失去她第二次。
「我回來了。」她抬起頭，迎接她的目光，

他，趙家，她的一切，她要拿回來了。",414,4
666,婚非得已：隱婚老公牆上寵,愛情,完結,8,0,0,,https://mojoin.com/novels/3034,"稀里糊塗睡了個牛郎，丟下五百塊不夠，
再加點就是了，有必要滿城通緝，尋人啟事滿天飛？

「尋人啟事，女，本人老婆，重度精神分裂，提供線索者，獎勵一百萬。」
她騰的起身，怒氣沖衝的跑到某男的公司：「我現在控告你侵害本人名譽權，肖像權，賠償我名譽損失費，精神損失費，總計一千萬。」
「好啊。」某男唰唰的開了一千萬的支票，續而邪魅一笑：「你的算清了？該輪到我了？」
「你？你有什麼事？」張紫涵突然有種不祥的預感。
果然，某男邪邪一笑，「你睡了我一次，我是不是該睡回去？」",182,4
667,國民夫人是女將,愛情,完結,0,0,0,,https://mojoin.com/novels/3033,"曾經的她，是商國威名赫赫的女將軍；
現在的她，是嚴氏集團總裁的第一夫人；
他是寵她愛她的嚴縱，也是曾經默默守護她的九王爺；
她在那場暗算中摔下懸崖，卻不料來到這個陌生的時代，遇見了那個命中註定的男人；

他與她的前世今生，到底是孽緣的循環，還是佳偶天成……",469,4
668,商少，夫人貓病又犯了,愛情,完結,149,0,0,,https://mojoin.com/novels/3032,"傳聞林喵喵又醜又煩人，還對商臨淵用盡各種手段才嫁入商家！
可明明……是商臨淵追在林喵喵身後千方百計把她寵成一隻貓！

助理，「總裁，夫人想要最新款項鍊。」
商臨淵，「買！」
助理，「總裁，有人在娛樂圈散播夫人的謠言！」
商臨淵，「查出來，踢出娛樂圈！」
助理，「總裁，夫人說要跟您……離婚？」
商臨淵臉色一沉，「這是又在怪我沒好好陪她了。」
他立即放下手頭工作，將林喵喵堵在牆角。
林喵喵生無可戀，「商臨淵，你給我滾遠點！」

她明明就是受不了他天天粘著！怎麼就變成沒好好陪她了？",276,4
669,陛下：皇后要出牆,愛情,完結,0,0,0,,https://mojoin.com/novels/3031,"萬蓁前半年順風順水，家大業大，最後坐上了皇后的寶座。
沒想到臨了卻在陰溝裡翻船，連說與她一起看山河的男人將她扔進冷宮自生自滅，轉身就抱上自己的庶女妹妹。
再度重生，家大業大不復存在，卻撞見自己洗心革面的『前夫』。

蓁蓁，這是我親手為你做的桂花糕，你快嘗嘗。
「陛下，請自重。」

蓁蓁，你看枝繁葉茂的大樹，早晚咱們也生那麼多孩子。
「陛下，皇后已經去了，奴婢不是皇后。」",315,4
670,一縷飄散,愛情,完結,0,0,0,,https://mojoin.com/novels/3019,"天朗氣清，即將遲暮的陽光照耀著湖畔，此時落了一場微雨。
青山綠水，柳絮紛飛，他與她比肩站在亭內。

色授魂與的他們，望著彼此明亮的眸，他揚起一抹寵溺的笑，
「等你好久了，阿羽。」
煙霧散去，雨聲停歇，她回以一笑，
「雨停了，我們回家吧。」
而今而後，他們攜手走過這浮生，生生世世，永不分離。
「我想，如果沒有與你相遇，我還有辦法如此幸福嗎？」
在金波閃爍的湖邊，手握著古老權杖的女術師，
等著那人緩緩到來，執起她的手，對她說──

「妳不必擔心，因為，不論如何，我一定會來到妳的身邊。」",282,5
671,雨之畫作,愛情,完結,120,0,0,,https://mojoin.com/novels/3018,"在一個充滿人情味的鄉村小鎮。
喜歡繪畫的高中生與青梅竹馬在小鎮畫室裡學畫多年。
在一個美得如天使降臨凡間的天才轉學生加入了畫室後，打破了原先他們微妙的關係……

當他們發現三人中曖昧的情愫蔓延開來時，那天使般的女孩卻因為遠在歐洲的父親而必須再度轉學……

「快要下雨了呢！如果有人正在哭泣，你一定要安慰她。那不是她的錯。」",428,5
672,病弱王爺能寵妻,愛情,完結,0,0,0,,https://mojoin.com/novels/3016,"前世

夜景辰對我說：「待我歸來之日，就是娶你之時。」
只是沒想到，他對我的承諾，不過是因為我還有利用價值。
我只是他手中的利劍，為他斬除一切荊棘。
就連視我為生命的那個男人也被牽連致死。

今世

夜景辰還是那個高高在上的太子。
只是群臣廢黜，烽煙狼起，物是人非。
唯一相同的，是那個人依然愛著我。
他對我說：「我的心裝滿了你，無論星辰顛覆，無論滄海桑田。」
如若重來，仍負天下不負卿。",338,4
673,留取春色滿京都,愛情,完結,0,0,0,,https://mojoin.com/novels/3015,"「我只是不想再頂著别人的臉，像是個小偷，偷著本應是屬於她的寵愛，虛假地在這個地方活一輩子了。」

從我愛上你的那一刻起，我便不想了。
灼華宮里火光曳曳，衛蓁站在火光裡，看著宮院內，那株老桃樹上吐出的花苞和新芽。
桃枝夭夭、灼灼其華，這是宋瑯送給那個人的盛景，不是她的。
包括她在這座深宮裡所受的風光榮寵，也都不是她的。
一張人皮面具，一份無上榮寵，待謊言和臉皮一起撕破，宋瑯，你再見我，對我又能有幾分情呢？",308,4
674,拿了反派劇本後我無敵了,愛情,完結,2639,0,0,,https://mojoin.com/novels/3003,"別人的快穿，系統宿主和諧相處，共同進步。

秦嬌嬌的快穿：「喊我爸爸，不喊我就炸穿這個世界。」
系統零貳叁：「……爸爸。」

「給我改變劇情，不然我就淹了這個世界。」
系統零貳叁：「……改了。」
……
宿主各種作妖，馬甲被扒了一層又一層，系統零貳叁苦不堪言，發誓要搞死這個狗比宿主恢復自由。
後來——
嬌嬌你真棒，嬌嬌你真強！
專門在位面世界裡吃軟飯的某人：「怎麼又來了一個吃軟飯的」
吃軟飯一時爽，一直吃軟飯一直爽！",368,4
675,重生醫妃：我家王爺帥爆了,愛情,完結,1,0,0,,https://mojoin.com/novels/3002,一朝穿越成為將軍府孤女，受盡委屈卻能憑藉一身本事在皇朝中掀起一番風雨，在血雨腥風中遇見自己的良人，與此人並肩而立，同甘共苦，創造一世繁華。,131,4
676,重生為凰：毒妃寵上天,愛情,完結,11,0,0,,https://mojoin.com/novels/3001,"前世，她苦心助他登上皇位，換來的卻是負心漢與她表姐苟且，
弒殺親子，滅她全家，斷她十指的下場。

恨意滔滔，她涅槃重生。
負情之恨，滅門之仇，她一一討回！
刁奴挑釁、庶妹辱罵、繼母蠻橫、渣男糾纏！
血蝶在手，她有怨報怨，有仇報仇，殺牠的酣暢淋漓，揚它個威風八面！
可偏偏遇上那厚臉皮的某王爺，夜夜擅闖她閨房。

「都怪你，對爺使奇門媚術！」
「我沒有！」
「聽說你要鑑定一下爺是不是男人？」
「你滾！」",112,4
677,蝦米？我的女友是笨蛋！,愛情,完結,10,0,0,,https://mojoin.com/novels/2987,"我的女友很笨，不，別誤會，我不是在罵她，這只是陳述事實。
即便只是參加汽車駕訓班，她卻可以讓教練像是待在十八層地獄痛不欲生。
更可怕的是，最後她真的拿到駕照，而且還要拉我上路！幸好我命夠大，不然這個上路，真的就是上路啦！

至於你說我怎麼會遇到她？唉……這個說來話長，想當年……應該要從她直接用臉嚕壁講起。
咳嗯！總歸一句，就是愛到卡慘死吧！",267,5
678,七日花,愛情,完結,0,0,0,,https://mojoin.com/novels/2982,"傳聞只要在一周內，食用七種不同的花，
食花者心愛之人就可以長命百歲、永保安康。
白泉為了心愛的人，決定著手嘗試這個傳說。",319,9
679,重生後大佬叫我小祖宗,愛情,完結,456,0,0,,https://mojoin.com/novels/2968,"「你是我的」
「死也不放手」
睜眼，聽到就是這句熟悉的話。
前世她逃之夭夭，這一世，她緊抱大腿。
冷情冷心，偏執暴戾大佬對上順毛小嬌妻。
外人眼中，傅三爺代表着富可敵國，權勢滔天，心思深沉，神！
傅太太眼中，大型高冷藏獒。
稍微順順毛，挺好用。
這個世界，對於傅三爺而言，只有兩種人。
傅太太，和傅太太以外的人。",148,4
680,穿越獸世：團寵萌醫生崽崽,愛情,完結,0,0,0,,https://mojoin.com/novels/2967,"現代實習寵物醫生穿越到遠古獸世，本以為會走上爹不疼、娘不愛、手撕白蓮的女強之路，沒曾想過的卻是悠哉享受的養老生活。
暮蘿品一口茶，「哎，這日子過的，就缺點甜甜的戀愛了！」
說曹操，不是，說相公，相公到。
上山採藥，野人相公Get！
面對美強俊男，本以為是漫漫追夫路，沒想到……

「娘子，相愛便是夫妻。」
「娘子，何時與我生崽？」
「娘子，既然你不主動那我就……」男人邪魅一笑，熄滅燭火。",384,4
681,穿書之暴君攻略指南,愛情,完結,10,0,0,,https://mojoin.com/novels/2966,"和親公主，一朝被害，嫁給了夜郎國的暴君，
無人不知，無人不曉的廢後，卻一改往日…！
她是21世紀的頂級特工，穿越到了庶出公主身上，睜眼瞬間，又是一個系統在腦中！
尋藥、救人、易容、宮鬥升級打怪，通通不在話下！
至於『寵愛』這個……「王上給點寵唄？」
男子邪魅一笑，「江山都給你了，還不夠？」",235,4
682,相思未休，蘇太傅請自重,愛情,完結,85,0,0,,https://mojoin.com/novels/2958,"「我不過是太后派來的棋子，你為什麼相信我？」
「因為我這個人，聰明......」

一場賜婚，兩人各懷心事。
聰明如蘇太傅，以為沒有自己俘獲不了的芳心。
卻偏偏被拒之門外。
她怕愛上他，只因自己藏著太多的秘密。
有些血債，終要血償。
一世情緣，是否能花開見喜？",242,4
683,為你漫山遍野,愛情,完結,0,0,0,,https://mojoin.com/novels/2957,"在最落魄的時候撞見你，意外又注定。
那夜風和雨都很大，被你撿回家。

你說：「小東西，我可不是什麼好人。」

多年後再次相遇，又是一個雨夜，雷鳴閃電，你是被拔掉羽翼的鷹。
為你傾盡所有，等你再度羽翼豐滿，卻聽到一句「別再見。」
嗯，你提上褲子收收羽翼，讓我忘了你。
事與願違，偏偏再逢……
你說你只稀罕紅玫瑰和白玫瑰。
而我偏偏是一朵山茶。",199,4
684,毒寵天下：狂妃美又炸,愛情,完結,10,0,0,,https://mojoin.com/novels/2956,"一朝穿越，末世女王素兮竟成了雲府的小慫慫嫡女。
頂著一張太極臉，她左手異能，右手劇毒，虐虐渣，遛遛極品，再順道調戲個美男。
一不小心就活成了王炸！

某日，素兮實在沒忍住，衝身後男人大吼：「拜託，能不能不要跟著我了？」
豈料，某人伸手揉揉她的發頂，「不行，萬一有狼群出沒，小兮兒豈不危險？」

素兮撇撇嘴，「你確定自己不是最大那頭？」……",456,4
685,毒妃嫁到：這個王爺我要了,愛情,完結,0,0,0,,https://mojoin.com/novels/2955,"楚卿上輩子貴為宰相嫡女，卻在萬鼠噬心中淒然而去。
她錯信奸人，害得家破人亡，親人橫死。
蒼天有眼，讓她重活一世，哪怕只是青樓花女，她也要用盡一切報仇雪恨！
可死後才知，原以為與自己毫無交集的清冷王爺，卻夜夜在亂葬崗之上為她點燃燭火。
蕭靖然覺得有些奇怪，只是隨手救了個花女，卻給自己招來個小祖宗。
面對美人兒時不時的示好，當朝最絕代風華的九王爺皺了皺矜貴的眉，自然是……",265,4
686,毒后為凰,愛情,完結,0,0,0,,https://mojoin.com/novels/2906,"蕭姝漫是大魏國廢後，受盡冤屈，慘死荒野。
人人都道她不知廉恥，心狠手辣，德不配位。
然而當她重生歸來時，已是讓人聞風喪膽的楊漫，得丹宗傳承，毒醫無雙。
不知廉恥？本宮長得美惹來渣男，是本宮的錯嗎？
心狠手辣？傷過本宮的，害過本宮的，本宮就讓你們看看什麼是真正的心狠手辣！
德不配位？本宮志在長生大道，皇位於本宮都如浮雲！
至於那些總是在本宮面前蹦躂的跳梁小丑……
想做本宮的對手，你們配嗎？

某王：「他們不配，只有本王和你配一臉！」",546,4
687,毒女重生：太子爺的心尖寵,愛情,完結,1,0,0,,https://mojoin.com/novels/2905,"前世真心錯付，心心念念的人將自己利用殆盡，竟一杯毒酒賜死了自己，今生得以重來，她定要斬盡一切妖魔鬼怪，誰敢攔她，她就讓他付出代價！
為了不讓前世的事情再來一次，她跑進了一個男人的馬車裡。
他冷心冷情，面若謫仙，專注的看著自己。
「你還要在我懷裡待多久？」謫仙很兇。
「誰稀罕，我這就走。」她不想再跟人有任何糾纏。
可是，為什麼他會拉住自己，「其實，你想待多久都可以？」
「喂喂餵，說話就說話，動手動腳就過分了！」
「愛妃說的是，那便讓愛妃自己來吧」
原來，兩顆心，早已不知何時，湊到了一起。",138,4
688,昨夜暮已成舟,愛情,完結,0,0,0,,https://mojoin.com/novels/2892,"剛從省城回來的弟弟來看我，打趣道，「喲，姐，我姐夫呢，不會是出去沾花惹草了吧?」
「不會，他天天做飯呢。」
我磕著瓜子，一臉淡定。
沒想到這妖孽出來了。
「你的腰還酸嗎?要不要我給你揉揉?」
晚上，司徒暮與我耳鬢廝磨。
「綠豆糕，要嗎?」他問。
我想著剛剛吃飽，「不要。」
過了一會兒，「棒棒糖，要嗎?」他又問。
我一臉詫異，然後體諒了他道，「要」。
然後就是一番深入淺出。
次日，我躺在床上，揉了一下我的老腰，眼神幽怨。
去特麼的棒棒糖！
收起",406,4
689,幽洲願：此生唯求你,愛情,完結,0,0,0,,https://mojoin.com/novels/2891,"趙十六第一次見忘生時，他被水鬼纏住，她救了他。
他講究知恩圖報，從此黏上了她，要隨她捉妖降魔。
忘生第一次見到趙十六時，隨手殺了只水鬼，卻意外被他給纏上。
她嫌麻煩，想方設法甩開這塊牛皮糖。
某日，忘生不見了，趙十六爬上高樓，「諸位，本王的媳婦不見了。」
然而再次相遇，他卻性情大變。

「幽洲判大人，五百年不見，你還是一點沒變，只是對搶了本尊身體的賊人上了心，委實有趣。」

他獰笑著， 將她逼至角落。
冷漠狠厲過後，她哭著將昔日種種，連著他一同封印於崑崙。
往後餘生，她便守著崑崙，還這欠下的五百年，等他再度醒過來，喊她一句，
「阿笙。」",302,4
690,帝尊嬌寵小魔妃,愛情,完結,1,0,0,,https://mojoin.com/novels/2876,"請問被神秘大佬碰瓷了怎麼辦！ ？ ？
重生後的顏冷玉吸取前世教訓，誓要養死白眼狼，養廢白蓮花，一心修煉，馭獸天下！
誰料開掛的路上，她被人碰瓷了……
此人甩都甩不掉，人畜無害的眼神看得顏冷玉心憐腳軟。
直嘆美色誤人，心想就當養隻小奶狗等恢復記憶就送走。
結果養著養著小奶狗搖身變成高冷帝尊，將她直逼懷裡，眼神威脅：「負責！！」

「帝尊，這是誤會，在下先走一步！」
「顏顏，撩完想跑？沒門！」",126,4
691,帝少心尖寵：花樣嬌妻太刁蠻,愛情,完結,0,0,0,,https://mojoin.com/novels/2875,"從小父母雙亡的她，沒學會人情冷暖，肚子裡滿是壞水。
相依為命的哥哥是個溫柔的人，但再好的哥哥終有分開的時候，本以為從此天高任獨遊，誰知道，居然又跳進了一個叫做『房奇冬』的狼窩。
且看愛情故事，如何演繹...
你，是我的唯一嗎？",251,4
692,封少的專寵小綠梅,愛情,完結,15,0,0,,https://mojoin.com/novels/2801,"【腹黑＋寵妻＋天才】
為了抵抗家族的逼婚，喬窈盯上了俊雅如玉的封譽修。
一不做二不休，成米煮成熟飯不怕他想賴帳！
可是結果怎麼不太一樣？
這傢伙，明明是比她「哥哥」還要變態的魔鬼！
喬窈心裡其實愛著另一個人，可現在說什麼都晚了。
她後悔了，轉身想逃，可某人卻把她抵在牆角……
「想賴賬？已經晚了，你這輩子都烙上了封某人的記號。」",435,4
693,南少，你老婆又跑了,愛情,完結,1,0,0,,https://mojoin.com/novels/2800,"「南少，我懷了你的孩子。」

OMD，居然撞上如此隱秘的一幕。
男子神情一冷，「我不建議你生下來。」
渣男就渣男，不要孩子還講的如此委婉。
她看不下去要離開，卻意外被他的女朋友當成情敵，當眾一耳光。
閃光燈下，新聞頭條，她和他出入酒店，成雙成對。
她拋棄未婚夫，他拋棄懷孕女友……
外界給的誤會重重，二人誤打誤撞一一解開後發現他沒有女朋友，懷的也不是他孩子，一切只是誤會……
一切是他精心布下的局，而她是心甘情願，誤打誤撞跳入他的坑。",310,4
694,侯門庶女太妖嬈,愛情,完結,0,0,0,,https://mojoin.com/novels/2799,"一道天雷，讓她成了時下流行的穿越女。然而，萬幸中的不幸，她穿越成了一個極不受寵的妾室生下的一個極不受寵的庶出小姐。但這又如何？庶出女的人生依舊多姿多彩：
未婚懷了孕，連孩子她爹是誰都不知道？沒關係，一夜風流嘛，自己做的事，後果自己要承擔。
新婚之夜，丈夫不堪受辱，憤然離去？可以理解，傻子才願意做便宜老爸。
只是，大哥，你似乎忘了和我離婚？
女兒生日，天上掉下來一美男？好啊好啊，女兒正愁沒個爹，你來客串一下好了。
只是，男人們啊，小女只是一個小小的庶出，不是什麼香餑餑，我只想和我家小娃娃相伴到老，你們別一起撲上來啃好不好……",405,4
695,幸好流年遇到你,愛情,完結,6,0,0,,https://mojoin.com/novels/2798,"顧清裳，有姿色，有能力，還有一個帥氣的小兒子，外號花瓶中的戰鬥機。
在外人眼中，封易對自己的女兒愛搭不理。
可是在顧清裳的眼中，他卻對她的兒子迷之疼愛，卻也被百般嫌棄。
突來的一場意外，讓顧清裳本來完美的人生被人棒頭一錘，她從陽城人人羨慕的女人轉瞬成了人人喊打的小三！
而他，攜嬌妻女兒，出雙入對，人人羨慕。
而當所有的一切塵埃落定，讓顧清裳以為只剩下濃濃的幸福時——
一場爆炸，一場以性命為賭的陰謀，她屍骨無存。
留給他的，只有一個嚎啕大哭的孩子……",506,4
696,妾心盛寵：王爺不如謀個反,愛情,完結,2,0,0,,https://mojoin.com/novels/2751,"盛綰梔上輩子將那些噁心的嘴臉一個個算計進了閻王殿，然後一把火燒了半邊天，順便了結了自己。
只是再次睜眼，卻發現一切都變了。

盛綰梔以為自己能安心當條鹹魚，奈何蒼天不允。

老父親要她盯著點兒，夫君要她幫著點兒，王妃勸她善良點兒，太子要她聰明點兒。
鹹魚，可真不是她能當的。

生活不易，全靠飚戲。
不能飚戲，還是得算計。",374,4
697,我親愛的傅先生,愛情,完結,5,0,0,,https://mojoin.com/novels/2750,"佟年為了嫁給傅景墨付出了一切，執著了四年後才發現，她除了腦癌已經一無所謂。
她想明白了要跟傅景墨離婚，男人就是不允。
知道了一切真相的傅景墨，「佟年我只愛你。」
佟年，「傅總，你只是替身。」",540,4
698,我家夫人種田拯救我,愛情,完結,0,0,0,,https://mojoin.com/novels/2708,"一場爆炸引起的事故，功德石讓竹笙穿越了，但她還被告知自己的肉體回到了命懸一線的八歲。
無奈只好寄在養父家，一邊報答養父的恩情，一邊償還功功德石與功德塔里那位惡人的救命之情。

自此她上鬥極品親戚，下就種田養家，順便再來個拯救蒼生賺好功德。
誰知，自己做的事情都是在給自己未來夫君抵消「債務」！

「欸，欸，夫人，說好的功德呢？說好的把我從功德塔放出來呢？」

「你自己造的孽，還要我來還？勞資不幹了！」說罷，竹笙便帶著弟弟和父親過上好生活去了。

完了，夫人生氣了，怎麼樣才能哄哄夫人救救我。
在線等，挺急的……",274,4
699,快遞寶寶：總裁大人請簽收,愛情,完結,5,0,0,,https://mojoin.com/novels/2707,"墨逸塵，看著不遠處那個消失多年的女人，身邊有兩個他小時候的翻版，怒氣沖衝的問道：「女人，你是不是該給我一個合理的解釋？」
「長腿歐巴，你介意半路多個寶貝嗎？娶一送二，大寶小寶可以一塊打包的哦！你很划算喲！」顧貝貝勾著墨大總裁的長腿，眨巴著眼睛問道。
「容我想想……」
「別想了！過了這村，就沒了這店！咱們媽咪，可是很搶手的！」顧寶寶插一句。

「寶寶，我娶你們媽咪！現在就可以！」某對顧溪溪虎視眈眈已久的某男，衝出來自我推薦！
「哪來的蒼蠅！自不量力和爺搶女人？」墨逸塵臉一沉，寒氣瀰漫，「爺撕了你！」

「你真是霸道耶！不娶咱們媽咪，還不允許別人娶了？」兩寶搖頭，扶額說道。",407,4
700,快穿系統：上劇情吧！,愛情,完結,0,0,0,,https://mojoin.com/novels/2638,"葉醒心心願一，終日沈溺於網文圈！
葉醒心期待二，日夜與編輯白夜廝混！
葉醒心願望三，網文圈她老大，買房買車養竹馬！
當葉醒心發現自己快穿了之後，劇情跌宕起伏的將她帶入角色，她才發現成神之路慢慢其修遠。
還好大神系統是她的竹馬編輯，那麼大神系統，上劇情吧！",453,4
701,快穿之宿主又在撩男配,愛情,完結,0,0,0,,https://mojoin.com/novels/2637,"一朝重生，頻繁穿越。
為了往後的生活能過得平順滋潤些，程程時常被土里土氣的番薯號系統帶往不同世界完成女主的遺願。
神奇的是，這些世界的男主都渣得如出一轍，男配都帥得秀色可餐。
穿越的日子太無聊，面對如此美男她實在忍不住啊忍不住。
直到某日她發現男配的來歷透著詭異，連繫統都甩不掉。
程程內心種了一片草餵了千萬匹馬。
「這位大爺，你為何總跟著我？」
某男配冷漠臉：「等你來撩。」",303,4
702,君見桃花色,愛情,完結,0,0,0,,https://mojoin.com/novels/2636,"她是一隻修煉千年的桃花小仙，因為不小心搞亂了月老兒的姻緣線，被罰下凡糾正姻緣。
也許是她點兒不正，也許是他太倒霉。
竟然就這樣鑄造了一個桃花小仙和鬼仙白無常的愛情故事。
桃九抓狂：「靠，為什麼又是你！？」
白無常也抓狂：「還能不能好好的厲劫了！你竟然又來破壞我的姻緣！？」
他三世厲劫，偏偏三世的本命姻緣全被她搞亂！
罷了，小九兒，既然都被你玩兒壞了，那就讓你賠給我一個三生三世吧。
桃九眼冒桃花：好，我願意......
————
這是一對歡喜冤家的愛情故事。
也是一個奇葩小仙不斷拆人姻緣，亂牽紅線，越搞越忙越搞越亂的血淚史。
（本文屬性輕鬆惡搞，偶爾小虐怡情，結局大歡喜HE）",458,4
703,妖孽夫君好難纏,愛情,完結,6,0,0,,https://mojoin.com/novels/2635,"「師傅，修仙為了什麼？」
恐怕師傅你都已經忘了當初為何要修仙吧
「那師傅你可知道我為什麼要修仙？」
你知道對不對，你一直都知道。
一段被錯改的記憶，當她與他在紅塵中再次相遇，那糾葛千年的愛戀能否再續前緣。
楊慎穩穩地靠坐在美人榻上，「我擔心你害怕。」
「我不害怕。」
「我擔心山里的野獸誤闖進來驚嚇到你可就不好了。」楊慎說著，慢慢挪向月玲瓏。
「野獸近不了我的身。」看著楊慎慢慢挪過來，月玲瓏淡淡的說道。
「那要是驚嚇到我可怎麼辦？」寶寶求保護。",179,4
704,不正常的戀愛關係(04)我想談一場正常的戀愛啊！(END),愛情,完結,10,10,4,,https://mojoin.com/novels/2463,"一場正常的戀愛──對秋本光來說，是這輩子最大的奢望！
本來以為是已分手的前女友，為什麼轉眼之間，就變成了一隻狗？
還是擁有獸耳跟尾巴，還有胸部屁股的類犬女友啊？
兩個人被敵人追著四處跑，只能四處露宿荒郊野外，
進行野外play，這樣的生活太刺激，秋本光表示承受不住了……

「早安！今天有睡飽嗎？」
少女的臉洋溢著喜悅，精神滿分、很有活力。
屁股後的尾巴高高揚起，不斷搖晃，啪啪啪的左右拍打。
身上只穿了一件純白色的長背心，內褲什麼的大概已經被她脫掉了……
秋本光深深的、深深的閉上了眼睛。",371,5
705,不正常的戀愛關係(03)壞掉的是自己還是世界？,愛情,完結,0,10,3,,https://mojoin.com/novels/2462,"──壞掉的是自己還是世界？

不斷遭受失戀打擊的秋本光，終於放棄一切，
把身體完全交給躲藏在內心的少年。
但傻呼呼的佐緒里第一次面對自己的心意，
卻不知道心上人已經悄悄換人……

神明與少年的契約，即將毀於一旦！

「不。」秋本岸打斷了她的話。「我不想跟妳當朋友。一點都不想。」
「……啊？」佐緒里露出快要哭泣的表情。
「我不能做妳的朋友。我想做妳的男朋友。」",371,5
706,你是我的星辰萬里,愛情,完結,0,0,0,,https://mojoin.com/novels/2548,"被渣男賤女害死後，陳曼曼重生到了周星遙身上。
原本以為自己已經夠可憐了，卻沒想到周星遙更慘。
爹不疼娘不愛，妹妹還要欺負她，甚至連她的室友都與她為敵。
重生一次，她很忙。
既要手撕渣男賤女，又要與人鬥智斗勇，還要在事業上走向人生巔峰。
「親愛的，抽空談個戀愛唄！」薄少巴巴地看著忙成陀螺的她。
「不談！」她拒絕。
「親愛的，來坐過來聊聊天！」薄少不死心地說。
「沒空！」她仍舊拒絕。
「你確定？」
「我確……唔……」
這個臭男人！真煩人！
重來一世，好像談段戀愛也不錯？",155,4
707,你是意料之外,愛情,完結,0,0,0,,https://mojoin.com/novels/2547,"安文從沒有想過，她曾經夢想中的生活突然破滅，老公背叛，孩子父親未知，淨身出戶……
所有不敢想的事情全部發生，在絕望和痛苦的邊緣間，席堯的出現，讓她的世界裡有了一絲的亮光。
幫她嚴懲欺負她的人，站在眾人所仰望的高處，給她一切……
安文以為，席堯便是她一生的歸宿
直到那個自稱是席堯妻子的人出現，安文才覺得荒謬至極。
原來到最後，她才是那個被戲弄的人。
……
當她將心事藏於心底要嫁作他人之時，席堯再一次的出現打亂了她的生活。
「安文，你這輩子只能是我的女人！」
「席先生，你已婚我已婚，我沒有要養情夫的打算！」
席堯將離婚證摔在她面前，「別忘了，你還欠我一個承諾，嫁給我。」",236,4
708,不正常的戀愛關係(02)第一次三人行就達陣,愛情,完結,60,10,2,,https://mojoin.com/novels/2461,"雙女友劇情，一個暴力一個羞怯，
一次初體驗，兩種感受！

女友隨便抓就有，但是通通以失戀做結。
這種劇情，秋本光表示再也不願意繼續下去！
但……人為刀俎，我為魚肉，作為神明的使（奴）者（隸）
今天也要精神百倍的捕捉女友喔！
只是這一次怎麼一竿雙魚，雙胞胎什麼的真的好……刺激啊！

千禾：「死變態，我絕對不會讓你對姊姊做什麼！除、除非，我也一起！」
千律：「其實如果是妹妹喜歡的人，我也可以喔！」
秋本光：「……有人要問我的意見嗎？」",371,5
709,不正常的戀愛關係(01)第一次調教奴隸就上手,愛情,完結,625,10,1,,https://mojoin.com/novels/2460,"飯可以亂吃，願望不可以亂許。
這是平凡轉學生秋本光想對大家說的血淚教訓。
只是參拜了不知名神社，就莫名成了神明的使（奴）者（隸）。
而且神明給的任務，竟是要他與各種奇怪的惡念談戀愛？！
面對乳量驚人的惡念姐姐，秋本光覺得自己的貞操即將不保！
……現在買貞操帶還來得及嗎？",371,5
710,吃貨相公財神妻,愛情,完結,2,0,0,,https://mojoin.com/novels/2533,"【穿越】【美食】【種田】【經商】【高甜】

秀才遇上女霸總，有理說不清！
陸玥萬萬沒想到自己這一堂堂上市公司CEO，居然有朝一日會穿越，並且還淪落到靠生兒子來爭家產的地步？
不行，絕對不行。
不給她家產！她就自己掙！什麼？她爹給她抓了個解元相公？這滿嘴之乎者也的還是休了罷了！誒，等等，好像可以做個名人效應！

「柳三思牌解元雞，不是狀元就探花！」
但是怎麼越看越覺得這小相公長的還挺帥，不如改造改造……

本來被榜下捉婿就夠悲慘了，柳三思沒想到自己在新婚之夜居然還被娘子踢出了閨房，一時間成為了整個學子圈的笑話……
還沒來得及重振夫綱，就發現用自己名義命名的解元雞居然賣的火爆？

「你拿我攬生意，簡直有辱斯文。」",491,4
711,江山為聘：重生貴妃不好當,愛情,完結,0,0,0,,https://mojoin.com/novels/2532,"上一世，宋清淺作為名門閨秀，權臣嫡女，風風光光活了二十載，是皇帝身邊最『寵信』的貴妃。
她以為自己注定了一生順遂，千金萬貴。
直到大火燒紅了建安的半邊天，宋氏一族盡數落獄，她才知道，她爹是謀逆之人。
一朝雲端墜落被囚，唯恐受盡屈辱的宋清淺選擇了自盡。
再次睜眼，竟重生回入宮前夕。
她知道眼前這個疼愛自己的爹，終有一天會拿起屠刀，慘敗於皇城之下。
她也知道和氣笑著的帝王，早已洞察了宋氏的逆謀造反之心。
所以她必須趕在悲劇發生之前，拯救自己和家族的小命。
————
盛瑾瑜不明白，自己作天作地的貴妃為什麼突然狗腿了起來。
宋清淺：怎麼抱皇帝大腿顯得本宮下跪的姿勢比較有尊嚴些？宮裡等，十萬火急！",467,4
712,總裁，請不務正業！,愛情,完結,599,0,0,,https://mojoin.com/novels/2307,"一場車禍，讓余雙的好友陷入了昏迷，
而余雙萬萬沒有想到，讀了好友未完成的小說後，
她就這麼穿進了故事裡，變成霸道總裁陸云初的未婚妻！
只是她這個未婚妻有名無實，設定上他們是假裝成戀人，
因為陸云初早就心有所屬，可對方卻是他兄弟的女友──這什麼貴圈真亂的節奏！？

本來余雙覺得也罷了，對她這個實際上只有十八歲的少女而言，
陸云初就只是個保養比較好的帥叔叔，他倆不會有什麼未來。
雖然外冷內熱、細心體貼的他正好是她的菜，
雖然她發現自己面對陸云初時，好像越來越無法控制心跳……",305,8
713,尋找幸福要在穿越後,愛情,完結,151,0,0,,https://mojoin.com/novels/310,"這是一個沒有魔王與勇者，沒有龍傲天，沒有魔法學園，沒有要拯救世界，沒有要成為世界最強。只有一群青春少年少女們，在異世界尋找幸福的故事——
喜歡粉紅色，人際關係熟練度0的少年——邱爾穿越到異世界「萬象」隨即陷入瀕死，死前發現失蹤阿嬤的線索。
為了找到失蹤的阿嬤，完成與阿嬤的約定——與人組成溫暖的家。
邱爾答應魔鬼夫妻「救出女兒」的條件，免於一死的他闖入凶險監獄，邂逅了外表端莊，喜歡藍色，性情粗魯野蠻的少女——夏蘭．特利悉那。
不料相遇的兩人，在他人作弄下，一腳踏入彼此黑暗的過去。
「我要粉紅色……我不要寫考卷……」
「承諾嗎……那明明……那明明是最不值得相信的東西。」
成績至上、性別刻板印象、處女情節、凌虐他人為樂的幸福，種種枷鎖把兩人纏得喘不過氣。
「不管發生什麼事，我都要找到阿嬤，與人組成溫暖的家！」
在這個殘酷又溫柔的世界，邱爾能找到阿嬤，與人組成溫暖的家嗎？他和夏蘭真的能幸福嗎？",369,6
714,仵作小娘子,愛情,完結,0,0,0,,https://mojoin.com/novels/2499,"「一拜天……」
「拜什麼拜？她是本王的！」
傲嬌王爺來搶親，某位始作俑者卻後知後覺。

「王爺是來觀禮的？隨了份子錢沒？」
「本王把自己隨給你！」
「這禮太重，民女收不起。」
某王爺笑了一聲，「把你賠給本王就夠了！」",470,4
715,本王的專寵愛妃,愛情,完結,0,0,0,,https://mojoin.com/novels/2498,"前前世，神武大陸神秘門派少主；
前世，21世紀殺手；
這一世，我主沉浮。

她不想舉世無雙，只想肆無忌憚的活著。",273,4
716,看見新世界,愛情,完結,0,0,0,,https://mojoin.com/novels/2453,"經歷過白色恐怖歷史的家族秘辛
曾在日本天皇、獨裁者希特勒、大文學家川端康成和哲學家海德格面表演魔術的魔術師……
和我的愛情
都在那次流星般的金幣雨後成了過往──

直到大學的某一天，她來找我，帶來驚人的真相！
在眾多好友的幫忙下，我實現家族傳奇魔術師遺留的絕秘魔法，看見嶄新的世界……",428,5
717,獵食者,愛情,完結,0,0,0,,https://mojoin.com/novels/422,"他們擁有人類的外貌，與人類共同生活著；
他們多半外表美麗，智商過人，然而，與人類最大的不同是，他們只能依靠獵食特定的「食物」維生。",354,6
718,末世之訓夫有道,愛情,完結,0,0,0,,https://mojoin.com/novels/2359,"前世，一場詭異大雨，一場無端流感，導致末世來臨。
顧優沉浮於末世之中，最後卻落得慘死在實驗室內。
機遇偶然，讓她重生回到末世前，而且老天爺還給她開了金手指。
一朝翻身，由一個頭腦簡單四支也不發達的普通女大學生徹底長成末世一顆耀眼的新星。
顧優發誓，這一世她定不要做那個被人踩在腳底下的螻蟻！
……
身在人心險惡的末世之中，顧優沒想到自己居然會落在了某個男人手中。
既然已經落入了某人手中，那不如就順從。
「身嬌體軟，易推倒！」
某女厚顏無恥加上異常銷魂的躺在床鋪上勾引著某男。
男人毫不客氣『磨拳霍霍』",294,4
719,王爺的醋罈子又翻了,愛情,完結,0,0,0,,https://mojoin.com/novels/2358,"一朝穿越，她成了出身顯赫的相府嫡女，結果被人追殺不說，還捲入到了一個驚天密案之中，幸好有位白玉美人幾番仗義相救，可是無名無姓，無法報恩，期間還要被腹黑王爺窮追不捨！

「這破玩意兒能當定情信物？」
「那這個如何？」
腹黑王爺將她攔腰抱起，薄唇傾覆。

「你……」
「本王親自己心愛的女人，不行嗎？」
行行行！楚公子說什麼都對！既然無法逃脫，那就隨心而行，踏十丈軟紅，許一人以終老，知交美酒，踏馬高歌，何處不是逍遙人間！",134,4
720,愛的多重宇宙,愛情,完結,704,0,0,,https://mojoin.com/novels/2352,"在這彩虹旗幟飄揚的月份，文學星邀請到四位作家，用溫柔的文字詮釋愛的多重樣貌──

BL〈我在便利商店撿到一隻男神〉吐維
在便利商店上大夜班時，我在門口撿到了一隻神，是個男的。
他不僅全身光溜溜，還一副很餓的樣子蹲著發抖，就像隻可憐的大型動物（身材很好的那種）。
我只好把男神帶進店裡，用擦咖啡機的毛巾把他擦乾，拿被壓扁的麵包餵食他。
吃飽喝足後，男神說，他可以實現我一個願望。
「那你可以幫我洗咖啡機嗎？」
「嗄？」
更正前言，我撿到了一隻會洗咖啡機的男神，開心。
「所以你真正的願望到底是什麼？有很多錢？還是交女朋友？」
男神一邊洗咖啡機一邊追問，我沉默了下。
「即使是神，也沒辦法讓死去的人活過來，對吧？」



BL〈沒有忘記你〉悍兔
警察林明義下崗回到自己剛買一年多的房子時，發現有個陌生男子試圖翻牆進去，還義正辭嚴地說：這是他家、他忘了帶鑰匙。
這名言行古怪的男子一下說要去見早就歸西的鄰居阿嬤，一下忘了自己早就不住這邊，卻又記得屋子的鑰匙藏在花園盆栽下、記得附近小店的陽春麵沒這麼多肉片、記得那個匆忙來接自己的男人怕狗。

他的世界一片渾沌，無法組織的記憶時而陌生時而清晰，卻唯獨惦記著一件事──他得回家。
這份深烙於心的渴望一次次帶著他逃跑，讓他一次次回到愛的人身邊……



GL〈小紫〉路奎
五年前，姊姊和小紫在海邊的旅館殉情，但是只有姊姊死了。
我的心從此彷彿空了一塊，只能試著用忙碌於生活，來假裝姊姊從未存在過，
可是有一天，小紫出現了。
小紫說，姊姊和她曾經想要一起環島旅行，並邀請我和她一同完成這個約定。

我不知道自己為什麼答應她，也許是因為一切都還不太真實，也許是因為小紫給我一種熟悉的感覺，
也許是因為──只是因為，我很想念姊姊……



GL〈私奔到月球〉刃心
我的好朋友萱寧要結婚了。在婚紗店工作的我，從沒想過有天會為自己最喜歡的人穿上婚紗。
我知道她深愛著那個人，所以我希望她能夠幸福，即使那個人總是無法陪在她身邊，即使她總是為了那個人心傷。

而當萱寧試完婚紗，我們一起踏出店外時，一顆流星突然劃過天幕，接著，一台機車從旁邊的小巷衝了出來。

在把萱寧拉開，卻發現自己閃避不及的那一刻，我許下了願望──
我願意用我的心碎，換她的一生幸福。",147,9
721,天價婚寵：易少情深不悔,愛情,完結,0,0,0,,https://mojoin.com/novels/2322,"左小活了這麼久，好不容易看上個男人，竟然被「小三」了！
呵！渣男慢走，老娘不送！
年下小奶狗不香嗎？老娘一揮手一大把！
何必在你這個「老渣男」身上浪費青春！
但是這老男人卻不依不饒了……
「易先生，您太老了，我們不合適！」
「老點經驗多！」
「易先生，您已經有老婆了，我可不做小三！」
「你吃自己的醋？」
「易先生，我們分居吧！」
「好滴，今晚我睡你屋！」
「！！！」
開葷老男人*彆扭小嬌妻的婚後甜蜜日常~",199,4
722,公主傾城，鬼王要報恩,愛情,完結,7,0,0,,https://mojoin.com/novels/2321,"穿越成一位落難公主已經夠悲催了，偏偏禍不單行，還被一隻小鬼糾纏不清。
每天提心吊膽的擔心被追殺的同時，還要時時提防小鬼趁機揩油吃豆腐上下其鬼手的騷擾。
「我可以幫你報仇，重新奪得天下！」小鬼豪言壯語。
哈啊？報仇是什麼鬼，她只是一個倒霉的穿越鬼靈魂，只想趕緊找到回家的方法。
「至於幫你報仇的的報酬麼，以身相許如何！」小鬼臉皮比城牆還厚。
噗~
嫁給一隻鬼，還不如再死一死。
不過，升級打怪中，怎麼發現這小鬼越來越帥，勾得她的小心肝時不時的……",464,4
723,嚴冬不肅殺,愛情,完結,2,0,0,,https://mojoin.com/novels/743,"嚴冬不肅殺，何以見陽春？

五年前，權臣蕭家篡奪皇位，玄北易主，遂改李朝為蕭氏，國號冥玄。
新皇即位之後立即斷了原李朝的左榜右臂，離氏和王氏家族接連慘死在蕭家之手。
五年後，一位頭牌舞姬凌雪橫空出世，玄北貴人們一時之間沉浸於紙醉金迷中。
一位麗人，一場復仇，她立誓要為火中鳳，不再任人宰割。

女孩攜著仇恨而來，一腳踏入了鬥爭之中，然而這背後的勢力盤根錯節，遠遠比她想的陰險艱難，命運的齒輪開始轉動，一場陰謀悄然揭開……
國家有四：玄北、南薰、柳東、金西

|神仙書封| 感謝芯虹",329,6
724,灼心摯愛：總裁，別來無恙,愛情,完結,39,0,0,,https://mojoin.com/novels/32,"遇到安子濯是她一生最大的劫難，他千方百計的要她愛上他，只為得到她的心。
她千躲萬藏，甚至差點丟掉性命，卻依舊逃不過愛上他的宿命。
然而，被奪走了心臟，沒有心的她，什麼都不是。
心灰意冷，破繭成蝶，不再愛亦無恨，她當他是個陌生人，他卻逼她在牆角，吻她耳根，沉聲說他愛她……",490,4
725,霍先生，還親嗎？,愛情,完結,2370,0,0,,https://mojoin.com/novels/362,"年紀輕輕為他生下孩子，三年後再見，她卻不知道，被譽為百年難見的天才神童——
是她生的，而神童的親生父親竟然是位超級大佬，將來也會和她睡在一張床上！

傳聞大佬不近人情不近女色話少面癱，可偏偏向晚第一次撞上他就栽了跟頭！

第一次被大佬堵門，「霍先生，男女授受不親……請你自重……唔……」
第二次被大佬壁咚，「霍先生，我不是個隨便的女人，請你……唔……」
第三次被大佬碰瓷，「霍先生……」

「嗯？」霍先生那張萬年禁慾系的英俊臉龐貼近向晚，眼瞳微瞇。

向晚很不爭氣的慫了：「霍先生……你究竟想……唔……？」",525,4
726,重回八零：獵戶寵妻甜如蜜,愛情,完結,0,0,0,,https://mojoin.com/novels/286,"宋桃花穿到了八十年代最破落的小山村。
原主為了給娘下葬，將自己賣給了獵戶。

宋桃花本來想賺夠了錢，還給獵戶就離婚，可沒想到獵戶竟然是隱藏大佬，龍傲天小說中一巴掌拍死人那種武力值，嚇得宋桃花這顆鮮嫩欲滴的小白菜，恨不得將大佬當祖宗供著。
可天天好吃好喝的供著，大佬賴在她床上不走了。

俗話說，伴君如伴虎，宋桃花也怕這大佬一言不合拍她一巴掌，那就一命嗚呼了。
宋桃花打算捲鋪蓋走人，逃之夭夭，大佬卻十分強勢地擁她入懷。

「小媳婦，你到哪裡去？」

宋桃花閉上眼，小爪子不情不願地在大佬的腹肌上抓了一把：
承認吧，你就是饞他的身子！",183,4
727,飄洋過海來愛你,愛情,完結,6,0,0,,https://mojoin.com/novels/912,"顏寧追徐長風時，轟轟烈裂，沸沸揚揚。
第一次見面，顏寧就悄悄對徐長風說，「總有一天，你的人跟心都是我的。」
顏寧是這麼說的也是這麼做的。
都說女追男隔層紗，但顏寧覺得她與徐長風之間隔了千山萬水。
終於，他態度有所鬆動，但隔天她被遠送重洋。
六年後，再相遇，她是嫌疑人，他是警察。
顏寧：徐長風，你不懂我的情，盼的只是飄洋過海來愛你。",522,4
728,毒后傾天下,愛情,完結,0,0,0,,https://mojoin.com/novels/205,"炎國是九州大地上的一個國家。
本來是軒轅家的天下，卻因為國王無能，被大將軍靈善奪了天下。
太子軒轅曄與皇子軒轅逸逃亡。

十年後，軒轅曄起兵，奪回炎國天下，處死靈善。
靈善的小女兒無憂公主不肯做軒轅曄的皇后，自焚……

兩年後，已經飲下忘川水的無憂公主在岐水河畔被逍遙侯爺發現，因其相貌與無憂公主相像，被帶入侯爺府暗中培養……",509,4
729,盛世雙妃,愛情,完結,0,0,0,,https://mojoin.com/novels/197,"一朝夢醒，她被肥頭大耳的男子壓於身下。
能忍嗎？
不能忍。
她抬手便要了男子的命，順便搶了他家的錢。
錢還沒焐熱，病嬌公子便要求與她分帳。
笑話，本姑娘是好惹的人嗎？
咦，好像打不過。那就只能，溜了，溜了",292,4
730,喜嬌娘,愛情,完結,0,0,0,,https://mojoin.com/novels/259,"千嬌百媚小神棍，一朝穿越成炮灰！
相公妖邪纏身，婆家敗光家產
親娘家窮的底掉，養母家不安好心
認命？那是不可能認命的！
逆天改命專八畢業，高深術法吊打極品！",94,4
731,特工醫妃，專治腹黑傲嬌帝,愛情,完結,0,0,0,,https://mojoin.com/novels/254,"她帶著最頂尖軍醫系統，穿越了。
代號000的特工軍醫變成了一個被打入冷宮的棄妃，哎，棄妃就棄妃吧，反正冷宮裡，住著也挺涼快的。
可是為什麼娘娘們天天上門來示威，大小王爺隔三差五來調戲，奴婢踩到她的頭上來，比主子還囂張……從此，她號稱鬼手醫聖，專治各種作妖。
可是，那隻成天要壓著她，生娃娃的腹黑帝君怎麼治……
林凌凌背上小包袱，準備跑路。前腳剛剛翻牆，後腳就被男人一把拽住了。

英俊邪魅的帝君，眉頭一挑：「哼，帶著朕的寶物，你還想跑？」
林凌凌不服氣：「我什麼都沒帶，我這可是是淨身出戶！」",103,4
732,婚然心動：契約老公請輕寵,愛情,完結,9,0,0,,https://mojoin.com/novels/148,"未婚夫出軌那天，我跑去酒吧買醉，結果卻遭人下藥。
我以為我要完了，直到顧凌年的出現。
「你們想幹什麼？」
那時我看著從黑暗箱子裡走出來的顧凌年，心想真他媽帥。
所以當他問我要不要跟他結婚的時候，我就毫不猶豫的答應了。

至於婚後日常，當然是：
「老婆，起來吃飯了！」
「夏七婉，沒穿襪子不許光腳踩地！」
「夏七婉，只要你想，全世界我都可以給你！」

這世間最難得的事，莫過於遇到一個真心對自己的人。
我遇到了顧凌年，也希望你們能遇到屬於你們的『顧凌年』。",95,4
733,婚內燃情：撒旦老公請溫柔,愛情,完結,0,0,0,,https://mojoin.com/novels/79,"幸福美好的婚禮現場突然被人打斷，這輩子她怎樣也不會想到的是，會出現一個人將她從婚禮現場直接劫走，直接將她期待中的所有美好打破。
但誰又能預料到，在她新婚之夜丈夫就已經背著她出軌名模，她忍，婚後兩天，丈夫帶著小三登堂入室，全然不將她放在眼中。
救她於悲傷中的男人卻帶著一身的秘密替她復仇並保護了起來。",109,4
734,婚婚欲睡：金主大人，來勁了！,愛情,完結,0,0,0,,https://mojoin.com/novels/69,"人人都說CE總裁顧寒城高冷不近人情，莫初卻覺得傳言有誤，第一次見面熱心的幫忙解圍，只是這圍解的……令她不堪回首。
再次見面，他竟成了金主大boss？她還要不要在公司混啦！
淡定淡定，她只是一個初入職場的小透明而已，大老闆是不會關注到滴。
豈料大老闆日理萬機，卻能準確察知「每位員工」的一舉一動，手把手教她適應工作，做到全「身心」投入公司。
「什麼，連結婚都能幫忙？」莫初驚了個大訝。
顧寒城邪邪一笑，將她逼到牆角：「我還可以幫忙生孩子。」",77,4
735,他說逢愛做戲,愛情,完結,0,0,0,,https://mojoin.com/novels/20,"當愛已曾往事，誰又能說曾經沒有愛過呢？只不過那份愛情褪色了……
當擺脫了渣男，轉身遇到另一個男人，你是否又敢再次付出自己的真心呢？
愛情總是讓人先紅了臉再紅了臉，這時間的情情愛愛如若能輕易的放下，就不會有那麼多心酸與不捨。
一個從校園純愛走到離婚的地步，陸曉婉也算是徹底對男人死心了，可偏偏遇上了他……",110,4
736,協議婚約，容夫人不好當,愛情,完結,0,0,0,,https://mojoin.com/novels/1050,"一紙協議，把兩人的命運，緊緊捆綁在了一起；
遇到她之前，他心裡有另一個女人；
遇到她之後，除了那個女人，他的心裡只剩仇恨……",52,4
737,偏偏就想嫁給你,愛情,完結,0,0,0,,https://mojoin.com/novels/1039,"【喜歡他的人排到了路邊，他卻獨寵她一人。】
他是眾所周知的高冷學霸，潔身自好，冷冽，帥氣。
他光彩奪目，是她世界裡的唯一陽光。
喜歡他的人排到了路邊，而她是最卑微的一個。
表白失敗，她被堵台上，情書被當場宣讀。
情敵圍攻，眾人嘲笑。
她心中委屈，眼淚盈眶，卻沒注意到那個高大的身影。
一把奪回情書，男人目光凝冽：「誰給你的膽子，欺負我女朋友？」",51,4
738,嫡女風華,愛情,完結,0,0,0,,https://mojoin.com/novels/1011,"遭人陷害慘死，醒來時，她已不再是殺手莫離，而是正在慘遭皮鞭痛打的將軍府嫡女。
為了抬頭做人，她遵從神秘老人的意思，苦練《芙蓉訣》。

歷盡千辛，終於得知自己身份，原以為可以跟愛人相守一世，奈何他早已有了婚約。
罷了，既然不屬於自己，不如選擇放手。

沒有想到的是，自己枕邊的戀人，竟然是個徹頭徹底的奸細！
命運多舛，摯愛背叛，世間到底誰可以依賴？

上天造化，生我莫離，必有重用。
放手一搏，且看我重拾聖界，鳳舞九天！",65,4
739,重生嬌妻：寵妻霸總輕點來,愛情,完結,2371,0,0,,https://mojoin.com/novels/857,"「我說了，我要娶你」
「誰說要嫁給你了？」
一夜狂歡，霸總竟然以身相許。

前世性格內向，天性純良，年少成名的舞蹈天才，被其同父異母妹妹聯合愛人設局背叛，不但失去了一條腿，更是在繼母買通家庭醫生後，險些喪命。
最後，得知一切真相之後徹底崩潰，以最決絕的方式與繼妹同歸於盡，意外重生穿越回到了十八歲失去初夜當晚。
重生歸來，重活一世且知曉一切真相的蘇安，開始逆襲，絕地反擊！",70,4
740,末世重生，黑料千金要修仙,愛情,完結,0,0,0,,https://mojoin.com/novels/698,"（女強＋末世＋修仙＋空間1v1）
葉輕靈，現代葉家棄女，被娛樂圈流量小生王勝楠無情拋棄。
再醒來時，她竟穿回了末世來臨前一周，不僅得到了修仙秘籍，還開啟了丹田空間！

好傢伙，那她就在末世修仙！
等等，這顧南崢什麼鬼？畫風偏了吧？！

被葉家千金葉清舒挖了靈核的江城最強守護者顧南崢，重生回了末世到來前一周，手握大男主重生劇本，顧南崢發誓要讓整個葉家陪葬！
雙大佬碰撞，顧南崢反悔了，陪葬不假，葉輕靈除外。

次日，「瘸子」顧南崢與葉家棄女的訂婚成為江城笑柄。
可當末世來臨，喪屍來襲，望著隔壁高樓上看戲的少女和她身側輪椅上的顧南崢。
眾人紛紛哀求：「大佬救命啊！」",68,4
741,不能愛,愛情,完結,30,0,0,,https://mojoin.com/novels/627,"她說我的愛如桔梗花，是永恆之愛卻也是絕望之戀。
菲爾羅斯‧伽米爾，在十三歲生日晚宴時，祖父向外界宣稱他即將為菲爾羅斯家族的第十三代當家。
伽米爾欣然接受賓客所贈予的祝福。
只是生日才剛過，一向被他認為是菲爾羅斯家唯一的鬼房間房門卻開了？

他跑去偷看，見著裡頭站著一名高貴的女子。
在他一頭霧水時，母親跟他介紹那女人是菲爾羅斯‧莉莉安。
那女人是母親的姐姐，原本被預定為菲爾羅斯家族第十三代當家的繼承者。
但是他可沒聽過自己有叫做菲爾羅斯‧莉莉安的親人啊……

聽到這消息的伽米爾十分震撼，他昨日才剛被宣稱為繼承者，如今真正的繼承者卻回來了？
他從小就在為扛起這個家族做準備，如今繼承者回來，那他是不是喪失繼承權了？
然而更糟糕的情況是，他對這位與自己有血緣關係的人動了心……",168,3
742,重生後將陰鬱老公寵上天,愛情,完結,10,0,0,,https://mojoin.com/novels/247,"【重生+現代言情＋豪門總裁＋寵妻+甜寵+腹黑+女強+追夫】

重生前，鹿綾有最好的姐妹。
後來鹿綾才知道，原來她的姐妹看上了她的老公，還因為得不到她老公而要燒死她。
再後來鹿綾又發現自己深愛的男人接近她竟然只是為了她的權勢
鹿綾看莫邵亭百般不順眼，覺得他強娶自己簡直就是舊社會的糟粕。
「莫邵亭，你給我滾。」
結果莫邵亭為了救她而甘願喝下毒酒，只可惜渣男渣女說話不算話，還是將她一把火燒了個精光。
再醒來的時候，鹿綾發現自己重生了。

渣男渣女虛情假意，鹿綾直接一巴掌扇過去。
轉身投到莫邵亭懷裡，可憐兮兮：「老公，我手疼。」
莫邵亭望著鹿綾一點痕跡都無，白皙且光滑的掌心陷入沈思。
這是有事情呢還是沒有事情呢？
ps熱烈如火大小姐＆陰鬱冰冷大總裁。",63,4
743,你是心上高嶺花,愛情,完結,0,0,0,,https://mojoin.com/novels/1111,"重生前，我魂牽夢縈心心念念的人，始終是他。
只是懦弱到至死也沒能向他表白，即使到了傳說中世界末日的那一天。
後來，我重生了，帶著往昔的記憶。
這一世，我一定要和他在一起！

只是……
重度外貌協會的葉雨澤可真不好追。
我：你將來會找什麼樣的女朋友？
他：長得漂亮的。
……
我：我覺得你是個很好的男孩子……",40,4
744,反派大佬的心尖寵,愛情,完結,1,0,0,,https://mojoin.com/novels/960,"意外穿書後，季辭成了反派大Boos的未婚妻。
人都說，只要反派長得好，三觀跟著五官走！
面對美色當前，季辭絕不犯慫！擼起袖子就是乾！
家有未來大反派怎麼辦？
當然是君子動口不動手啦～
咱是文明人，咱要講道理，要用愛心去感化～
正當季辭苦口婆心，費盡九牛二虎之力即將感化反派大Boos的時候，她猛然發現，這傢伙居然是個偽反派？",37,4
745,快穿之炮灰女配是滿級大佬,愛情,完結,0,0,0,,https://mojoin.com/novels/587,"【現代言情+豪門總裁+系統+幻想言情+快穿+甜寵+寵妻+爽文】

衛苒之意外得到狗系統開始了「打怪」生活，然鵝，在敵人到達戰場時才發現她是炮灰！
只要她作到死，忍到老就可以大圓滿？
作死？呵……呸！在線改命！
面對「可憐，弱小，又無助，垂淚欲滴」的第三者，衛苒之點頭：很好，教你做人。
虐渣毫不手軟的衛苒之，本以為是拿了爽文劇本，在被某人死死抱在懷裡才覺悟：她是躺贏。
狗系統看著被摧殘不成樣子的主角，靈魂質問衛苒之：明明是要你當踏腳石頭，你居然成了石敢當？
衛苒之一攤手，很無辜：爬不起來是基因不好，我要為這件事負責嗎？也不是我生的對不對……
把人按在懷裡的牧某人也表示：我幫你贏，你負責躺！",35,4
746,江山若暖，許你情長,愛情,完結,0,0,0,,https://mojoin.com/novels/482,"「暖兒，拿好遺詔，保護好自己，快跑！」
全家滅亡那天，我親眼看著祖父死在我面前，看著親娘和親姐被士兵輪流蹂躪。
我恨，我怨，我拎著長劍殺了出去，我發誓要殺盡那些畜生，直到他走到我面前：「這些不過是走狗。」「想真正報仇嗎？」
那時我仰頭看著他臉上的竹面具，看著不遠處還在被蹂躪的親娘和親姐，恨紅了眼：「想！」
江山若暖，許你情長。濮陽玉珏，我這一生很高興遇見了你，可卻也希望：來世，不再與你相約！",34,4
747,我想偷你的體溫,愛情,完結,0,0,0,,https://mojoin.com/novels/392,"堂妹的婚禮上，伴郎—新郎的小叔竟然對她圖謀不軌。
按照輩分，她應該叫他一聲陸叔，她的兒子應該叫他一聲爺爺。
可是為什麼他總用巧克力哄騙小包子叫他爸爸？不行，不行，這是亂了輩分的事。

沈西洲從沒想過自己這輩子還會有妻有兒，在他的世界裡只有掠奪，可是自從他被一個傻女人撞了車，他似乎覺得前幾十年都白活了。
小樣兒，這次回來，還和他裝不熟，叫他沈叔，這次叔叔就收了你！

小包子：「媽媽，姨媽的丈夫的叔叔是誰？」  
陸南風掰著手指頭算了好久，最終確認：「乖，你要叫他爺爺。」
小包子：「可是他剛剛拿了一盒巧克力，讓我叫他爸爸，」說著吧唧吧唧嘴",39,4
748,嬌俏醫妃：世子爺，超能撩,愛情,完結,0,0,0,,https://mojoin.com/novels/41,"「世子爺，侯爺有案情，希望世子妃去查探一番。」
「世子爺，沈大人請求世子妃出山查案。」
「世子爺，城西有一件非常十分棘手的案件，想麻煩世子妃……」
「娘子，看在本世子這麼誠心誠意伺候你的份上，咱能不能就不出去了？」
「不出去那是不可能的，最多你一道去，給你三秒時間考慮，一，二……」黎煙嵐每天在府內吃吃喝喝喝，順便享受燕珩逸的伺候，絕對的說一不二。
「去！」燕珩逸很委屈，本世子一人的娘子，為何這麼多人覬覦，本世子不允許！！！",45,4
749,法老的女兒,愛情,完結,10,0,0,,https://mojoin.com/novels/519,"戲精白甜小公主 X 城府深沉帥法老，古埃及王室兄妹相愛相殺的羅曼史。
改編自埃及第十八王朝哈特謝普蘇特＆圖特摩斯三世時期。

── ❈ ❖ ❈ ❖ ❈ ──
◉封面來源：灼鴦自繪，角色為奈芙汝瑞
◉雷點提醒：骨科慎入
◉自訂標籤：#正劇 #兄妹鬩牆 #貴圈真亂 #甜甜的玻璃渣
◉角色屬性：
◎圖特摩斯 #埃及法老 #腹黑 #沉穩 #溫柔 #妹控 #佔有慾
◎奈芙汝瑞 #埃及公主 #作精 #甜美 #奶萌 #兄控 #小惡魔
◉搭配歌曲：Jasmine Thompson — Adore
── ❈ ❖ ❈ ❖ ❈ ──

她們肩負太陽神阿蒙拉賦予的責任，誓死守護埃及。
她們的血液中蘊藏著野心，不甘雌伏，不願做男人的陪襯。
她們擅長等待，像母獅在暗處埋伏，直到獵物露出破綻。
她們是──法老的女兒。",324,6
750,逆天神妃：魔尊大人撩一下,愛情,完結,0,0,0,,https://mojoin.com/novels/813,"她，崑崙天選神女；
他，洪荒初生魔仔。
她是他的剋星，也是他的救贖。
一朝重生，她成了人族的痴傻廢物，卻強勢崛起，虐盡所有欺她之人。
他隱身人族渡劫，卻被個傻女吃乾抹淨了，最可氣的是這傻子還給他始亂終棄。
某魔仔咬牙：竟敢給他始亂終棄，看他追到天涯海角，也要她負責到底。
其實就是絕色小姐姐VS俊俏小奶狗的故事。",488,4
751,祕戀,愛情,完結,0,0,0,,https://mojoin.com/novels/524,"沒有人知道，我和當紅明星路邑成在一起，
我們說好了不公開這段戀情。

我明白路邑成愛我，也擔心平凡的我和他交往會招來嫉妒，
所以我願意讓彼此的關係成為祕密。

可是因為這樣，路邑成經常會被其他女生糾纏，
包括那個從高中開始就幻想自己和他在交往的女人……",184,9
752,流浪愛情,愛情,完結,117,0,0,,https://mojoin.com/novels/1036,"從參加各種社團、打工到去各地旅行，芝籬總是如候鳥般四處遷徙流浪。
他曾以為自己能成為她願意棲息的窗沿，但牽起手後，她卻像被握緊線的風箏一樣，無所畏懼地飛得越來越遠。
留他孑然駐足在原地，追不上、又放不了手——
我們就像長毛象一樣，因為被冰封而無法靠近彼此，所以不管妳在地球上的哪裡都沒有區別……
我們都被停在這一刻了。",102,9
753,巫蠱王妃，傾天下,愛情,完結,0,0,0,,https://mojoin.com/novels/1068,"如果有一天你穿越成了和親公主，還是被個毒死的和親公主，你會做什麼？
姬傾城不知道別人做了什麼，反正她是先虐了渣，再吃飽喝足再說。
因為，這位和親公主是位懦弱得連飯都吃不飽的人。
姬傾城穿越來，沒別的願望，就想著離開戰王府。

墨祁一臉傲嬌：「王妃，本王准許你離開了嗎？」
姬傾城一個眼刀子射過去：「本宮離開，需要你批准？」
墨祁立馬焉了，狗腿道：「不用不用，王妃去哪兒，本王去哪兒。」",490,4
754,時光恰似你，一別再不見,愛情,完結,0,0,0,,https://mojoin.com/novels/1045,"展盞的夢想要實現了，像是天上掉餡餅那麼神奇。
展盞：「就算我失敗了，也不會讓我狼狽的退出。」
陸朗勾起一抹笑容，揉了揉展盞的頭髮，「一定。」
看著那個瘦小的背影，陸朗默念，「只要你願意，你永遠不會退出。」
展盞：「程舟揚，你留我一下，我就不走。」",445,4
755,星辰不及你耀眼,愛情,完結,2,0,0,,https://mojoin.com/novels/1027,"前世，她血崩於病床上含恨而終。
今世，她必要那渣男賤女付出代價？
不過，這人幹什麼一直纏著她？
娛樂圈裡浮浮沉沉，拼的不過就是一個演技。
她和她不過就是一場交易，有必要在這裡裝什麼情深不熟嗎？
「哦？是嗎？」
某人看著她面目表情。
「昨天你在床上可不是這樣說的。」
某女：「……」
某cp粉：「啊啊啊啊啊！白蘿蔔又發糖啦！這碗狗糧我不吃！」",337,4
756,清宮，九玉,愛情,完結,0,0,0,,https://mojoin.com/novels/1020,"穿越清朝的白家商女一夜間身份大變，成了董鄂府的遺孤，
從踏入深宮的這一刻起，她便掌握了所有人的命運，
為了心愛人，深陷泥潭，改變歷史，勇鬥后宮，相愛相守不止三百年。
深宮愛戀九皇子、暗中利用八王爺、虐愛情癡雍正帝、少年將軍十四爺、錯付真心鐵帽王、勿忘哥哥、阿莫守護、總有一款是屬於你的……
「阿九，我已經愛你三百年了！」
「阿玉，生生世世莫相忘！」",298,4
757,綰髮似君心,愛情,完結,0,0,0,,https://mojoin.com/novels/1019,"林婉君跟白芷涵同時生孩子。
歷經萬難，林婉君才把孩子產了下來，還未看到孩子一眼，她就昏迷過去。
產婆跑去二爺面前報喜，告訴二爺，林婉君根本就沒有懷孕，只是拿一隻布娃娃在作假。
慕少祁當場黑臉，一氣之下，衝進林婉君的房間，厲言辱罵她。
林婉君身體虛弱，昏睡了小半個月，才又死裡逃生的醒過來。
醒來後，她便開始在府裡找她的孩子……
終於，她發現白芷涵的那個孩子，根本不是她親生的，而是把她的孩子偷了過去。
林婉君本想著要把孩子要回來。可惜根本沒有人相信她，白芷涵又趁著演了一場……",459,4
758,吾向有才，子馭好逑,愛情,完結,11,0,0,,https://mojoin.com/novels/1018,"過勞死便過勞死吧，還穿越了； 穿越便穿越吧，還背了一身的爛桃花； 爛桃花便爛桃花吧，還都是同性。

啊！向子珏感受到了深深的惡意。
三觀易變，取向難移，歡喜姻緣，啼笑皆非。
建劇院，開電廠，通水利，成商王。
向子珏同志背負著二十一世紀的精尖科技體會了一把青史留名的快感。

「這古代就是我小向的天下啊！」向子珏沾沾自喜。
「娘子，你說錯了，是我們的。」遲馭糾正道。
「夫君長得美，說什麼都對。」

這是一個歡快明亮的故事，男女雙潔，喜歡的入坑吶。",241,4
759,愛如初見,愛情,完結,0,0,0,,https://mojoin.com/novels/1013,"在和博弈宸的愛情中，沈天藍一直卑微的存在著，直到他將她至於小三的位置——
「博弈宸，我們分了吧。」
「在我玩兒夠你之前，你休想。除非，你死！」
而當她真的死了，他卻從此生活在錐心刺肺中，痛不欲生也無能為力。",497,4
760,萌寶仵作妃,愛情,完結,0,0,0,,https://mojoin.com/novels/987,"她是穿越到異世的現代小法醫，身嬌體弱，還有個免費的兒子。
他是被世人崇拜的戰神王爺，卻在月圓之夜被人設計失了清白。
她只想平凡的活在異世，誰料總是有隻無形的大手，將她推進一樁樁離奇的命案之中。
他勢要抓出那個毀他清白之人，卻沒想到被那個不同於一般女子的大膽狂徒所吸引。
她與他之間的追逐是命運早就安排好的緣分，還是一場精心佈局？",286,4
761,餘生，寵你入骨,愛情,完結,7,0,0,,https://mojoin.com/novels/978,"結婚一年，他為了心愛的女人謀奪父親家產，奪走她的眼角膜，讓她成為別人的玩物。
時隔多年，成為天之驕子的他再次出現在她面前，對她百般糾纏。
不是為愛，不是為情。
從妻子淪為情婦，他百般羞辱她，她的痛苦滿足了他變態的佔有慾。
「需要我伺候你嗎？」",128,4
762,冷王爺的金牌小廚娘,愛情,完結,460,0,0,,https://mojoin.com/novels/975,"一場意外，她帶到了一個歷史架空的朝代，夜朝。
從此她頂著天齊國公主、夜朝逸王妃楚千尋的名號艱難的生存著。
她用自己前世所學征服了一眾身份顯貴之人，卻唯獨征服不了她名義上的丈夫——冷王爺夜君逸！
表面上她深得夜朝皇帝、太后和眾多貴夫人的青睞，是風光無限的逸王妃。
她開酒樓、建醫館、搞養殖，一夕之間成為夜朝的暴發戶。
戰爭爆發時，她懷著身孕不顧生命危險全力趕赴邊疆戰場，為的就是在他有需要時幫他，最後戰爭勝利了。
他卻突然轉過身冷著臉說：「一身的銅臭味兒怎麼能做好本王的王妃，不如你主動讓去正妃之位給芳華，本王還能保你富貴一生……」",262,4
763,君心獨寵，皇妃不聽話,愛情,完結,0,0,0,,https://mojoin.com/novels/966,"寧素言本是掐花小能手，卻因為墜穿越，成了大燕王朝軍侯寧家的廢柴嫡女。
剛醒來就看見房樑上有個男人！採花賊？還好沒得手！
姨娘惡妹妹還敢再她面前作威作福，她可不是吃素的，讓她受的都得報復回去！
一道聖旨下來，莫名其妙進了宮。
被拎到皇帝跟前，皇帝是採花賊？她驚的下巴都要掉了……
總有美男找上她，皇上您生哪門子的氣？",227,4
764,林中深處終有意,愛情,完結,0,0,0,,https://mojoin.com/novels/965,"喬沈然給了林意極致的寵愛，護她周全。
可原本屬於喬沈然的那個人出現，不僅在喬沈然面前裝可憐，還將林意往絕路逼。
喬沈然親自殺了和林意的孩子，放開了林意那雙懇求他的手。
林意死了。
再見，林意不再是林意，她叫他「喬總」。
xxxxx
「喬沈然，你有什麼資格再讓我為你履行那三個條件？」
「喬沈然，我要做的就是毀了你。讓你也嚐嚐，你給我的那些痛。」",206,4
765,腹黑王爺的萌寵小王妃,愛情,完結,0,0,0,,https://mojoin.com/novels/954,"「你是穿越的？」
「……」
「你是重生的？」
「……」
我靠，難道是穿越加重生的？
可是對這莫須有的國家的地理文化知識未免懂得太多了吧，這讓她一個堂堂二十一世紀的穿越者的重生者情何以堪？
不過柳云溪轉念一想，這人已經是自己的夫君了，有個這麼強大加穩固的靠山，她以後在這雪域國橫著走也沒人敢吭一聲了。
「不過，橫著走的不是螃蟹嗎？」某人臉不紅心不跳的說道。",161,4
766,流光之境,愛情,完結,131,0,0,,https://mojoin.com/novels/951,"因被錯勾魂魄而死的楚蓮，在忘川枯坐了十六年終於等到一個借屍還魂的機會。
她茫然踏向一個聞所未聞的世界，原本只想安安靜靜地混吃等死，然後就能飲到一碗孟婆湯忘卻前塵重新開始，怎奈這裡弱肉強食，如果不反抗，等待她的就是無止盡的災難。
是尋個死解脫自己呢？還是苦逼的捱著？
楚蓮很糾結！
然而有個人對她說：從現在開始好好活，不也是一種重新開始嗎……",260,4
767,美人不修緣,愛情,完結,0,0,0,,https://mojoin.com/novels/950,"她一個考古界的學生，因為一個項鍊上的黑珍珠便穿越了。
穿誰不行！一覺醒來她居然上了那個女屍幼年的身體，不知道這是什麼朝代，也不知道這個人的身份，可偏偏這個人還長了一張禍水的臉。
剛來就見死屍，上街就被調戲，被賣還差點被劫色……莫名其妙還殺了人……終於遇到帥哥，可她自己家裡還有一堆對帥哥虎視耽耽的母老虎。
遠離是非，真愛生命……就在她下定決心過好自己的小日子時。

帥哥畫風突變，夜黑風高，倪卉哆嗦著：「這位帥哥，你你你……你進錯房門……」",466,4
768,若深情不能對等,愛情,完結,0,0,0,,https://mojoin.com/novels/944,"半年前，莊紀柔輕信自己的學妹沈之琪帶自己發財，進入了一個玩彩票的圈子，卻沒想到遇見了……都說女人現實，其實男人才是最現實的。

莊紀柔這輩子犯過最大的過錯就是遇見了……司梁。",412,4
769,王妃嫁到，腹黑王爺請接招,愛情,完結,0,0,0,,https://mojoin.com/novels/941,"一場陰謀，被譽為奪魂的國際特工魂穿異世。

一紙賜婚，將軍之女和冷血王爺連在一起
下嫁當天就被關進地牢，從此開始暗無天日的人生直到被打死，才得以解脫

而當現代的特工穿到那個苦命的王妃身體時，一招催眠術就順利離開了地牢。
王妃苦命？
她扶額，往後一撇，追的人太多，不知道應該選誰？",450,4
770,餘城涼,愛情,完結,4,0,0,,https://mojoin.com/novels/927,"天帝四子青瀝君初遇妖族餘涼，本來只是她妖族的身份勾起了他的興趣，
卻不想，接觸下來漸漸情根深種。
千帆過境，他洞悉萬物，竟發現他們的緣分在兩千多年前前嗤妖台上那縱身一躍，便已種下！
而她接近他，亦懷著本不單純的目的。
人心複雜，傷痕無數，長境川里，承醫仙人看著青瀝君躺在木甲裡，只道「青瀝君，這一切只是個夢，你一定要醒過來。」
青瀝君眉頭緊蹙，腦海裡盡是那個熱烈卻又冷漠到徹骨的女子。
只想抓住她紛飛的裙袂……",534,4
771,鳳殤情：君本無心,愛情,完結,1,0,0,,https://mojoin.com/novels/867,"五年前他滅她滿門，將她囚禁，只為心愛的人報仇。
她不恨。
五年後他用她的鳳凰血讓心愛的人死而復生。
她亦不怨。
但是看著那兩人終於歡喜的在一起。
她的心被撕扯的鮮血淋淋。
「你究竟有沒有喜歡過我？」她滿心希冀的問道。
「你做夢。」回以她的不過冷言冷語。
可是為何他還要讓她感覺他心裡是喜歡她……",486,4
772,亂世妖姬,愛情,完結,0,0,0,,https://mojoin.com/novels/850,"稚嫩的皮囊之下，住著一個歷經千百年的老靈魂，她只想這一世平平淡淡善始善終，奈何能遂了願的從不叫命運。
他將她從鬼門關拉回，她見他第一眼只覺得，此小伙秀色可餐奈何自己太嫩消受不起，彼時他十八，她四歲。
他收她當徒弟，教她學醫又教她煉毒，她磕頭敬茶，發誓不將他給皇帝用錯藥導致陽痿的事泄露，彼時他二十，她六歲。

轉眼十年，他被判弒君謀反，成了通緝犯，而她被一紙詔書送給主國半百的老皇帝和親。
從此，世間再沒有風流倜儻的轉世神農蕪先生，也再沒有隻管風月好不問少年愁的長寧公主。
她以為他們就此散了，結果，他搖身一變，成了她院中貼身的宮女，一臉媚笑，驚天地泣鬼神！",442,4
773,神君大人：狐妖不是妖,愛情,完結,0,0,0,,https://mojoin.com/novels/843,"他是人之唾棄的半妖，她是初上任的神君，
她為他得罪了正在氣頭上的玉帝，雙雙被打下凡界，
一面之緣定兩生，人道，畜生道，他們可還會相遇？",382,4
774,在最美的年紀遇見你,愛情,完結,0,0,0,,https://mojoin.com/novels/840,"紀歡承認自己是遊戲小菜鳥，可菜鳥也是有尊嚴的。
有怨報怨，有仇報仇，召喚好友一起蹲點、埋伏、偷襲之，卻慘遭團滅。

「你戰力這麼低，我帶你吧！」那人高高在上的說道。
陰差陽錯，仇人變師徒。陸子宸在遊戲世界裡帶人裝逼帶人飛，現實生活中也不忘撩一撩新入職的實習小助理。

「對不起老闆，我有喜歡的人了！」
「可我記得你說過，你喜歡我，現在想說話不算？」
可是可是……那不一樣，再說我師父怎麼辦？紀歡內心糾結。
然而，當實力寵徒大神無缺公子等於國際著名偶像攝影師陸子宸，紀歡不淡定了——師父我宣你！偶像我宣你！陸子宸我宣你！",87,4
775,我曾深情，但不候你,愛情,完結,0,0,0,,https://mojoin.com/novels/836,"我曾暗戀白蓮花好友的男友。然而，她令我眾叛親離。
再次見面，我已結婚，他已訂婚。
未想我婚後性冷淡，婆婆為了治療這個病，竟然讓我……",339,4
776,擁有你，失去你,愛情,完結,0,0,0,,https://mojoin.com/novels/809,"夕陽餘暉下是我小心翼翼的愛，緊閉的門後是你冷漠的表情。
我是孤獨患者，而你曖昧成癮。

「我不該用道德用婚姻綁架你，以前是我錯了，我和你道歉。你不是愛她嗎？我們離婚吧，放過我，也成全你自己。」
「謝謝你的大度。」他冷漠的說：「但離婚，你休想！」

一個為愛而崩潰，一個因愛而成長。
兩家人的結合，兩種命運的糾纏，在愛情和利益面前，到底誰對誰又錯？

她曾滿心期待：「我懷孕了。」
他卻看著她的肚子，冷淡的說：「風晚，把孩子拿掉吧。」
千帆過盡，傷痕累累，我們究竟是為什麼？",454,4
777,自此錦書寄流年,愛情,完結,0,0,0,,https://mojoin.com/novels/785,"江北統帥擎益州是眾人口中不折手斷的惡魔，他不信人也不信命。
機緣巧合，他遇見了她，狠厲自此化為柔情。
一場婚姻，卻將愛情、試探與堅守捆綁在一起。
他從未想過有一天自己會如此恨她：「史錦書，你竟敢騙我！」
在利益、懷疑、痛恨面前，他與她是否還能堅守到最後？
都說一別兩寬，各生歡喜，可為何他至今都在想……
倘若那晚一槍崩了她，是否，他再也不會為她牽腸掛肚，魂牽夢繞？",81,4
778,引妃入坑，狐狸皇叔第一汙,愛情,完結,32,0,0,,https://mojoin.com/novels/782,"當他穆景儔的王妃，最大的情敵不是女人而是男人！
傳言，他金屋藏男寵，還隔三差五找小倌兒。
傳言，他口污手腳賤，長的妖孽卻臭不要臉。
她穆九卿，天不怕地不怕，卻一見到他就慫了！
他是她的皇叔，她是假的郡主。
她的床就他爬過，她的唇就他吻過，就連她的心也快要被他偷走…
他坑蒙拐騙，引她入坑，卻不知日日夜夜在他枕邊的她，在暗處笑的張揚陰險。
————
傾世聘禮，他娶她為妃，十里紅妝，他迎她進府。",246,4
779,愛是飲鴆止渴，不死不休,愛情,完結,0,0,0,,https://mojoin.com/novels/761,"溫涼以最卑微的姿態愛著霍北辰，遭受著無休止的折磨，最後變成了一個病態的女人。
霍北辰不愛她，卻把她關起來當做囚鳥，不分晝夜給她無休止的折磨。
後來，溫涼終於絕望，知道自己唯一的活路就是離開他——
可是紅塵黃泉，無論走到哪裡，她都逃不過這男人的桎梏。",455,4
780,學長，別跑,愛情,完結,5,0,0,,https://mojoin.com/novels/747,"柯小格二十幾年的人生可以用一個詞概括，淡漠，基本上無論發生什麼事情她都可以用這種態度面對，唯獨霍言是個例外，初次見面，霸道的男人竟要她做他女朋友，再見面他強吻了她……幫她陪伴她……
漸漸的她明白淡漠應付不了他的冷漠、拒絕不了他的霸道、更抵抗不了他的灼熱， 自己不知不覺已經淪陷，早被攪個天翻地覆，可是當那女人出現，她才發現自己原來是個徹頭徹尾笑話。",186,4
781,斬情,愛情,完結,0,0,0,,https://mojoin.com/novels/717,"大婚之夜，紅妝帳內。
他劍指她的眉心，字字如刀。
「御醫郎說，笡兒每月那日疼起來猶如刀剮，慕秋燕，笡兒日後每疼一次，本王就割你一刀。」",257,4
782,紅豆生南國,愛情,完結,0,0,0,,https://mojoin.com/novels/702,"納蘭安心被打入冷宮三月，三月不曾見他……一碗落子湯。
「君煜，願你此生永不後悔！」
只愛你一個，后宮佳麗只有你一人，什麼山盟海誓的話，終究，還是抵不過……",284,4
783,穿越農女俏辣妃,愛情,完結,0,0,0,,https://mojoin.com/novels/659,"村里人都說，許清月性情暴躁，卻沒想到一夜之間換了個人。
前世身為特種兵，今世帶弟弟妹妹創業，辦學堂。
被退婚，沒關係，家中一貧如洗，沒事。
許清月慢慢來，只是上個山，被人輕薄，還要……自己這是做了什麼孽啊！
「娘子，願得一人心，白首不相離。」行，不相離是吧？許清月真想拿鐮刀捅死這滿嘴油舌的男人。",412,4
784,掌上嬌妻，二婚寵入骨,愛情,完結,27,0,0,,https://mojoin.com/novels/642,"她出軌了！一晚瘋狂，床單上大團的血漬告訴她，這是現實！

他是全東安市最不願意靠近的那類人，冷酷，無情，手段狠戾，為達目的不擇手段。

關於他有無數傳說，全是暗黑系奮鬥史。
白手起家，雙博士學位，隨手寫一個程式能黑掉一個集團，你敢讓他不痛快，他就讓你全家上下八代都不痛快。

這樣的人，會寵她嗎？

答案是：看你要不要。
方式是：日落而睡，相擁而眠，在最喧囂的黑夜裡我們只有彼此。",372,4
785,許個願望叫曾經,愛情,完結,0,0,0,,https://mojoin.com/novels/641,"當我遇見你，所有的在劫難逃，也不過是命中註定。
我最親愛的少年，我只願我們，許個願望叫曾經。",532,4
786,光與影,愛情,完結,0,0,0,,https://mojoin.com/novels/636,"光與影，相伴而生。
黎明之前，有人在嚮往光明，他們是追光者。
入夜以後，有人在追逐黑暗，他們是逐影者。
五個天才異能者，帶你領略不一樣的懸疑世界。",449,4
787,他比星光更薄涼,愛情,完結,0,0,0,,https://mojoin.com/novels/622,"十三歲，我遇到陸深，在眾多女孩中他看中了我，以他未婚妻的身份帶我逃離孤兒院。
二十三歲，我嫁給陸深，成為令人驚羨的陸太太，可只有我知道陸深心裡另有他人，而我於他來說，連個替身都算不上。

他指間夾著香煙，嫋嫋的煙霧模糊了他的面容，他問我：「安然，你知道當初我為什麽會選中你嗎？」
我看著他，他勾唇輕笑，笑意薄涼：「因為命中注定我要在那麽多人中一眼看到你。」
後來，他掐著我的脖子說：「安然，如果你愛我，那就為我心愛的女人去死吧……」",436,4
788,快穿攻略：腹黑男神請接招,愛情,完結,0,0,0,,https://mojoin.com/novels/611,"夏茗死了，來到一個鬼地方，看著眼前發光的螢幕，不可思議地睜大眼睛，「什麼？讓我去撩男神？」
系統鬥志昂揚地回答：「是的，每位都有特定的男神，你要做的任務就是追他，追他，追他，讓他徹底愛上你，對你死心踏地。」
夏茗口水直流，雙眼瞬間冒出閃閃桃心，連連應道：「好好好，這麼好的事情當然要答應了，有男神撩還復什麼活，我要去尋找我的真愛。」她還沒有見過極品美男長啥樣呢。",476,4
789,婚約,愛情,完結,0,0,0,,https://mojoin.com/novels/601,他說，忘了這條婚約，從此踏踏實實做我的女人……,249,4
790,兔公主要逃婚,愛情,完結,0,0,0,,https://mojoin.com/novels/599,"葉佳人被五花大綁的扔在床塌上，她看著面前冷俊的男人，一臉驚慌。
「放心，本王還沒那麼飢渴。」冷庭禦低眸掃了眼她肥肥的腰身。
雖然嫌棄，可還是救她於水火。
再見，她渾身髒兮兮的被人丟在他面前。

「我只是肉吃的比較多，再說了我這是虛胖！」
被他說胖成球的葉佳人不服，仰頭睜著黑眸據理力爭。

「嗯，虛胖。」男人唇角微勾，隨即大手一拋將她扔入浴池。
渾身的毛髮濕漉漉的沾在一起，葉佳人把自己藏在水中不敢看他。
人家別的兔子往水裡一丟，頓時大毛球變小毛球。
而她……只是毛髮濕了，並沒有縮小的視覺。",76,4
791,替身,愛情,完結,4,0,0,,https://mojoin.com/novels/549,"我是一個替身演員，與一般的替身有所不同，工作性質特殊，是整個片場最被人瞧不起的一類。
有人用鄙夷的眼光看待我，每個人都可以把我踩在腳底下。
每天穿梭在各大片場之間，見慣了那些光鮮靚麗的背後，那些太陽永遠無法照耀的角落。
我也不能倖免，最終我慢慢的淪陷，無法自拔……",345,4
792,暴王求妃，娘子有毒,愛情,完結,0,0,0,,https://mojoin.com/novels/536,"因為是罪臣之後，因為要照顧年幼的弟弟。
她只能忍辱負重，苟且偷生，還要承受他的報復，他的折磨和羞辱。

第一次，被他送給他人……
第二次，被打的傷痕累累，遍體鱗傷……
第三次，被關進地牢，奄奄一息……",100,4
793,繭愛,愛情,完結,0,0,0,,https://mojoin.com/novels/495,"他喜歡更漂亮的女人，好面子，覺得另一半得與自己般配。
然而那個不般配的她，卻最讓他舒服。
他在她身邊來來去去。
來來去去，就是不愛她。
有一天，她終於累了，想要離開他給她織的繭，展翅高飛。",439,4
794,愛情下了雪,愛情,完結,0,0,0,,https://mojoin.com/novels/483,"墨毅言一把揪住簡約的衣服怒喝道：「看看你自己有多髒、多噁心！」
轉眼簡約身上的衣服就被撕破扔在了地上，墨毅言憤恨地往她身上抹著沐浴露，似乎再多的沐浴露都無法洗去簡約身上的污濁。
簡約奮力掙扎著，卻仍然敵不過墨毅言的力氣。
墨毅言粗暴地將簡約全身都洗了個遍，然後將她狠狠地抵在牆上，雙手扣住了她的纖腰……
自從三年前那個晚上之後，每次墨毅言回到家都要瘋狂地清洗簡約的身子，然後狠狠地要她，似乎她的身子永遠都洗不乾淨……",427,4
795,回憶太深，你太遙遠,愛情,完結,0,0,0,,https://mojoin.com/novels/451,"六年前，一場大火，我毀容失憶，他步步為營！
原來，所謂人人羨慕的豪門生活不過是他戳人心骨的陰謀……",106,4
796,願你流年不獨歡,愛情,完結,10,0,0,,https://mojoin.com/novels/438,"初遇我從未想過日後我們會有這麼深的糾纏。
我本該按著我的人生軌跡，卻不曾想到會有你的出現。
沈言，深言。
不負青春不負你，經年流轉，多謝你還在等我。
流年似水，我不獨歡，你不獨樂。",318,4
797,鳳傾城，公主後院又起火,愛情,完結,0,0,0,,https://mojoin.com/novels/415,"她還記得那天穿的一身火紅嫁衣，鳳冠霞帔，灼灼其華，十里嫁妝，半世芳華。
轉眼間全天下的人都知道尊貴的公主大婚當日被退婚，她成了被天下人恥笑的棄婦。
雲落楓堅信緣到有時終須有，緣到無時莫強求，萬般皆是命，半點不由人，該放手就放手。
坊間傳聞，被下堂的公主殿下第一天就生是非找小倌，第二天擲千金混賭坊，第三天…頗有破罐子破摔到底的架勢。
然而某一天丫鬟火急火燎的跑來：「公主公主，聽說鄰國皇子以江山為聘，納你為妃。」
她風輕雲淡一聲：「哦。」
「公主公主，丞相大人獻上絕世珍寶，要娶你為妻。」",154,4
798,吃定嫡妃，腹黑王爺謀天下,愛情,完結,10,0,0,,https://mojoin.com/novels/390,"她是21世紀女警，執行任務時一個不小心掉下大樓，成了大樑王朝丞相的廢柴嫡女，卻發現自己的身世沒那麼簡單。
他是大樑王朝的殘疾王爺，「碰巧」救起了落水的她，他們有共同的仇人，自此開始了復仇的合作。
休夫開店都是小意思，被人擄走也不急，他們要的是整個天下。
卻不知，他早在一開始就吃定了她……
刺客來襲的洞房夜，他們並肩作戰，直到最後她「嚶嚀」一聲，將他壓在身下。
男人忍住身體的躁動，「慕希，這可是你自己要的！」
還沒等他繼續說，嘴巴已被紅唇堵住。
第二天，慕希醒來，眼前的男人可憐兮兮地說，「希兒，吃了要負責……」",227,4
799,毒醫娘子：病弱王爺請自重,愛情,完結,0,0,0,,https://mojoin.com/novels/371,"一朝穿越，我洛關雎從現代醫師竟然淪為相府嫡女。
什麼？太子拋棄我，妹妹要搶夫！
姨娘要奪權，爹爹不管事！

還有，病弱王爺？是什麼鬼？一看就是被推到的料竟然還想霸王硬上弓！
躺好，別動，說的就是你，瞧我妙手回春讓你重獲生機。
說好的別動，怎麼就……

「娘子」",284,4
800,特工狂妃：腹黑將軍，請接招,愛情,完結,11,0,0,,https://mojoin.com/novels/357,"一夕之間她從殺人不眨眼的王牌特工，成了蘇府的廢物嫡小姐。
剋死爹娘？
沒有關係，反正前世她是孤兒。
只是這個將軍男人，什麼意思？
居然讓她去帶兵打仗。
你沒有搞錯？她好像還沒有長纓劍高吧。
還有你家裡的小妾可真多啊，嘖嘖嘖，大帥比，你腎虛不？

他說：蘇九九，幫我贏得長安城一戰，我放你離開。
她說：贏了以後呢，你當你的皇帝，我呢，繼續做我的殺手。
他嘴角揚起一抹微笑「你離開後，我再把你抓回來，讓你做我的皇后。」",535,4
801,暮色夜微涼,愛情,完結,0,0,0,,https://mojoin.com/novels/313,"慕涼辰用陰謀和謊言編織的密網成功捕捉了剛剛破繭成蝶的暮雪。
經歷婚變，她自卑隱忍，步步退縮，可他堅定如初，霸道卻不失溫柔。
後來，她知道了一切，笑意淒涼，「慕涼辰，這就是你所謂的愛？！」
只是，她轉身離開的時候，慕涼辰卻真的動心了！",307,4
802,愛你如病入膏肓,愛情,完結,0,0,0,,https://mojoin.com/novels/309,"因為無意間的舉動，她被迫和一個毫無感情的男人結了婚。
兩年的時間，沒有人知道她陸太太的身份。
就連陸家，也對她的存在嗤之以鼻。
在她將孕檢報告放在他的面前時，只換來了他一句冷笑。
「想要為陸家生兒育女？只怕你還沒有這個資格！」
只是，既然沒有資格，三年之後，又是誰將她壓在了身下，掐著她的脖子惡狠狠的說道，「不是我的孩子，就不應該出生！」
他不愛她，卻一定要禁錮著她，哪怕她遍體鱗傷，體無完膚。
他就是要留著她，就算只剩下屍體！",477,4
803,妖不語,愛情,完結,0,0,0,,https://mojoin.com/novels/294,"只是因為愛你。
縱然抽掉一身妖骨，化身凡人。
縱然銀釘鎖身、萬箭穿心、俱化成煙。
卻依然不願後悔愛過你。
當他終明她真心而痛悔時，她卻親手執刃，刺穿的心窩……",537,4
804,總裁的私寵寶貝,愛情,完結,0,0,0,,https://mojoin.com/novels/289,"她被他家收養了十多年。
如果問她最怕的是什麼？那就是她兒童時期裡灰暗的回憶，不止被某小鬼當成最有趣的「玩具」，還在一個風雨夜，被他將初吻給奪了……
如果只是這樣，她忍了！可那個死小子，她跟其它男生說一句話都不允許！
她忍忍忍，卻最終忍不下去了，跟帥帥的學長約會的時候，卻被一臉陰沉的死小子扛回了家……",149,4
805,長夜闌珊酒未涼,愛情,完結,0,0,0,,https://mojoin.com/novels/206,"少年的一句承諾，換來半生浮沉風雨飄零。
她沒有做錯任何事，只是愛錯了一個人。
……
「翟將軍上能戰場退敵，下能以身慰三軍，孤有良將如你，實乃國之大幸！」
他殺光她信賴的人，將她推入淫羊地獄。
她逃走不成，卻被挑斷手腳筋囚於身邊，夜夜承歡。
「陛下放著美麗多情的王后不聞不問，夜夜宿在教司坊，是愛上罪臣了嗎？」
「呵，孤只是覺得經驗豐富的女人，服侍得更盡興罷了！」
……
當她，被他安上通敵賣國的罪名，當眾推下城樓。",389,4
806,餘生陪你到白頭,愛情,完結,0,0,0,,https://mojoin.com/novels/83,"最剛開始見蕭怡的時候，蘇黎並沒有什麼感覺。
後來漸漸地發現，這個小姑娘有點聒噪，有點可愛，還有點孩子氣。
他以為，他倆就這樣了，每天彼此看著對方，一起上課，一起考試，一起攜手餘生，
可是時間證明，冤家不一定路窄。
就像他和蕭怡，明明已經懵懂地闖進了對方的生命，
卻可能只能看著對方的背影漸行漸遠。",167,4
807,妖孽相公,愛情,完結,0,0,0,,https://mojoin.com/novels/81,"葉溪倩一名調酒師，竟也會穿越。
還碰到一個帥哥不停地叫她娘子？
她怎麼不記得，什麼時候是他娘子了?
看他那可憐樣，她就勉為其難的接收他吧。
咦，他不是個只會撒嬌，純真可愛滴人麼？怎麼有人稱他是冷面玉君？
呀，竟然眼睛會變色，到了他家，哇，真是有錢的可以。看來她得好好地霸著他啦？什麼！
竟有人來搶他！怎麼可以！！！！",201,4
808,禍亂宮闈，冷王的階下妻,愛情,完結,0,0,0,,https://mojoin.com/novels/61,"惡俗版：
奉旨成婚，她本就不願，更在新婚之夜，遭他草草敷衍，「不過是一蓋頭，自己摘了便是。」 
她便冷言以對，「夫君若是不願，抗旨拒婚便是，如今口口聲聲，堂堂太子殿下，卻原來只是心有不甘又不敢抗爭的懦夫而已。」 
後來登基，他厭惡的盯著她，「若不是祖宗規矩，這皇后之位，斷不能落到你名上。」
她言笑晏晏，「謝皇上施捨，只是臣妾這人一向霸道，屬於自己的東西，寧願礙眼的佔著，也絕不退讓。」
後來兩兩生厭，她退位讓賢，他卻步步緊逼，「這皇后之位，朕既然給了你，就……」",259,4
809,牛家有個大魔王,愛情,完結,10,0,0,,https://mojoin.com/novels/13,"一朝穿越，穿越到同名的人身上，在師傅的指引下，展開了一段尋找自家大院的武俠生活。途中發生意外事件，對自己最好的師兄死去，師傅也突然消失，徬徨無措，孤獨無助的時候才發現只有那人還在身邊。
接下來的路有我陪你，你願做魔王，我便陪你入魔，傷害你的人，我替你一一討伐，由我來守護你的那一份開心。
直到撥開所有的迷霧，才發現真相的背後居然是一場巨大的陰謀，那些開心的歲月不在，無論江湖有怎麼樣的血雨腥風，牛寶都會走下去。",114,4
810,妾本無良，夫君見諒,愛情,完結,0,0,0,,https://mojoin.com/novels/11,"一場陰謀，令玖兒的靈魂穿越而來。
那一世，她曾被冠上「浪女」的頭銜，可謂聲名狼藉。
誰成想，這一世她變本加厲，竟然實打實地出軌小叔子。
不只如此，她還一度成為身價最高的青樓頭牌。
就是這麼個劣跡斑斑的無良女，引得男人們爭相施寵。",397,4
811,入骨婚愛：秦少寵妻如命,愛情,完結,0,0,0,,https://mojoin.com/novels/994,"婚禮上，葉璇被白月光陷害，婚禮當天被丈夫罰跪在靈堂給哥哥贖罪。
連腹中胎兒都被受到牽連！拼命解釋卻被丈夫親手送進監獄！
監獄假死後，葉璇強勢歸來！
誓要將曾經傷害過她的人付出代價！
一次設計，偶遇前夫。
男人卻再不肯放她離開：「往後餘生，用愛補償你，不准你再離開。」",501,4
812,我在雨霧裡，等風也等你,愛情,完結,0,0,0,,https://mojoin.com/novels/989,"宋顏為了給男朋友治病當了代孕媽媽，不曾想孩子早產，主家以孩子早產不健康為由想毀約，宋顏抱著孩子直接找到對方。
對方竟是她的頂頭上司沈長卿，沈長卿一直是寵妻無度的楷模，撒的狗糧不知虐了多少單身汪。
一朝事發，宋顏成了萬人所指的小三，生活一下子陷入了困境，直到他走近，輕輕將她帶入懷裡，「我孩子的媽，你們誰敢嘲笑……」",522,4
813,一染慕傾心,愛情,完結,0,0,0,,https://mojoin.com/novels/870,"陸安染怎麼也沒想過，酒吧里偶遇的男人，竟然是第二天父親帶回家的「私生子」。
「安染，叫哥哥。」
那一刻，她慌了神，在那人輕抿的薄唇之間，落荒而逃。
以為能離開他，卻成了她無法忘記的噩夢。
他在她真心愛上不顧一切時，棄她在無邊的黑暗中——
「陸安染，你很髒。」
多年後他的婚禮，她盛裝出席，笑靨如花：
「我名義上的哥哥，新婚快樂。」",500,4
814,愛比死更冷,愛情,完結,0,0,0,,https://mojoin.com/novels/577,"一場被人精心策劃的胎死腹中
絕了他對我的愛
我步步為營，以自己為餌，借另一個男人之手狠狠報復他，算計他
當一切愛恨落幕，才發現，我和他都是深陷在情愛地獄的可憐人",503,4
815,海深不抵相思半,愛情,完結,0,0,0,,https://mojoin.com/novels/572,"屢次被算計差點出事都是被他所救
紳士體貼
林安安以為顧朗是溫柔的學長
卻不料
在她又一次被陷害時
「怎麼？那麼想讓男人陪？那……陪我如何？」
啊啊啊「學長，你人設崩了餵！」
好不容易消化了「我跟優秀的腹黑學長在一起了耶」這個現狀
卻發現……
說好的優秀腹黑學長呢？！",519,4
816,和顧先生一起墜入愛河,愛情,完結,70,0,0,,https://mojoin.com/novels/566,"「顧學長，我喜歡你。」
「我不喜歡包子臉。」

……
表白失敗，父親鋃鐺入獄的消息緊接傳來。
路微深突然被寧城最神秘詭譎的男人厲封擎盯上，生活從此天翻地覆。",518,4
817,一品太子妃：拐個上神做夫君,愛情,完結,0,0,0,,https://mojoin.com/novels/554,"她原本是九天之上的上古神獸，看守天牢中的四大邪劍。
玩忽職守，讓其中一個邪劍跑下凡間。
天帝大怒，罰她下界帶回邪劍，不然就削了她的仙根，讓她轉世輪迴只能是妖孽。
她自知理虧，認命下凡間，可是誰知道天帝那麼小氣，在她下凡的時候，居然用天雷劈她！
差點劈的魂飛魄散，半身不遂！
小心眼的天帝，這仇本尊記下了。
剛到凡間，飯都沒有吃一口，她就被一個男人抓走，口口聲聲嚷著說她是他娘子。",535,4
818,一顆糖的沉淪,愛情,完結,0,0,0,,https://mojoin.com/novels/547,"姜半夏最大的願望是還清父母遺留下巨額欠款，並離開她從小就喜歡卻求而不得而且還馬上要和別人結婚的男人。
可她怎麼也沒想到，她主動退出了，沈肆行卻不干了。
她穿著暴露的去赴宴金主爸爸，被沈肆行給抓了回來。
她因為得罪了上司被冷藏所以要去非常偏遠的地方錄綜藝，沈肆行不但突然出現了，還在她被人陷害推下山崖的時候來救了她。
雖然嘴上罵她蠢，但卻會主動背起她並且在醫院的時候細心的讓醫生給她做全身檢查。
甚至後來還不計較姜半夏那個傻子哥哥叫他「阿夏男朋友」不說，還出巨資包下游樂場幫她度過姜半夏一直的心魔。",539,4
819,梟寵豪門主母,愛情,完結,0,0,0,,https://mojoin.com/novels/513,"愛是一種遇見，卻無法預見
她是他傾心駐足的風景，他亦是她心口的硃砂
相思浸染的輕淺時光，他帶她穿越青春迷茫的火線，陷入情愛深潭
究竟誰的身和心——最先臣服？
——
她是海家沒人疼的落魄長女
「落魄」？啊呸，別以為給扣個「灰姑娘」的帽子，姑娘我就逆來順受，任人宰割！
他是君家被剝奪繼承權的長子
「剝奪繼承權」？呵呵，他只想冷笑三聲！",503,4
820,依戀莫相忘,愛情,完結,0,0,0,,https://mojoin.com/novels/512,"愛上她只需要一秒。
他甘之如飴，相伴相守。

如果相愛是終點。
她只要站在原地等，即使狂風驟雨，他也能乘風破浪。

愛上他並不是一件容易的事。
她躊躇難決，屢屢膽怯，心卻步步淪陷。

如果相愛是他們的緣。
他就是她的毒藥，即使含笑吞下，她也無怨無悔。

直到那天，她身披婚紗，萬眾矚目，他卻沒有出現。
原來，忘記她也只需要一秒。",536,4
821,故夢,愛情,完結,0,0,0,,https://mojoin.com/novels/406,"一簾幽夢一雙人，胡世安自從出現在許織錦世界，許織錦就從沒有想過會與這個人糾纏。
他一向是溫文爾雅，風朗雲清。
而她是妖媚的女子，他知道她的野心，她亦是，旗鼓相當，各不讓步。
她是被母親棄下的孩子，任何一個人都可以欺負她，為了所謂的尊嚴，她一步一步變得強大，當能力配不上野心，當野心遇到阻礙，她如何與他周旋？又如何在其中失了真心？
當許織錦的身世被揭露，她又該何去何從？",542,4
822,相愛恨晚時,愛情,完結,0,0,0,,https://mojoin.com/novels/395,"飛機上的那次邂逅，是虞嫣然噩夢的開始。
她被那個勢力強大的男人死死糾纏，無法掙脫，最後為了解救家人，被迫簽下一百夜的約定。
她以為兩人的交集僅限於此，漸漸地，卻在他極致的寵愛中迷失。
直到，她偶然得知，五年前的一場意外，以及未婚夫的鋃鐺入獄都是拜他所賜……。",538,4
823,暴蛇寵妻，搶來的新娘,愛情,完結,0,0,0,,https://mojoin.com/novels/190,"她是赤血堡堡主的替身侍妾，揚州第一「痴美人」。
新婚夜，蟒蛇入侵，惱的堡主狂性大躁，撇下她獨守新房。
溫存夜，蟒蛇纏人，攪的堡主性趣全無，一甩衣袖棄她不顧。
休妻夜，蟒蛇未到，倒有個二八年華，眉眸傳情，俊美無暇的少年登門道賀，開口便一句暴躁的破口大罵：「你他娘的死定了！」
想知道養一條「暴蛇寵物」的代價嗎？
他有多暴？
他有多危險？
他到底有多恐怖？
其實，很簡單：命大的，趕緊得罪得罪看！",527,4
824,安然向晚,愛情,完結,0,0,0,,https://mojoin.com/novels/161,"五年前的一場陰差陽錯使她與他在一起
後來，她才發現他的心中另有其人
她斬斷情絲，遠走異國五年後她帶著小包子捲土重來，與他在生意場上相愛相殺，他再度開啓自己的追妻之旅——
「還嘴硬——」他鳳目微揚把她抵在地毯上，
「愛我，不承認？」她心中堆砌的堡壘頃刻被他的柔情夷爲平地，對他的恨已然灰飛煙滅。
「五年前我算什麽？你的初戀替身？」",503,4
825,山有木兮，我有你,愛情,完結,0,0,0,,https://mojoin.com/novels/1093,"第一次看見慕允山的時候，陳左左是被未婚夫拋棄在山上，她沒有看清楚他的樣子。
第二次看見慕允山的時候，陳左左在醫院裡面，看見的，僅僅是一個背影。
第三次在舞會上面，陳左左沒能認出這個男人來，卻是被未婚夫從台上推下，讓她成為了全市的笑柄。

後來，慕允山牽著陳左左的手將那男人踩在腳下的時候，是慕允山給自己最大的寵愛。
但是這樣的寵愛，卻要陳左左用盡一輩子的時間，去讀懂。

慕允山，山有木兮木有枝，而我，有你。",477,4
826,王妃是惡霸,愛情,完結,0,0,0,,https://mojoin.com/novels/1079,"楊太傅家的嫡親孫女楊福安，論家世相貌是拔尖的，才學女紅是墊底的。
好逸惡勞，胸無點墨，真是辱沒了楊太傅的天下聖儒之名。
最讓南玄人津津樂道的是，楊福安十四歲那年回府，一腳踢斷楊府二房庶出少爺的腿骨，一手撕破禮部侍郎小姐的衣袍，太子殿下賀君易她也敢得罪得罪……
自此，流言蜚語不絕於耳，成就了楊福安南玄第一悍的威名。
可就是這個污點人物承蒙皇上錯愛，南玄千萬少女又愛又恨的嘉碩王妃頭銜安在了楊福安身上，還特許楊福安膝下承歡兩年後再成親。
不過南玄人私底下議論紛紛，這次賜婚是太子替嘉碩王爺求來的。
這招絕妙，太子與王爺素來不和，楊福安雖有悍婦之名但是和北冀質子周旭澤走得挺……",394,4
827,大佬你的馬甲又掉了,愛情,完結,1,0,0,,https://mojoin.com/novels/1070,"【爽文+馬甲+甜文+重生+復仇+虐渣打臉+團寵】

豪門成家出了一樁笑話！養了十幾年的女兒竟然不是自己親生的！！
親女兒歸位，所有人都想看這個鄉下野丫頭的笑話。
重生過來的夏寧也不失所望……
不學無術，土里土氣，都是夏寧的代名詞。
大哥：「沒關係，學習不好來哥哥公司當個總經理！」
二哥：「寧寧，來娛樂圈哥哥讓你成為影后！」
直到有一天，她的馬甲被這個高貴矜持的男人扒的皮都不剩！
隱世神醫？樂壇大家？電競大神？電腦黑客ken……
眾人的臉被打的啪啪響，大佬求手下留情。
……
這個罪魁禍首還眉眼含笑的看著夏寧。",498,4
828,殺手王妃不好惹,愛情,完結,0,0,0,,https://mojoin.com/novels/1038,"她是殺手界中最出色的殺手，凌厲行事，我行我素。
他是蒼穹國最絕色的王爺，放蕩不羈，冷戾妖冶。
……
時空錯轉，一朝醒來，竟附身在一名「男子」身上，對鏡梳妝，解開三千青絲，才知竟是一名女扮男裝的可憐兒。
誰說女子不如男？
老太君的宴會上，一場突如其來的衝突，使得宴會變為武斗場。
當她戰敗所有的挑戰者，拋玉冠，解青絲，望著座上驚訝失色的老太君，冷冷地說：「我葉清塵便是女兒身，說再說女子不如男，便試一試我手中的劍！」
眾人震驚萬分，只有貴賓席上的一名妖冶男子，拍著手站了起來。",492,4
829,調戲之道，親親抱抱舉高高,愛情,完結,0,0,0,,https://mojoin.com/novels/1008,"明稚凡表示自己再也不相信電視小說裡面的劇情了。
為毛別人穿越都是各種開掛各種主角光環圍繞，不是公主就是千金閣主的，再不濟也是守著一片農田發家致富抱得美男歸，她呢！
她不僅因為靈魂互換變成了男兒身，還要看到那個男痞子嫌棄自己的身材！
最過分的是！她還要去追那個男痞子讓那個男痞子和她談戀愛！
你說她這到底造的是什麼孽？",446,4
830,王爺，你家右相又失憶了,愛情,完結,0,0,0,,https://mojoin.com/novels/1007,"身為被先帝委以重任的右相，簡奕瀾覺得壓力很大，不僅要隱藏好自己其實是個女人的秘密，還要為大嵐朝任勞任怨。
這樣也就罷了，可是為什麼秦王卻總是纏著？
被秦王祁清岑摟住小蠻腰的簡奕瀾驚恐喊道，「王爺，請自重！」
祁清岑蹙眉一嘆，「怎麼？失憶症又犯了？算了，本王幫你回憶回憶！」
「唔。」祁清岑堵住簡奕瀾的嘴唇，輾轉廝磨。
「想起來了嗎」
簡奕瀾砸吧砸吧嘴，「好像有點印象。」",486,4
831,恰似你的溫柔,愛情,完結,0,0,0,,https://mojoin.com/novels/1006,"展凝曾經是南仲謙萬里挑一的寵愛。
一場變故，十六年杳無音訊，她痛失雙親。
十六年後，她陰差陽錯進了他的公司，他醉酒把她拉到了床上。
那是一場能控制的醉酒，可是他偏不加克制，於是，他看似迷迷糊糊，她則是真的半推半就。
她對他公開的評價是「他不行！」
他不行？誰行？那個人？
公司線上活動，她偷偷點評：「極不正經，希望以後能夠收斂自己的行為。」
呵，不正經嗎？
那就身體力行，讓她知道什麼是不正經！",495,4
832,愛是墳墓裡的再生花,愛情,完結,0,0,0,,https://mojoin.com/novels/982,"常小雨後來最後悔的事情，是在自己最好的年級裡嫁給了傅司其。
後來最慶幸的事情，也是自己後來，嫁給了傅司其。

再後來，她的女兒傅念雨跟自己的男朋友說：「我媽這輩子最不應該做的事情，就是嫁給了我爸。我媽很好，我爸也很好，他們錯的事情，是沒有在對的時間裡面，遇見了彼此。」
都說婚姻是愛情的墳墓，而常小雨的愛情，就是在墳墓裡面，再生的花。",477,4
833,遁逃的愛,愛情,完結,10,0,0,,https://mojoin.com/novels/968,"據說，林子驍從小就自選自養了一個童養媳。
他禁錮了她的身體，卻彷彿永遠也得不到她的心。
他身邊出現欽定的未婚妻，她轉身就帶球逃跑。
他發瘋一樣尋找，掘地三尺將她逮回來。
她哭著說，你都娶了別人，為什麼還要我回來。
他說，你不會介意，因為你根本就不愛我。",439,4
834,一幕傾心,愛情,完結,0,0,0,,https://mojoin.com/novels/967,"遭男友背叛，遭表姐傷害，就連自己的親爹也娶了自己最好的朋友？
沅蔓覺得這個世界玄幻了……
然而更加玄幻的是，傳說中沉浮在商業帝國、不沾女色的顧少竟然黏上了她！",484,4
835,冷王有妃是二貨,愛情,完結,0,0,0,,https://mojoin.com/novels/959,"冷王追妻路漫漫，二貨王妃修遠兮
錯上花轎，沒嫁對郎。

在二貨王妃想逃婚的一瞬間，被冷王盯上。
王爺：王妃太二，丟人。

說完直接扛回去
從此夜夜笙歌，冷王府閉門謝客。
可鄉間市裡常常傳出，二貨王妃出走記……",460,4
836,萌寶推銷：我家爹地9塊9包郵,愛情,完結,0,0,0,,https://mojoin.com/novels/937,"一場車禍，讓她丟失了三年的記憶，而她不知道這三年對她意味著什麼。
直到他又重新進入到了她的生活。可這個多出來的小孩是誰？
小孩：「媽咪！」 
某女：「叫誰媽咪呢，我可還是黃花大閨女呢！」
總裁：「……」",422,4
837,重生豪門：總裁的名流嬌妻,愛情,完結,651,0,0,,https://mojoin.com/novels/936,"A市的人都說，葉夏伊是個不簡單的女人，從一堆豪門千金中脫穎而出，成了蕭煜宸的未婚妻，被他如珠如寶的呵護，愛愈性命。
但他們也說，她是個不檢點的女人。
她和納蘭家的少主曖昧至極，夜夜留宿；
還和未來的妹夫不清不楚，引得家宅不寧。
蕭煜宸對這一切充耳不聞，溫情如許：夏伊，嫁給我做我的妻子。
可他們都不知道，她不是葉夏伊，她只是一抹附體的孤魂。
當訂婚宴上一片狼藉，她的家族大禍臨頭，那個男人筆直的站在那裡，唇角的笑",433,4
838,吾念若初,愛情,完結,43,0,0,,https://mojoin.com/novels/928,"整個暉城無人不曉，她是凌伯年從外面帶回來的野種。
在凌家大宅，明槍暗箭四處襲來，陰險毒辣比比皆是。
她以為凡事總有例外，或許狼窩裡出來的未必都是陰鷙之類。
誰知，某人千方百計想把她從野貓馴化成家寵，竟是居心叵測。
可是別忘了，她骨子裡的野性是與生俱來的。
欲入她身心者，財力、勢力、耐力、魅力、持久力，一樣不可少。
終於有一天，「五力」男人唇角噙笑將她鎖於身下，「我有錢有勢，有耐心有顏值，至於持久力，得由你親身嘗試。」
她淺笑著用指尖抵住他將要沉下的唇，「作為調香師，我對男人氣味的要求已經高過了一切！」",397,4
839,愛是一顆幸福的子彈,愛情,完結,0,0,0,,https://mojoin.com/novels/922,"我曾經有一段刻骨難忘的婚姻。
那一年，我將暗戀變成明戀，以為就此痴癡纏纏一輩子；
不料一朝從天堂跌落地獄，他追隨他的真愛棄我而去，留給我一段痛徹心扉傷痕累累的過往。
幾經兜轉故人重逢，我穿梭於商海沉浮的酒肉森林，卻被他以非他不可的謊言迷惑。
原來愛是一顆幸福的子彈，我情願穿腸破肚，至死方休。

（結局HE，甜虐交替，歡迎入坑！）",411,4
840,農門嬌妻：我家夫人超甜噠,愛情,完結,0,0,0,,https://mojoin.com/novels/913,"「二嫂弄壞了我新打的珠花！」
看了一眼哭兮兮的小妹，於承鬆一拍腦袋：「該給娘子打套新頭面了！」
「老二！全家人這麼一大盆衣服，你媳婦只洗你倆的什麼意思？這眼裡還有我們嗎？」
於承松眉頭緊皺：「她洗衣服了？都說了這些粗活我做就行，怎麼這麼不聽話！」",395,4
841,醫網情森，跋扈總裁溫柔心,愛情,完結,7,0,0,,https://mojoin.com/novels/911,"寒城上流圈子裡有一個公開的秘密，——鼎鼎大名的池氏集團掌舵人池禹森嗜好異禀，不僅喜歡「吃獨食」，而且還男女通殺。
更為奇葩的是，他對女人從來都是只玩不親。

因為潔癖？還是玩純情？反正沒有答案。

可是，要怎麼解釋他把她從泳池裡撈出來之後於眾目睽睽之下狼吻一通呢？
他甚至還當著未婚妻的面把她給吻暈了……，對，吻、暈、了！
前一秒把人罵得狗血淋頭，後一秒摟懷裡一頓熱吻，這是基因突變引發了狼性還是他本來就精神有病？
她可沒心情作研究，父親生前的夙願和壓在她心頭多年的仇恨是她活下去的動力，早點離開他才能好好去做那兩件事。",397,4
842,情深噬骨,愛情,完結,0,0,0,,https://mojoin.com/novels/897,"「跟我結婚，一年為期。」容曦作為首富千金，成功逼婚商場新貴莫辰擎。
男人徐徐吐出煙圈，眸意深深，「容曦，你會後悔。」
璃城口口相傳，他們是門當戶對，無愛聯姻。
莫先生卻在婚後對她寵溺繾綣，「曦兒……」
容曦揚起下巴，理所應當，「叫我也沒用，你今晚睡地板。」
男人都點頭答應，可半夜又偷偷爬上她的床。
坊間傳聞，莫先生與莫太太感情甚好，如膠似漆。
彼時，莫先生卻一個人喃喃自嘲，「你是打算拋夫棄子嗎？」",447,4
843,緣深緣淺，若如初見,愛情,完結,0,0,0,,https://mojoin.com/novels/616,"結婚時，她和他立法三章——
不許管她不准碰。
卻不想，婚後的一個晚上，她喝醉酒……
從此後，生活發生了翻天覆地的變化。
……
「投懷送抱？」",490,4
844,今夜情未眠,愛情,完結,1,0,0,,https://mojoin.com/novels/527,"在連城，人人都知道林初予是宋家送給紀慕川的禮物。
可他們不知道，終有一日，這個被人貶的一文不值的禮物，竟也成了紀慕川心中不可觸碰的禁地。
凡覬覦者，下場死！
————******————
18歲以前，林初予是宋家當成商品而培養的養女。
18歲生日時，林初予被宋家打包送到了紀家，從此瞎眼的紀慕川身後多了一條會說話狗。
23歲那年，林初予為愛而逃，卻被紀家打得半死不活架了回去。
從此林初予明白一個道理，這輩子她的生命裡只能有紀慕川這一個男人。",499,4
845,棄女重生：琉璃世子妃,愛情,完結,9,0,0,,https://mojoin.com/novels/389,"前生，她身為細作，卻愛上了敵人首領助他成皇，最終，他黃袍加身，她卻被拔掉指甲，剜掉膝蓋骨，連同剛出世一月的幼子被活活燒死……
重生歸來，她化身蛇蠍，步步小心，曲意逢迎，只為終有一天將那些曾經將她做棋子的人捏在手中……
她掌括囂張跋扈的大姐姐，撕掉外表柔弱的二姐姐的面具，再將她狠狠踩在腳下，鬧翻了陌府，然後順便將兩位王爺踢下馬……",431,4
846,一遇唐琰誤終身,愛情,完結,0,0,0,,https://mojoin.com/novels/333,"渣男令她負債累累，更是步步緊逼，她滿心怨恨，盯上了小三的哥哥，那個豪門公子哥。
她刻意接近，以為可以掌控他，可一接觸才發現，他是最危險的男人。
他高傲冷然，腹黑涼薄，他說，「盛滄月，別在我的身上打主意。」
可在她走投無路、狼狽不堪的時候，他還是幫了她。
從她遇見唐琰的那一刻開始，便注定要被拉進豪門的刀光劍影裡，無數不懷好意的目光盯著他們。
她知道彼此只是互相利用，她見慣了他的無情，卻還是忍不住動了情。
他一路帶著她，讓她看遍這世界上最醜陋的黑暗以及最殘酷的人性，在她震驚的同時卻也變得更加堅強。終於有一天，他說，「滄月，自己保護好自己！」
「那你呢？」
「我可能沒有辦法保護你了。」",462,4
847,那些年，有誰讓你不寂寞,愛情,完結,0,0,0,,https://mojoin.com/novels/317,"十歲，陸家私生子陸霆封認祖歸宗，在陸家老宅第一次見到夏家千金夏嫣然。
十五歲，他為她擋了一顆子彈，正中心口，命懸一線，她握著他的手哭得撕心裂肺。
十九歲，她說喜歡強大到可以把自己寵上天的男人，後來他成為了這樣的男人。
二十一歲，她一無所有，恨他入骨。
二十三歲，她笑顏如花，挽著他的胳膊甜膩膩的喚他：「二哥。」
二十六歲，她一刀刺進他心臟，和當年那顆子彈的位置重疊。
她滿臉恨意，聲線冰冷：「陸霆封，你去死吧。」
他握住刀刃，輕描淡寫：「你當真是一頭餵不熟的狼。」
只是夏嫣然，從此世間沒有他陸霆封，你該有多寂寞。",436,4
848,南風吹過黎明時,愛情,完結,0,0,0,,https://mojoin.com/novels/265,"結婚兩月，丈夫帶著青梅竹馬的三兒登堂入室。
她委曲求全直到那女人懷著身孕在她面前耀武揚威，所有的隱忍終是換來一句：「我們離婚吧。」
沒了婚姻，一心撲到事業上，竟不小心名揚四海。
原本孤身一人，愛情的桃花卻悄然綻放。
「姜黎黎，我罩的。」男人張狂宣誓：「我喬南木的女人，你們誰敢動，我會讓你們明白什麼叫生不如死、悔恨終生！」

於是，鬥白蓮花，打綠茶婊！
他助她名揚四海光華萬丈；她陪他看遍良辰美景花開花落。
他幫她拭去眼角淚水，瀲灩的眸中閃動著霸道的寵溺之色，朝著她勾了勾手指：「女人，過來我寵你。」",436,4
849,醫妃沖天，皇叔別來無恙,愛情,完結,1,0,0,,https://mojoin.com/novels/251,"世人都知道方丞相長女方雪瑤愛戀太子端木澤，八年中她散盡金銀為了保他登上皇位。
他卻把她送去做軍妓，她才知自己只不過是他登上皇位的棋子而已。

她看清了一切，拉響了綁在身上的轟天雷，只想和他同歸於盡。
幸虧老天垂憐讓她重生十三歲，她還是那個方家跋扈的長女，還有那個她害死的皇叔依然活著。

這一世她不在被人利用，雙眸冷冽，她要復仇，為了自己可憐的母親還有病弱的弟弟，她帶著她們離開方家。
她早已看破紅塵只想瀟灑活一生，可是那個皇叔怎麼就對她霸道糾纏不休。
她怕死了他的纏，嫁給了當朝東廠太監都督，當蓋頭掀開的那一刻，她才知道皇……",473,4
850,吾情似海，深不見底,愛情,完結,0,0,0,,https://mojoin.com/novels/242,"【所有的恨，最後好像都化成了愛】
盛廷宴此生最恨的就是愛上了仇人的女兒。
週莞莞此生最恨的就是自己不在恨盛廷宴。

他折磨她，卻在這過程中丟了心
她恨他，千方百計的想逃他而去

他追來，而她身邊已有良人
於是，他不甘心，舊計重施
她譏諷他：……",468,4
851,教主，你被拐了,愛情,完結,0,0,0,,https://mojoin.com/novels/1062,"紅衣黑袍的棲公子艷絕天下，卻在家門口拐走了自家教主？
這是何等匪夷所思的事情！
好在被「綁架」的記冷沒點被綁的意識？
屁顛屁顛的跟著、闖著、打著、鬧著……
於是這江湖上又多了個白衣灰袍的「小暖兒」！
「媳婦！告訴他們我是誰？」
抖抖眼皮子，記冷甚是淡定的來一句：「寒棲是我們記寒教的教主，永遠都是！」
棲公子卻是摟著記冷當著天下英雄的面一計長吻結束：「這是我媳婦！生生世世都是！」",298,4
852,二婚嬌妻，總裁要革命,愛情,完結,0,0,0,,https://mojoin.com/novels/1048,"她不就因為應酬喝多了幾杯，卻碰到闊別半載的前夫，一場陰謀，陌生房間裡，陌生的男人讓她身心俱疲。
明明是她被誣陷紅杏出牆，卻又莫名成了別人的小三，在萬眾矚目下結束了有名無實的婚姻狼狽離開。
拐角處，那危險男人盯著她說：既然不想做小三，做我老婆好不好？

",357,4
853,寧負天下不負卿,愛情,完結,0,0,0,,https://mojoin.com/novels/886,"重生一世，她暗自發誓絕不重蹈覆轍。勢要負她之人，付出代價。
重生一世，她拋棄了原本的溫和單純，她丟棄了三從四德，她再不是哪個人善被欺的大姑娘！
人不犯我我不犯人，人若犯我我必還之。
她今生只想守護好自己至親之人，了卻餘生。
卻不曾想，一個意外，致使兩人命運緊緊相纏。

「柳卿，寧負天下不負我，你可能做到？」
「娘子，寧負天下不負卿！」",253,4
854,傾城女相,愛情,完結,0,0,0,,https://mojoin.com/novels/883,"亂世之中風雲湧動，朝堂之中陰謀不斷，沙場之上腥風血雨，人人都想成為這亂世雄主，人人都想統一天下，坐擁這錦繡河山！
她為自己逝去的愛人守護臨江。
他為天下能早日安定協助郢國。
她倔強從不服輸，他內斂不願表達，葉清綰曾質問她，是否認清過自己的真心？
她內疚自責，強迫告訴自己，大師兄是兄，她愛的就是彭初辭，腦海裡又浮現出少年滿含憤恨的言語：「這是亂倫，為天下所不容！」
這亂世能否有情？這蒼天可否仁慈一次？",238,4
855,浮生傾盡一世歡,愛情,完結,0,0,0,,https://mojoin.com/novels/882,"初初。
她是戰戰兢兢，朝不保夕的官家小姐。
他是肆意妄為，陰晴不定的天之驕子。

她跟他，是謫仙與鬼魅的對立，是奴隸與君王的臣服。
本不是一個世界的人，他卻硬要來招惹她，她自然是見招拆招，偏不避其鋒芒。
兩兩對峙間，不知是誰先遺了心，失了情。

於是，他眸光寵溺：「那日桃林一見鍾情，後來大殿再見傾心。」
她冰冷的語氣中滿是譏諷與嗤笑：「一見鍾情，還是見色起意。」
她避之不及，倉皇逃竄，他寸步不讓，步步緊逼。
後來，她遭人設計，一夜迷離。",259,4
856,豪門秘寵，陸先生深情難辜負,愛情,完結,0,0,0,,https://mojoin.com/novels/871,"陸諾桐十八歲那天，陸靖安闖進她的房間，以最強硬的姿態質問她：
「你有什麼資格嫁入紀家，在我眼前幸福？」

陸靖安想告訴陸諾桐，她的幸福，除了他，任何人都沒有資格給。
可是他們的愛情，終究上不得檯面……",309,4
857,奈何君心亂,愛情,完結,0,0,0,,https://mojoin.com/novels/866,"她以天下為局，江山為註，下了一盤棋，本以為自己是執子之人，卻不料成了局中棋子。
她堅信活下去就有希望，所以她披荊斬棘，無所畏懼。
他曾以為只要心懷仁厚，便可兼濟天下，最後卻被至親所累，從雲端跌入泥濘。
捲土重來，他劍沖九霄，睥睨曾經的故人，笑容絕代。
「棄我去者，昨日之日不可留。」

世人皆道，她是丞相貴女，未來的太子妃，滔天富貴、累世榮華皆可預見，卻偏偏不知廉恥，逃婚抗旨，自奔為眷。
太子蘇易點頭贊同，陳氏阿蓉詭詰奸詐，最是善於利用別人的真心，進而棄若……",299,4
858,一念念此生,愛情,完結,0,0,0,,https://mojoin.com/novels/856,"陸驍討厭唐婉心路人皆知，在他眼裡，唐婉心出軌他人、氣死母親、傷害他心頭的白月光，可恨至極！

所以他散了她的家業、毀了她的希望、覆滅了她所有的深情。
終於，她醒悟了。
百無一用是深情，更何況是錯付的深情。
從此她左有云城第一大家族秦氏的保駕護航，右有第一影帝裴燦殷勤獻花，事業一路開掛。
可此時，陸驍卻坐不住了。
他說，他有一個深藏的秘密……",231,4
859,蜜愛百分百：賀少，求你別寵我,愛情,完結,10,0,0,,https://mojoin.com/novels/855,"相戀多年的男友，一邊拿著她辛苦錢揮霍，一邊和別的女人卿卿我我。
當蘇晴從出租屋裡出來，心已經徹底死去。
她傷心欲絕，走在大街上，卻惹上惡魔少爺。

婚前。
流量小生賀昭和三無女蘇晴傳緋聞。
賀男神千里探班，被三無女拒之門外。

婚後。
賀昭和其他女星傳緋聞，假戲真做。
小助理八卦道：「晴姐，昭哥和別人組你真的不在乎？」
冷漠無情的蘇小晴說：「我們形婚，莫得感情的。」",325,4
860,情劫,愛情,完結,0,0,0,,https://mojoin.com/novels/851,"被繼母算計，靜歌眼上了景城最有名男人傅言深。
傳聞這個男人，生性嗜殘，不近女色。
但是在靜歌眼裡，他就是個不要臉的男人。
第一次見面，這個男人就將她壓在欄杆上，手指輕輕地摩挲著她的唇，問道：「小野貓，成年了嗎？」
為了明哲保身，她選擇撒謊。
於是在第二天就被逮個正著。

「昨天欠了，今天一併補上。」",257,4
861,誰都不是你,愛情,完結,0,0,0,,https://mojoin.com/novels/849,"凌禕城慢條斯理解著襯衫的鈕扣：「今晚，我允許你提一個問題。」
歐瓷想了想：「如果我不是第一次，你會不會在意？」
凌禕城挑了眉梢：「我以為你會問一夜能有幾次。」
歐瓷：「……」",291,4
862,一品毒妃,愛情,完結,0,0,0,,https://mojoin.com/novels/847,"王爺虐我千百遍，我帶王爺如初戀！

「王妃今日想鬧哪出？」
某王爺坐在床邊，滿臉寫著生人勿進，違者斬殺！

「找你切磋切磋，交流技術。」
唐且歌一本正經，躍躍欲試，滿臉期待！",326,4
863,女人不過三十,愛情,完結,0,0,0,,https://mojoin.com/novels/837,"30剛出頭的蘇悅，雖然生活一地雞毛，可她毫無怨言的接受著。
若不是老公出軌，被迫離婚，她想一直自欺欺人過下去。
從一地雞毛的婚姻圍牆中走出，站在人生的十字路口，她徬徨、無助、沮喪、失落、絕望，一度陷入悲憫之中。
而林峰的出現，林峰的溫暖，林峰的呵護，讓她重燃愛的渴望。
當她鼓起勇氣準備接受林峰的愛時，鋪天蓋地的負面新聞圍攻林峰的人品和作風問題，看著紀委帶走林峰，蘇悅慌亂了，一向懦弱的她，應該怎麼辦？
怎麼救這個曾經把她拉出火坑的男人？",279,4
864,楠得情深,愛情,完結,0,0,0,,https://mojoin.com/novels/833,"整個荊市，除了莫家人，沒有任何人知道莫凜楠的心中有個心頭寶。
而她，古靈精怪的出現在宴會場上，不僅想方設法的想要去勾搭他，還給他留下了極其深刻的印象。
她陷害他不成，反而特別高調的對他說：「莫凜楠，我喜歡你，既然我把我的初吻都獻給你，你就得當我的男人！」
莫凜楠目光深沉的看著她：「看你有沒有那個本事了！」",216,4
865,步步驚情，總裁夫人又鬧了,愛情,完結,0,0,0,,https://mojoin.com/novels/831,"「安安啊，不是姑姑乘人之危，雖然你是你姐姐遺囑的繼承人，但你年紀這麼小，這顧氏交給你，怕是會斷了老祖宗留下的基業。」
這是姐姐留給她的顧氏，她一定要守護！",285,4
866,我醉了，你隨意！,愛情,完結,12,0,0,,https://mojoin.com/novels/828,"蘭城，人人都想攀上傅少辰這尊神。
但，雲璟不想。
可事實上。
她卻被人強行冠上傅太太的名諱。
雲璟怒了",291,4
867,一城煙雨,愛情,完結,0,0,0,,https://mojoin.com/novels/806,"夜。

房間門砰的一聲被撞開！
秦嵐煙悚然看向門口！

原以為自己已經百毒不侵，但是在看清門口的人時，秦嵐煙一顆心還是被撕裂得血肉模糊！
男人醉醺醺往裡走，腳步不穩，秦嵐煙幾步上去，用手扶住了他。
「城珏，你又喝酒了？」",350,4
868,雲端的格桑花,愛情,完結,0,0,0,,https://mojoin.com/novels/801,"「我從始至終最在意的便是你。」
三軍帳前，他權謀盈盈在握。

恍然如隔世……
一朵格桑花，一段迷迭香。
你曾說過今生今世，休想從我身邊逃走。",348,4
869,謀妃拒再嫁,愛情,完結,0,0,0,,https://mojoin.com/novels/800,"她穿越了，亂世中成了一個亡國公主，前有陰謀，後有追兵，為了安身立命化身細作，披紅妝，千里和親。
「我利用你是真的，可我愛你也是真的。」他站在大殿之上，俯視著她。
她冷笑，輕抬眉眼「你若問我心中所想，只願將你挫骨揚灰。」
大婚之夜，他用力的掐住她的脖頸「可知本王為何娶你？」
她嗤笑「你娶，為一座城池，我嫁，為你半壁江山。」
和親不但沒有改變命格，相反讓她捲入一場后宮爭鬥。
一日他大醉，將她狠狠緊固在懷中「夙兒，你怎知本王的心，你不知，寧願我害你，好過讓別人來害你。」他呼出來的氣暖著她冰涼的肩。
「陛下，夜已深，該回王后寢宮了。」她冷言，將他推離，卻不曾抬頭看他",233,4
870,餘情未暖,愛情,完結,0,0,0,,https://mojoin.com/novels/799,"她是他哥哥的未婚妻，卻被迫成為他的女人。
「暖暖，那個孩子是你們的私生子嗎？」他問她。
他疼她寵她保護她，寵得無法無天。
白暖知道，沈耀白的心情只分開心和不開心，而不管他開心不開心，都喜歡找她。
終於有一天，她難以承受一切選擇逃跑，他斷掉她所有的退路。",266,4
871,一地相思無盡處,愛情,完結,0,0,0,,https://mojoin.com/novels/794,"漠漠輕寒上小樓，淡煙流水畫屏幽。一城朱白飛散去，笛音淚祭血魂塚。
許多年之後，靈幽的眸底，最後凝凍的便是與那少年墨發纏飛的妖嬈而悲傷的，這鋪天蓋地的朱白，如雲似霧，風飄而散。

四年之後，她從遙遠的玉冥雪山奔赴而來，帶著前世今生的滅魂之咒，誓言洗盡地底之下，千萬森然白骨生前恥辱。
她帶著一身殘破，困於幽暗，寄賣了自己的靈魂，才終於得以再一次站在他面前，甜甜喊他一聲「輕寒哥哥……」

一花一蝶，滅盡惡人邪魔。
七血三淚，救贖癡人怨靈。
這一場殺劫，血淚浸染，潮濕了誰的宿命？",386,4
872,芥命,愛情,完結,0,0,0,,https://mojoin.com/novels/775,"曾有一狸貓，狸貓十二尾，一尾是一命，命喪斷一尾，取命補一尾。
狸貓通靈，可穿梭陰陽，也可觀測前世，完成每任主人轉世之願，取其魂補己尾。
今日有一僧，戒嗔戒怒難戒色，傷妖傷心又傷魂，曾金珠封妖，現為妖入塵。
佛前懺悔，金針刺魂，世世獨白首。",355,4
873,夫人，倫家是你的小棉襖,愛情,完結,0,0,0,,https://mojoin.com/novels/770,"懷著經商夢，一朝醒來，竟穿越成唐家庶女；
父親不喜，後母刁難，祖母冷淡，名門宅院鬥爭多；
接她回府，原來是為了讓她代替嫡姐，嫁給病怏世子；
在這異界，且看她如何鬥姨娘、打小三；
白手起家，帶著隨身空間，踏上奮鬥之路。",222,4
874,久念不忘，終有迴響,愛情,完結,0,0,0,,https://mojoin.com/novels/750,"十年前的他，彎下腰摸著她小小的腦袋溫柔的笑著說：小傻瓜，不許哭，我陪你玩。
十年後的他，肅冷倨傲，對著身下泣下沾襟的她蠱惑般地說：不要叫我哥！

他可以成為不擇手段的黑幫少主，可以成為生意場上一手遮天的王權富貴，可以眼手通天的玩弄手段，可以毫不猶豫的取人性命於不顧。
而對她，卻軟了心。

八歲的她天真爛漫，對著緩緩上升的孔明燈許願：願不要分離。
十八歲的她眼波流轉，柔弱無骨的手抵住他的喉：哥，你喜歡我嗎？
他以唇舌相纏作答。
當他摟住她傷痕累累的身體，嗜血的眼眸淌著萬般柔情：傻瓜，我愛了你十年。

作者",375,4
875,刁妃有喜：冷魅狼王的罪寵,愛情,完結,0,0,0,,https://mojoin.com/novels/730,"全天下都在傳說，新一任的瀾雲谷谷主，是姜氏家族不世出的音律奇才。

咦？怎麼本尊跟傳說中的不太一樣？
誰能想到，這個看似冒牌的瀾雲姑，就是從另一個世界穿越而來的。
然而「狼王」陶白楊卻一直視她如珍寶，不惜為這個不太符合身份甚至有些刁蠻的王妃背負全族人的責怪。

為什麼就不能好好相愛？
總是要經歷戰火紛飛，總是要眼看人來人往。昔日好友反目成仇，卻還是能重歸於好，已是不易。
至於那些無謂真假的罪孽，還是抵不過他的寵愛。",356,4
876,穿越之拯救女主行動,愛情,完結,0,0,0,,https://mojoin.com/novels/679,"不要9998，不要998，不要98！極品花魁免費倒貼還包郵喲親！！！你真的要拒絕嗎？
萬年死宅蘇唯沒想到自己出一次門就遇上了墜機，醒來後發現竟然穿到了自己的小說女主身上。可是——這是個悲劇小說啊！
蘇唯現在真想穿回到正在電腦前寫文的自己面前，狠狠地抽她——叫你丫寫虐文！叫你丫虐女主！叫你丫BE結尾！
玩脫了吧，活該！",346,4
877,只願君心似我心,愛情,完結,0,0,0,,https://mojoin.com/novels/675,"她得他一顆心臟，從墓中甦醒，助他步步登頂。
他卻終是娶了那個真正放在心尖上的人。
而她，卻被囚禁於黃金獸籠，日日剜心，去一碗心頭血。

縱然被千刀萬剮、火海地獄；
縱然被折磨取樂，嬰孩換命。
她愛他入骨，不怨亦不恨。

後來，他望著她沉屍的黑海，飲盡手中鉤吻酒：你不先去，怎知我相隨在後？
霜雪吹滿頭，也算是白首。",389,4
878,九州密令之山河聘,愛情,完結,0,0,0,,https://mojoin.com/novels/672,"安雪的師父在將獨孤樓交給她時曾說，身在江湖，就要對得起江湖。
然而，當安雪走進皇城，走進墨王府，與凌墨煜一起並肩九州時，她也只餘得滿腹自問——
所謂的江湖，所謂的道義，到底是什麼？

直到這一次，她和那個男人共同走向紛亂複雜的江湖，
她彷彿真的有機會明白，這江湖的水有多深，路有多難，
而這一次，她發誓，她要九州安樂！

哪怕九州大陸風起雲湧，也必將陪他勇往直前！",380,4
879,愛你如癮難言,愛情,完結,9,0,0,,https://mojoin.com/novels/664,"三年前，一場賭約，她將自己賠給了言晟軒。
愛過，恨過也背叛過。
夏以南始終都知道自己要什麼，卻唯獨不要言晟軒交付的真心。
當兩人都遍體鱗傷時，她轉身離去。
他找遍了所有能找的地方，都未能尋到她的踪影。
三年後，她搖身一變，從婚禮上將他劫走。
這一次，她很清楚自己要的到底是什麼。
她扯著他的領帶，往前一拉，挑釁的勾起一抹弧度。
另一隻手快速摟住他的脖子，附到耳畔輕聲說道：「遊戲重新開始。」
尾音微微勾起，充滿了誘惑的味道。",334,4
880,亂世王妃,愛情,完結,0,0,0,,https://mojoin.com/novels/621,"安朝末年，朝野格局動盪不安，人心惶惶，民不聊生。
傳聞溫府有位庶子，才華橫溢。

卻因一次狩獵，被人暗傷，瞎了雙眼，從此再讀不了文書。
雲府雲沁，德才兼備，性情淑良。

卻因為家中姨娘陷害，毀了名聲，被丟棄在廢園中，鬱鬱而終。
現代社會中，與她同名的雲沁因一次失足掉入湖中，靈魂附在雲大小姐身上，才得以活下去。
兩人同是遭受陷害，是恨讓他們走到了一起，卻是愛，讓他們走下去。",381,4
881,王妃耍心機,愛情,完結,0,0,0,,https://mojoin.com/novels/548,"他大爺的！他可是欹猷王朝金金貴貴的蕭王爺！為什麼他要苦命悲催到娶這樣一個女人！！
大哥的王妃賢良淑德，二哥的王妃聰慧可人，三哥的王妃調皮可愛，而他的王妃——
三從四德，不會。
穿針引線，不懂。
相夫教子，沒學。
他大爺的！父王母后他不要啦！三嫂教過他，婚姻自由！戀愛自由的啊！他又不是收破爛的，憑什麼這個「大齡剩女」要婚配給他這個風流倜儻、英俊迷人的王爺呀！
那個女人……哦，不！那個上官若璃動不動就和自己作對，況且他還打不過這個女人，娶了她，他這輩子都要屈服在她的淫威之下，那他的下半輩子要……",394,4
882,王爺，你就從了我吧,愛情,完結,0,0,0,,https://mojoin.com/novels/444,"錢多多這輩子有無數的願望，第一是上了那個病弱王爺，第二就是不用聽老爹的嘮叨，第三就是成為寨主，第四就是……
司徒莫離這輩子有兩個願望，第一是治好自己的心疾，第二是奪嫡為王。
時來風這輩子只有一個願望，就是守護山寨。

有一種緣分叫做孽緣，錢多多不過就是和時來風賭氣，就招致了一個禍端，而這個禍端長得如斯好看，她賠上了心，還賠上了全寨幾百條人命。
她笑著，笑得風華絕代，紅纓槍迎風，血色漫漫，看著他胸口黑魆魆的洞口，她裂唇：「本大王無非就是看中了你的美貌，你不稀罕本大王，我就棄你如蔽履。」
時來風說，他的命屬於山寨，他的心屬於她錢多多，他將她護在懷中，替她抵擋",377,4
883,正夫綱，王后在上,愛情,完結,0,0,0,,https://mojoin.com/novels/439,"孫青筠從懶散的閨閣千金到一國王后，再到亡國之後，為的不過是同一個男人，那個從狼嘴裡將她搶回來的男人。
兩軍交戰，深陷囹圄，她拿著匕首當著眾人，狠心了斷了他的性命。
她說：「我殺了你，我們便兩不相欠了！」
從此，她成了許多人口中的狠毒女人，可以連眼睛也不眨就奪了日日癡纏在一起的男人性命。
芙蓉帳暖，床榻已溫，待君歸來！
她說：「謝謝你沒讓我成了夜夜盼君歸的可憐寡婦。」
大婚之夜！
他滿含濃情，只道「我既送了你一朵永開不敗的百合，自是要和你百年好合！」",287,4
884,冥婚邪愛寵上天,愛情,完結,7,0,0,,https://mojoin.com/novels/381,"大學生白謹言在參加校游泳隊集訓中，突然溺水，卻在恍惚中被人欺負了。
日夜在夢中糾纏的鬼魅男子禾折，出現在她的面前，稱她為「妻」。
自此，陰魂厲鬼纏身，白謹言陷入各種靈異事件之中，可是這一切僅僅是她走向深淵的開始。
禾折甜蜜言語編織的牢籠，讓從小沒有親情的白謹言深陷泥沼。
可是另一個她的出現撕碎了白謹言的夢，讓曾經的情話成為了笑話，讓曾經……",211,4
885,若是情深，怎會緣淺,愛情,完結,0,0,0,,https://mojoin.com/novels/351,"父親被抓，她成為人人都能踩上一腳的落魄千金，不惜賤賣自己，
而他為了報復她，巨資將她拍下。

他將她抵在牆上，咬牙開口，「林未晚，我當初體會的，我會一分不少，盡數奉還給你們！」

在她被眾人欺時，卻是他護在身邊，輕笑道：「我顧景的女人，我寵都來不及，什麼時候輪到你們來欺負了？。」

她被逼瘋，拿刀對著他時……卻轉手被他送進監獄
當愛已深入骨髓，恨則需要剔骨剜肉！",385,4
886,誰念西風獨自涼,愛情,完結,0,0,0,,https://mojoin.com/novels/300,"重生之前，她被朝夕相處的男人推下高樓。
重生之後，因果循環，她又被包裹在一個巨大的陰謀中。
等神秘色紗一層層揭開，陸逸琛才知道她一直是他心中的那個白月光。
此後，陸逸琛做的最多的三件事就是寵她，寵她，再寵她。
「我累了，想休息了。」陸念西可憐巴巴的躺在床上望著陸逸琛。",208,4
887,禁寵,愛情,完結,0,0,0,,https://mojoin.com/novels/297,"三年前，我經歷了人生之中最為黑暗的日子，一夕之間，從天堂淪落地獄。
那時年少輕狂，不懂情之一字可以傷人如斯。
為此，我甚至付出光明的代價。

三年後，再次遇見那個魔鬼。
他摸著腹部的傷疤，看著我，目光如炬，語聲湛湛：「鬱菲，就算是下地獄，我身邊陪著的那個女人也一定是你！」 他說：「躲在黑暗中的老鼠，是不配生活在陽光下的。」

是啊，如果可以一直沉淪在黑暗中，也許並不會那麼痛苦。
最痛苦的是能夠看到希望。
我那麼恨你，可你怎麼會知道，只有愛時奮不顧身，恨時才蝕骨銷魂。",214,4
888,億萬新娘：只想寵著你,愛情,完結,3,0,0,,https://mojoin.com/novels/291,"他將她從別人的手裡救下，從此，將她纏上！
她見他，如見到鬼魅，唯恐避之不及。

某男雙手一撐，將她禁在雙臂之間，挑唇逼近：「本人有錢，有顏，跟我，有什麼不好？」
她笑：「北少非我族類，我有種族歧視！」
男人面不改色：「我口味比較重，不介意你不是人類！」
她忍無可忍：「滾！」
他笑得欠扁：「走，咱們一起滾！」
她終於怒了：「去死！」
他得寸近遲：「牡丹花但求一死！不如，你現在就送我一程！」",212,4
889,狂妃傾城，主上別撩我,愛情,完結,0,0,0,,https://mojoin.com/novels/287,"新婚燕爾。
「還記得我嗎？」他邪肆的眼眸掃著她，一隻手禁錮著她纖細的脖頸，彷彿一個用力，她就會被扭斷。
喵了個咪，這是問問題的態度嗎？她要是說錯，會不會被剮了。
某女裝傻。
某男額頭冒出三道黑線，幾年未見，這丫頭越來越有意思了，也……越來越……",221,4
890,一顧南言,愛情,完結,2,0,0,,https://mojoin.com/novels/267,"從人人唾棄的失足少女，到風光無限的厲家小姐，顧安一隻花了三天的時間。
但是厲南言教會顧安一，從一身暴戾到步步生蓮，卻足足用了五年的時間。
五年後，他和別人締結婚約，大婚在即。
顧安一手握尖刀，對準女人心臟。
「我花了五年的時間，教你做一個善良溫柔的人，原來一切都是徒勞，永遠改變不了你骨子裡嗜血的本性，你走吧！」厲南言面如灰土。
……
三年後，她挽著他人手臂出現在他面前，言笑晏晏。
他將她逼至牆角，嚴厲質問：「顧安一，你是不是非得這麼作踐自己，才甘心？」",217,4
891,懸愛,愛情,完結,0,0,0,,https://mojoin.com/novels/167,"戀愛總要有人先耍流氓，姐豁出去了！
她就是來踐行女追男到底是隔層紗？還是隔著一座山？
可，他是喜馬拉雅山中的珠穆朗瑪峰，高不可攀。

某日
艾卿：「老師，有女朋友嗎？」",362,4
892,醜女涅槃：毒仙歸來,愛情,完結,150,0,0,,https://mojoin.com/novels/157,"縱橫大陸，四國風起雲湧。
她是特種部隊女上尉雲青梅，在強者為尊的異世重生。
從起初頂著一張巨醜的面容，步步為營夾縫求生。
再到華麗變臉，強者路漫漫其修遠，將傷害過她的人逐一求索。
打算塵封的心卻被某個無賴撩撥，半路又殺出處處維護她的妖孽世尊。
是和無賴浪跡四國？或者和世尊歸隱？還是拋棄一切回到她熟悉的世界。",358,4
893,宮鎖凰,愛情,完結,0,0,0,,https://mojoin.com/novels/139,"堂堂丞相之女連個姓氏都沒有，從小的祖母撫養才有一名存活。
自小跟著傳聞中有著訂天下之才的忘丘八賢學習。
然而，太皇太后一道懿旨卻讓入宮為後，這個丈夫心儀許久卻不收待見。
後宮兩宮太后佔據，前朝四分五裂。
看她如何平定前朝，安定后宮。",376,4
894,容教授，你媳婦跑了,愛情,完結,0,0,0,,https://mojoin.com/novels/97,"容家的太子爺拋棄了家族產業，跑去當了大學教授，據說是為了一個女人。
五年後，這個女人卻挽著別的男人手回來了。
這下，容教授…… 怒了！「容少，我已經結婚了。」
時思年的拒絕理由永遠都這麼鑽心刺骨，然而容承璟卻拉著她死纏爛打不放手，一個壁咚到牆角，耀眼的粉鑽晃動人心。
「結婚還可以離婚，離婚還可以再結婚。」
待時過境遷，滄海桑田之後。
剛參加完畫展回來的時思年一推門，就看見家裡的小包子「啪嗒」一聲摔壞",298,4
895,愛,愛情,完結,0,0,0,,https://mojoin.com/novels/82,"宋北傾愛著賀南山，很愛很愛，愛到可以低入塵埃，可以拋棄尊嚴。
但是賀南山不愛宋北傾，婚姻三年，宋北傾徹底從賀南山的生命裡退出的時候，賀南山才突然發現自己的胸口好像缺了一塊。",350,4
896,絕色王爺求不約,愛情,完結,0,0,0,,https://mojoin.com/novels/70,"第一次相見，她掉進了他的浴桶，不僅看了他洗澡，還將他摸了強吻，佔盡便宜後溜之大吉。
第二次見面，兩人身份微妙，她驚覺上次自己得罪的是怎樣可怕的人物，然而，人不要臉則無敵，即便天下人都怕他，她依舊有恃無恐。
第三次再見，卻是他伸手過來，迎接著她遠嫁

此後兩國不再太平。",344,4
897,今朝落雪待歸人,愛情,完結,0,0,0,,https://mojoin.com/novels/59,"他是天界帝君。
卻為了她放棄所有，來到地府，兩次捨命相救，魂魄難全。
她是魔界宮主的親姐姐。
一朝失憶，來到了他的世界所有人都說他們是為世人所不容的孽緣。
唯有她相信，縱使所愛隔山海她亦可讓山海皆平！",332,4
898,撩人皇后，帥哥溫柔點兒,愛情,完結,0,0,0,,https://mojoin.com/novels/47,"她是翻手為雲覆手為雨的沉香宮主宰，以遊戲人間為樂，於是在京城開了一家名曰浮香樓的男館。
為了招到天下幾個美男做招牌，充盈她的小金庫，於是她裝傻充愣扮演呆萌小甜心，客串純良無害的好騙小白兔，偶爾也變身野性難馴的磨人小妖精。
哪曾想玩過了火，一不小心惹下了一大堆的桃花債。
直到有一天她玩累了，歡歡喜喜坐上大紅花轎，準備去給天下第二帥的男人當皇后，不想半路被人劈碎轎子。",330,4
899,重生之絕世寵妃,愛情,完結,0,0,0,,https://mojoin.com/novels/16,"她身為王府嫡女，謀略武功皆是不凡。
數年真心，助渣男榮登九五，豈料換來的卻是冷宮囚禁。
重生而來，有仇報仇，有怨報怨。斷了渣男的登基之路，戳破渣女的偽善惡毒，讓他們再無翻身之日。
渣男錶白？直接踢開。渣女設計毀清白？那就以其人之道還治其人之身。便宜舅媽貪家產？掃地出門還讓你陪精神損失費。
「顧清瞳性格暴戾，不配擔郡主之名。」
顧家數十萬大軍：「誰敢說我們郡主一句不是？」
眾人噤聲。
內有哥姐相護，外有美男擋刀。",268,4
900,不負如來終負你,愛情,完結,0,0,0,,https://mojoin.com/novels/2,"他是受佛祖之命拯救人生苦難的苦行彌僧。
她是集萬千寵愛的公主。
她愛他，他卻心懷天下。
那一天，她一襲火紅嫁衣出現在他面前，紅唇輕啟，微微發抖。
「大師，你能帶我走嗎？」",300,4
901,囚婚,愛情,完結,0,0,0,,https://mojoin.com/novels/1000,"「不服來戰！」她囂張地看著平城第一GAY挑釁。
「戰？」他霸氣側漏地撲身過去，某男完美化身！
她恨恨道，「你這個死GAY，竟然是個騙子！」

他是震驚商業圈的商業教父，她是被迫嫁給他弟弟的契約老婆，然而，契約老公一夜暴斃……
他卻纏上了她，一夜變了性取向。
「顧總，我們這樣有違人倫！」
「人倫？來，讓我教教你什麼是人倫！」",151,4
902,囚愛擒歡：總裁先生輕輕親,愛情,完結,7,0,0,,https://mojoin.com/novels/839,"一場交易，溫淺站在霍聿深面前，「霍先生，我怎麼樣？」
矜貴的男人高挑著眉端，眼底蘊藏著迷離之色，「滾。」

溫淺咬牙：「你名深我叫淺，豈非絕配？」
「如果不死就答應你，再說一句，我不喜歡溫柔。」男人低低地笑出聲，伸手掐住她纖細的頸。
她心有摯愛，他亦有心上明月。",104,4
903,摟住殿下小蠻腰,愛情,完結,0,0,0,,https://mojoin.com/novels/832,"厲凝凝覺得自己八字犯沖，穿到原主身上也就罷了，這個原主特麼居然會占卜！
你丫占卜別的什麼不好？非要占卜到她會死全家？

殺她全家也就算了，可預言這男人長得太好看，讓本郡主捨不得下手就是你丫的錯了。
什麼，你你你你丫就是那個所到之處哀鴻遍野的永順王，嚴璟良？
哼，管你是天王老子還是玉皇大帝。拿下，統統拿下！

艾瑪，可惜厲凝凝段數不高，被醜拒了……
這能忍？虧她還號稱自個兒人見人愛，花見花開呢。
嚶嚶嚶……若是收服不了嚴璟良這個小妖精，她厲字倒著寫！
你嚴璟良淑人君子，才高八斗？好，本郡主送你名門書帖，詩詞字畫。",107,4
904,快穿之病毒大人你站住,愛情,完結,0,0,0,,https://mojoin.com/novels/825,"【甜寵。男女主身心乾淨爽文】
她本冷心冷情，遇上了他化為一江春水。
他本遵循命運，生生世世。遇了她寧願永生追隨。
華蓮為了拯救陷入虛擬的人類，穿梭在個個的世界成為女配，可女配有女配的活法。
被吊打，被陷害，身世淒苦，結局悲慘。
怎麼可能？

看華蓮上打女主，下踹男主，中間還能收穫萌萌噠的小夫君。
他生於虛擬，死於虛擬。
他是凌駕虛擬之上的神，本已經固定的命運因為她的到來而打破。",64,4
905,他曾愛過我,愛情,完結,0,0,0,,https://mojoin.com/novels/819,"哪對夫妻沒有想過離婚？
為了孩子，我對喬懿一而再再而三無底線地容忍。
直到那天他帶著女人出現在我面前，這段五年的婚姻，終於崩潰。
我永遠記得那天他瞇眸吸煙深情的對我說，「俞念，你的驕傲，我給，你的前夫，我收拾，我只有一個條件，你——歸我。」",158,4
906,戰火王妃：王爺莫要撩戰袍,愛情,完結,0,0,0,,https://mojoin.com/novels/812,"魂入異世，她不再是前世無情無愛的殺手，她是他的臠寵凌清歌。
她白日為他兵馬天下，晚上為他承歡膝下，她送他半壁江山，他將她發配邊關。
失去，是為了得到，滅亡，是為了重生！

當她站在鄰國國君的婚禮上，淺笑嫣然，他卻驀地握住她的手，雙眸猩紅，「你敢嫁旁人？」
她嗓音淡雅，「你是誰？」",61,4
907,太傅嫁到,愛情,完結,0,0,0,,https://mojoin.com/novels/797,"顧安然不知道自己竟然這麼點背，登個山拍張照都能被人擠下去。
本以為自己必死無疑，結果掉個崖掉了半天沒著地，好不容易落了地了竟然落在了一個小美人身上，嘖嘖，這小美人，嘿嘿……
本來跟小美人好好地過著進京趕考的小日子，卻不料如此呆萌的小書生竟然有人追殺，關鍵是，還中了招。
無奈，藥材只有皇宮有，一沒武功二沒靠山，只得靠腦子。背上包袱，換上衣服，她顧安然終究是躲不過天殺的中式教育，再一次開起了寒窗苦讀，進京趕考（高考）的路子。
至於之後為什麼會變成太子的老師就不要深究了，只是：「皇上，請您自重。」
某皇帝繼續吃著豆腐，淡淡地一挑眉：「太傅大人，最近太子的功課怎麼……」",137,4
908,雲城晚來歌,愛情,完結,0,0,0,,https://mojoin.com/novels/787,"「大哥，你你你要幹嘛……」女孩縮在牆角，小身板顫的如篩子。
「說過多少次，你我沒血緣關係，你這小腦袋瓜怎麼就記不住呢？嗯？」男人挑起女孩的下巴，笑意危險。
「叫了八年，習習慣了……」
「這是壞習慣，得改，以後叫老公！」
「哦哦……」
「叫聲來聽聽？」
「老……公公……唔唔……」
男人忽傾身而下，堵住了她，教訓道：「小笨蛋，……」",49,4
909,十方劫,愛情,完結,0,0,0,,https://mojoin.com/novels/781,"十丈軟紅裡的情愫，她從未纏綿過，也未曾想過。
於是她立身雲巔，於是她冷眼相看。
當看盡離合輾轉，她突然於冷暖中動情，原來世間竟有繁花如此。
但是，未曾想過，那一片繁花相接處，卻是彼岸花開正爛漫。",125,4
910,煞妃出沒，國師太難纏,愛情,完結,0,0,0,,https://mojoin.com/novels/780,"穿越成孤兒，鳳十五混吃混喝，日子過的很舒坦，直到被人綁走，下毒！刺殺！落涯……
好不容易撿回一條小命的鳳十五，誓死要遠離這個男人！
跑路被抓，「大爺，您老到底看上我哪點，我改還不成嗎……」欲哭無淚。
君千夜淡然一笑，拎起丟進馬車。
逃跑未果，鳳十五轉移戰場，跑不掉我煩死你！",177,4
911,國師大人請自重,愛情,完結,0,0,0,,https://mojoin.com/novels/762,"大婚當天，新婚丈夫帶著別人跑了，阿潯陰差陽錯和自家師父洞房了。
床榻前，她戰戰兢兢低頭認錯：「師父，我錯了……」
床榻上，男人衣衫不整，依舊清冷矜貴，「毀了為師的清白，一句錯了就夠了？」
阿潯咬唇：「那要殺要剮，任由師父處置！」
男人瞇起黑眸，冷笑：「那豈不是太便宜你了？」
阿潯急了：「那你到底想怎麼樣麼？」
男人長臂一伸，將她提到身邊。
「我想……將錯就錯！」",172,4
912,王妃富甲天下,愛情,完結,0,0,0,,https://mojoin.com/novels/748,"她曾為救他，三尺寒冰上跪足三天三夜。
他曾為救她，大雨傾盆中獨闖血洗法場。
人人都說，他們是天下最恩愛的一對，其實不然。
一朝穿越，她落身青樓，成為他人之歡。
一場交易，她將生意做得風生水起，富甲天下。",146,4
913,有個妖孽總在我眼前晃,愛情,完結,0,0,0,,https://mojoin.com/novels/738,"她有喜歡的男子，他不介意，使勁兒挖之；
她分不清自己究竟喜歡誰，他委屈地控訴，你親過我抱過我，定是要負責的；
她的桃花朵朵嬌豔，又粘膩又瘋狂，他手起刀落，來一個砍一個，來一雙滅兩個……",130,4
914,謀情掠愛，毒妃重生不好惹,愛情,完結,0,0,0,,https://mojoin.com/novels/716,"一場精心策劃的江面刺殺，太子南炫夜身受重傷被護國將軍放養的女兒夏甜陌意外救下，並對他一見傾心。
大將軍愛女如命，大手一揮直接向老皇帝請旨送，將愛女嫁給了當今太子南炫夜。
殊不知，黑夜正在想她伸出了大手！
滿天紅花，鳳冠霞帔，她如煙四夢，嫁給了自己愛慕的男人——
甜夢未醒，猝不及防，她在一夕之間被打入死牢，心愛的男人摟著別的女人在死牢裡將他父親的頭顱扔在她的面前。
父親被害，家族被毀，腹中的胎兒也被狠狠的做掉，男人面無表情，她血淚流乾。",97,4
915,邪龍纏鳳，愛妃約不約,愛情,完結,0,0,0,,https://mojoin.com/novels/706,"昔日傲視九天的七彩鳳凰，如今人人欺凌的廢材公主。莫炎傾從未想過會有重見天日的一天！
天生廢材，不具武脈？渣渣們睜大狗眼看清楚，待我武脈開啟日，便是王者歸來時。
馭萬獸，煉神器，將那些所謂的天才一一踩在腳下。
然而，當她把某條小賤龍踩在腳下時，賤龍卻一把抓住她的腳踝，「小姐姐，約嗎？」",87,4
916,北方茵茵正茂時,愛情,完結,0,0,0,,https://mojoin.com/novels/686,"諸葛家有一個大小姐，在龍城那是出了名的壞，私生活混亂不堪，脾氣暴躁，人品極差，為了和同父異母的妹妹搶金家大少爺，她更是痛下殺手，可是，就是這樣的一個狠毒的女人，卻頻頻和龍城的龍家大少爺曖昧不清，龍總更是高調示愛這種心狠的「毒婦」！
龍禦北曾將諸葛茵茵逼迫在角落熱烈狂吻，瘋狂的問她有沒有愛過自己，哪怕一點，可卻得到了死一樣的寂寞和痛苦的回憶。
於諸葛茵茵來說，龍禦北是她最不該惹，最不該利用的人，曾經的木呆子，找她復仇，卻頻頻讓她感覺無法掙扎，越來越陷進他的「報復」裡。
而於龍禦北來說，諸葛茵茵是他的救贖，是他一見鍾情卻求而不得的人，是他心上那堅韌的野草，拔不掉，越拔越茂盛的念想……",62,4
917,暴君寵妃無度,愛情,完結,0,0,0,,https://mojoin.com/novels/678,"大婚之夜，由於興奮過度，她和皇帝夫君雙雙暈掉，皇帝沒了，她成了小寡婦。
太皇太后讓她抓住新帝、她的小叔子，為活命，她成為棋子。
新帝三千后宮，卻偏偏強迫她，讓她背負紅顏禍水的罵名。
「說，誰才是你的男人？」他的手指輕勾起她的下巴。
「你們都是。」她笑了笑，雪白的小腳丫踢了踢他，語氣充滿了挑釁。
腳踝一涼，他居然給她上了一把鎖，將她鎖於龍榻之上。",74,4
918,霸道總裁愛上我,愛情,完結,0,0,0,,https://mojoin.com/novels/663,"敲萌敲可愛的小蘿莉VS腹黑霸道的總裁大叔。
——————
大晚上站在陽台乘涼，被一條從天而降的胖次砸到臉，阮星辰將罪魁禍首拉進了警察局。
男人拿出支票，薄唇輕啟：「私了。」
「……」",99,4
919,重生愛上九千歲,愛情,完結,2,0,0,,https://mojoin.com/novels/645,"如有雷同純屬巧合

他是人人痛恨的九千歲，心狠手辣，兇殘狠毒，媚上欺下，禍亂超綱，聖上寵信他，妃嬪討好他，太子殿下誓要除掉他，群臣恨不得噬其骨啖其肉。 奸佞拉攏他 賢臣要殺他 百姓看不起他 他就是別人口中的亂臣賊子，人人得而誅之。 然而即使這樣他卻依舊得到了一份想都不敢想的情感，那抹冷香依舊不離不棄，隱隱約約，始終圍繞著他，像解藥卻又好像帶著毒，讓他瘋狂。",175,4
920,攝政王，你家王妃又跑了,愛情,完結,0,0,0,,https://mojoin.com/novels/511,"京城中，從閨閣千金到買花姑娘無人不知，內閣第一謀臣風霽白風大人貌比潘安，芝蘭玉樹。
傳言傳到某位殿下耳中，他嘴角勾起一抹笑，折扇遮臉露出一雙桃花眼，玩味道：「那我豈不是得見見這第一美人是什麼模樣。」
幾個月後，有下人哆嗦著對風霽白說：坊間裡……說您有龍陽之好。」
「啪」風霽白踩在被她震碎的門框上，惡狠狠道：……",38,4
921,辰情如故,愛情,完結,38,0,0,,https://mojoin.com/novels/481,"活了20年從來不知道愛一個人和被愛是什麼感覺。
就因為一個局，改變了她人生的道路。
她賭她的經驗卓絕；
他賭她的年輕氣盛；
結果，她連人帶面子輸給了這個霸道的男人，毛都沒剩！
至此，他圈著她，寵著她，佔有她，時時刻刻提醒她誰是她的男人，直至她一顆芳心終許，卻發現真相原來遠比現實殘忍……
狹路漫漫，人海蒼茫",1,4
922,大婚晚成：律師大人惹不得,愛情,完結,0,0,0,,https://mojoin.com/novels/435,"一個是暮城設計公司的實習設計師，一個是獨自闖蕩開辦事務所的大律師。
「好久不見」當他輕聲說出這就簡單的問候語時。
她卻啞口無言。

十一年前，他是她最信任的人。
十一年後，她卻對他百般拒絕。

「如果不愛他，就放開他！」那個小小的助理與她當面談判， 「洛傾眉，我求求你，能不能活的自私一點，多為自己考慮一下！」閨蜜罵她。 「洛傾眉，今日，你讓我失去所有，他日定當讓你身敗名裂！」競爭對手也威脅她。 無論別人如何看她，在他的心理，永遠只有一個洛傾眉：「傾眉，今後，一切有我。」 眉間一輕皺，所有消愁盡勾銷。一切皆為人間淡淡。

 她的心，只想設計一生的美好。卻總有人容不下她。她不爭，卻免不了她人的陷害。她不搶，卻有人總想搶她擁有的。 「穆青雲，我求求你，離我遠一點吧！」為了不給他添加麻煩，她吼他。 他卻擁她入懷，一紙法律文書啪的拍在桌上：「我偏不。這一輩子，就要這麼護著你！」",115,4
923,喜你白晝如焚,愛情,完結,0,0,0,,https://mojoin.com/novels/344,"季晨遠是我的青梅竹馬。
他比我大三歲。
得知我出軌那天，他把我按在沙發狠狠懲罰。
季晨遠說：「陸希，你跟別的男人時，也特麼這麼疼？」
然後，二十年情分，我們還是離婚了。
我提的。
……
後來，我用半條命給他換來一個兒子……
再後來，我用另外半條命給他換來一個女兒……",199,4
924,賢妻天降：夫人姍姍來,愛情,完結,0,0,0,,https://mojoin.com/novels/337,"一睜開眼，藍雨晴就懵逼地發現自己趕上了穿越的潮流，然而不同的是，別人家的穿越的設定是名門閨秀，貌美如花，美男傾心，各路癡情男主男配為她爭風吃醋，大打出手。
可是為什麼設定道她這裡就變成了，侯府毒婦，殘害夫君，虐待孩兒，人人喊打。臭名遠揚！
藍雨晴很崩潰，原主這是想讓她死呢死呢還是死呢？
然而事實證明，原身既然連自己都能搞死，搞死她又有什麼奇怪的呢？
於是藍雨晴只能挑起革命的大旗，與反派小叔鬥智斗勇，為自己的苦逼夫君尋醫問藥，智鬥各路突然跳出的牛鬼蛇神，調教自己的便宜娃子，誓要將自己的……",175,4
925,鹿先生眼中有星辰,愛情,完結,2,0,0,,https://mojoin.com/novels/216,"世人都說，冷酷無情的鹿南琛只對蘇淺淺一個人溫柔備至，有求必應。
曾經，蘇淺淺也這樣覺得。
她最美好的年華里，刻滿了「鹿南琛」三個字。
但是，當她差點葬身火海之時，他卻挽著另一個女人的手在媒體面前宣布訂婚。
原來一場驚天動地的寵愛，只不過是他設好的圈套。
時隔二年，命運安排的重逢，猝不及防。
蘇淺淺：我來就是報復你。

鹿南琛看著面前淺笑的女孩，他知道，一場痛苦的折磨來了",204,4
926,世間終你最好,愛情,完結,0,0,0,,https://mojoin.com/novels/160,"許慕秋的人生，以八歲為界。
八歲之前，她是許家刁蠻任性的大小姐許彎彎。
八歲之後，她是梁西澤手上最有用的棋子，是名動榮城的名媛許慕秋。
一場大火，她失去雙親，他失去雙腿。
八歲到二十歲，她的世界，住滿了一個叫梁西澤的人。",195,4
927,一品皇妃：王爺寵不休,愛情,完結,0,0,0,,https://mojoin.com/novels/153,"初次見面，他被人追殺，她捨命相救。
他說，救命之恩沒齒難忘，待大仇得報之日便以萬里河山為聘，護她一世周全。
只是到那時，他是高高在上的冷皇莫玄燁，而她卻是戰敗國的和親公主，跟他有著血海深仇。
「虞凝衣，你最好活著，否則你欠我的債誰來還？」 面對他的百般折磨，她曾多次想將真相說出，只是她虞凝衣賭不起！ 那年冬天，她終於瘋了。
他站在冷宮外深情告白：「虞凝衣，朕後悔了！這江山社稷朕不要了，朕這就帶你離開，從此千山萬水我陪你！」",187,4
928,禁慾系男神,愛情,完結,0,0,0,,https://mojoin.com/novels/133,"徐可恩覺得自己這輩子做的最對的事就是將顧盛白征服。
死皮賴臉強吻加幻想YY他。
……

片段一：「同學，打球呢，這天氣悶熱的了，需不需我幫你買買飲料之類的，或者是遞一下毛巾。」當徐可恩頭腦發熱跟顧盛白搭話時，卻換來禮貌疏離的「不用」二字。而她沒出息的捂臉跑了。
片段二：「我叫徐可恩，跟你同屆的，還有，我……我喜歡你。」第二次見面，徐可恩下意識就跟顧盛白表白了，可沒等顧盛白有所反應，她又捂著臉跑了。
片段三：「我能追你嗎？」第三次見面，徐可恩臉皮厚厚的追問，得到……",42,4
929,花開是美，花落是醉,愛情,完結,0,0,0,,https://mojoin.com/novels/130,"夏涼從沒想過，自己有一天會喜歡他，更沒想過他會離開自己。
她想，她是恨他的。
她也知道，很多事情或許是迫不得已，或許是一場陰謀，或許他們正被掌控在別人手裡。
可是，傷害了就是傷害了，忘不了就是忘不了，她的心沒那麼寬，有些事，她就是能記一輩子。
她應該是自由的，夏涼沒想到自己剛從牢獄中出來，又跳進了一個陷阱。
囚禁的遊戲，她一點也不想玩。
純潔的天使又怎樣？她要這翅膀有何用？就把潔白的羽翼染黑，一起墮落到地獄去吧。
如果離開與在一起都不能善終，那就毀滅吧。",57,4
930,感謝你，溫暖我的小時光,愛情,完結,0,0,0,,https://mojoin.com/novels/127,"十二歲，她車禍，他主刀，她被從死亡線上拉回，他創造又一個手術史上的奇蹟。
他將她從黑暗中解救，從此，他多了個小拖油瓶，她的夢裡卻生出了花。
十八歲，她獻身被拒。
感情的世界裡，不知如何就變了質；也不知從何時開始誰就動了心。
直到她一路險象環生，他一生隱忍守護。",78,4
931,嫡妻有謀,愛情,完結,0,0,0,,https://mojoin.com/novels/113,"她生而尊貴，桀驁不馴，然而她卻命運多舛，自己幾欲斷命，父親被砍頭，母親生死未卜……
拖著千瘡百孔的軀體，王者歸來！
王爺凶狠，賞你一劑千羽鴆毒。
皇上狡詐，設計剝去他偽善皮！
夫君藏匿，看我如何一層層解開你的外衣。
他一臉邪魅，俯身而下……",151,4
932,我的徒弟是妖神,愛情,完結,0,0,0,,https://mojoin.com/novels/499,"第一次見她，她正被同族追殺，血污的身子匍匐在她的腳邊求他救她。
第一次讓他驚訝的是，年少的她用稚嫩的肩膀背著他走了十幾里，不曾喊過一次苦。
他做夢也沒想到，有一天她會當著所有人的面，大聲宣告，她喜歡他，即使那樣會被趕出山門。
他是對不起她的，趕她出山門，不成想激發了她體內壓抑已久的妖力，體內的神力成為人人搶奪的目標，陰謀，虛假，兇殘，逃跑的路不曾停歇，他能否找回她心愛的徒弟？終止這無休止的殺戮？",97,4
933,愛時心動如初,愛情,完結,0,0,0,,https://mojoin.com/novels/458,"嫁給他，是投入身心的一次豪賭。
大雨那夜遇上他，是她的意料之外。
醉酒後的他緊摟著她，卻是叫著別的女人名字，對她說：「我們結婚……好不好？」

……

都說酈城厲二少風流成性，涉「獵」極廣，偏偏在娶了童苡之後，逐漸斂了脾性。
有人羨慕說，她雖眾叛親離，卻換來了他無盡的寵愛。
只有她清楚，枕邊人的那顆心，從來都不屬於她。",98,4
934,狐仙夭夭,愛情,完結,0,0,0,,https://mojoin.com/novels/446,"若是這一世我們注定相見，為仙為魔，成仙入魔，我都會為你刀山火海，披荊斬棘，只為那上一世的一時貪念贖罪。
若是愛一個人有罪，那我願意罪孽深重。

即使與天鬥與地鬥，也要再次擁你入懷，一起看千葉桃花勝百花，孤榮春軟駐年華
桃之夭夭，灼灼其華。

不等萬世芳華，只為那眉間的一眼萬年。",105,4
935,毒女來襲，鬼王請淡定,愛情,完結,0,0,0,,https://mojoin.com/novels/419,"誤打誤撞的撿到一顆看似普通無奇的珠子徹底改變了趙水心的命運，被一隻鬼惡整，陪他出生入死，尋找殺死他家族的仇人！
一路被人追殺陷害，險些丟了趙水心的小命！
憑什麼！這和她有何關係！拍拍屁股走就好啦！
最後的最後才發現，原來朝夕相處，她已經放不下這隻鬼了！
那陪他一生一世也不錯！
誰讓他長的那麼好看呢",97,4
936,掠情奪愛，總裁蓄謀已久,愛情,完結,0,0,0,,https://mojoin.com/novels/331,"放肆版——
慕淺剛回國就遭變—態綁架，抱著清清白白睡一晚後，又原封不動送回她家。
慕淺第一次掙扎第二次掙扎，第三次已經放棄治療了。
她說：「可能是因為我美。」
作為經紀人的宋舒附和著點頭。",86,4
937,步步撩人：皇后不好當,愛情,完結,0,0,0,,https://mojoin.com/novels/203,"因為一張醜臉，她成親當場被秦王打入冷宮，成為眾人眼中的一場笑柄；受盡磨難她遇到改變她悲慘命運的貼心暖男，兩人互生愛慕之時卻被秦王橫刀奪愛成為彼此的過客；
前有強敵虎視眈眈，後有情敵磨刀霍霍，相愛相殺，彼此戒備，彼此試探，兩顆堅硬的心，最終打破戒備，成為彼此的牽絆，她同真情與聰慧贏得了秦王的尊重與愛護，打開了自己的一片新天地。
披荊斬棘，她踏血歸來，用一生智慧，成為烽火大陸充滿傳奇色彩的鐵血皇后。",97,4
938,崇樓如故,愛情,完結,0,0,0,,https://mojoin.com/novels/735,"眾人皆知，江北名尉沈崇樓寵愛沈如故到了令人髮指的地步。
他縱容她的驕傲，不許任何人踐踏她的自尊，單槍匹馬深入險境，只為護她周全。

可他也親手給她「你這麼希望我嫁給他？」
再見，她跪在他面前，苦苦哀求：「只要你救他，我什麼都願意給。」
他冷笑著捏住她的下巴：「沈如故，你好樣的，為了他，你竟連自尊都可踐踏在腳下。既然如此，送上門的不要白不要。」

眾人皆道：紅塵素錦，崇樓如故。
家國天下，本是他的抱負。",31,4
939,戀戀不忘，戎少忙追妻,愛情,完結,7,0,0,,https://mojoin.com/novels/714,"16歲那年，我與他相遇，從此暗戀成癮。
22歲時，一紙合約，我是他三個月的情人。
三個月後
他：我要續約。
我：不續。",56,4
940,似是故人來,愛情,完結,0,0,0,,https://mojoin.com/novels/701,"她親手毀了自己的清白，只為成為謝靈均的妾，他卻讓她成為妻。
明知道她壞到骨子裡，謝靈均仍舊給盡了她寵愛。
當詭計層層解開，他將她壓下怒不可支：「台上唱戲，台下演戲，是不是忘了做妻子的本分？」
前有狼後有虎，她在愛情裡泥足深陷。
蕭銘庭卻當著謝靈均的面，掐住了她的脖子：「我養你到十八歲，不是為了讓你把心交給一個病秧子。」
後來，他們教會了她……
什麼叫做，情深不壽，慧極必傷。",31,4
941,餘生與你糾纏,愛情,完結,0,0,0,,https://mojoin.com/novels/696,"十八年的獨愛與偏執，換來的只不過是他的一句，「我只把你當妹妹！」
她的一步步靠近，得到的是他的一步步後退。
她踩著步伐緊緊跟隨，卻忘了給自己留下餘地。
當她遍體鱗傷想轉身逃離時，姜暮勳卻攥緊她的手腕，薄涼的唇吐出含狠厲的話，「顧盼西，我給過你機會逃跑，是你選擇接近，現如今你休想逃，我絕對不會允許！」
她恨他，恨他的滿腹心事，恨他對她的顧忌，卻不在她最勇敢的年華，選擇她。",42,4
942,他來時溫如故,愛情,完結,3,0,0,,https://mojoin.com/novels/685,"童故晚出獄沒多久，為了還清債務，就準備把自己嫁了。
相親第一天，才發現相親對像是一個坐著輪椅的男人？！
………
「溫先生，我想，大家還是不要浪費時間了，畢竟我沒必要耽誤你。」

她言下之意是這場相親沒必要再繼續下去了，畢竟她一開始想要相親的動機就不純，他卻好像扭曲了她的意思。
「童小姐是嫌溫某雙腳殘疾？」

童故晚深吸的一口氣被他問的一噎，微瞪圓的杏眼有些僵。
「……我不是那個意思。」
「溫某雖然雙腳不便，但能護童小姐下半輩子無憂。」",42,4
943,早見晚愛,愛情,完結,0,0,0,,https://mojoin.com/novels/683,"【那天，晏夙錦以丈夫的名義，親手將她的毀在了手術台上】

當她滿心歡喜嫁的男人，毀了她的家族企業，逼死了她的父母，斷了她的右腿，她才終於明白：
自己傾了一顆心愛的男人當真如罌粟，越是好看，越是狠毒！
妹妹挑起她的下巴，笑得美艷：「姐姐，我懷了姐夫的孩子，三個月了呢！」
三個月前，是他送給她盛世婚禮的日子。",33,4
944,顧盼流連,愛情,完結,0,0,0,,https://mojoin.com/novels/680,"從救命恩人到監護人的跨度有多大？
顧沁以為這是慕連城對她的憐憫，實則，原因另有其他。
慕連城救她於水火之中，她以為亦有其他原因，卻不知……

[顧盼流連，如時光擱淺，是重逢亦如初見。]",22,4
945,歡情盛寵：陸先生的密愛情人,愛情,完結,3,0,0,,https://mojoin.com/novels/623,"陸黎琛摟著奚遙的腰，在她耳邊低語：「小遙，只要你聽話，便什麼都給你。」
起初她只是陸黎琛在拍賣會上買來的玩物，給她盛世榮寵。
她對他言聽計從，愛由心生。
當她發現一切都是浮華一夢，拼命逃離的時候。
男人邪魅一笑，抬起她的下巴：「小遙，這麼想離開我，可沒那麼簡單。」",1,4
946,人間至味是清歡,愛情,完結,0,0,0,,https://mojoin.com/novels/619,"她接近他，只因他是害死她妹妹的兇手。
她曝光他的床照，破壞他的婚約，無所不用其極。

報復的目的達到，她想全身而退時卻被他霸道扣在懷裡。
她冷然道：「你說我是雞，你下不去嘴。」
他攏好她額前的碎髮：「我想換換口味，不可以嗎？」

千帆過境。
她始終忘不了他說過的那句話——
沈清歡，人世間最美好的事情就是有了你。",22,4
947,星光熠熠，許你此生,愛情,完結,0,0,0,,https://mojoin.com/novels/612,"她本是璀璨的名流巨星。
卻卑微的愛著一個對她冷淡入骨，只知道佔據她身體的男人。
他們本是青梅竹馬，男人卻誤愛著她的姐姐。

當她覺得這些都是錯誤，想要回頭的時候，她卻以墜入了萬劫不復的深淵。
她挺著碩大的肚子和嚴斯翰說這是他的孩子。
男人卻勾起唇，涼薄的開口：「我的孩子？慕千葉，你以為自己是什麼東西，和哪個野男人懷的野種，還想冒充是我的，要不打掉，要不生下來送人。」

當她那個已經證明死亡的姐姐歸來時。
男人勾著嘴角，摟著身邊艷麗嬌嬈的女人對慕千葉說：「千葉，你姐姐回來了，你可以滾了...」",1,4
948,似璟年華，鬱少暖暖愛,愛情,完結,0,0,0,,https://mojoin.com/novels/398,"她叫藍璟，妙齡的繪畫老師，才華橫溢，浪漫天真。
他是年輕有為的企業總裁，雷厲風行，不苟言笑。
沒有交界線的兩個人，意外偶遇，自此他們的生活發生了翻天覆地的變化。

遇見他，不知道是她的幸運還是不幸。
她似錦年華都用來愛他。
他默默無言的守護著她。
追逐著遙不可及的愛情，傾盡所有只想聽到一句「我愛你」

那場初遇，讓男人對她有著言不由衷的想法。
事情往往和初衷有所不同。
愛與不愛，往往都是抉擇。",1,4
949,餘生很長，你最難忘,愛情,完結,0,0,0,,https://mojoin.com/novels/126,"顧青山是明動本城的貴公子，萬花叢中過，片葉不沾身，每次聽到這些孟輕歌只是一笑而過，可是她不知道的是，唯她最深得顧大少爺之意，卻也只有她最不識抬舉。
表妹早戀，初戀對象竟是已故男友的弟弟，是青澀的初戀，還是蓄意的報復？
復仇，陰謀，痴戀，在命運之前，誰都不能全身而退。",39,4
950,戀愛心理學,愛情,完結,251,0,0,,https://mojoin.com/novels/1103,"人在成長過程之中，或是情感的受挫經驗，都可能造成心理陰影，導致未來在遇到新對象等狀態時，會有一些連自己都沒意識到的行為……逃避依戀、依戀焦慮，都是很好的例子，甚至還有綜合體的產生。

情同姊妹，自學生時期就一直是好友的三位都市女子，該如何攜手面對各自的感情難題呢？
面對失去的感情，又該如何面對？
在經歷過失去之後，能不能再鼓起勇氣去愛？

＊失戀人必讀＊女孩間的情誼＊表現愛情的不同階段
之前經歷過一些事情之後，看了許多相關文章與書，進而整理並且以說故事的方式，想分享給在感情中困惑，以及經歷失去正在療傷中的你，也許可以從這個故事中找到一些慰藉與答案。",548,3
951,帶刺薔薇,愛情,完結,0,0,0,,https://mojoin.com/novels/808,"曾經相信真愛，卻被傷得遍體鱗傷。
也許有人可以仍然無所畏懼地去愛，但並非所有人都如此堅強。

梨花隱藏自己的脆弱，冷眼看著這些自來獻殷情的男人，就等著他們露出真面目的時候再一舉狠狠擊潰。
也因此，她在男人眼中彷彿一朵嬌豔欲滴，卻又渾身是刺的薔薇，想一親芳澤，卻又害怕被刺傷，梨花也樂得輕鬆，雖然她也很喜歡擊潰壞男人時的那種成就感。
但彷彿惡作劇般，有個人癡心守候著，怎樣都趕不走……

梨花會淪陷嗎？
這次，是真愛嗎？又或者是更高端的渣男呢？",548,3
952,古埃及王的祝福,愛情,完結,10,0,0,,https://mojoin.com/novels/1101,"沒錯！！這是穿越！ 來到這裡她只能先想辦法求得免死。
低調！低調！再低調！ 無論如何，艾莉亞只想趕快回到現代啊！ * * * 一塊古埃及的刻寫板改變了艾莉亞的命運， 不認命，不放棄的她，試圖重新拿回自己人生的主導權 但偏偏老天似乎特別愛捉弄她，總是……

（她是我的，只能屬於我。）埃及王看著台下的艾莉亞，心中湧起一股強烈的慾望。

就在此時，艾莉亞也正目不轉睛的盯著台上的埃及王，只不過心裡想的卻是……
這位仁兄，您到底是哪位啊？",547,6
953,親愛的，讓我借住幾晚吧？,愛情,完結,363,0,0,,https://mojoin.com/novels/1054,"✦日常✦BG✦HE✦喜劇

✦封面繪師：唯莎

17歲準考生張曼楠在家門前晴天霹靂。
她那對愛環遊世界的笨蛋爸媽，
一通越洋電話過來，送給她一個天降系遠房表弟！
眼前金髮碧眼的依伙怎麼看怎麼有問題，
她只好到戶政事務所調資料戳破謊言，
這才發現，跑到家裡蹭吃增的根本不是人，而是如假包換的吸血鬼啊！
哼，管他是吸血鬼還吸血蟲，在她的地盤上就要聽她的！
首先就從『生活公約』開始……

",314,6
954,戀愛依存大小姐的一百種撩哥術,愛情,完結,623,0,0,,https://mojoin.com/novels/892,"希望平平淡淡平平凡凡過一生的帥哥警草 x 重度戀愛依存症的妖精千金大小姐
視言情小說為人生寶典的千金大小姐－曼莎莎，遇上只渴望平凡的超級務實派警察－高綱
當曼莎莎抱著她如金字塔一般雄偉的戀愛寶典，思索著如何將眼前的帥哥警草把到手的同時，高綱只能默默地躲在警局

瑟瑟發抖的喊一句：「求放過QQ」
一場仙女追逐凡人，妳追我跑、妳再追我再跑的戀愛喜劇即將拉開序幕！",82,6
955,堤門諾斯,愛情,完結,0,0,0,,https://mojoin.com/novels/597,"這是一個女主一直想把男主燉湯喝的故事。
被邪魔士兵嘲笑後，才驚覺原來我手中的生物是魚！
書上說，多吃魚對身體好。
我一定要把這條魚帶回去給弟弟燉湯喝！
寸草不生的堤門諾斯大陸，被世界遺忘唾棄的人族之後，順手撿了路邊的「食材」想給重病的弟弟補補身子，沒想到就此攤上了自己的命定……
------------------------------------------------
謝謝大家來看我廢話廢話～
有任何感想或指教都歡迎留言給我喔～
你們的留言是我最大的動力︿︿
FB粉專：竟然",363,6
956,這一次，我會好好喜歡你,愛情,完結,0,0,0,,https://mojoin.com/novels/570,"「可以請你，和我約會嗎？」

名為春咲的美少女突然出現在眼前，向身為大一新生的我、凌勝和，提出了約會邀請，並且馬上展開了初次見面的兩人之旅！？
可愛的外貌、充滿活力的朝氣，以及那令人無以名狀的怪異行徑，春咲就像一台特快列車般拉著我飛馳，帶我衝進了『她』以及『他們』的過往，為這個充斥蟬鳴和汗水的夏天，增添了一絲荒謬和青春的氣息……",480,6
957,躍蓬萊,愛情,完結,0,0,0,,https://mojoin.com/novels/296,"仙人弟子楚咲，奉命下凡尋找被盜走的至寶，意外邂逅了體弱多病的皇子藍禎。
而人世間的形形色色，也喚醒她心中最沉痛的記憶。
最終，這一切的一切，都將決定她要繼續留在仙界，還是就此成為一個凡人……",118,6
958,星黑戀影,愛情,完結,2,0,0,,https://mojoin.com/novels/189,"【2009-2012年作品】 故事成份：愛情、殺手、懸疑 * * * 「我要讓你的那個預言，成為你第一個失敗的預言， 　我絕不會讓彥和我的悲劇再次發生在我們的後代身上。」

星亞依，星氏家族唯一的繼承人，擁有眾人稱羨的頭腦與美貌， 卻深不知在那張甜美微笑底下的她，是位冷酷絕情的殺手。
她原以為自己不會再信任任何人，直到一次任務，加入了學校的偵探社， 認識了他們，她第一次試著去相信一個人， 甚至在心中發誓無論如何都要保護這份真摯的感情…… 然而到頭來卻發現，一切都不過是一場空……
同時，也才明白了父親的那一句，真正意思。 不是家規，也不是命令，而是──
告誡。

──可以愛人，卻不能完全信任人。",239,6
959,羽落北辰,愛情,完結,0,0,0,,https://mojoin.com/novels/21,"【2012網遊原創故事】
以北都為舞台，說一個有笑有淚的甜寵網遊故事。
主CP：腹黑狐狸 X 吃貨貓兒
副CP：狼性幫主 X 御姐副幫、忠犬男神 X 高冷青梅
* * *
封面製作：秣梣

文案： 血誓，歃血為盟，兄弟為命。 在快意江湖online這款線上遊戲，血誓幫派裡個個都是PK榜上高手，只有一個對外是不管人不管事也不管PK的三不管副幫，洛羽熙在PK場上沒沒無聞，卻偏偏是江湖中眾多幫派爭相挖角的當紅炸子雞。
對於這些挖角人士，她原本是當耳邊風聽聽就算了，怎料自家幫會裡的另一副幫，擁有遊戲中超高人氣的大神北辰旭在天下來了一次霸道強悍的真情告白，同時又扯出另一個對她死纏爛打的女人，更是在幫會大家現實見面後發現一個多年未見，現在想甩卻甩不掉的人。
GOD！她的桃花債是可以再多一點、再爛一點啊！
都說一個腐女可以帶壞另一個女人，而兩個腐女則可以帶歪一個男人……
他們幫裡的腐女可不是一個兩個而已，是一整個團的，而且，還是整個遊戲伺服器赫赫有名，瞧！這下就有人歪了，就算她在遊戲裡玩的是男角依然對她深情無悔。

某狐狸的心聲：
如果妳只對走進妳心裡的人綻開真誠笑靨，那我，不只要走進妳的視線，更要走入妳的生命，一輩子，不放手。",343,6
960,絕色靈音師,愛情,完結,110,0,0,,https://mojoin.com/novels/3820,"【雙強+1v1+全新玄幻等級+扮豬吃虎超反轉打臉！ 】
「強者穿越還能被一群弱雞給害了不成？」
慕大佬一朝穿越，先是手筋被挑，識海被挖。
原身魂飛魄滅，靈音之凰降世，隻手定乾坤！
靈音起，萬獸臣服，醫毒無雙，萬物可破！
臉上那醜陋的疤痕更是讓她扮豬吃虎，一路打臉啪啪！
不小心招惹上的大美人帝音大人寵她至極……總之是要什麼給什麼，就喜歡她這種醜的。
慕大佬也不敢問也不敢說，只好跟在帝音大人身邊當個需要保護的女孩子。 
熟知內情的：……我嘔！",472,4
961,如果社恐，就去夾娃娃吧,BL耽美,連載,2446,0,0,,https://mojoin.com/novels/3794,"「廖隆基，我可以跟你打個賭嗎？」
「要賭什麼？錢嗎？」
「賭你的人。如果我贏了比賽，就請你跟我正式交往。」

廖隆基自小混跡電子遊戲場，
因夾娃娃技術高超，被一眾夥伴稱為「爪皇」，
而丁爺開設的娃機店，則是廖隆基與夥伴們的聚集地。

五年前，廖隆基為了當時的男友，拋下一切去到另一座城市，
五年後回來卻人事已非、夥伴四散，丁爺的娃機店更面臨生存危機，
不僅生意冷清，房東孔一色還因看不起娃機店而不願續租。

為了留住丁爺的娃機店，廖隆基重新聚集過去的夥伴，
共同參加機台大賽，企圖奪得冠軍獎金一百萬。

目睹廖隆基隊伍通過初賽的艱辛過程後，
或許是熱血被激起，或許是被廖隆基眼底那道不肯熄滅的光所吸引，
孔一色改變了心意同意續租，但有兩個條件——
一是贏得比賽，二是讓身為夾娃娃菜雞的他也加入比賽隊伍……",145,9
962,深眠,BL耽美,連載,6157,0,0,,https://mojoin.com/novels/3763,"──總有一個人，會讓你變得完整。

謝雲濤的體內住著許多不同的人格，
每當世間的惡意加諸於他，便會有某個人格代替他去承受那些苦痛，
但也令他的記憶出現無法填補的空白，難以正常生活，
他並不想這樣活著。
 
醫院院方宣稱可以透過催眠，為他整合所有人格。
而謝雲濤以為，催眠師蘇新和過去試圖治療他的那些人一樣，不可能拯救他，
沒想到，蘇新卻慢慢將他破碎的靈魂拼湊了起來……",210,9
963,寵物關係,BL耽美,連載,20698,0,0,,https://mojoin.com/novels/3734,"夢想被奪走，唯一的親人也逝世了，
沈星燭日日沉溺在酒精中，如行屍走肉般地活著。

 
某個夜晚，酩酊大醉的他，來到海邊想結束自己的生命。
隔天他卻在陌生的房間裡醒來，渾身赤裸，
脖子上多了一只黑色項圈，身邊圍繞著各種寵物玩具。

 
禁錮他的男人居高臨下地望著他，笑得溫柔而殘酷──
「反正你都不要了，這條命就給我吧。」
從這一天開始，他連選擇自己生死的權利都失去了。",263,9
964,偷偷養,BL耽美,連載,25314,0,0,,https://mojoin.com/novels/3709,"萌萌絕美海怪攻 x 高冷黑道小少爺受
#BL #戀人養成 #現代輕奇幻 #犯罪懸疑

夏迎安是父親偷偷養在外面的私生子，
而海怪黎澈，則是夏迎安偷偷養在家裡的尋人工具。

被迫成為別人的祕密是什麼感覺，夏迎安再清楚不過了，
但他別無選擇，他需要黎澈的異能，替他從茫茫大海中找回心上人的屍身。

化為人形的黎澈，容貌絕美，性格懵懂天真，處處笨拙地討好夏迎安。
黎澈觸動了夏迎安心底最柔軟的一塊，漸漸無法只把黎澈視為工具，
然而，黎澈之所以來到夏迎安身邊，其實另有所圖……",140,9
965,叛逆玩家,BL耽美,連載,423657,0,0,,https://mojoin.com/novels/3279,"《叛逆玩家01》實體書已由魔豆文化出版 💕
各位小冰棍趕快入手吧🧊

♠︎
都市傳說瘋狗攻 × 盛世美顏反差受

如果王位只能有一座，那必須是我的。

林慕突破了「十層地獄遊戲」的第一層關卡， 而緊隨著開啟的第二層關卡，場景換成了校園。
在這個校園，成績攸關生命，若未能及格被逐出校門就會死亡。 同時，每個人所持有的撲克牌都重新洗牌， 意外的是，「頑皮兔」李真拿到了低階撲克牌，能力再強也將受限， 其他獲得高階牌的玩家無不因此蠢蠢欲動，林慕卻隱隱感覺，事情沒那麼簡單……

「慕慕，你一點都不擔心我嗎？」
「擔心？你還需要人擔心？」
「不擔心的話，可是會吃大虧唷。」",250,9
966,無瞳之眼02,BL耽美,完結,195,60,2,,https://mojoin.com/novels/3796,"懸案的迷霧籠罩著黑暗

正義小警察╳神祕大作家──高潮迭起的懸疑篇章再掀波瀾──

徐遙記憶中的惡夢，讓越來越多線索串聯成線。彷彿有一雙看不見的手，正殘酷操縱著眾人心中名為「罪惡」的野獸。
而在探詢真相的過程中，李秩也逐漸發現，自己似乎對徐遙產生了一種莫名的悸動……

惡魔在暗處不斷低語，在那些失去瞳孔的眼睛之中，究竟還藏著什麼無法傾訴的怨與恨？",304,2
967,我從遊戲中喚醒的魔王是廢柴1：新任務：美麗魔境,BL耽美,完結,47,0,0,,https://mojoin.com/novels/3786,"暢銷人氣腐系作家子陽╳超人氣繪師白夜BYA聯手出擊！
這個遊戲有毛病！不僅劇情黑白來，隊友還說我是毀滅現實世界的大魔王？？

遊戲代號「旺柴」的新手冒險者少年有一天收到工會來信，邀請他解開「吸血鬼王誘拐青年入後宮」之謎。他接下了救出青年的任務，但沒想到「副本劇情」全亂了套！任務信上的「青年」變成小男孩，原本應該是拯救對象的青年還變成了吸血鬼王？？——這遊戲有什麼毛病？說好的柔弱青年呢？

千均一髮之際，一位代號「夜鷹」的神祕美男救了旺柴！兩人的友情指數因此升高，隔天一起接下了一個任務副本。闖關副本卻意外失敗，夜鷹更對旺柴說：「你這個大魔王！是你毀滅了我的世界，你要對我負責！」

旺柴：「0.0？？？」——你在開我玩笑嗎，我只是一個小菜雞，怎麼可能會是毀滅世界的大魔王？！",58,2
968,創傷後戀愛症候群,BL耽美,完結,11,0,0,,https://mojoin.com/novels/3783,"《霸凌者的告別式》續作
帶著相同創傷一起成長的張德皓與羅世傑，是摯友，又更像是形影不離的家人
當其他人介入了這看起來堅不可摧的關係時，卻彷彿泡沫般一觸即破
愛情如果成為創傷的彌補，還是它本來的樣子嗎？

若想更了解兩位主要角色的心境，歡迎閱讀兩人高中時的前作故事《霸凌者的告別式》《霸凌者的告別式》續作
帶著相同創傷一起成長的張德皓與羅世傑，是摯友，又更像是形影不離的家人
當其他人介入了這看起來堅不可摧的關係時，卻彷彿泡沫般一觸即破
愛情如果成為創傷的彌補，還是它本來的樣子嗎？

若想更了解兩位主要角色的心境，歡迎閱讀兩人高中時的前作故事《霸凌者的告別式》",192,6
969,無瞳之眼01,BL耽美,完結,306,60,1,,https://mojoin.com/novels/3766,"暗伏的惡魔窺視著獵物

正義小警察╳神祕大作家
高潮迭起的懸疑篇章正式拉開序幕──

看見喜愛之物，人的眼睛會放大；
看見厭惡之物，則會把目光移開；
而失去生命之人，瞳孔只能不受控制地被迫接受眼前的一切……
徐遙說，這就是死不瞑目。
李秩卻說，那是死者向世界發出的最後一聲求救。

 作為足不出戶的網路小說家，
徐遙從未想過自己會成為謀殺案的主角；
身為認真負責的警察副隊長，
李秩也沒想過，有一天會和喜歡的作者一起，
被迫捲入一連串詭譎的事件之中。
 
看似意外的案件處處暗藏玄機，
當筆下的文字一一化為現實，
難道這一切，不僅僅只是巧合……？",304,2
970,天明前，為翊天之辰星,BL耽美,完結,1,0,0,,https://mojoin.com/novels/3738,"原本和睦的義兄弟卻在某一年冬天突然反目，卻很巧的在八年後上了同一間大學、選了同一個科系，成為直屬學長學弟的關係。

「呦~真是冤家路窄，施大哥怎麼在這裡罰站污染了整棟樓的空氣？一出電梯還想說這裡怎麼特別臭。」即使林天銘說話陰陽怪氣，但他是許久不見的義弟，曾是我最想呵護的對象，比起一直形同陌路把彼此當空氣，我寧可選擇這樣的鬥嘴模式。

正當施翊天想著能一直這樣相處也不賴時，林天銘卻忽然失蹤。於是施翊天和友人一起潛入林天銘被帶進的酒吧裡的地下包廂，而義弟的身世和反目的原因似乎正在漸漸明晰……。",410,6
971,初嘗禁果,BL耽美,完結,2208,0,0,,https://mojoin.com/novels/3724,"～文學星同志驕傲月特企《初嘗禁果》炙熱登場～

人氣作家昨天KiNO、洛玥淺、貓草、怒放月光
四段熾烈的初體驗，四篇酸澀微甜的青春戀章

即使知曉是禁忌，我們仍唇舌交纏、肌膚相貼，
在灼熱的吐息間，一起品嘗酸甜交雜的初夜滋味。



【BL】昨天KiNO〈初夜的滋味〉
#BL #心因性味覺喪失 #出軌

對譚世傑來說，和學長的初夜是永和豆漿的味道。
雖然纏綿的記憶早已模糊，
但完事後他們一起吃蘿蔔糕加蛋的鹹香味，卻深刻得令人難忘。

學長喜歡騎車載著他，穿梭在大街小巷踩點各種美食小吃，
一邊說著「我喜歡你吃東西的樣子」，一邊用幸福把他養胖。

所以他從沒有想過，
學長也會載著另一個人去吃宵夜、在那人的唇印下帶有食物香氣的吻。

知道這件事後，他發現自己吃不出味道了……


【BL】洛玥淺〈執愛〉
#商場 #校園 #破鏡重圓

十年前，林耀辰和沈思衍曾經相愛，
年少的他們情竇初開，愛意如火，
卻因沈父反對而被硬生生拆散。

十年後，一場商業談判讓兩人重逢，
林耀辰沉潛多年，一舉重創沈家的企業，
只為了將繼承人沈思衍引出來，
以償當年未了的執念……


【GL】貓草〈原罪〉
#GL #教會 #不被祝福的禁忌戀情

在教會裡，大家都以兄弟姊妹相稱，所以允熙總是喚她「姐姐」。
從初次參加禮拜開始，姐姐就一直陪在她身邊，
她們一起在神的注視下禱告、唱詩歌、參與教會營隊。

不知何時開始，她們也會在狹窄的祈禱室悄悄地親吻相擁，
懷著隱密又刺激的罪惡感摸索彼此的輪廓。

直到她稍微長大後才瞭解，原來她們之間的關係，
在神和父母的眼中是種讓人憐憫的罪──


【BL】怒放月光〈大余的VIP小魚兒〉
#演藝圈 #寵妻影帝攻 #乖巧萌新受 #追星追到自己成明星 #一眼萬年

身為一個影帝，余新暢從來不懼任何劇本的挑戰，
只是他萬萬沒想到，這次要接拍的竟是部耽美電影──
他可是彎的啊，這太容易露餡了！

和他共演的男孩叫樂寧，雖是他的小粉絲，面對他卻不敢造次。
余新暢帶著對方讀劇本順臺詞練走位，也練習怎麼更親密，
畢竟演情侶嘛，怎能讓這孩子繼續對他畢恭畢敬？
於是兩人從牽手、擁抱開始，練習著練習著，便不自覺地想更加靠近……

「你的手好軟。」
「所以……下一步是什麼？」
「吻你。」",147,9
972,偽娘直播中,BL耽美,完結,31461,0,0,,https://mojoin.com/novels/3673,"張文森是個頗有人氣的遊戲實況主──男扮女裝的那種。
憑藉高超打扮技巧和變聲器，他頂著「薇薇兒」這個名字瞞天過海，沒人知道他不是女孩子。
而「薇薇兒」有個叫做Ark的鐵粉，每次直播都各種抖內支持，有天張文森卻意外發現，對方居然是他的上司，段克鈞！

在張文森眼中，段克鈞就是魔鬼上司，百般折磨下屬，
但化身Ark的段克鈞十分溫柔，甚至向「薇薇兒」傾訴心事，於是張文森決定利用這點，展開改造上司大作戰！
沒想到過程中，他逐漸發現了段克鈞溫柔的一面，不知不覺越陷越深，
可是他害怕，段克鈞喜歡的，只會是女孩子模樣的他……

「你敢保證你知道我的真面目以後，會繼續喜歡我嗎？」",398,9
973,怪物結案報告,BL耽美,完結,138550,0,0,,https://mojoin.com/novels/3136,"在這個世界上，存在本身超出人類常理，
需要加以研究和看管的物種，被稱之為「怪物」。

有的怪物寄宿在人類體內，有的怪物能夠化為人形，
而楚肖體內正好就寄宿著不明的怪物。
這個怪物讓他總是飢餓不已，渴求著更多的食物，
或者是──更多他所沒能得到的，愛。

不被母親接納的楚肖，始終感到十分孤獨，
這份孤獨餵養了他體內的怪物，也令他越來越難以擺脫怪物的影響，
就在他瀕臨失控的時候，遇見了陌九生。
陌九生為他帶來了轉機，
而在一步一步接近「怪物」背後真相的同時，
這個男人也逐漸填補了他心中的空缺……

「楚肖，你討厭我嗎？」
「啊、不……也不是討厭……」
「太好了，你沒有立刻拒絕，看來我還有機會，對嗎？」",210,9
974,赤與白的米諾,BL耽美,完結,0,0,0,,https://mojoin.com/novels/3704,這是圍繞在罪孽橫行的「舊城」、青年拉岱爾與少年米諾的故事。關於夢想、現實和繫絆的故事。,41,6
975,心隨秒針下沉,BL耽美,完結,345,0,0,,https://mojoin.com/novels/3687,"藍維杉，設計學院的明日之星，個性好，長相也好。
丁致達，商學院的勤勉學生，愛恨分明，對心愛的人百般呵護。
從小一塊長大、自然而然成為戀人，但原本看似穩固的關係，卻在大學畢業之前，被一場悲劇活生生地撕成兩半。

命運不饒人，分離兩地數年之後，他們二人又被另外一樁事件拉在一起……",523,6
976,以愛為名,BL耽美,完結,27985,0,0,,https://mojoin.com/novels/3680,"專職醫療訴訟的聿律，卻接到了一樁兒童性侵案。
儘管被告葉常的供詞破綻百出，但他直覺認為葉常可能是無辜的，
於是找上同為律師的學弟紀嵐共同展開調查。

紀嵐無視外界眼光，專為性侵犯辯護，且執業三年從未嘗過敗績。
然而隨著案件調查逐漸深入，
不僅所有證據都指向葉常就是犯人，
甚至連紀嵐自己，也被迫揭開幼時難堪的過往。

那是誰都無法碰觸的黑暗祕密，
也是他始終堅持為性侵犯辯護的原因──",145,9
977,逆時才能揭曉的真相,BL耽美,完結,64,0,0,,https://mojoin.com/novels/3688,"亞雷克有著兩個身份, 白天是索爾利司學院的吊車尾, 晚上卻是葛洛司街的營銷高手~~所有的平衡,在密祕被揭曉後一一傾斜破壞,直到真相浮現",80,6
978,Adapt！,BL耽美,完結,243,0,0,,https://mojoin.com/novels/3685,"因一時興起而成的故事。
即使只是無心插柳，根苗也已經種下。
請好好呵護這些生命，也許他們將在未來開出美麗的花。",312,6
979,新科兔兒神奮發記,BL耽美,連載,47,0,0,,https://mojoin.com/novels/3672,"卷一：一朝莫名橫死，竟成了LGBT界的愛神？
卷二：兔子不發威，你當我是My Melody？",311,6
980,少司命,BL耽美,完結,111,0,0,,https://mojoin.com/novels/3674,"今日何日兮，得與王子同舟？

——源自《楚辭•九歌》的愛戀詩章。",311,6
981,貪吃鬼,BL耽美,完結,141,0,0,,https://mojoin.com/novels/3653,"鄭智仁的吃相很吸引人，薄薄小巧的唇是粉色的，一張一闔吃著，每一口都會認真咀嚼，只要他認真吃東西，四周的人都會被他吸引。

這天，他在便利商店吃東西，遇到一個男人。
男人對他說：「我喜歡你吃東西的樣子。」
鄭智仁嚇了一跳。「唔……謝謝？」
「我想看看你吃我的東西的樣子。」男人眼睛發亮，滿臉興奮道。
鄭智仁瞪大眼睛，隨即露出怒容，想甩開男人的手，「你有毛病啊！」
「吃一次三萬怎麼樣？」
「什麼？！」鄭智仁感到這實在太荒唐了。",321,3
982,王牌的他不愛看劇,BL耽美,完結,2368,0,0,,https://mojoin.com/novels/3622,"「這是一段關於四個人的職場生活、兩個人的故事。」

繪師：愛貓",364,6
983,我在便利商店撿到一隻男神,BL耽美,完結,18204,0,0,,https://mojoin.com/novels/3522,"小說X漫畫X廣播劇
跨域改編，1種故事，3重享受
漫畫這裡看>https://bean.fun/Z7xMF
廣播劇這裡聽>https://bean.fun/6PAmz
---

在便利商店上大夜班時，我在門口撿到了一隻神，是個男的。

他不僅全身光溜溜，還一副很餓的樣子蹲著發抖，就像隻可憐的大型動物（身材很好的那種）。

我只好把男神帶進店裡，用擦咖啡機的毛巾把他擦乾，拿被壓扁的麵包餵食他。
吃飽喝足後，男神說，他可以實現我一個願望。
「那你可以幫我洗咖啡機嗎？」
「嗄？」

更正前言，我撿到了一隻會洗咖啡機的男神，開心。
「所以你真正的願望到底是什麼？有很多錢？還是交女朋友？」
男神一邊洗咖啡機一邊追問，我沉默了下。
「即使是神，也沒辦法讓死去的人活過來，對吧？」
--",145,9
984,暗戀,BL耽美,完結,5508,0,0,,https://mojoin.com/novels/3603,"
我喜歡你，你呢？
對你的心是一株玫瑰，植株帶刺，烈日下卻能綻放明媚的花，奪人心魄、搖曳生姿。",461,6
985,辦公室的探戈,BL耽美,完結,1284,0,0,,https://mojoin.com/novels/3583,"一組照片，讓趙嘉澤開始注意起王章煜，這個臉上有些冷漠、身材結實的高大男人，總是不經意的透出溫柔的模樣，讓他醉心。
鬼靈精怪的兒子穿針引線，讓裹足不前的他有了親近男人的機會，他一點一點，將這男人引誘到自己身邊。

探戈最美的地方是濃烈美麗的肢體互動；
愛情最美的地方是進退和諧的情感互補。

王章煜X趙嘉澤
看一個集團董事長如何和兒子聯手將中年猛男小職員拐回家。",321,3
986,病嬌弟弟好可怕(05)遺忘的記憶與回憶起的感情(END),BL耽美,完結,130,48,5,,https://mojoin.com/novels/3391,"兄弟吵架，弟弟不肯原諒我怎麼辦？２０點求解！

兄弟之間的衝突越演越烈，和也試著要跟弟弟和好，但無心的一句話卻讓兩人的感情更加惡化，難道真的沒有辦法能夠挽回一切了嗎？

「不行啊，我把在網路上搜尋到的所有答案都試過了，但聖也就是不肯原諒我啊！」
「那試著把問題改成『情侶吵架，對方不肯原諒我怎麼辦？』看看。」
「……」",272,5
987,病嬌弟弟好可怕(04)初戀的長髮少女與生病的孿生弟弟,BL耽美,完結,36,48,4,,https://mojoin.com/novels/3390,"和也受邀協助學生會調解「天谷祭」各社團爭搶勝也的糾紛，過程中無意間與凜走得太近，點燃了聖也的熊熊妒火，兄弟之間的曖昧情感也面臨前所未見的困境……

「正因為你是我的哥哥，正因為我們是形影不離的雙胞胎，我才會喜歡上你的，所以，不要把我喜歡你的原因，當作拒絕我的理由，好嗎？」
「既然如此，那爸爸我也要使出大絕招了！其實你們兩個根本就沒有血緣關係，和也是爸爸領養的。不是親兄弟的話，聖也你就沒理由要喜歡那個壞男人了吧？」
「你在對你的小孩胡說八道些什麼啊！都已經是雙胞胎的前提下了，哪可能不是親兄弟？」
「那樣不是更好嗎？如果沒有血緣關係的話，那我和歐尼撒馬豈不就能名正言順地結婚了……（*ˇωˇ*人）」
「……原來你也知道近親是不能結婚的嗎？」",272,5
988,病嬌弟弟好可怕(03)傳遞戀情的巧克力與掌控生死的子彈,BL耽美,完結,56,48,3,,https://mojoin.com/novels/3389,"為了心愛的和也，聖也從五歲開始學習料理，想要煮出世界上最營養美味的菜餚給他吃、打理家務，好讓他能專心在自己的事業上
勤奮學習，希望未來能給他們的小孩最好的教育
一切一切只為了那人的付出，堅持了十年之久的新娘修行，想不到，原來他早就心有所屬！這種玩弄他人感情的惡劣背叛，正一步步摧毀兄弟倆的感情，走上毀滅之路……

「如果我是妹妹的話，歐尼撒馬是不是就會喜歡上我了呢……果然還是去一趟泰國吧。」
「不准去！你要到何時才能夠理解我們的血緣關係才是問題的根源啊？」
「沒錯沒錯！況且是男的話，不會懷孕罪惡感也不會這麼重……」
「九条你不要給我在旁邊火上加油！」",272,5
989,病嬌弟弟好可怕(02)賢慧滿分的手做料理與情趣加分的手銬,BL耽美,完結,91,48,2,,https://mojoin.com/novels/3388,"每到用餐時間，餐桌就會擺上一桌的美味菜肴等著我享用，午睡醒來，浴缸裡已經放好了熱水等著我去洗，洗好澡一出來，立刻就能吃到熱騰騰的晚餐。
不需要做任何家事，茶來伸手飯來張口，這樣備受尊寵的生活，舒適得讓我產生入住五星級飯店的錯覺，直到隔天早上，我才猛然想起——
家裡的網路被切斷、手機通訊錄的號碼也被刪光、我房間的門鎖甚至還在弟弟身上。昨天的我，被斷絕了一切與外界的連結，簡直和被監禁沒兩樣。
天啊我這個超級大白痴！快點給我從弟弟的廢人養成計劃中清醒過來啊！

「雖然是男的，但和也你真的不考慮把你弟給收服了嗎？」

「到底要我說多少次你們才會明白啊？性別不是應該被妥協的部分！血緣才是不能跨越的界線啊！」",272,5
990,病嬌弟弟好可怕(01)飽含愛意的圍巾與承滿殺意的美工刀,BL耽美,完結,810,48,1,,https://mojoin.com/novels/3387,"黑澤和也本來以為雙胞胎弟弟聖也只是喜歡黏著自己而已，
但隨著弟弟表達愛意的方式越來越過激失控，他才察覺到，
那種要把他的一切全部占為己有、讓他的眼中永遠只能注視著自己的強大獨佔欲，其實是……

「是讓人撲通撲通心跳加速的愛情喔！」

「這是哪門子的吊橋效應啊？而且從兄弟關係起點的愛情也很不妙吧！」",272,5
991,異星天使，用愛馴服(06)自由之翼(END),BL耽美,完結,28,52,6,,https://mojoin.com/novels/3300,"「我想要自由與真相，我希望正義得以伸張，但我知道它們得來不易──
因為除非我完成復仇，否則，綠星上才不會有什麼自由與真相！」

普希拉回來了，他以復仇天使之姿，帶來恐懼與殺戮。
尼葉里、伊綱和謝林被以違反戰爭法入獄，德拉維茲家的軍團潰敗，
綠星風雲變色，葛利路也在一夕之間失去家人；改變到底是好是壞？

葛利路將父親、妹妹、傭人和母親的兩隻寵物接到自己家裡躲避戰亂，
但當他再度回到自己小時候生長的高塔，家園變得殘破不堪。
他將全家福的照片收進胸前口袋，他終於站出來反抗……",58,5
992,異星天使，用愛馴服(05)謊言真相,BL耽美,完結,8,52,5,,https://mojoin.com/novels/3299,"「你是母星上的驕傲，你是走在一切正確道路下的男人，
葛利路．凡．格利斯，你是天生的戰鬥天使，
但你不能被馴服，或被愛。」

葛利路坐在舒適的房間裡，對著鏡頭向綠星上的公民做出聲明，
拉依奴在躲避從天上掉下來的炸彈；
他們曾經是一起飛來飛去的青梅竹馬，如今已經回不去當年的模樣。

高塔上的秩序恢復了，壞地卻變得滿目瘡痍，
沈書枋駭然得知，綠星人居然對自己的星球使用禁忌的武器？

雷蒙救起拉依奴後，透露出自己的過去，
但拉依奴沒有想要成為雷蒙口中的自由與真相，
他才剛知道自己的母親是誰，卻又在同一天失去了親人，
他只想找個地方哭泣……",58,5
993,異星天使，用愛馴服(04)萬眾一心,BL耽美,完結,7,52,4,,https://mojoin.com/novels/3284,"葛利路從壞地回來了，他身負重傷，但有人為葛利路張開了翅膀，裸身擁抱他。
那個人不是沈書枋。

沈書枋心裡有酸酸甜甜的感覺，他為葛利路的傷勢痊癒而高興，
但又不敢把自己的感情告訴葛利路，因為他總有一天要回地球；
他沒有翅膀，他不可能生活在綠星的高塔……

「我不會讓你掉下去的。」

葛利路的聲音讓沈書枋全身酥軟，沈書枋總認為枕畔耳語不可信，
只要夜晚過去、太陽升起，這些話語都會失效，
但這一次，他可以相信葛利路嗎？

葛利路的傷勢發作了！他不得不回到壞地，見叛軍首領雷蒙．卡珊拉，
雷蒙提到了拉依奴的名字……是那個在地球上的拉依奴嗎？
綠星上即將有爆炸性的動盪！",58,5
994,異星天使，用愛馴服(03)母星解密,BL耽美,完結,9,52,3,,https://mojoin.com/novels/3283,"葛利路在壞地掉進叛軍的陷阱，他在絕望中大喊，他的聲音沒有人聽見，他被壓在地底下，他的家人卻都在雲之上，還有他的寵物沈書枋……

不想要再承受一次椎心刺骨的愛情了，不想要滿腦子想著的都是同一個男人，心情的好壞也隨他起舞，不想要變得只想獨占那個人……沈書枋雙手摀著臉，在深沉的呼吸裡，眼淚掉了下來。

「我們需要有人從異星帶回資源，我們也需要有人打掃家裡，維持乾淨的門面，壞地的『垃圾』……需要有人清除。」
「不要把我的兒子丟在那裡，求求你，謝林！」

強烈碰撞的門板聲，兩個男人善用他們的舌頭和嘴脣。
雲之下隱藏著祕密，雲之上是一片繁榮之景。

綠星的過去，曾經有一段義無反顧的愛情──
「即使我的名字會遭萬人唾棄，我還是想要跟你在一起。」",58,5
995,異星天使，用愛馴服(02)性感小寵物,BL耽美,完結,58,52,2,,https://mojoin.com/novels/3264,"從密室甦醒的沈書枋，不斷經歷著輪迴的惡夢，他尖叫、他哭泣，他奔向自由，
想起自己曾經為「一個男人」把心都賠進去。
他，不只是一個男人而已。

「葛利路，你對我做了什麼？」
抓住沈書枋手臂的男人，張開鐵鏽色的翅膀，他的聲音是如此篤定，
他的姿態是如此霸氣，撞擊到了沈書枋心裡。他恣意的親吻……
「你的身體是我的！」

沈書枋被帶到綠星，被當成寵物、實驗品，他已經回不去地球了，
他要怎麼在綠星活下去？
他們用親吻來瞭解，用黏膜接觸來探索思想的最深處──
來自遙遠星系的天使，能不能以愛交流？",58,5
996,異星天使，用愛馴服(01)從天而降,BL耽美,完結,293,52,1,,https://mojoin.com/novels/3257,"嘴唇、手指、身體──
用我們熟悉的地方接觸，只因相愛，而渴求更多。

來自異星的小天使拉依奴，在降落地球的時候衣服被燒掉，又被地球人開車撞到～～～～嗚嗚嗚嗚，他怎麼會這麼倒楣啦!?
沈書榕和闕士欽聽不懂外星人的話，但是看到小天使急急急！很急！為了幫助外星人適應地球環境、為了讓美少年展開笑顏，兩個男人只好──獻吻了。
追著拉依奴而來的綠髮男人，殺氣騰騰，他是擁有鏽色翅膀的主塔軍官，人見人怕，他將帶來血腥殺戮和……壁咚！

跨越星際的愛戀，在光年之外尋找你。",58,5
997,第一次告白短篇小說集,BL耽美,完結,232,0,0,,https://mojoin.com/novels/3256,從現代短篇到架空腦洞，從甜蜜小品到懸疑短作，一共收錄十六篇短篇文章。,321,3
998,異外！不獸控制,BL耽美,完結,5346,0,0,,https://mojoin.com/novels/3099,"〈男友是儲備糧食〉依讀

〈萬聖節的小小驅魔人〉M.貓子

繪師：雪人

————————————————————————

〈男友是儲備糧食〉依讀

#BL #人類×吸血鬼 #你的血是甜的 #誰是誰的儲備糧食？
身為吸血鬼的維特有個煩惱，就是他常常吃不飽。
沒辦法，吸血鬼在科技發達的現代實在太難生存，很容易攻擊未遂或剛得手就被警察逮捕，這要叫他怎麼活？

為了確保糧食來源，維特決定弄一輛假的捐血車，但可能是外型太過可疑，受騙的人少之又少，有一餐沒一餐的維特簡直餓到要發瘋了！

就在他即將斷糧之際，終於有個人上鉤──然而這個叫萊恩的傢伙，是個警察。
驚慌的維特還以為自己事跡敗露了，想不到萊恩卻輕易相信他，還真的捐了血！更重要的是，萊恩的血……非常美味。

要是以後再也喝不到這麼好喝的血怎麼辦？
想到這裡，萊恩決定把握機會，首先就從要萊恩每週來捐血開始！反正萊恩的身材這麼健壯精實，應該不至於被他「榨乾」的……對吧？


〈萬聖節的小小驅魔人〉M.貓子

#BL #小正太 #吸血鬼×狼人 #不給糖就搗蛋 #甜點店

剛轉學到新城市的小男孩尚銘，在迷路時遇到甜點店「糖妖精」的美人店長迪特里希。
溫柔的迪特里希邀請他擔任店裡的試吃員，也成為了尚銘在這裡的第一位新朋友。

在那之後，尚銘每天都會到店裡品嚐新品，日子香甜而恬靜，直到那個高大冷漠的男人司鍵出現。

迪特里希說司鍵是他的老朋友，會借住在店裡一陣子，但只有尚銘知道司鍵的祕密－－他其實是個凶惡又殘暴的狼人！
為了保護迪特里希，尚銘只能趁萬聖夜時潛入「糖妖精」，拿著銀餐刀和十字架埋伏在櫥櫃裡，想伺機戳破對方的偽裝。

然而就在他打算牙一咬撲上去時，卻看到迪特里希將司鍵壓在櫃台上，俯下身貼近……

咦、咦咦咦──？難不成迪特里希也發現司鍵的真面目了？
但他沒聽說過親親可以驅魔啊……",18,9
999,狼人先生的私密授課(06)裸湯!森林的學園祭(END),BL耽美,完結,44,47,6,,https://mojoin.com/novels/2975,"森林小學的學園祭開幕了～～～～（灑花）
有手工餅乾、舞台劇、有小狼人圍著你叫「主人、主人」，以為是酒店其實咖啡廳！

下課後，誠老師和瑛老師一起泡溫泉，樹叢後面傳來吸氣的聲音。
美麗的前吸血鬼王，拖著衣襬緩緩靠近。
誠老師覺得心慌，少年太美了，如果他脫光了衣服和黑毛一起滾到樹上，怎麼辦？

吸血鬼和狼人同時出現在森林小學，宿敵相見，這不開打不科學！誠林的心更慌了……

「你不是吸血鬼的俘虜，我才是你的俘虜。」 少年深情款款地訴說，他的愛、他的吻會印在誰的手上？

──狼人與吸血鬼系列，告白最終章♥",58,5
1000,狼人先生的私密授課(05)第一堂歷史課，兄弟拉腐拉腐,BL耽美,完結,82,47,5,,https://mojoin.com/novels/2974,"隨著純血族的家主出征，黑毛背起了「韓小玉」的身分，他穿著紫紅色鱗甲，拿起金色長劍，
誠林相信他們不會再見面了，但撫摸著他狼耳的手，卻又那麼熾熱……

要忘掉好難，一旦身體被撩撥似地觸碰，又會想起來。

回到森林小學的誠林與瑛理激動相擁，雖然他被吸血鬼咬了脖子還被傷害，
但他有愛他的弟弟，對他不離不棄，時間會治癒傷痛的──對吧？對吧？
弟弟，你怎麼摸上來了？

──不不不不不不要舔啊！

「你還認為我們的相遇是個錯誤嗎？」",58,5
1001,狼人先生的私密授課(04)深淵的校外教學,BL耽美,完結,2,47,4,,https://mojoin.com/novels/2947,"「老師對不起，我害你一個晚上都沒睡……」

誠林為美腿和腹肌付出了代價，他一直「啊啊啊～～～」，他的嘴唇任黑毛品嚐，他的身體和心裡都像在坐雲霄飛車，飛得七上八下。
他為黑毛滴下了眼淚流出了鮮血……隔天還睡過頭了！

為了找回黑毛昔日的夥伴，誠林和高年級三人組被傳送到一個虛擬空間，誠林的槍和黑毛的劍都不能用了，怎麼辦？

來自黑暗深淵的觸手，正悄悄伸向黑毛！",58,5
1002,狼人先生的私密授課(03)第一堂劍術課，一樣都是長的跟尖的,BL耽美,完結,50,47,3,,https://mojoin.com/novels/2946,"浴袍的長度到腳，上面有黃鶯的圖案，少年第一次穿著它去見嚴龍會的少主，在他洗完澡還濕漉漉的模樣。
三個月後，那件浴袍跑到他弟弟身上，在一場爭執中，他變成狼人……

當那亞麻色髮的少年長大後……
他成立森林小學，他早上起床看到黑毛在做運動，汗水沿著腹肌流下來，大腿內側想必也是濕的吧？

「我真希望自己永遠不要放手。」
黑毛的手掌有一點粗糙，摸在誠林的脖子上。
一想到浴室裡會有黑毛的味道，誠林的臉就紅了……",58,5
1003,狼人先生的私密授課(02)老師，請大聲點我的名字！,BL耽美,完結,163,47,2,,https://mojoin.com/novels/2937,"「老師，請讓我負起責任，把你洗乾淨吧！」
黑毛趴在床上，聽著浴室傳來水聲……為什麼誠林要沖兩次澡呢？他們肯定是做了什麼吧？
他從沒這麼希望恢復記憶啊啊啊啊！

誠林允許黑毛留在森林小學，兩人同住一屋簷下，誠林這才意識到，黑毛不是未成年，他是個男人了！
這個男人有胸肌、有腹肌，把他那把好長的劍耍得很好，擦槍技術也一流，他跟誠林最重要的學生們相處融洽，一起上課、一起蹺課、一起舉辦燒烤派對
當他想起自己的本名，也想起自己曾經被白狼扶養。

「那個人會在晚上來找我爸爸，房裡會出現奇怪的聲音
「你那麼小就被啟蒙了？」",58,5
1004,狼人先生的私密授課(01)老師！請讓我在你身上計算加減乘除,BL耽美,完結,729,47,1,,https://mojoin.com/novels/2936,"「誠老師，你連我的內褲裡面都檢查過了嗎？沒有外傷？因為我都不記得了……」

一個沒穿褲子的少年，倒在誠林家門口，失憶失得很徹底。
誠林身為森林小學的老師兼校長、校長兼撞鐘，當然是要先把自己的褲子脫下來——呃不，是以一顆助人為樂的心，給少年療傷、給他飯吃、給他褲子穿。

少年有超齡的冷靜和結實的肉體，不知道從哪來的他，隨身攜帶的劍不見了。
——你掉的是金劍？銀劍？還是這把肉做的劍……

誠林每天都在提醒自己，不能超越師生的極限，但少年無意識的挑逗、天真的笑容，還有那謎一般如飛蛾撲火的身世，他把持得住嗎？

一座離群索居的森林小學，一群毛茸茸的可愛生物，等你來探索！",58,5
1005,夜裡的北極星,BL耽美,完結,370,0,0,,https://mojoin.com/novels/2311,"生活被工作填滿，對開啟新戀情感到無力的設計師吳元青，偶然在下雨天找到一間名叫Polaris的咖啡廳，並被咖啡廳裡打工的少年——陳聖硯迷住。
在與陳聖硯相處的過程，漸漸展現彼此內心的傷痛。在對方身上看見的自己，縱然滿身傷痕，卻是完整的。
You are my Polaris.
你是在黑暗中指引我方向的北極星，亦是暮然回首時，永遠的存在。",192,6
1006,親愛的，我把你掰彎了03尾行篇,BL耽美,完結,408,75,3,,https://mojoin.com/novels/2704,"苦逼前編輯重生後的生活不輕鬆，心酸誰人知。

男朋友醋勁太重讓人很煩惱，
但是男朋友惹來的桃花太多，讓人更煩惱！

薛景不只要忙著應付大考、小考，
還得阻止美少女對殷離莫的積極進攻。

誰知道防線才剛剛拉起，怪事也同時找上薛景。

睡到一半鬼壓床，耳邊的無人低語，以及揮之不去的窺視感。

是誰，躲在角落裡看著他？",441,3
1007,親愛的，我把你掰彎了02社遊篇,BL耽美,完結,473,75,2,,https://mojoin.com/novels/2295,"殷先生吵著要跟去社團旅行怎麼辦？線上急，求解！
一趟陰盛陽衰的社團旅遊引發了殷離莫的危機感，
堅決要以監護人身分陪同親愛的外甥出遊。
追求尚未成功，情敵必須排除！
但是誰也沒想到，薛景的警報器體質竟然在度假山莊發作了！
陰魂不散的漆黑身影、悲戚執著的亡者呼喚， 這一切，竟牽涉到燕曉曉的重生之謎……",441,3
1008,吸血鬼育兒日記(06)一個吸血鬼的誕生(END),BL耽美,完結,1,30,6,,https://mojoin.com/novels/2452,"「你願意跟我結婚嗎？」
在浪漫的海景懸崖，韓昭明拿出鮮血般的鑽石戒指，單膝跪下。
米御卻抽回了自己的手，吞忍淚光。

「很久很久以前，宮席詩對我下了一個詛咒。直到現在，它仍然有效……」

一個沒有人提起的名字，獨自面對塵封的歷史，那擋在韓昭明與米御中間的「鬼魂」，那橫跨了千年的愛與恨，韓昭明能順利把戒指套進去嗎？
育兒日記最終章，揭開北燕王爵、宮席詩與米御的過去──
雪花，慢慢堆積，在沒有聲音的北境。",58,5
1009,吸血鬼育兒日記(05)監禁重生,BL耽美,完結,0,30,5,,https://mojoin.com/novels/2451,"「你該學的是怎麼服侍我，怎麼討我歡心。」
韓昭明前往企業實習，羊入虎口地來到米氏的地盤。
他在總裁面前跌倒、在總裁面前跪下，總裁室裡的巨龍吐焰多麼張狂，他跪下又張開了嘴巴。
他知道米御不會傷害他，他是自願被束縛……
但他脖子上卻出現別人的咬痕。
米御沒有發火，他異常冷靜地問韓昭明：「有人逼迫你嗎？」

留下你的手臂，還能用來擁抱，留下你的雙腳卻只會到處亂跑，現在跑出問題了吧？……所以那雙腳就不用留了吧？
只要不讓你知道是我做的，就好……

琅族族長宮禹揚和吸血鬼少爺米樂──聯手育兒？小玉，我們打個商量……可以不要咬咬嗎？",58,5
1010,往後餘生,BL耽美,完結,909,0,0,,https://mojoin.com/novels/2309,"褚雲走了。
留下同居人鄭安書孤身一人。
他們結婚，但他們不是情人。
他們同居，但他們只是家人。",321,3
1011,成為全台迷因後,BL耽美,完結,300,0,0,,https://mojoin.com/novels/350,"*封面為作者自繪

傲嬌中二攻Ｘ傲嬌中二受
一個全世界只有他們不知道這是愛的戀愛喜劇！

高中時的擦肩而過、對上眼時那股奇妙的悸動感。
只需一眼，中二少年們便同時有了預感——這是絕對主角遇見一生死敵的場景！
同樣想成為漫畫家的他們一觸即發，往後的生活就這樣密不可分、互相追逐，還開始共同創作一部漫畫。
據兩人所述，這都是為了更方便「較量」而「逼不得已」的。
而他們意外的一個公主抱成為迷因後，人氣提高、各種合作邀約蜂擁而至。
兩人暫時擬定了休戰契約。

然而，創作瓶頸、酸民嗆聲、粉絲騷擾，各種問題向兩人接踵而來。
江祐成訝異極了，總是在他被黑粉留言帶風向時跳出來回應的鐵粉大將軍，其實是那個討厭鬼的分帳。
馮浩希也嚇了一跳，當自己被粉絲騷擾時，第一個替他反擊的人居然是他那為人高傲的宿敵。

關係漸漸改變的兩人並不知道，
其實早在高中初遇時的那驚鴻一瞥，就已定下情根。
－
快樂輕鬆向（大概吧）
歡迎大家一起來推幼犬cp！",240,6
1012,吸血鬼育兒日記(04)爸爸們的奢華海島行,BL耽美,完結,21,30,4,,https://mojoin.com/novels/2450,"「我是小玉啊啊啊啊～～～～～～」
你在海上不是山上，不會有回音的啊，孩子！
韓昭明帶著小玉搭上豪華郵輪，接受來自海上吸血鬼的熱情招待。

夜裡，魔爪來襲──
「我把你變成我的形狀了。」被槍口指著腦袋，米御卻能不慌不忙。他被韓昭明抓進房間、壓在門上，他被轉過身來，熱情像要從腳底竄上，融化了腦袋。

西海的幽靈船危機，同時也是解開北燕王爵千年前祕密的關鍵，夾在人類與純血族之間、夾在米御的過去，為了保護小孩並與心愛之人在一起，韓昭明該如何抉擇？",58,5
1013,吸血鬼育兒日記(03)主人與他的「新娘」,BL耽美,完結,0,30,3,,https://mojoin.com/novels/2449,"天真活潑又可愛的小吸血鬼──韓小玉，失蹤了！
為了救回小玉，在一大票吸血鬼的注視下，韓昭明脫下了琅族的窄袖袍，當然是穿在他自己身上的這件！
琅族族長宮禹揚表示：我終於知道為什麼吸血鬼會為你神魂顛倒了。

一陣砰砰砰砰（？）之後──
把……把拔？小玉終於叫「爸」了！恭喜～～～～

「他跟我情同兄弟……」米御話沒說完，韓昭明就有摀住那張嘴的衝動！
什麼情同兄弟？不要跟我說你們是「你摸摸我的兄兄、我摸摸你的弟弟」的關係！
看他怎麼教訓……他不敢教訓米御，但他會讓米御舒服的❤",58,5
1014,吸血鬼育兒日記(02)你有看見我的衣服嗎？,BL耽美,完結,2,30,2,,https://mojoin.com/novels/2448,"「米御，你永遠都會這麼美嗎？」
「你的嘴只能用來說話嗎？」
「不然要用嘴幹……」

他的衣服被撕掉，他的胸膛被踩踏，他的血液被抽出，他從高樓往下跳……韓昭明不知道他還可不可以過得辛苦一點，但這都是跟米御在一起的代價。
人類Ｘ吸血鬼，好……好想躺下來、而且是躺在柔軟的床上啊啊啊！
韓昭明拿起手槍，和米卡卡一起拯救家主（捉）宅邸（鬼），那躺在他懷中的小人兒，讓米御看了很生氣？
床頭吵，床尾……韓昭明不知道他們合不合，還是先跪下再說吧！",58,5
1015,吸血鬼育兒日記(01)「女王」和他的情人,BL耽美,完結,103,30,1,,https://mojoin.com/novels/2447,"大學生韓昭明和前吸血鬼王米御，經過這樣那樣和各種翻滾碰撞的體力活，兩人終於成為ㄆ開頭的朋友～──呃不，是終於成為有特殊性關係的……朋友？

「我只是想見他一面，有那麼難嗎？」韓昭明心念著米御，但米御不知道在忙什麼，大概是忙著統治世界吧！
兩人好不容易見一面，滾到天花板又滾下來，啊～啊～～啊啊啊啊啊───！
在水晶燈吊底下、在華麗的宴會廳裡，吸血鬼們齊聚一堂，一起與家主大人舉杯敬酒，大聲祝賀：早生貴子！多子多孫！
吸血鬼與狼人的吸吸、舔舔和咬咬，連載再開",58,5
1016,好想要個抱枕,BL耽美,完結,3612,0,0,,https://mojoin.com/novels/973,"肅水想要一個抱枕，一個可以緊緊抱在懷裡的、暖和的抱枕。
所以他把站在雨下的連帶回家，讓他在自己的客廳棲身，和躺在沙發上的柔軟抱枕們一起。

「我可以做得比抱枕更多。」連說。
「但我只想要一個抱枕。」肅水回答。

連沒有當過抱枕，但還是努力做好抱枕的工作，從不多問什麼。
比如肅水為什麼想要抱枕、比如洗手台上的兩副牙刷。
他只是聽話地當顆好抱的抱枕，在肅水出門時哼著歌做飯、回來後被撈進懷裡揉揉捏捏。
直到某一天，肅水的「室友」回來了。
連才知道，客廳裡的所有抱枕、都是為了這個人存在的。
而格格不入的他，也該離開了……",145,3
1017,親愛的，我把你掰彎了01碟仙篇,BL耽美,完結,980,75,1,,https://mojoin.com/novels/26,"一場車禍讓編輯薛景重生為高中生，除了要重溫學生的念書考試地獄，更無法享受社會人士眼也不眨的揮霍買書的小確幸，還要想辦法調查原身體主人的死亡真相。
苦逼的是，他竟然有被掰彎的危機？！
原本對他漠不關心的「舅舅」，開始關注起他的一舉一動。
那視線，就像是在看著某個熟悉又眷念的人？
但是薛景願意用他買的所有小說發誓，他根本不認識這個男人。
最重要的是，長得比他帥的男人都要列入黑名單啦！",441,3
1018,窒愛,BL耽美,完結,115,0,0,,https://mojoin.com/novels/817,"這個夜很冷，細雨打在街邊那個失了魂的漂亮男人身上， 令小高忍不住多看了幾眼。
他邀請男人踏進自己準備打烊的酒吧，倒了杯威士忌，
而一如他所料，眼前的男人正為情所困。

男人被自己的情人拋棄了，他們從學生時期就交往至今，曾經在無數個夜裡相互依偎、傾訴愛語，然而幸福的時光卻終有結束的一天。

小高覺得男人十分可憐，他在對方身上看見了自己的影子，
隱隱動心之際，男人卻這麼對他說了──

「我不能喜歡你。」
「為什麼？」
「你不會願意的。」",398,9
1019,乖，坐下別汪。,BL耽美,完結,11567,0,0,,https://mojoin.com/novels/571,"這是在講一隻少年汪如何跟大魔王談戀愛的故事。
【簡到不行的簡介】穿越前——

落曦：我是一隻汪汪~♪ 穿越後——
（第一個世界）落曦：我是一隻被家暴的魚~♪
（第二個世界）落曦：我是一個人人唾棄的歐米迦~♪
（第三個世界）落曦：我是一個……等等，為何換我成了反派？！
總結：這是一隻汪被大魔王拐走的故事。

【閱讀說明書】此文元素包含 #快穿 #黑暗 #搞笑 #言情 #BL
註1：每一個世界的攻都是同一個人。
註2：是充滿黑色又粉色泡泡的愛情故事。
註3： 受對情感極為遲鈍，所以戀愛線會比較慢熟！！

【毀天滅地魔王攻 X 情感遲鈍汪汪受】
以下是其他出沒地點，歡迎乃打招呼呦！(●´ω｀●)ゞ
▲ FACEBOOK搜尋【百沫歌】
▲ 巴哈姆特搜尋【百沫歌】
書籍封面/ 百沫歌自製",160,6
1020,過激性索愛症,BL耽美,完結,210,0,0,,https://mojoin.com/novels/932,"空蕩的臥房、鐵鍊腳鐐，和一扇觸碰不到的門，
從三個月前在這裡醒來至今，沈靖寬幾乎要習慣這個房間和這種時不時的「綁架」了。
綁架犯──同時也是他戀人的橋墨，雖然平時溫柔而完美，卻擁有完全相反的第二人格，那個人格常常將他鎖在床上，什麼都不做，只是沉默地望著他。
「這樣你就走不了了。」
明明心中無比抗拒，但時間一長，他卻漸漸習慣這種感覺，直到他察覺橋墨身上不對勁的矛盾……",451,9
1021,The Legend,BL耽美,完結,8,0,0,,https://mojoin.com/novels/626,"這是一本很輕鬆很輕鬆的日常系小說（誤
一位魔王狼和他的小夥伴們踏上旅程的冒險故事～

不建議上課偷看，最好準備一杯清涼的水放在一旁。
咱寫得很輕，基本上有點兒守護朋友那種感覺的。
有一種默默的別人無可取代的淡淡魔力。

不過大概還是說一下程度，屬性：帶有點輕獵奇（注意）、輕BL向、正太向、獸耳向、不死向、軟軟嫩嫩的。
另外看不習慣是有點正常的，因為我有稍微改良了下，老虎個人在用的格式，所以感覺會跟你平常看得稍稍不同？

有評論或心得老虎會很開心的，看完沒腦袋空空的話。
喜歡別忘推廣一下:3
第二集正在慢慢寫～

tag: 正太、貓耳、獸耳、軟軟的男孩子、冒險、奇幻、異世界",4,6
1022,都是後母惹的禍,BL耽美,完結,851,0,0,,https://mojoin.com/novels/558,"為了報復父親再婚，他決定要變成壞孩子。
他的做的第一件壞事是：吻了男同學……",14,6
1023,黑吃黑生存法則,BL耽美,完結,313,0,0,,https://mojoin.com/novels/186,"這是一個人與人外共同存在，行種族制度的世界。
已經被劃分好的宿命，基於互利而簽下的契約，究竟能不能產生其他羈絆？
黑社會吸血鬼貴族與電波系人類不良少年達成協議，好像不單純是得到儲備糧食這麼簡單？
* * *
這是個人與人外共同存在，行種族制度的世界。
世上有六大種族，人族與聖族被分為良民，其餘血族、精靈族、魔族、亞人族都是惡徒。
惡徒生活限制多多，即便作為冥月國首都最大的惡徒家族族長，大吸血鬼尼可拉斯．德古拉七世依然過得很委屈。
家族與良民政府簽了互惠協定，成為黑社會之首暗中維護秩序，對上帶領家族為政府查案攻堅出生入死，對下應付各路冤家挾怨報復——而且還吃不飽。
因為法律管制血液，血族只能天天餓肚子。很餓，很累，很！怨！念！
而此等慘況，讓尼可拉斯在某次懲戒監獄不良少年的任務中，對一個聞起來特別好吃、看起來還有點傻愣愣的人族少年動了歪腦筋……

「孩子，看在你讓我挺滿意的份上，有個大禮物送給你。」
「嗯？」
「這個禮物就是——我。」
「……」
「……」
「……不要。」

黑社會吸血鬼貴族與電波系人類不良少年達成協議，好像不單純是得到儲備糧食這麼簡單？
德古拉家族成員含淚表示：族長最近怪怪的啊，吸血鬼也會中邪嗎？",247,6
1024,未知的乙女攻略,BL耽美,完結,2144,0,0,,https://mojoin.com/novels/73,"一場意外穿越到乙女遊戲裡還不夠慘
所有的被攻略男角竟都發瘋似的愛上了他，屬性還都是病嬌外加變態，甚至還想殺了他？
看似簡單的任務與穿越的背後似乎隱藏了更大的秘密，究竟背後的幕後黑手是誰？",190,6
1025,鬼鏡狂想曲（２０１８版）,BL耽美,完結,8,0,0,,https://mojoin.com/novels/12,"在學校被排擠的小翎，在一場意外中撿到一面鏡子，也撿到一個出乎意料的室友（？）。
從此他的人生成了一場混亂的大冒險。",14,6
1026,謊言彼岸的妳,GL百合,連載,14797,0,0,,https://mojoin.com/novels/3692,"丁紫甯替同事代班婚禮主持，意外與高中暗戀對象白弦重逢——
她代班主持的是白弦的婚禮。

一對新人準備交換戒指時，忽然發生強震，
宴會廳裡的雕花柱朝丁紫甯砸落，是白弦撲過來用身體護住了她。
失去意識前，丁紫甯看見白弦的衣衫被鮮血浸透，仿若彼岸花盛開。

再次睜開眼睛，丁紫甯發現自己回到了高中時代，
然而許多事都跟她經歷過的不一樣，
像是原本由外婆撫養長大的她，變得父母雙全，
以及她竟然已經與白弦穩定交往一年……",185,9
1027,地府犯罪調查中心 1st case：請詭,GL百合,完結,64,0,0,,https://mojoin.com/novels/3749,"碟仙、碟仙，請問我們之中，有幾個活人……？ 冰山美人黑長直地府調查官╳知性溫柔大學實習生，聯手調查靈異犯罪！

藉緣而生，有生之法終必壞滅。所有的現在都會變成過去，直到過不去為止——

大三女生楊雅晴非常無奈，因為她的實習被莫名搞砸，只能到奇怪的地方「地府犯罪調查中心」工作。裡頭的同事各個個性張揚，一個比一個怪，而且和她搭檔的美少女同事——林羽田似乎很討厭她，一直想把她趕走！這時，楊雅晴收到了高中同學會的邀請函。誰也想不到，同學會上的碟仙遊戲，竟接連造成兩人「意外」身亡。楊雅晴與林羽田為了追查這些不尋常的「意外」，也差點遭到惡意殺害！

年少的無知輕狂、奪人性命的惡咒、掩藏在某個角落的過往記憶……這場「碟仙」遊戲，究竟隱藏著什麼陰謀？兩人又該如何化解這個「詛咒」？",520,2
1028,校園冤家,GL百合,完結,93,0,0,,https://mojoin.com/novels/3708,"高冷貧窮女高生 × 機掰千金女高生

徐可綸和林璦媛，一對社經地位與價值觀光譜異端的冤家。
在一次紛爭下，原本對立的兩人，逐漸走入彼此生活之中……",323,6
1029,不考慮一下嗎,GL百合,完結,51,0,0,,https://mojoin.com/novels/2294,"畢業即失業，遲遲找不到工作，除此之外還得面對經濟壓力和家庭逼婚的社會新鮮人楊品宣，在最後一刻抓住的救命繩索，是一份名為「經紀人」的可疑職缺。
只是她萬萬沒想到，這名為「黑鷲物流」的公司，竟然是專營殺手派遣的「業界」企業。
而她必須負責的，還是人稱業界最強的殺手 ── 「OL」。
話雖如此，找到工作的楊品宣並沒有脫離困境。
在業界的收入都是論件計酬，作為經紀人，如果沒辦法替旗下的殺手招攬生意，那自己也只能喝西北風。
菜鳥經紀人在這見不得光的業界究竟能不能順利走下去呢？
而她與自己負責的殺手之間，又會有什麼樣的關係變化呢？",136,3
1030,以愛為名,GL百合,完結,2147,0,0,,https://mojoin.com/novels/764,"受到名字詛咒的備選聖騎士，以及深受神殿寵愛的祭司。
陰陽差錯下，進入彼此心中。

簡單來說就是單蠢的聖騎士，
被表裡不一的祭司看上後拐走的故事。
---
「神啊，請原諒這愚蠢的孩子。」阿芙拉翻白眼後畫出祝福的手勢：「全殿都知道她喜歡妳，結果就妳自己不知道。」",168,3
1031,少女晝寢,GL百合,完結,445,0,0,,https://mojoin.com/novels/1137,"在公司保險櫃前一綑一綑取出鈔票的情景，被少女用手機拍了下來。
「姊姊，你這樣不行喔。怎麼可以偷拿公司的錢呢？」
「呃……不，那個，我不是——」

總經理長年信賴的助理，以及拍下「犯案現場」的年幼少女。
在這荒謬的構圖之後，是更加滑稽的延續。
「我呀，希望姊姊能聽聽我的願望。這樣的話，我或許可以考慮一下這張照片的處理方式喔。」
「什麼願望？」
「我希望你能綁架我。」

這是一場向下的旅程。
這是一場從五月到十二月的旅程。
或許，沒有終點。
「那就麻煩你綁架我囉，姊姊。」
「……就當作是我綁架了你吧。」
像是傳接重要信物一般，她輕柔且慎重地托住少女潔白的手掌。",136,3
1032,唯一解藥,GL百合,完結,0,0,0,,https://mojoin.com/novels/688,"*——獻給陪我度過國中生活的朋友們，還有在我遇到寫文瓶頸時，仍繼續支持我的各位。*

這是一個有關一個女孩成長的故事。
隨著時間流逝，人生路上經歷的事情不斷累積，於是我們漸漸茁壯且變得看起來圓滑，但是這也可能意味著我們漸漸的迷失自我，失去了一些對於自己極為重要的存在。

一向被老師視為問題兒童的趙玥粼，自從升上國中後突然變成了所謂的資優生。
對於老師的話語一一記在筆記中反覆閱讀，對於同學的互動客氣而不帶任何情緒，無疑的大家都認為她成為了一名成熟的大人。
但事實上，她不再會主動幫助不認識的人，也不會再繞一條比較遠的路看看風景，更不會嘗試和他人有太多的互動。
其實，她正在一點一點的失去對於這個世界的感覺，更或是說是在壓抑和抹殺。
直到某天發生了一連串的事情後，她毅然決定了離家出走……",2,6
1033,頭子他老婆,GL百合,完結,768,0,0,,https://mojoin.com/novels/609,"我，沈甯軒，在交友軟體上找到了堪稱天菜的炮友，巫郁硯。
不只長相、身材、個性和「技巧」都無可挑剔，似乎還是有錢人家的大小姐。
然而我們始終維持著戀人未滿的曖昧關係，相互試探、卻沒有人主動踏出那一步。
直到我遭遇新主管跟縱後，郁硯終於把我帶了回家──卻突然說要介紹她老公給我認識！？
「……妳剛剛說什麼？妳有老公！？結果妳明明就是直的嘛！欺騙蕾絲邊的感情很好玩嗎！」
「先讓我把話說完好不好！」
「頭子」──郁硯這樣稱呼她法律上的老公。
就這樣，透過頭子他老婆，我認識了頭子這個人。
一個對之後的郁硯和我來說，非常重要的男性，幾乎改變了我們的後半生……",136,3
1034,抽二手煙的正確姿勢,GL百合,完結,91,0,0,,https://mojoin.com/novels/155,"沒有什麼波折，也不是什麼奇特的因緣際會，妳成為了和我同住的室友。 妳得到了我的料理，我得到了妳的二手煙。

「新的煙我抽不慣，所以我都抽二手的。」
「哈哈，什麼跟什麼。」
「不是很好嗎？二手煙。不用花錢，也不用找打火機。方便輕鬆無負擔。」
「最好是無負擔啦。」

我不懂香煙。可是我知道，這是屬於妳的氣味。
要我把這說成是負擔，未免太過份了點。

「妳們聊了什麼？」
「她們說曉星妳的手藝很好，要我好好珍惜。」
「我有被好好珍惜嗎？」
「有啊。我今天也會好好地把飯菜全部都吃光的。」

就像妳手裡常常點著的煙，縹緲、變幻不定。
我也不曉得我對妳單方面的若即若離會持續到什麼時候。我只知道——
只要是生命中關於妳的那麼一點點沙粒般細小的美好，我都會拾掇起來。",136,3
1035,殘愛,GL百合,完結,30,0,0,,https://mojoin.com/novels/1095,"全天下都知道，颯猊恩跟瑪希雅相看兩厭，如果某天，她們卻被迫一起出任務怎麼辦？
瑪希雅暴跳如雷，忍住想弒父的衝動，颯猊恩翻翻白眼，就接下老師的指示。
明明是一趟折磨人的旅程，卻在無意中磨掉瑪希雅的刺，甚至對颯猊恩動了情。
---
「不然？」颯猊恩直接打斷她的話：「妳希望我們是什麼關係？」
當她這麼問時瑪希雅毫不猶豫說著：「至少是搭檔吧？我們都互相幫忙這麼久了！」
可是話一出也不對，颯猊恩的挑眉彷彿在嘲諷『妳剛剛說了廢話？』，正是因為自己被當成臨時搭檔，對方才把帳棚給別人，如果兩人之間的關係還像之前疏遠，怎麼可能會相處到一塊？
「妳期待聽到什麼答案？」她冷靜問著，瑪希雅已經慌亂起來。
期待什麼？",168,3
1036,穿越雲空戀上妳,GL百合,完結,1699,0,0,,https://mojoin.com/novels/1012,"她是個上天眷顧的幸運兒——在二十歲以前。
對于曉甯而言，二十歲以前的生活幾乎稱得上無風無浪；就在她最幸福的時候，錦上添花似的，她與暗戀已久的知名樂團吉他手交往。
他是她的陽光、空氣、水，帶給她無比的幸福感……然則一場意外、惡意的背叛，幾乎讓她封閉自我。
「妳應該為自己而活。」

一台相機、一個笑容，以及溫柔的筆觸，陶思綺悄然無聲，卻像顆燦爛的流星闖進她的生活。
先是宛如大姊姊般的人物，然後變成朋友，進一步成為旅伴……看似平順的友誼發展，卻因一枚深情卻突然的吻，一舉敲碎了兩人之間的平靜。
「我知道妳不是……但我無法克制自己的情感……對不起。」

如果她的「Mr. Right」注定是個「她」，那打破原則又何妨？
「不……我喜歡妳。」",207,3
1037,竹先生,GL百合,完結,520,0,0,,https://mojoin.com/novels/983,"曾經有個人說她很愛我。
現在的社會或許開放，但是非主流的戀情總會有人說閒話，她不顧自己的身分地位無視言論壓力與異樣眼光，整整五年的追求，我才將自己交給她，卻換來家破人亡的下場，遭人凌虐後丟入寒冬時的河川，最後奇蹟般活下來，我卻成為半身不遂之人。
我還記得當時的水溫有多冰冷，因為不甘就這麼死去，在地上爬了許久後昏過去，據說有人發現我時地上是條長長的駭人血跡，醫生是抱持救不活的心態行動，結果我卻活下來了。
這是多麼幸運卻又不幸。",168,3
1038,初戀非男友,GL百合,完結,3,0,0,,https://mojoin.com/novels/494,"曾經親密的兩人，因為父母工作的關係而分別，在相處的短短半年中，她們再度分離，然而記憶中的美好不曾消逝，她們也曾往返魚雁，或是互贈禮物。
她把對方當作她的初戀！
然而，多年後的重逢，一切都變了調！

「阿岑！我是小劉啊！」
岑凱琳眼睛都快掉出來，因為自稱「小劉」的人，不是當年那個皮膚黑黑、眉清目秀、頭髮短短卻十分個性的帥氣小正太，而是個長髮飄逸、丹鳳眼，擁有一七零模特兒級身材的大美人！
被她視為初戀的「小劉」？

「小劉……不是男生？」
大美人卻異常冷靜地說：「我一直都是女生。」
天啊！是誰偷走了她的初戀，把她的初戀對象還給她！
然而，辛紫琉卻會用實際行動告訴岑凱琳——誰說女生初戀一定只能找男友！？",207,3
1039,我睡了前男友他媽,GL百合,完結,2270,0,0,,https://mojoin.com/novels/399,"快樂的睡錯人，才發現是當年自己花式作死。
果然自己挖的坑，要自己填呀d(d＇∀＇)
只是太太麻煩妳不要這麼氣勢洶洶我會怕啊啊啊啊啊啊啊！！！",168,3
1040,高捷少女：直到下一站,GL百合,完結,0,0,0,,https://mojoin.com/novels/1099,這是我寫的高捷少女二創小說 如果是對高捷少女有興趣的朋友 歡迎來我的粉專按個讚 可以提早閱讀最新的高捷少女故事喔！,322,6
1041,【GL】燈火闌珊,GL百合,完結,1,0,0,,https://mojoin.com/novels/1059,"葉佳誠說：「我們重新結婚吧，不用管其他人怎麼想。」
許懿蓮說：「我們不能背叛蘭，不然，蘭會離開的……」
梅子說：「安姊，那麼，妳是同時在和她們兩姊妹交往嗎？」
許懿蘭說：「妳是我最重要的寶物。」

出生後，跨過了三十一個年頭的劉安樂，即便知道父母會事後暴怒，她還是毅然決然向丈夫提出離婚。
她和丈夫相處融洽，雙方並沒有人不守規矩出軌，然而，就是在這樣的情況下，她選擇離婚。
這不是什麼推理謎團，一切的答案都只是為了愛情。

恢復自由之身的安樂將會面對她所愛的雙胞胎，憑藉微弱的燈火，走向結局。
題外話：
這是個有關同性戀的故事，也是個無關同性戀的故事。
如果你抓到了名為「愛」之物，上頭是否會貼著五顏六色的標籤？",426,6
1042,中二妄想．少女日常,輕鬆搞笑,完結,1730,0,0,,https://mojoin.com/novels/2981,"可可和白一兩人是從小一起長大的青梅竹馬，同時在國中二年級的時候一起進入了中二病。

雖然上了高中後，白一順利脫離了中二病，但是他的青梅竹馬，可可卻依然還是處於中二病狀態，
雖然大家認為她的中二病很可愛，但是卻讓白一特別頭痛。

某次兩人到跳蚤市場買了一對來路不明玉製飾品，然而可可配戴的黑色玉製飾品，
卻給了她出口成真的力量，讓這個中二病少女給世界帶來天翻地覆的改變，並沒有自覺的樂在其中。

白一為了要制止這個胡搞瞎的青梅竹馬和挽救自己正常的高中生活，於是展開了壯烈的史詩。",443,6
1043,魔法校草☆颯爽變身！(04)終結一切混亂(END),輕鬆搞笑,完結,0,87,4,,https://mojoin.com/novels/3304,"溫和良善，謙恭有禮，人見人愛到簡直可以競選校園模範青年的張蓮，居然是大魔王？
而且他深情款款地擄走了吳亦悅的姊姊吳亦晨，還說是他等很久的愛人？
在我還沒反應過來，世界已經開始大亂……
羅密歐與茱麗葉的故事，兩個人婚成眷屬？
法海、許仙、小青、白素貞則是快樂四人行？
不管怎樣，快把姊姊還我，不然我這魔法少女就要發威啦！",267,5
1044,魔法校草☆颯爽變身！(03)校園熱鬧無比,輕鬆搞笑,完結,0,87,3,,https://mojoin.com/novels/3289,"「人家要看！」
「滾開，誰要給你看了啊？」
「說不定可以成為魔法少女衣服的新設計喔？」
「你要是敢參考，我現在就把你抓去用火烤！」
原以為考過見習魔法使的考試，順利拿到道具，之後的日子可以海闊天空。
沒想到會長居然給我出了一個難題，要我在校慶園遊會時用魔法少女的姿態來吸引人氣？
而且，還要做表演？
等等，那是什麼暴露淫蕩的衣服啊？我才不穿！
什麼？還要穿著這套衣服在校園當行動客服？
喂，魔法少女的業務沒有這個吧！",267,5
1045,魔法校草☆颯爽變身！(02)生活亂七八糟,輕鬆搞笑,完結,0,87,2,,https://mojoin.com/novels/3290,"原以為堂堂校草成為魔法少女已經很淒慘，沒想到更悲催的還在後頭。
首先是坐我隔壁的李志洋，一點都不理智地要追我……變身的魔法少女！
再來是學妹的瘋狂追求，原因是找我畫BL本本！？
接著是姊姊突然找我去遊樂園，竟然是想要幫她找男朋友？
還要搭配週末的魔法使考前特訓，這是要我變出分身嗎？
拜託！等那隻兩光的瑞比學會分身法術前，我就已經分身乏術了啊！
這些莫名其妙的事情，到底哪一天才會結束啦！",267,5
1046,魔法校草☆颯爽變身！(01)校草歡樂變身,輕鬆搞笑,完結,205,87,1,,https://mojoin.com/novels/3278,"「騷年啊──」
「蛤？」
「想成為魔法少女嗎？」
「勞資是男的！」

高一時當選「閉起眼睛深呼吸投出你心目中最佳天菜」鳥活動的我，成了鏡影高中的校草之一，從此過著每天被不同女生告白的麻煩生活。
有天晚上，一隻神秘的兔子出現在我的面前，還說只要簽約成為魔法少女，就可以解決不停被女生告白的困擾。
雖然這提議不錯，不過我可是男的，誰要成為魔法少女啊！（掀桌
在一次性命危急中誤上賊船，然而，見習魔法使LV1的瑞比，一問三不知。
我不僅要幫忙瑞比尋找聖物、想辦法讓中了黑魔法的人恢復原狀，什麼？還要幫瑞比通過考試？牠不是來帶領人的魔法使嗎──",267,5
1047,練愛地圖,輕鬆搞笑,完結,580,0,0,,https://mojoin.com/novels/3247,"文學星 × 漫畫星、小說家 × 漫畫家聯手鉅獻
七種「練愛」組合歡樂大亂鬥！
⧒年末大賞給你一點顏色，立即測:https://bean.fun/oABfX
當不同作品的角色們被迫一起參加戀愛實境節目、莫名其妙一起被關進密室、突然一起被困在異世界……
據說如果不相親相愛合作，就無法逃離這樣的窘境，然而大家互相傷害的互相傷害、調戲幼女的調戲幼女，甚至爆橘的爆橘(?)──

等等，說好的練愛難道不是「練習戀愛」嗎，怎麼會變成這樣？( ；∀；)
",147,9
1048,原子占星咖啡館的日常,輕鬆搞笑,完結,2409,0,0,,https://mojoin.com/novels/2855,"為了尋找真正想做的事，普通大學生「地球」應徵了原子占星咖啡館成為店員。
這裡不僅有群星環繞般的溫暖燈光、濃郁的咖啡香氣，還有各式的占卜服務。
然而剛上工沒多久，地球就被店裡奇形怪狀的同事們（？）顛覆了世界觀！
總是隔空互嗆的店員水星和咖啡師火星、溫和卻最不能惹的店長金星，還有神出鬼沒的天王星、環保系（？）木星、嘮叨的土星「媽媽」和捉摸不定的海王星這四位個性迥異的占卜師們……
究竟原子占星咖啡館裡，會上演怎麼樣歡樂又嬉鬧的日常呢？",402,9
1049,原子公館的少年們,輕鬆搞笑,完結,3921,0,0,,https://mojoin.com/novels/2802,"那天，毛毛開心地買下期待已久的遊戲《原子公館的少年們》，卻在回家路上出了車禍。

當她睜開眼睛，遊戲裡的少年們就在眼前，而她還被自己的天菜、代號為地球的溫柔少年抱在懷裡！
只是，為什麼地球看起來這麼大？為什麼她有毛茸茸的肚子，甚至還有狗爪子！？
WTF，人家穿越都是當女主角，怎麼就她變成了一隻豆柴！

雖然身為柴柴的福利不差，不時會被揉揉抱抱搔搔下巴，還可以近距離欣賞少年們的帥臉、腰線、腹肌……簡直完美！（擦口水）
但毛毛知道，她必須引導遊戲女主角來到原子公館，幫助少年們喚醒施展行星魔法的能力，讓他們順利進入魔法學院就讀，自己才有恢復人形的機會。
她記得女主角是在一個下雨的夜晚，撿到在公園被野狗攻擊的小狗毛毛，也就是她──
現在窗外正下著雨，女主角飄然經過，而她還在屋裡耍廢。

完蛋，她錯過女主角在遊戲中出場的時機了，這下靠北了⋯⋯

《原子少年—STAR formation》全套漫畫這邊看https://bean.fun/W01Yz",213,9
1050,請跟我交往！拜託啦！,輕鬆搞笑,完結,2,0,0,,https://mojoin.com/novels/2706,"據說，只要單身到三十歲的男人，就會成為魔法師。

那麼，單身一輩子的男人呢？",144,6
1051,在非人類高中就是要活著畢業呀！不然要幹嘛？(06)台日電擊大作戰(END),輕鬆搞笑,完結,0,26,6,,https://mojoin.com/novels/2469,"台日大戰！
超越時空，時隔百年的未婚夫再次降臨！

「林誠，我這次一定會把小雪帶回日本！」

原本只是日本姊妹校聯合運動會，卻牽扯出了百年來的恩怨！
應該死掉的小雪未婚夫──誠哥，居然出現在一行人面前。
並對石牌高中的學生會和所有同學宣戰，同時還把小雪當作賭注，要林誠在這場妖怪運動會出賽。
小雪也因為整個人亂糟糟，而離開了林誠的身邊。
在沒有小雪的幫助下，林誠有辦法活下去嗎？有辦法帶著石牌街區高中的所有同學獲得最後的勝利嗎？

波瀾壯闊的瘋狂戀愛喜劇！為您獻上比前面更超展開的最終回！",443,5
1052,在非人類高中就是要活著畢業呀！不然要幹嘛？(05)太棒了！沒有暑假作業！來玩大逃殺吧！,輕鬆搞笑,完結,0,26,5,,https://mojoin.com/novels/2468,"只要有爭議，就用死亡網遊，更正，是死亡遊戲來處理吧！

打敗了茉莉後，石牌街區高中學生會的一行人，終於能好好在小島上渡假。
然而原本感情就不是很好的本校學生會和分校學生會的妖怪們再一次在內衣失竊事件中，整個引爆！
為了要解決兩方處理兩方的不爽，於是展開了街區高中的傳統團康遊戲──大逃殺。
雖然設定上對這群妖怪和仙人來說只是跟鬼抓人差不多的打打鬧鬧，但身為脆弱的人類，倒楣的林誠只要被輕輕摸一下，就會直接變成幽靈。
當然那些妖怪才不在乎這點，他們只想把林誠撕成碎片，報之前的仇，於是林誠成為那群妖怪同學的狩獵目標！

林誠有辦法活過獵殺嗎？有辦法找出引發這場遊戲的幕後主使者嗎？

最火熱的人類大獵逃，今夏火熱展開！",443,5
1053,在非人類高中就是要活著畢業呀！不然要幹嘛？(04)鬼島餘生之殭屍才不是鬼,輕鬆搞笑,完結,5,26,4,,https://mojoin.com/novels/2467,"暑假！
大海！
中元普渡！

說到暑假就會令人聯想到蔚藍的大海、雪白的海灘、火熱的太陽與刨冰以及萬鬼出籠的農曆鬼月。
林誠順利活過高中一年級，迎來人生中第一次的暑假。
然而身為學生會長的他，卻要在農曆七月時普渡那些在外島分校上的好兄弟們。
但林誠卻被島上的大殭屍咬到，甚至還在半夜爬起來攻擊夥伴。
為了避免林誠變成殭屍，所有人必須要在中元普渡前把殭屍女王幹掉，才能讓林誠免於變成殭屍的命運。

活著畢業不可怕，真正可怕的是暑假出意外。
生人禁地！閒人勿入！",443,5
1054,在非人類高中就是要活著畢業呀！不然要幹嘛？(03)在思考失業前，妳知道畢業嗎？,輕鬆搞笑,完結,21,26,3,,https://mojoin.com/novels/2466,"要是無法畢業找到工作，就會變成鳳梨──！

林誠順利的當上了學生會長後終於逃離被煮成火鍋的死亡命運。
然而新危機卻從內部開始醞釀。
留級的學姊──鳳梨，更正，是王鳳來，因為不喜歡讀書、也常常幹些蠢事，讓她一直無法畢業，她的班導再也看不下去，於是把她丟到一年級的班上，變成林誠的同班同學。
鳳來為了要畢業，同時要找到工作，於是逼林誠完成她的心願，為了更進一步讓林城幫她，甚至還對林誠下了變鳳梨咒。
於是林誠為了要解除變成鳳梨的魔咒，於是開始了考試外加求職大作戰！

延後畢業不可怕，活著畢業也不可怕。
真正可怕的是畢業了，就是失業──！",443,5
1055,在非人類高中就是要活著畢業呀！不然要幹嘛？(02)拚死拚活的競選、拚死拚活的選上！,輕鬆搞笑,完結,20,26,2,,https://mojoin.com/novels/2465,"「我的政見就是要把林誠煮成火鍋！讓所有同學一起享用！」
一年一度的學生會選舉又再次來臨，然而這次只有一個名叫牛平天的牛魔王妖怪出來競選。
而且他選上後還決定要把林誠這學校唯一的人類煮成火鍋，讓所有肉食妖怪享用。

為了要逃離被煮成火鍋的危機，林誠聯合小雪和他的好友們決定也一起參選學生會長，一場熱烈競選抹黑大戰，就此展開。

延畢不可怕！可怕的是如何活著畢業！",443,5
1056,在非人類高中就是要活著畢業呀！不然要幹嘛？(01)莫名其妙被冥婚、莫名其妙被索命。,輕鬆搞笑,完結,562,26,1,,https://mojoin.com/novels/2464,"「快跟小雪冥婚！你已經撿起白包了！快點負責！」

林誠來到學校的第一天，在穿堂撿到了一個錢包，沒想到仔細一看那是個冥婚白包。

沒想到下一秒冥婚的對象──宮之下雪，像是神燈精靈一樣從白包冒了出來，並拔出菜刀砍殺林誠，逼他到地獄跟小雪一起冥魂……
於是林誠展開了校園生存大作戰，為了要活著畢業，林誠不僅要想辦法超渡惡靈般的鬼妻、還要逃離小混混妖怪的找碴、彷彿掃把星的留級學姊的糾纏，努力活過悲慘的一年級校園生活！
延畢不可怕！可怕的是如何活著畢業！",443,5
1057,收到收費袋的我，開始了萌寵召喚師生活,輕鬆搞笑,完結,560,0,0,,https://mojoin.com/novels/1116,"警告！警告！別帶任何智商進入此作品。
除非大大想留心得，否則不建議，
不然……後果請自負，本熊絕無責任承擔大大們那被內容殘害腦袋的責任！

戴可媛，20XX年進入高中，由於因為數學不好而參加神飛補習班，可是……她卻認為這根本不是在補習，而是——這是在選救世主吧！！！！！！！
召喚系統：收費袋
主召喚獸：飛天小柴犬
召喚咒語：～～（沒有！只要打開收費袋即可！）
但一連串的荒唐事件中，卻演變成了——補習班與補習班的較量！！！（非課業成績較量）
「所以說……要繳費，為甚麼收費袋不還給他們呀！！！！」
我不知道……沒錯，我——戴可媛，一名15歲，數學成績極糟糕透頂的女高中生，碰上了……一家給收費袋可是卻不想讓他人繳回來的奇怪補習班的遭遇。

這是本熊在寫作作品中，寫得最「無腦的」一篇（好啦！其實不是無腦，而是作品都是讓人「致鬱」且「帶感」的。",223,6
1058,《我的師傅宇宙可愛，不服來戰！》卷五,輕鬆搞笑,完結,0,0,0,,https://mojoin.com/novels/2302,"【師妹與師姊的「國王泳裝」（R15）更新】

武俠✕輕小說，王道熱血✕歡樂惡搞──

「自古雙修就是要裸體呀！徒兒你也快點脫了吧！」
「住手啊師傅！我的尚方寶劍不聽使喚出鞘見血的話，會被判死刑的呀！」
你想見識，極限的擦邊球嗎（X）",46,6
1059,《我的師傅宇宙可愛，不服來戰！》卷四,輕鬆搞笑,完結,0,0,0,,https://mojoin.com/novels/2301,"【師妹與師姊的「國王泳裝」（R15）更新】

武俠✕輕小說，王道熱血✕歡樂惡搞──

「自古雙修就是要裸體呀！徒兒你也快點脫了吧！」
「住手啊師傅！我的尚方寶劍不聽使喚出鞘見血的話，會被判死刑的呀！」
你想見識，極限的擦邊球嗎（X）",46,6
1060,《我的師傅宇宙可愛，不服來戰！》卷三,輕鬆搞笑,完結,0,0,0,,https://mojoin.com/novels/2300,"【師妹與師姊的「國王泳裝」（R15）更新】

武俠✕輕小說，王道熱血✕歡樂惡搞──

「自古雙修就是要裸體呀！徒兒你也快點脫了吧！」
「住手啊師傅！我的尚方寶劍不聽使喚出鞘見血的話，會被判死刑的呀！」
你想見識，極限的擦邊球嗎（X）",46,6
1061,《我的師傅宇宙可愛，不服來戰！》卷二,輕鬆搞笑,完結,0,0,0,,https://mojoin.com/novels/2299,"【師妹與師姊的「國王泳裝」（R15）更新】

武俠✕輕小說，王道熱血✕歡樂惡搞──

「自古雙修就是要裸體呀！徒兒你也快點脫了吧！」
「住手啊師傅！我的尚方寶劍不聽使喚出鞘見血的話，會被判死刑的呀！」
你想見識，極限的擦邊球嗎（X）",46,6
1062,《我的師傅宇宙可愛，不服來戰！》卷一,輕鬆搞笑,完結,25,0,0,,https://mojoin.com/novels/1001,"【師妹與師姊的「國王泳裝」（R15）更新】

武俠✕輕小說，王道熱血✕歡樂惡搞──

「自古雙修就是要裸體呀！徒兒你也快點脫了吧！」
「住手啊師傅！我的尚方寶劍不聽使喚出鞘見血的話，會被判死刑的呀！」
你想見識，極限的擦邊球嗎（X）",46,6
1063,哎呀、變成寶箱怪了！,輕鬆搞笑,完結,10,0,0,,https://mojoin.com/novels/1049,"史上首位無機質、珍稀吉祥物主角ｘ女孩們的精采大冒險！

以下為超萌女角名單：
天才煉金術師－－苳兔
寄宿寶箱怪的紅髮幽靈－－安蒂希亞
腹黑雙胞胎公主姊妹花－－茉莉卡與茉莉娜
還有獸人族女王（呃？

請問面對貪婪的冒險者們追擊，變成寶箱怪的伊多又該如何應對呢？

伊多：嗯，大概只能逃命吧O口Q!!

封面擔當：Minari
封面設計：神祕小編編
內頁插圖：榭芙",548,6
1064,天使的贈禮,輕鬆搞笑,完結,0,0,0,,https://mojoin.com/novels/614,"林勳終於向自己暗戀的女神告白被拒，還聽她對朋友嘲諷自己。
作夢也沒想到暗戀的女孩居然是這樣的人，他既氣憤又不甘，卻又無法放棄，此時竟遇見一位天使，她答應要送給林勳一個願望──
無論如何都想追到女神的他，開始了他的反攻計畫！",548,3
1065,那些被寫成輕小說的短篇故事,輕鬆搞笑,完結,1,0,0,,https://mojoin.com/novels/666,"拳頭ｘ戀愛ｘ曼陀羅草ｘ戰鬥ｘ職場ｘ蘿莉
胸罩ｘ魔法師ｘ討厭鬼ｘ必殺技ｘ笨蛋ｘ姊姊
夢想ｘ吟遊詩人ｘ創作ｘ程式碼ｘ戀愛ｘ同班同學

閱讀這本故事就像吃七彩糖罐。
每篇都有獨特口味，每篇都是驚喜。

讓噴飯系兼殘念系的寫作者芸光告訴您──
這個世界即使紛擾，您還是能擁有一段值得喘息的閱讀時間！

快來吸一口短篇小說吧！

* * *
當你忍受不了狗屁倒灶的生活瑣事，推薦《活不下去，只好逃離這個世界》
當你不知道怎麼在創作平台擁有人氣，推薦《從行銷魯肉飯到行銷寫作事業的方法》
當你身邊有個一知半解讓你很煩躁的傢伙，推薦《沒必要說話時，妳可以安靜一點》
當你跟女同學關係不好卻總是在意她，推薦《胸罩與花海》
當你覺得自己的專長很蠢，推薦《無用能力者也可以拯救世界唷》",255,6
1066,難道勇者回原本世界過年，連親戚都贏不了？,輕鬆搞笑,完結,0,0,0,,https://mojoin.com/novels/874,"費盡千辛萬苦，打倒魔王後從異世界回到原本世界的退休勇者姜陽明，等著他的卻是幾天後的農曆新年。
消失三年的姜陽明，身旁還帶著在異世界結交的女友，不但要面對親戚朋友的質問，走春拜拜還得過關斬將，甚至連傳說中的年獸都跑出來湊熱鬧？
姜陽明：「總覺得魔王還比二姑婆三姑媽四叔叔五叔公還好對付……。」",133,6
1067,妹妹說要靠新手裝打進排名第一，沒搞錯吧！？,輕鬆搞笑,完結,67,0,0,,https://mojoin.com/novels/697,"你看過用新手裝打天下的玩家嗎？
最爛裝備、最低等級、最少技能，但卻是最強技術！
輕鬆搞笑的日常、熱血精彩的戰鬥、扣人心弦的劇情，你是網遊迷嗎？
那這作品絕對適合你！",444,6
1068,這樣的守護神 真的沒問題嗎？,輕鬆搞笑,完結,55,0,0,,https://mojoin.com/novels/633,"神明 X 年紀較長 X 人世間敬老尊賢的習俗

「哈哈哈哈哈哈哈哈哈——跪下吧，愚民。」
「這到底是怎麼得出的結論……」

所謂的守護神難不成是——在一旁「守」望並「護」送人們走上絕望道路的存在吧。",296,6
1069,老子就是不想接家業啊！,輕鬆搞笑,完結,0,0,0,,https://mojoin.com/novels/428,"如同標題

還有這是我朋友的故事
我
朋
友
的

很重要所以改成直行
今天我就告訴你們一個故事，一個關於我朋友的故事，是我朋友的喔，一段他離家出走後所發生的事情。",143,6
1070,蘿莉幽靈纏上我！,輕鬆搞笑,完結,40,0,0,,https://mojoin.com/novels/338,"青梅竹馬因意外死去，變成幽靈回到自己身邊，但不知為何，她的外表和心智都退回到了十二歲！
天才少年穆晨有一個很大的煩惱，面對總是想「強上」自己的蘿莉幽靈，他該如何是好？

* * *

「你忘了那天晚上是怎麼迷上我的肉體了嗎？你把ｘｘ放進我的ｘｘ然後嗚嗚嗚嗚嗚嗚……！！」
穆晨直接衝過去摀住了穆晶的嘴。
禍從口出說的就是這種白癡女人，見鬼，自己是有招惹到她嗎？
「我的人生總有一天會被妳毀掉的……」少年流著冷汗，有些後怕的說道。
「……嗚哈！」穆晶奮力掙脫穆晨的手掌後得意洋洋地回道，
「那也比被別的壞女人毀掉要好！而且姐姐有什麼不好，人漂亮胸部又大，你們這種年紀的男孩子不是最喜歡了嗎？」
「……」穆晨紅著臉微微偏過頭。
「哼哼，太好懂了我的弟弟。」
「……才，才沒有！就算真的是我也喜歡智商比較正常一點的！」

補充、在閱讀本篇文章之前，請先注意以下幾點：
一、本文和FBI合作，在您點下這篇文章的瞬間，您的IP位置就已經曝光。
二、蘿莉控不是病，是生活方式。
三、作者絕不會是蘿莉控，他已在追求巨乳的路上和各位漸行漸遠。
四、作者本性純良，開坑必定填坑，若是不在意牢獄之災，還請放心閱讀。
五、劇情可能有小虐，非單純愛情喜劇，還請多多包涵。
六、以上有兩點是假的，但窩不能告訴你是哪兩點。",202,6
1071,魯蛇們！成為偶像吧！,輕鬆搞笑,完結,0,0,0,,https://mojoin.com/novels/277,"有天，腦袋有洞的老闆對我們下達命令 「公司快倒閉了，你們去當偶像吧！」
重點是，在座要組偶像團體的人有…… 從不開口說話的冰山美人 有人群恐懼症的大學巨乳妹 長得猥瑣的肥宅 以及 裡面最正常但也最路人甲的我
這個偶像團體該怎麼經營下去！？",93,6
1072,七日內靠刮刮樂獎金賺一億元！,輕鬆搞笑,完結,2,0,0,,https://mojoin.com/novels/68,"父親離開後，留下大筆債務，為了媽媽跟妹妹......不不不，這絕對不是這樣的故事！！
「從今天算起，你要在七天內，靠刮刮樂獎金賺到一億元。」 「姑且問一下，妳剛才說的『完蛋』，具體來說會怎樣完蛋？」 「我會惡靈化，永久性的附在你身上，讓你衰一輩子唷。」 「會有多衰？」 「結婚當天才發現女友是你親妹妹，差不多比這衰十倍的程度吧。」 ──沒事手賤撿什麼鬼刮刮樂！
喂，就算運氣再好也不可能在七天內刮中一億元唷？ 既然如此，就靠「刮鬥」一決勝負吧！
熱血系刮刮樂激鬥！卡牌戰鬥X刮刮樂！！

──除了天賦，你什麼都沒有。 ──紅蓮魔眼嗎？倒是挺有意思…… ──拼手速還敢跟我玩錢，你忘了我的綽號？ ──若不盡早判斷出大獎落點，一旦陷入膠著戰，便會頻頻遭到這般攻擊。 ──怎麼？貴國是沒人了嗎？每次決賽遇見的都是你們這些手下敗將，真夠無趣。 ──沒錯，而我所能賦予你的，正如我的名字──真希，真正的希望！
因手賤而遭到怨靈纏身的冉佑星，被逼迫要在七天內靠刮刮樂獎金賺到一億元，否則將會永遠被怨念纏身，甚至造成國運衰敗！

粉絲頁：六花的魔界花園，裡頭都是我用負能量辛苦栽培的魔界植物跟垃圾話，歡迎來玩！",89,6
1073,福氣囧少女,輕鬆搞笑,完結,34,0,0,,https://mojoin.com/novels/46,"因為哥哥離家出走，她不得不女扮男裝進入男校就讀，卻發現學校裡充滿各種謎團……
* * *
曾綏堯是曾氐集團總裁曾士春的掌上明珠，卻從小楣運纏身，常遇到許多讓人啼笑皆非的倒楣事。
由於雙胞胎哥哥離家出走，為了完成父親的心願，患有恐男症的綏堯不得不女扮男裝，代替哥哥進入貴族名校「超凡中學」就讀。
沒想到她一入學，就得罪了校內的惡霸蘇謙達，因而展開一段驚天動地的（愚蠢）爭鬥。

然而，抽屜裡的一張神秘字條，讓她發現，學校裡似乎藏著不得了的陰謀。
學校本身是個巨大的結界，用來囚禁女神，神秘組織「七星」潛伏在校園中，負責看守女神並消滅試圖援救的人。

而她自己，居然是身負解救女神重任的「預言之子」？

在同學穆德的幫助下，她必須努力避開「七星」的監視，同時還要克服自己的楣運，一步步解開校園中的封印，以拯救女神。",14,6
1074,泡菜熟成，宜殺人,懸疑推理,完結,50,0,0,,https://mojoin.com/novels/3793,"薇薇安，大學音樂系的一年級生，在一次殺人案件中，因為室友被捲入其中，為了幫助室友洗清嫌疑，與某個作風詭異的「偵探」相遇──對泡菜有著狂熱偏執的怪人羅倫。

封閉的空間、醉人的紅酒、殘留的藥物、被割喉的受害者，以及與屍體共處一室的少女──
夜晚的美術教室、充當凶器的石膏像、以及腦袋被重擊，差點就死掉的天才美術生──
相談甚歡的主賓、風雨交加的夜晚──突兀停電，以及伴隨而來的槍響，當一切恢復光明時，展露在眾人面前的是被近距離射殺的女主人。

三起案件，三個展露在薇薇安與羅倫面前的，或許是簡單的謎題，或許是一場無可救藥的鬧劇。然而真相容易推敲，但人心──卻總是難以捉摸。簡單系推理，堂堂登場。",448,1
1075,冬青樹下的福爾摩斯01,懸疑推理,完結,58,0,0,,https://mojoin.com/novels/3791,"「妳認為世界上有幽靈存在嗎？」

好奇心旺盛的好動女孩與睏倦零活力的偵探少年，解開帶有濃厚怪談色彩的神祕案件，共譚青春校園推理篇章──

初冬季節的夕陽餘暉、光禿的櫻花樹下，散發著透明感的美麗女孩。如此光景令尤亞難以忘懷，打聽之下卻發現那名女孩已不在人世。上吊自殺的女高中生幽靈傳說，在茗川高中的學生間迅速傳開。前往社團辦公室的途中必定會經過那顆櫻樹，二度現身的幽靈讓身負社長重責的尤亞不勝其擾。於是她找上了據說曾經破解「茗川七大不可思議」之一的同班同學──夏冬青……

「櫻樹下的幽靈」其真身是……？隱藏在事件背後的真相又為何……？",383,2
1076,他媽的AI吃人豪宅,懸疑推理,完結,2760,0,0,,https://mojoin.com/novels/3775,"限時解謎劇本殺，揪出兇手或死亡！元宇宙 LARP
3小時定生死！自己的命運，自己救！

林瑞媛一醒來就在虛擬世界「第1010號宇宙」，被AI告知自己的大腦受創、即將腦死成為植物人！她必須在真實世界的3小時內，即虛擬世界的72小時內，拉高大腦效能、解開豪宅凶案、揪出真兇，才能從真實世界中醒來。

隨著遊戲進行，她發現遊戲劇本是妹妹創作的小說改編而成，但沒想到走向逐漸偏離劇本，一切開始失控！而激烈的腦力推理，也使得她失去的記憶逐漸復甦，但卻反將她陷入過去悲慘回憶的牢籠……

 林瑞媛要如何破關解謎、絕境重生？同行的玩家，又懷抱著什麼秘密？謊言、利刃與劇毒，這是他們多謀的詭計，也是愛與被愛的真心。",248,8
1077,怪奇殯儀館,懸疑推理,完結,4643,0,0,,https://mojoin.com/novels/3762,"殯儀館裡追趕跑跳碰，背後追你的是人還是鬼？
人人都是暴風雨中的小船，而這裡正是他們的避風港……

失業走投無路的阿翰，到了殯儀館當夜班保全。雖然入住員工宿舍得以暫時安頓，但同事個個陰陽怪氣，還有奇怪的《夜班保全守則》要遵守！唯一小確幸是同事的女兒美若天仙，常來送晚餐探班。

阿翰這會兒工作都還沒上手，那會兒各種怪事已經各種猛：傳說中半夜點屍體會多出一具？地下層明明只有到B2，有時卻會出現B3？不只如此，竟然還有面具怪客持刀來攻擊，人氣網紅分屍懸案沒破！最讓阿翰無法置信的是，為了更好地服務生人和死人，他竟然必須得開天眼……

衰上加衰、人鬼不分，這個不平靜的殯儀館背後祕密一旦被揭開，後果恐怕是阿翰無法承受……",248,7
1078,流焰的迴旋曲,懸疑推理,完結,25,0,0,,https://mojoin.com/novels/3654,"流焰輪轉，千物不移。
只要花還盛開，貝里的繁榮就會持續下去。",515,6
1079,查無此人，請勿再寄,懸疑推理,完結,18968,0,0,,https://mojoin.com/novels/2895,"「在那時，我第一次體會到──人原來可以如此喜歡一個人、同時又如此痛恨一個人。」

幾個月前，盧彥為拿著幾封查無此人的神祕信件到派出所報案，希望能將信件物歸原主。
菜鳥員警涂偉翔於是展開調查，卻發現信的寄出地遍及東南西北、彷彿寄件者不想被找到似的，甚至還有其他人為了偷信在盧彥為家附近徘徊。
無奈之下，涂偉翔只好收留沒有家人的盧彥為在住處落腳，但隨著相處時間漸長，他也愈來愈在意這個謙遜卑怯的青年。
然而循著線索愈挖愈深，信件的祕密也逐漸顯露出來，證據全都指向了同一個人──

「打從一開始，就沒有該收到這些信的人，對吧？」
「……對不起，涂大哥。」
「你、到底是誰？」",145,9
1080,地獄的轉生生存秀,懸疑推理,完結,958,0,0,,https://mojoin.com/novels/2304,"一場不是死就是生的遊戲，不願活著的人們垂「死」掙扎
死或是生，歡迎來到地獄的轉生生存秀
全球新型疾病肆虐，死亡人口創新高，直逼過去戰爭死亡人數，加上少子化問題，造成地獄人口爆炸，流浪漢四散，嚴重影響人類靈魂投胎。
在地獄生活有房有車有錢，也嚴重影響人類投胎意願。
為了解決人口爆炸問題，十殿閻羅決定趁著人間的人造嬰兒生育計畫及疫情趨緩之戰後嬰兒潮，舉辦強制轉生的生存秀。
死亡，即強制投胎。
閻羅天子秘書兼遊戲策畫李述︰「這公司鐵定要完。」
遊戲策畫兼遊戲主持人紀雨桁︰「請答出地獄的轉生生存秀，生字不相連、完全相連、不完全相連及八個字任意排列各有幾種排列方式。」

——那一天，人們回想起被庭院深深深幾許數學題支配的恐懼。
－－－－－－－－－－－－－－－
腹黑主持人x呆蠢主持人
意外死男神x自殺死女神
大致上有兩組主角
立意良善，和平和諧的生存遊戲
各種網路梗時事梗
地獄設定有私設，主要參考地獄遊記",379,6
1081,勇往直前吧！捕物少女！,懸疑推理,完結,61,0,0,,https://mojoin.com/novels/1133,"平靜的南町突然發生了殺人事件——

繪雙紙的名家，在自宅被人一刀刺穿胸口，當場斃命，兇手是他招來的藝妓，還是另有其人？
番所裡的姑娘出嫁不久與丈夫失和，卻又為何在夢境裡牽扯到另外一名武家小姐？
低價義診的女大夫同時也是過去商家的情婦，她的目的究竟是什麼？
失去記憶的男人，到底真實身分為何？

活潑青春，且正義感十足的薰，即將出手釐清真相，化解危機！",207,3
1082,魍魎之宴,懸疑推理,完結,90,0,0,,https://mojoin.com/novels/534,"一場朋友間的歡樂聚會，一次痛徹心扉的殘破離別，一段不為人知的不堪過往，一場交錯複雜的本能與感情拉扯刻劃出的慘劇。
從一句路口算命師的詭異預言開始，將這群故事裡的每位人物環環相扣，開啟了數十年前就悄悄展開的黑暗筵席。
在被當成「魍魎」的佳餚之下開始互相殘殺、互相包庇、互相猜忌、逐一成為暗影的一部分。
他們不知不覺間被邀請一一入席，直到那名男人的出現，那名女人的告白……",101,3
1083,無朽色華(Ｉ),懸疑推理,完結,0,0,0,,https://mojoin.com/novels/815,"人都沒辦法擺脫痛苦的束縛，
我們唯一能做到的，就是試法保留真實的自己
將自己浸泡在藥劑之中的女子說道：
這個世界儼然需要的，是為你執筆，為你服務，為你利用的這副肉體，而並非存留在這具形體之中的，叫做陳霧的靈魂……
────而你們 共罪

無形之形系列第二部：無朽色華　連載開催
「今天的你活著還好嗎？」",277,6
1084,【都市/懸疑/罪案/心理】 黑暗中的犯罪側寫師,懸疑推理,完結,2057,0,0,,https://mojoin.com/novels/1108,"一直以成為像父親一樣的正直法官為人生目標的柏皓霖發現父親當年被害一案另有真兇。
為了尋找真相，柏皓霖進入警署成為一名犯罪側寫師，擅長行為分析和心理側寫的他漸漸獲得了警署高層的信任。
在尋找父親被害一案的線索時，柏皓霖發現這個城市中不少高智商的連環殺手、或是有強大背景的罪犯沒有得到應有的懲罰。
為了維護正義，柏皓霖秉承「正人行邪法，邪法亦正」的人生信條接管了法律之外的法。
白天，柏皓霖是警署專業的側寫師，利用犯罪側寫幫助警方破解疑難案件，與諸多連環殺手鬥智斗勇；
夜晚他化身為代表著正義的判官，他從不親自參與犯罪，而是通過心理誘導或設下心理陷阱將不能被法律制裁的罪人送到上帝面前接受審判。",122,6
1085,群青推理－成為偵探助手的方法,懸疑推理,完結,0,0,0,,https://mojoin.com/novels/996,"全篇已完結。
單元劇形式校園輕推理作品，不燒腦請安心食用。

* * *

夏曉萱好不容易進入了當地的第一志願南海附中，沒想到在開學第一天就被一位自稱是偵探社社長的學長──藍楷昱──搭訕。
因緣際會之下，她選擇放棄普通的高中生活，加入校內的偵探社，當時她還不知道自己早已跳入火坑。
才剛加入社團，廢社危機便擺在眼前，更慘的是，明年學長升上高三，自己很可能得接下偵探社社長的職務。
對於這個頭銜，曉萱可是敬謝不敏，無可奈何之下，她便立定志向，決心要在這一年內網羅校園內的推理人才。",8,6
1086,GAME,懸疑推理,完結,1,0,0,,https://mojoin.com/novels/961,"Let's play a game.
這是最近突然流行起來的一封訊息。
並非問句，亦不是邀請，而是「一同參與」遊戲，勝者可以獲得高額的報酬，敗者，所付出的代價是生命。",26,6
1087,白鬼曼蘿,懸疑推理,完結,10,0,0,,https://mojoin.com/novels/463,"失去一切的「少女曼蘿」，終於如願以償地長大了。
當她進入罪惡之城巴比倫時，她獲得了新的稱號：「白鬼曼蘿」。

一邊以右手的白手為淨化之匕，一邊以左手的鬼手為追蹤抓擄汙鬼邪靈之爪，將罪惡之城《巴比倫城》弄得雞飛狗跳，人心惶惶，因為誰的內心沒有罪惡？誰又能真正無辜？誰的體內沒有那熱愛犯罪的汙鬼邪靈棲息？

所向披靡的她，成為黑白兩道避之唯恐不及的存在。
正當她萬念俱灰，只求以命與言寧錄相搏卻失敗時，因緣際會之下，白之王的同伴「黑之王」，邀請曼蘿加入事務所，以幫忙調查解決汙鬼邪靈造成的各類案件，換取害她一無所有的「邪靈之王言寧錄」的線索。
白鬼曼蘿一面心不甘願的和搭檔花牧師調查辦案並滅鬼，一面想盡辦法調查奪走白之王身體的死敵下落，然後，一起回到那隻存在夢中的山神山村。",162,6
1088,對神宣戰的偵探,懸疑推理,完結,0,0,0,,https://mojoin.com/novels/360,"霍克．夏凡特爾。
以驚人的推理能力活躍於各個犯案現場中、被人稱之為「奇蹟」的存在。
然而，卻有人不這麼認為。
雅莉，霍克聘請的助手，在一次無意中，發現了他對「神」的宣戰布告，察覺不對勁的她，決定深入探究其中。
然而，似乎不只是霍克，連她自己有隱藏著的秘密。

同一時間，黑社會的殺手正蠢蠢欲動……",225,6
1089,迷途之羊01,青春校園,完結,6,0,0,,https://mojoin.com/novels/3787,"★暖心作者微混吃等死攜手超人氣繪師手刀葉，再次帶來溫柔的輕推理物語。
★當紅Youtuber在人氣中迷失了自我，她的消失帶給男孩重大震撼，決心踏上尋人之旅。順著男孩的旅程，臺灣各地美景亦在作者筆下栩栩呈現。
★我是誰？在別人心中的我又是甚麼樣子？成長中的迷惘，與現代人疏離的人際關係，然後發現，原來我們雖不孤獨，卻都為寂寞所苦。

姓名、身分；代號、面具……拋下一切，是否就能見到真正的自己？

「遲早有一天，我會消失。但我希望，有人能找到真正的我。」白宣，女高中生，同時也是極高人氣的Youtuber，在高二寒假突然失蹤。沒有留下隻言片語，只有懷抱「真心」，才能找到線索。

 柳透光，白宣的同班同學、影片協力者，以及某種他自己也說不明的關係，心中只有想要找回女孩的純粹感情。

 於是，冬末時分，迷途的女孩與沒有方向的男孩，一起踏上了旅程。",423,2
1090,三餐飯後閱讀此書,青春校園,完結,11,0,0,,https://mojoin.com/novels/3759,"「學長，請你教我說謊。」──充滿謊言與欺騙的故事，從這句話開始。

參加「書目療法研究社」的千蒔，因為無法說出違心之論，將難看的書推薦給讀者，為此煩惱不已。

她偶然認識筆名為「羽漪」的高二學長陳伊宇，而羽漪對外宣稱的人設卻是「二十歲的女大生」。

因為小說家最會編故事了，他一定會是個很棒的說謊老師吧。",36,6
1091,臨時戀愛條款,青春校園,完結,1,0,0,,https://mojoin.com/novels/3726,"意外目睹同學葉恭賢的女友劈腿，突發狀況下，她被當作擋箭牌，加入這場莫名的關係中。
為了報復，他們協議宣示虛假的戀情，卻在這樣的關係裡，逐漸發生變化......",463,6
1092,討厭學校的我，意外開啟了戀愛冒險遊戲般的生活,青春校園,完結,37126,0,0,,https://mojoin.com/novels/3555,"以攻略各種遊戲為唯一興趣的少年──白帆野，對即將開始的高二生活可說是不抱任何期望。
直到真正踏入校門的那刻，他才不得不改變原本的想法。
與其說前景是一片灰暗，不如說……事情變得有點奇怪。

視野所及之處，閃爍著光芒的視窗不斷從人們頭頂彈出，那是名為「狀態欄」的介面，只要是遊戲玩家肯定都認得，帆野自然也不例外。
但是……為什麼？

別說狀態欄了，他甚至能看到大多數人的能力數值──除了那位年級第一美女高織凜。
只見高織凜的頭上浮現金色的問號，代表著超稀有任務對象，於是，帆野戀愛冒險遊戲般的生活就這樣開始了……",383,9
1093,【網遊】何處不染塵,青春校園,完結,0,0,0,,https://mojoin.com/novels/3713,網遊x書法x師生戀,152,6
1094,10⁻⁹,青春校園,完結,18,0,0,,https://mojoin.com/novels/3683,"這個宇宙以10⁻⁹公尺作為尺度分界，以上是人類眼之所及的巨觀世界，以下是粒子活躍的微觀世界。

立志成為檢察官的少女氫海潔，夢想就讀元素大學法律系。
!可是，老爸不支持！
為了支撐夢想，海潔應徵了警察總局的僱用偵探，展開了半工半讀的新生活......",29,6
1095,難道純愛戰士的我，要轉職成牛頭人？,青春校園,完結,19,0,0,,https://mojoin.com/novels/3686,"外表雖然像是不良少年，但其實是忠誠的純愛戰士男高中生，經歷了千辛萬苦終於搓合了好友和好友的心儀對象。
本來以為可以功成身退的他，卻看到了他們交往後的酸甜苦澀，以及他內心中一個無法說出口的衝動。
請問是否轉職「牛頭人」？",119,6
1096,記憶的編織者,青春校園,完結,4,0,0,,https://mojoin.com/novels/3670,這是失去記憶的「編織者」為失去記憶的「迷失者」撰寫的故事。,333,6
1097,羽化之後,青春校園,完結,6,0,0,,https://mojoin.com/novels/3669,為了隱藏祕密而關起心房的少年，因少女的積極親近而面臨平衡生活崩潰的危機。,71,6
1098,【實驗日誌】我的TA,青春校園,完結,287,0,0,,https://mojoin.com/novels/3665,"【青春微(矯)酸(情)甜系列】
劉語昕：
一個對未來感到迷茫的重考大學生
vs
簡文則：
一個讓學生敬而遠之，外冷內熱的化學助教

獻給在升學一途陷入挫折與迷惘的你",29,6
1099,我的笨蛋妹妹,青春校園,完結,74,0,0,,https://mojoin.com/novels/3663,"十六歲的妹妹因為遭受霸凌成為家裡蹲，又因為不明原因，心智年齡倒退至國小程度。
退化後的坂上白子，生活能力盡失。
不但要哥哥幫忙換衣服，還要哥哥幫忙洗澡，甚至整日沉迷於兒童動畫。
坂上黑太為了這樣的妹妹，捨棄掉許多事物，只希望能夠成為拯救妹妹的英雄。
這個故事的本質僅是一個，妄想拯救笨蛋妹妹的笨蛋哥哥──屬於哥哥與妹妹的故事。　",36,6
1100,《女主角填空問題是否過於困難了》,青春校園,完結,3870,0,0,,https://mojoin.com/novels/3630,"一名大學二年級生兼具網路小說家，他因為罹患「女主角靈感缺乏症」而寫不出有女主角的小說。

為了治好他寫不出女主角的病症，於是他的友人告訴他「先為自己找到『女主角』吧」，從此開始，這位男主角將和三名女主角展開一場青春戀愛喜劇——",444,6
1101,今日的動漫社依舊無所事事,青春校園,完結,222,0,0,,https://mojoin.com/novels/3623,青山高中動漫社的社團宗旨是「過著動畫般的校園生活」。四名性格迥異的社員和一位隱藏社員，展開充滿歡笑與淚水的青春物語，照理說本該是如此…,505,6
1102,不可告人的校園情事,青春校園,完結,5135,0,0,,https://mojoin.com/novels/3615,"～文學星同志驕傲月特企《不可告人的校園情事》怦然登場～
人氣作家冰殊靛、希澄、鹿潮、碰碰俺爺
四個故事，四段青春裡萌芽的曖昧戀曲

男孩與男孩、女孩與女孩，在高中廢棄的掃除間、在被詛咒的宿舍、在校舍走廊的窗台邊、在陰暗無人的校園角落，那些心動和試探，都成為不可言說的祕密情事……


————————————————————————


【BL】冰殊靛〈被詛咒的下鋪〉

#男神學霸 #小透明學渣 #長久照在心上的白月光

高中住校的吳秉杉，換到一間新寢室，
原本睡在下鋪的學長卻主動把下鋪讓給他。
當晚，睡在下鋪的吳秉杉在夢中被逼著寫了一張又一張考卷，
學渣如他，每張考卷上的分數都是紅字。

第二天，滿臉慶幸的學長才告訴吳秉杉，這張下鋪被詛咒了，
除非能考到八十八分，或者找到另一個人當替死鬼，
否則他每晚都得陷入考試地獄。

為了拯救吳秉杉，學霸謝文城自願和他一同睡在下鋪上。
吳秉杉的心臟跳得飛快，不是因為即將降臨的噩夢，
而是為了肌膚相貼傳遞過來的體溫……

【GL】希澄〈閉眼之後〉

#JK百合 #查出暗戀者  #告白要在閉眼後(?)

身為高中老師的虞霏，最近桌上頻繁出現語帶關心的紙條，
她懷疑是哪個學生的惡作劇，讓她非常困擾，
於是決定暗地監視自己的座位，找出那個人是誰。

監視途中，忽然有風颳起，沙塵被吹進了虞霏的右眼，
她閉上右眼，睜著左眼，
恍惚之間，竟看見穿著高中制服的芮筑坐在窗邊。

十年前，虞霏是這所高中的學生，芮筑也是……

【GL】鹿潮〈兩短一長〉

#JK百合 #好強小叛逆資優生 #偽乖巧神祕感班長 #反差

成績優異的蔣詩瑄，從小就是班上的風雲人物。
她原以為自己會一直佔據第一名的位置，
卻在升上高中後遇到了難以打敗的勁敵──班長徐夢瑜。

但徐夢瑜那副乖巧端莊的模樣，
在蔣詩瑄看來根本是無趣的同義詞。

直到某天，蔣詩瑄撞見徐夢瑜悄悄躲進廢棄的掃除間，
從門內飄散而出淡淡的菸味，
讓她鬼使神差伸出了手，在門上敲出兩短一長的節奏。

門打開了，
徐夢瑜隱藏在乖巧面具底下的另一面，也在她眼前展開……

【BL】碰碰俺爺〈你是不是喜歡我？〉

#高冷(?)校園男神 #騷包啦啦隊員 #讓你看完露出姨母笑

身為一個「娘娘腔」，包紹秉為了不受欺負，一直努力做到兼具美與力量，
即使腳上還踩著高跟鞋，也要反擊霸凌。
然而上了高中後他卻發現，揍人好像不能有效解決問題了，
還會傷到他美麗的臉蛋和塗了指甲油的手指！

於是，包紹秉換了個方法，
他加入了啦啦隊，每當有臭直男嘲笑他是個死娘娘腔時，
他就會帶著姊妹們換上啦啦隊服，來到對方的班級前大跳熱舞，
一邊質問「你是不是喜、歡、我！才、每天都來、找我麻煩？」
通常對方就會漲紅了臉，往後看到他還會自動讓道。

可是有一天，當他對似乎看他不順眼的校草楊璿這麼做之後，
為什麼校草的反應卻是──
「在你問我喜不喜歡你之前，你應該要先告訴我你喜不喜歡我吧？」",147,9
1103,因夢想而死的我們,青春校園,完結,16434,0,0,,https://mojoin.com/novels/3280,"剛成為高中教師的千衍，除了工作和重病的母親，最擔心的就是休學追逐寫作夢的妹妹千鳶──她的作品簡直堪比毀滅性武器！
「妳說千鳶寫的作品叫什麼？」
「《繼母帶來的拖油瓶是我的前女友，但驗了DNA後發現是親兄妹》。」
「這人際關係也太混亂了吧！」
「簡稱《其實繼母以前是我爸爸的前女友，之所以最後沒有結婚是因為是親兄妹》。」
「為什麼簡稱把真相直接說出來了！而且比書名還長啊！」
那些禁亂兄妹戀作品不僅會讓他社會性死亡，還可能讓母親物理性死亡啊！
為了迴避死亡結局，千衍只能向青梅竹馬灰詠求救──
「在實現跟JK交往的夢想之前，我還不能死啊！」
「你還是去死吧！」

──這是一個少年少女們為了追夢義無反顧、因夢想而死的故事。（無誤）",73,9
1104,青梅竹馬能追嗎,青春校園,完結,119,0,0,,https://mojoin.com/novels/569,"七歲那年，是他們的相遇。

國小、國中、高中的生活都在一起，漸漸熟悉彼此、也漸漸疏遠了彼此。會意識自己感情為何物嗎？

「青梅竹馬能追嗎？」
「追吧！」",342,6
1105,鄰座的城隍小姐不除妖！,青春校園,完結,611,0,0,,https://mojoin.com/novels/898,"✦IG : yoru0822

✿ 鄰座的城隍小姐不除妖！第一集 ✿
超級可愛又離奇玄幻的校園生活
腦洞大開的華麗開始！

「這位同學，你的後面跟了超妖嬌的美女，要不要幫你？一次只要三十五噢。」
一名身穿古典旗袍的古怪少女搓著雙手，形跡相當可疑。

男高中生孟裕某天在上學途中，莫名其妙遭遇車禍，
所幸毫髮無傷的他眼前出現一名力大無窮，散發不凡氣場的嬌小女孩──鈴花。
這位少女正是孟裕班裡的新進轉學生，只要長得可愛，一切應該都會沒問題吧？
但是事與願違，鈴花的出現彷彿是孟裕人生裡的毀滅展開，
開學第一天就在禮堂開導亡靈，面對惡鬼直接打入地獄，就連城隍爺都拿她沒轍。

只是這樣的她，竟然嫌除妖麻煩！？
唯一的目的竟然是──

「從現在起，我要攻略全世界，擄獲全人類的心！國民女神的稱號非我莫屬！」
「那首先妳得要先超越媽祖娘娘哦。」
「……(((ﾟДﾟ;)))我看還是棄權好了。」

p.s.果然連魔王都說，人間是很難攻略的呢（攤手）

✿ 鄰座的城隍小姐不除妖！第二集 ✿
地府的快樂加班日常，跨維度的相聲組合誕生！？

玄齋高中一年一度的舞台劇表演即將展開，
正式成為地府新房客的孟裕提議演出地獄的審判故事，
為了忠實呈現角色個性，擔任編劇的他只好擔任閻羅天子的七日秘書。
不過天子的個性霸氣又強勢，讓孟裕每天差點過勞死。

好不容易完成劇本，到了演出當天卻忽然發生意外，
扮演謝范將軍的其中一人受了重傷無法演出，
不只如此，孟裕還收到通知，黑白無常追捕的惡靈躲藏到禮堂內，
不想讓學生們的心血泡湯，鈴花靈機一動。

「那就讓真正的謝范將軍上場演出吧！」

唯有如此才能保全大家的性命，兩人將攜手踏上未知的舞台──
然而無法一面演出，一面戰鬥的范無救很快陷入了困境，
貪婪的靈魂甚至開出交換條件……？！
與此同時，徹底被惹火的謝必安終於舉起扇子。
「不要小看我們了！」

在危機四伏的舞台上，他們將以彼此的羈絆斬斷接踵而來的惡意！",66,6
1106,有病吃藥～跟青梅竹馬一起成為小說家吧,青春校園,完結,108,0,0,,https://mojoin.com/novels/854,"22歲的駐院藥師宋梓洛，原本過著一日復一日，看似有意義但其實枯燥乏味的社畜日常，並且對小時候跟心儀的青梅竹馬何沅彤一起成為小說家的夢想忘記得一乾二淨。 某天，這位失聯已久的青梅竹馬竟然搖身一變成為SSR級美少女？！

「如果由梓洛你來餵我的話，我就吃藥！」
「幹什麼？有病吃藥—！！」
「沅彤，你肯吃藥的話，我就送巧克力你吃。」
「蛤？我又不是小朋友⋯⋯」
「不要巧克力的話，你想要什麼？」
「那麼⋯⋯我要你跟我這個青梅竹馬一起成為小說家吧！」

欸⋯⋯？
要成為小說家嗎？
而且還要跟何沅彤一起⋯⋯？

以青梅竹馬的身份，
以病人和藥師的身份，
以寫作夥伴的身份，
以及⋯⋯同居人的身份。

早已經因為現實而對夢想、對戀愛熄滅的光芒，又能否再次被點燃起來？
「我在過去十年無法跟你共渡的時光⋯⋯
接下來的十年也想以雙倍送贈給你！」

***

為了保護各位的眼睛，在進入內文前請戴好墨鏡。
為防止吃糖過多而蛀牙，也請定期進行牙科檢查。
然後，歡迎來翻閲這部有關於廢宅藥師男主與小惡魔系女主的日常系青梅竹馬戀愛喜劇（X

文／illustration：拾文字戰士",275,6
1107,夜北芋冰物語,青春校園,完結,0,0,0,,https://mojoin.com/novels/15,"不善言辭的無口女孩江棠硯、溫柔治癒的天然呆女孩葉南蓮、淘氣可愛的茶行千金西宮玖瑠實；
以這三個小學生為中心，展開像芋冰一般軟綿綿、甜蜜蜜的日常故事。",96,6
1108,我與青梅竹馬的少年漫畫取材記,青春校園,完結,45,0,0,,https://mojoin.com/novels/991,"「從現在開始，你要成為少年漫畫的主角。」
國中時期就得獎，並以學生之姿出道的李翡媛，在身為少女漫畫家的同時，也是我從小就相識的青梅竹馬。
這樣的她卻突然要轉戰少年漫畫的領域，叫我當她的「取材對象」，還要我扮演一個稱職的「主角」？
在翡媛的脅迫下，我得逐一達成各種「主角」必須有的「要素」。
換上獨樹一幟的造型、演繹活潑外向的性格，甚至還要尋找屬於自己的「宿(對)敵(手)」？
但是，就在追逐這些要素的同時，我也被捲入從未想過的麻煩之中……！",136,3
1109,倒數三次的告白,青春校園,完結,10,0,0,,https://mojoin.com/novels/1091,"這是一個著迷於邏輯及常理的少年和他直屬學姐之間的故事。
時間是無法逆流的，正因如此，我們總說要珍惜當下。可事實是我們往往會受外物影響，最後只能不斷錯過。
但真的有如果的存在，我們就能夠一切順心嗎？
發生時間：2018.12～2019.07/2029",2,6
1110,最終不能成為主角的我,青春校園,完結,231,0,0,,https://mojoin.com/novels/1023,"「我從未放棄自己，但也未曾想過要站在主角的高度。」──葉泛之
這是一本披著異能戰鬥皮的校園戀愛喜劇",528,6
1111,女友是個想39歲安樂死的厭世傢伙,青春校園,完結,701,0,0,,https://mojoin.com/novels/345,"因為無趣，她交不到朋友。因為沒體力，她找不到好工作。
因為不幽默，僅僅七天就被男友甩掉。
唉……這個世界真的好麻煩啊，還是找個工程師包養活到３９歲安樂死算了──
儘管外在條件完美，她仍然在內心如此怒吼著。

作者：五月八日
繪師：芦川ゆる",85,6
1112,不良少女矯正計劃,青春校園,完結,0,0,0,,https://mojoin.com/novels/1076,"如果我的故事
能為你的心中帶來一點感動
人們總是在尋求原諒，也在學習著如何原諒。",25,6
1113,指考前七天的憂鬱,青春校園,完結,0,0,0,,https://mojoin.com/novels/918,"節節逼近的指考、嶽麓高中的地下社團走迷宮部，以及為期七日的盛大狂歡──蘭亭宴。
所謂的蘭亭宴，是四年一度，由筆、墨、紙、硯四場宴會組成，由走迷宮部與躲貓貓社兩方對抗，爭取唯一的社團教室使用權的競賽。
最重要的是，要解開四場宴會的題目，不可或缺的要素就是文學。
隨著指考日期毫不留情的逼近，一場貫穿了文學、青春與愛情的地下競賽，堂堂揭開序幕！

* * *

「……幫幫我，冬徹。」
酷熱的六月。
在決定臺灣高中生未來四年的命運，一般被稱為「指考」的大學入學指定科目考試即將展開的前一個禮拜，作為應屆的考生，深陷在各種數學公式中焦頭爛額的少年冬徹，接到了一通莫名其妙的電話，要求自己立刻前往母校──嶽麓高中的301教室。
受到好奇心的驅使，依約前往的少年面前，出現了三名自稱走迷宮部的人影。
在文壇早早成名，取得了一流大學的入學許可，卻在畢業前夕神秘失蹤的名人學長曜亞、同班同學葛薇兒，以及二年級的學妹喻凌華。
三人均否認是自己打電話給冬徹。但因為有過數面之緣，曜亞對少年展現了意外的興趣。
明白冬徹喜歡文學的曜亞，向少年提出了走迷宮部的入部測試，以及某項競賽的邀請。
「冬徹，加入我們走迷宮部，一起參加蘭亭宴吧！」",264,6
1114,Stalker☆Club,青春校園,完結,0,0,0,,https://mojoin.com/novels/905,"雖說不是只要喜歡，做什麼都可以，但還是有一些神經病為了愛可以不惜一切。

Stalker☆Club，也就是「跟蹤狂俱樂部」。
2016年的舊文搬運，有機會會修改跟寫後續吧。

大家的行為都是犯法的，請不要學習（喂",21,6
1115,宅男女神,青春校園,完結,249,0,0,,https://mojoin.com/novels/884,"今年夏天！
充滿著活力、熱血、友情、感動的青春戀愛喜劇（誤）即將開始！
每個宅男心中都有一個女神，但我應該不算是宅男，可是我心中依然有一個女神……",197,6
1116,我的妹妹哪有人格分裂,青春校園,完結,362,0,0,,https://mojoin.com/novels/723,"如果要用一句話形容妹妹那就是——十項全能。

 沒錯，不管是體育、音樂、美術或國、英、數等等，從來沒低於滿分過的吧。
那時的我還不知道隱藏在妹妹身上的秘密，當秘密揭曉時將我和全世界捲入。

謬絲。
米娜。
小零。
圍繞於四位少女的物語，寄宿不同靈魂的計畫實驗體 AG1Z0(伊莉玲)，最後少年的選擇是——",194,6
1117,和金錢談場戀愛吧！,青春校園,完結,0,0,0,,https://mojoin.com/novels/596,"愛錢有什麼不對？
錢很好，又漂亮又溫柔，懂你的興趣，在你寂寞時還能陪伴你、與你聊天。
我可不是在說夢話，錢已經變成這樣了。
第四代貨幣：貨幣精靈。
顧名思義已經不是數值或物品了，而是貨真價實的生命體。
他們有意識、能思考、並且隨著主人的消費行為會改變型態、外貌、與性格。
只要控管好自己的積蓄，培育完美情人不是夢想……

# 繪師：雁冰　
# 標題：值言　
# 有沒有標題設計比作者本人還暢銷的八卦？
# 隔壁棚《主角在此，還不下跪！》也請大家多多指教！",335,6
1118,兩個世界 百分百之美,青春校園,完結,20,0,0,,https://mojoin.com/novels/497,"在兩個平行的世界裡，各有一個『你』。
兩個世界裡的『你』共同分享著百分百之美。
當其中一個世界的你美若天仙，那在另一個世界的你，將會醜陋不堪。
倘若你長得平凡，那另一半的美貌將平分給另一個世界的你……
兩個世界十個少年男女，美與醜的互換將會帶來怎樣的一場鬧劇？
外表變得美麗是否就能擁有一切？失去美貌難道就註定成為悲劇？
究竟愛情和友情是建立在動人的外表上，還是美麗的心靈？",228,6
1119,櫻時雨,青春校園,完結,3,0,0,,https://mojoin.com/novels/31,"受傷的少年，遇見了櫻花樹上的少女。
互相撫慰的故事，大概。",21,6
1120,就算被妖怪包圍也要談戀愛！,青春校園,完結,0,0,0,,https://mojoin.com/novels/5,"五芒巿建立兩百多年以來，始終靈異事件頻傳。

五芒大學新媒體社是一個即將倒社的社團，連社長都退社，只剩一個正式社員和一個專門搗蛋的幽靈社員。
某日忽然加入一個喜歡男扮女裝的富二代攝影師，而一個天性膽小畏縮卻有夢識超能力的女生。
藉著她在夢中看到的片段線索，社員們將一個一個解開巿內的謎題。",14,6
1121,那年夏日天光大作,文學寫實,完結,196,0,0,,https://mojoin.com/novels/3754,"青春的純愛與狂暴冷絕的命運，殘酷地進行著……
榮獲 BenQ 華文世界電影小說獎，兩岸三地媒體競相報導
東澤以最初筆名「莫小城」出版之感動傑作

蕭至傑是個平凡男孩。母親彷彿為了彌補父親意外死亡的悲劇，強迫他接受嚴苛的小提琴訓練，生活陷在日復一日的灰暗音階裡。女孩孫以芃奇蹟似地走進他生命，短暫的相處竟成至傑永恆而純淨的愛。

剛滿18歲，一場擦槍走火的意外，把蕭至傑送進了監獄，十二年苦牢，歷經許多扭曲的暴力，心性幾乎徹底摧毀。出獄後，他展開一場尋找孫以芃的城市冒險。他一心渴望要回到那個與女孩並肩的美好下午……但，古怪的是，他竟是需要一把槍！",230,8
1122,霸凌者的告別式,文學寫實,完結,2,0,0,,https://mojoin.com/novels/2923,"雙胞胎妹妹世瓔自殺了，穿著她最喜歡的水手制服
家人自殺的衝擊、告別式上的惡作劇還有校方的冷嘲熱諷，讓羅世傑決定找出妹妹自殺的真相，踏上屬於自己的「贖罪」
妹妹所留下來的訊息，最終導向了一次次的霸凌事件，還有暴力背後隱藏的孤獨靈魂……",192,6
1123,網路情緣,文學寫實,完結,25,0,0,,https://mojoin.com/novels/397,"本篇「網路情緣」係作者擔任律師工作期間，協助某育幼院處理法律事務時，獲育幼院院長告知某院童兄弟自立奮發，協助家中脫貧又回饋育幼院的故事改編而成。
對一個出身窮困家庭的孩子而言，努力讀書，無疑是青少年時期回報雙親，及充實學識，提升自我競爭力的唯一途徑，故事的主人翁透過自我約束，寒夜孤燈苦讀，考上時下最夯的國內一流大學科系，其間雖然遭遇種種挫折及歧視，但憑自己對工作的專注及努力，終能克服萬難，突破困境獲得長官的肯定及美滿的婚姻，值得我等青年借鏡！",347,3
1124,在房間流浪的人,文學寫實,完結,0,0,0,,https://mojoin.com/novels/365,"圍繞著封面的主角，這是關於渴求他人獲得幸福的性工作者、替公主找尋城堡的馬夫，以及深愛著北極熊的某個便利商店店員的故事。
沒有一個人擁有正確的愛情觀，也在追求愛情這方面得到不同的結果。
然而人的情感本來就不可量化，運氣也佔了一部份，於是在名為愛情的賭局中，本來就無法產生所謂的「正確性」吧？",84,6
1125,今宵異譚：卷一魍魎之夜,靈異驚悚,完結,331,0,0,,https://mojoin.com/novels/3836,"輕輕翻過書頁，俊美的青年悠悠低語。說故事與聽故事的人，其實，都在故事之中……

大學畢業，一直找不到工作的我，為了逃避父母的壓力，搬到了朋友家裡。朋友有本小冊子，記錄了許多稀奇古怪的事件。畫面不停變動的照片，寄宿著妖物的畫卷，永遠吃不飽的男孩……聽了每每讓我驚嘆連連。

今夜，他又將為我講述什麼樣的故事？",120,2
1126,魔障之樹,靈異驚悚,連載,482,0,0,,https://mojoin.com/novels/3815,"擁有詛咒他人的力量，
究竟是上天的禮物，還是魔鬼的陷阱？

為了逃離前夫，季璇帶著女兒雨萌搬進一棟老宅，期待展開全新的人生。
某天，雨萌班上忽然流行起魔法對決的遊戲，
見老宅庭院有棵老榕樹，季璇便折下一根樹枝，製作成「魔杖」送給雨萌。

不料雨萌的同學因為嫉妒，拿美工刀在魔杖上重重劃了一道，
雨萌氣得舉起魔杖，詛咒對方也被刀子割傷，
結果詛咒居然成真了，令雨萌自責不已。

季璇認為這只是巧合，但是當她巧遇前夫和新歡，並遭到兩人嘲弄時，
她突然希望，要是魔杖的詛咒力量是真的就好了。
於是季璇舉起魔杖，詛咒那對狗男女去死。
當天晚上，她的前夫和新歡竟雙雙上吊自殺……",438,9
1127,怪談病院PANIC!01,靈異驚悚,完結,50,0,0,,https://mojoin.com/novels/3797,"靈異界爆笑暢銷大手「小丑魚」再度出擊，關注度UPUP！

怪談天天有，醫院特別多。當粗神經又有引鬼體質的小護士綠豆，碰到天師後代、但除靈力趨近於靈的學妹依芳時——史上最大靈異PARTY開辦啦～

誤喝假酒枉死的病患化為厲鬼，大鬧加護病房。依芳只好求助地府之力──鬼差組長玄罡(牛頭馬面誠心推薦)沒想到，陰間救援公道價一次要五千萬？！再沒志氣，也不能向超級貪財鬼差低頭！

「咳咳，可以刷卡分期嗎……」",60,2
1128,我的家人就是鬼的那些事,靈異驚悚,完結,782,0,0,,https://mojoin.com/novels/3743,"MOJOIN鬼月短篇小說特企「我的家人就是鬼的那些事」
特邀四位人氣作家帶來四篇風格各異的精彩作品，一次滿足你對靈異故事的各種想像！鬼故事不一定只能可怕，也能歡樂搞笑，甚至溫馨催淚……

Div〈殺死老公的十九種方法〉
#我的老婆每天都想殺我 #越想越不對勁 #眼見不為憑

我叫做王大維，是個賣靈珠的小業務員，
長相普通、收入普通，唯一的優點是特別愛老婆。
我的老婆人美個性佳，只是最近好像迷上了殺老公──也就是殺我。

她把《殺死老公的十九種方法》這本書上所寫的各種方法
全都用在了我身上……

小島〈成功離婚就投胎〉
#愛情 #離別 #最終的心願

車禍過世後，呂文智獲准返回人間七天，了卻生前的遺憾。
當他以靈體之姿返家時，卻發現妻子彷彿對他的死去無動於衷，
不僅冷靜處理保險金理賠事宜，還火速丟棄他留下的遺物，
包括那張他藏在書裡、來不及送出的離婚協議書……

宋亞樹〈是誰亂丟神主牌？〉
#路邊的神主牌別亂撿 #有拜有保庇 #笑中帶淚

吳湘美第一次知道，原來人若衰，丟個垃圾也會撿到神主牌！
這塊神主牌不僅會說話，還逼她天天上香抄經，
說這樣才有功德迴向，能保佑子孫，
吳湘美只覺對方滿口鬼話……喔抱歉，還真的是鬼在說話。
不過只要她肯幫忙，就會被保佑發票中獎，那……就勉為其難當個「孝女」吧？

瀟湘神〈貓鬼〉
#只有你聽得到的貓叫聲 #死貓吊樹頭 #民間傳說

生下孩子後，皓正的妻子每夜輾轉難眠，說是不斷聽見惱人的貓叫聲，
皓正卻什麼都沒聽見，他以為妻子是產後憂鬱，導致出現幻覺。
幾天後，皓正竟也聽見了貓叫聲從窗外傳來，
窗外的陽台上聚集了一大群貓，他認出了領頭的那隻，霎時間背脊發涼。
那是菲菲，是他父母養在老家的貓，可是菲菲上個月就死了……",147,9
1129,童話開膛手,靈異驚悚,完結,872,0,0,,https://mojoin.com/novels/3679,夜裡，穿著紅鞋的少女找上了門，想要從陳安身上獲取她想要的......,232,6
1130,"鬼聽 —Hey, can you hear my VOICE?—",靈異驚悚,完結,2093,0,0,,https://mojoin.com/novels/3652,"將和也是個孤僻寡言的天才學霸，一把男童的聲音鑽入他的腦裏驅使他著手調查十多年前在他家裏發生過的一場大火。
穿著黑色雨衣的幽靈、詭異的通靈少爺和謎之駭客少女陸續闖入和也的生命裏。
究竟過去的慘案是不是一場意外？與和也被緣分牽連著的夥伴能不能夠幫助他一同揭發事情的真相？周圍的鬼魂想要帶走他還是幫助他？
這一切究竟是個謎，還是個局？
「你能聽見我的聲音嗎？」
一本妄想推理作，扭轉一名高中生命運的起承轉合。",367,6
1131,貓與靈異,靈異驚悚,完結,129,0,0,,https://mojoin.com/novels/3651,"一個平凡無奇的女大學生，愛好是打遊戲、吸網路上虛無的貓，偶爾思考家裏突然的燈光亂閃、門突然地關上、夜半時女人低低的哭泣聲。
但是誰在乎，蘇容嘉要是有錢才不會住這破房子，她可沒有閒錢搬家啊，那些東西只要不要影響她打遊戲、趕報告，她才不在乎那些破事情。
某日，出租房隔壁情侶爭吵時，被丟出來一隻橘色虎斑貓，水汪汪的眼睛、不算順滑的毛皮、還有些許被燙到的禿毛處，一隻手就能撈起的大小……",226,6
1132,異常 第二部：影子裡的怪物,靈異驚悚,完結,9951,53,2,,https://mojoin.com/novels/3627,"每個人都是異常者，只是每個人都壓抑著，直到有一天再也無法隱藏……

惡名昭彰的奪命路口發生了車禍。
看似只是又一場不幸意外，但一名女孩找上了刑警陳威助。
「那起車禍不是意外，而是謀殺，我可以作證。」
女孩提供車禍前一刻的照片，照片中，十多個黑色影子抓住死者的腳踝，
而女孩表示，就是這些影子將死者拉到馬路上，讓他慘遭撞死。

威助並不想相信這番過於荒謬的證言，
女孩卻鍥而不捨，並告訴威助，只要她能證明那個人是被謀殺的，
威助就要讓她拍攝他在太陽下的影子，因為那其中潛藏著「怪物」……",438,9
1133,攤叔叔短篇故事集：-1詛咒,靈異驚悚,完結,1100,91,2,,https://mojoin.com/novels/3634,"我在住宅區的小巷子裡開了一家咖啡店，
某天晚上，一個意料之外的客人來到店裡，是我的高中同學，宇康。
久別重逢原本令人欣喜，宇康卻告訴我，我們的高中班級受到了「-1」的詛咒──每年都會有一個同學從大家的記憶中消失。

回家翻閱畢業紀念冊後，我發現宇康所說的是真的，
我們畢業十二年了，同時也有十二個同學在我的印象裡完全空白，其中包括燕彤，她似乎曾是我的女朋友。
為了尋回和燕彤之間遺失的時光，我決定和高中時的幾個好友追查詛咒的真相，但宇康卻打來電話警告：
「不要去找那些不見的人，去的話……」

說到這裡，宇康就掛斷了電話，而我回撥給他再也沒有接通……",438,8
1134,攤叔叔短篇故事集：三年闇班,靈異驚悚,完結,728,91,3,,https://mojoin.com/novels/3633,"我的同學朱喬盈失蹤了。
老實說，我不太在乎，畢竟我們幾乎沒有交集。可是失蹤幾天後，喬盈突然在上課時出現在了座位上。
她的皮膚呈現暗綠色，制服骯髒、髮絲凌亂，怎麼看都已經不是人類，而接下來的每一天，喬盈都會現身，同時班上開始流傳一個謠言──
殺死喬盈的兇手就是我。

但我當然不是，為了洗清嫌疑，我想找出真兇，
沒想到隨著我展開調查，喬盈也開始獵殺班上的同學，一天一個。
明明只需要向殺死她的兇手復仇，喬盈卻彷彿被怨恨蒙蔽了理智，決心將全班同學都殺光……",438,8
1135,異常,靈異驚悚,完結,3508,53,1,,https://mojoin.com/novels/3503,"這是一樁異常的案件，有著異常的受害者、異常的兇手、異常的證人，以及異常的搜查者──

在一棟只租賃給女性的大樓內，發生了一件失蹤案，
失蹤者是一對雙胞胎姊妹中的姊姊，而報案者正是妹妹。
奇怪的是，妹妹似乎並不認為姊姊是失蹤，而是早已死亡。
根據監視器畫面，姊姊某天回到家之後，便離奇地消失在陽臺上，
而隔壁空屋的地板上，留有大片令人觸目驚心的血跡，
彷彿有什麼人被殘忍地砍殺，甚至──肢解。

無論是大樓警衛的證詞、匿名人士提供的線索，還是在空屋中逮到的流浪漢，或者是雙胞胎妹妹的說詞，全部都隱藏著一絲不尋常，有什麼骯髒的祕密被隱藏在這樁案件之下，沒有人敢說出來……",438,8
1136,代職城隍,靈異驚悚,完結,880,0,0,,https://mojoin.com/novels/3602,"陰七月，百鬼出。
地府引渡旺季，城隍爺卻為了尋找真愛申請留職停薪去流浪。
為了不讓引渡開天窗，文武判趕緊找人來當替死……不，城隍代理人。
段承霖救了學生不幸成為植物人，文武判看著他的魂魄在醫院遊蕩了三年，決定和閻王商量將他的名字從生死簿上抹除，然後拿著「下輩子任選投胎家庭協議書」請他對代理城隍一職說「我願意」……",365,6
1137,攤叔叔短篇故事集,靈異驚悚,完結,2666,91,1,,https://mojoin.com/novels/3405,"▌恐怖小說大師路邊攤 ∙ 經典短篇集結 ▌

九個故事，九個出人意表的日常怪談，
最令人渾身發毛的，總是生活中那些小小的不尋常……

你準備好了嗎？歡迎光臨攤叔叔的路邊攤，讓攤叔叔對你說說故事──
或者，你也可以成為他的故事？


✦收錄篇目：〈漩渦盡頭〉、〈在她腦中割腕的他〉、〈中間那間〉、〈不敢超車的原因〉、〈單眼〉、〈就是你〉、〈恐怖小說家的背後〉、〈認領回憶〉、〈遺書寄託所〉",438,8
1138,天才刑鬼師4：行屍走肉的逃殺,靈異驚悚,完結,100,13,4,,https://mojoin.com/novels/2684,"林志鴻摀著嘴，三步併兩步地衝向男廁，關門鎖上，一把扯下了口罩，兩個鼻孔激動地撐大呼氣，密閉的空氣中瀰漫著濃重的不安。
他頹喪地倚靠在瓷磚牆上，拿出口袋裡的手機，開啟相機，選擇對向自己的鏡頭，螢幕上顯現出他的面孔。
只見他的嘴巴扯開雙唇用力張大，露出兩排牙齒以及不斷伸動的舌頭，唾液從嘴角緩緩淌下。
儘管面部的肌肉痠痛異常，但他卻無法將自己的嘴巴闔上，只能任由它肆意地扭動歪曲，讓唾液亂七八糟地滴了滿地。
然後「它」就慢慢地爬了上來。
從嘴巴向上，鼻子、雙眼、眉毛、額頭……他的面孔徹底失去了控制，他在搖晃的視線裡看著螢幕，裡頭的自己像是個瘋狂的小丑，正感情豐富地擠眉弄眼。
──糟糕，看來是完全失控了……",83,8
1139,天才刑鬼師3：慘絕人寰的飢餓,靈異驚悚,完結,80,13,3,,https://mojoin.com/novels/2683,"斗六舊市場菜販整理剩菜時，驚聲摸到了一顆血淋淋的頭顱。
彰化八卦山早起運動的民眾，發現大佛前廣場被割斷咽喉的裸屍。
台南某女子高中側門口，放學時間來來往往的學生都看到了側門旁躺著的一隻腿，還穿著白襪黑鞋血淋淋的腿。
高雄愛河，搭乘愛之船的情侶，指著河面漂浮的屍塊尖叫。

基隆、花蓮、墾丁、三義、竹科……

幾天下來，全台各地連續發生的命案都只有一個不能說是共同點的共同點：
沒有監視畫面、沒有留下指紋與生物跡證、沒有線索、沒有動機、沒有任何嫌疑對象。
隨機殺人魔已經從對象的隨機，延伸到地點的隨機，彷彿致命病毒的擴散一般，人們真切地感受到自己活在無邊的恐懼當中。
捷運站前的大螢幕新聞台正映送著這幾天的好幾起殺人案件，週遭的人車聲忽然都靜止下來，大家清楚地聽見自己的心跳與呼吸聲。",83,8
1140,天才刑鬼師2：玩鬼自焚的失控,靈異驚悚,完結,311,13,2,,https://mojoin.com/novels/2682,"偌大的實驗室突然發出玻璃碎裂的聲響，陰暗的角落傳來獸的低吼。
巨壯歪曲的身型，跌撞的緩慢腳步，卻有張著利牙的血盆大口，以及無比飢餓的攻擊欲望，閃動在血紅的瞳內。
一隻，兩隻，三隻，四隻……實驗室以壯漢為中心，包圍了十幾隻巨壯醜陋的殭屍，看著眼前的獵物，大剌剌地淌著惡臭的唾液。

凝峙的空間中，一個氣息突然閃過。
壯漢與范離都聞到了這股氣息，充滿鬼殺人的血腥臭味。
手上的搖鈴聲響，包圍的殭屍突然像是衝出牢籠的野獸，飢渴地撲向壯漢。

「去你媽的，我們走著瞧！」

壯漢怒極，一拳揮去，不符合物理定律地產生誇張的爆炸。
三隻巨壯殭屍瞬間破爛成模糊的肉塊，血液碎屑噴濺出一條通路，壯漢奪路而出，一個起落已經看不見身影。

「我他媽的抓不到你，我鍾魁的名字就倒過來寫！」",83,8
1141,天才刑鬼師1：吞食大腦的恐懼,靈異驚悚,完結,776,13,1,,https://mojoin.com/novels/2681,"三秒。
白煙幾乎要消失在視線範圍內了。
黑衣男子睜開眼。
瞳孔竟然變成了紅色，像火一樣的紅色。
她不敢相信，遠方的半空中爆炸似的突然冒出火焰，將白煙一口吞噬掉，焰色在黑暗中刺眼著。

「哈哈，連逃跑都跑不快，可憐的小鬼鬼。」

他撥了撥瀏海，轉身離開，遠方空中的那團火也跟著瞬滅，小巷又被帶進黑暗中。
她一時還無法接受眼前的瞬息萬變，愣愣地看著黑衣男子的背影消失在巷口。
後來她拿起了地上鬼遺留下的那張紙片。那是一張黑色名片，上頭寫著幾個白色中文字。

「天才刑鬼師　靂月」",83,8
1142,好兄弟袂歹鬥陣,靈異驚悚,完結,7762,0,0,,https://mojoin.com/novels/2786,"〈隔板後的他們〉路邊攤

#溫柔女鬼陪你吃飯 #聽你說話 #讓你不再孤單（？）

每天下班後，我都習慣獨自在車站的美食街吃晚餐。
因為疫情的關係，某天用餐座位裝上了霧面塑膠隔板，
而我看見眼前的隔板映出了女人的身影，其他隔板後方也有人影，
可這裡明明只有我一個人。

我想我顯然是見鬼了，但我感覺得到對方不抱惡意，
不知不覺間，我開始向隔板後的女人分享自己的生活。
她總是安靜傾聽，每當透過隔板看到她微笑，我就感覺一天的疲憊也跟著消失。
然而有一天，我得知了她的名字，發現了那個令人心痛的真相……


〈親愛的老婆〉浮靈子

#執子之手 #生死與共 #陰陽兩隔也要永遠相伴

某日爭吵後，明澤的妻子負氣離家，之後便失蹤了。
警方在附近的港口堤岸打撈起明澤妻子的座車，裡頭卻不見人影。

所有人都懷疑是明澤殺了妻子，再偽裝成意外，
但明澤不願承認妻子的死，同時雇人在海中打撈，持續了一年仍未放棄，
甚至為此去學習潛水，想要親自下水尋找妻子，於是殺妻的傳言也不攻自破。

一天消息傳來，有人在港口發現了一具女屍，
而屍體的異狀令眾人都驚懼不已……


〈債〉月亮熊

#無頭命案 #因果業障 #父債子償 #最複雜是人心

一週前，林茹欣繼父的屍體在深山被尋獲，屍身卻獨獨缺了頭顱。
但連凶嫌都說不清頭究竟丟在哪，警察也束手無策，林茹欣只好找上在廟裡「辦事」的叔叔林澤順幫忙。
然而林澤順對哥哥的死毫無波瀾，只是冷漠地打了通電話，之後沒過多久，頭顱就被找到了。
原以為這起事件會至此落幕，林澤順卻在告別式後，語帶保留地告誡林茹欣：不要回去林爹的家。
篤定林爹死因有蹊蹺的林茹欣，不怕死地回去尋找線索，卻在途中看見一生無法忘懷的惡夢…‥


〈別去那個地方〉瀝青

#無人廢墟的詭異聲響 #不能接近的地方 #都市傳說

阿星從小就被鎮上老人耳提面命地囑咐著：絕不能接近學校後面的水泥屋廢墟。
傳聞住在那裡的人家在數十年前一夕搬空，卻沒人記得他們的姓氏來歷，彷彿從不曾存在過。
在那之後，那間水泥屋就大小謠言不斷。
比如明明沒有人，卻總是傳出淒厲的哭聲和哀嚎聲；比如毫無來由地燃起大火，救火的人卻連滾帶爬地逃出來，說裡頭滿是白骨、血跡，還有可怖的龐大黑影。
其中，「水泥屋住著吃人的怪物」是鎮上流傳最廣的傳說。
而正值暑假的阿星和朋友們，卻因為好奇推開了水泥屋詭異的鐵門，也解放了鎮上最陰的「東西」……",147,9
1143,昆琴奇察回憶錄,靈異驚悚,完結,0,0,0,,https://mojoin.com/novels/2705,潛伏在昆琴奇察小鎮裡的魔神，到底是誰？,170,6
1144,燈炎蒼刃,靈異驚悚,連載,3,0,0,,https://mojoin.com/novels/1051,"驅魔人空唯嘆是一場災難的唯一倖存者，而兇手正是一種被稱為掌燈人的陰界存在。
對於掌燈人，他與他的打刀，早就寂寞難耐。
「那麼，我們應該從哪裡開始說起呢，空唯嘆先生？」小小的掌燈人坐到了空唯嘆的對面，她確信空唯嘆是一定有事相求。
空唯嘆的內心裡五味雜瓶。
誰能知道，所謂的「討厭」，只是不敢正視的一種措辭。
或許正好是團圓的日子，才會是這樣的收尾。",482,6
1145,雙生緣起之相聚,靈異驚悚,連載,20,0,0,,https://mojoin.com/novels/364,"某天，李彥無來看看案發現場，剛走上頂樓，卻發現有個女孩在這。這裡不是已經被封鎖了嗎？為什麼她還能進來？
許若梓剛被送回現世，她也是一臉懵好嗎？

既然已經被捲進了麻煩裡面，她也只能認命走一步看一步了。
只是…眼前的人為何帶給她一種莫名的熟悉感？

李彥無懷疑她的身份，她也好奇他身上的秘密，兩人各懷鬼胎，開啟了同居生活。",370,6
1146,死亡樹海,靈異驚悚,完結,436,0,0,,https://mojoin.com/novels/618,"在這一站排班的計程車有些規則：
第一，不能隨便亂喊價，價錢乘客說了算。
第二，嚴禁搶客，來到這裡就是要乖乖排隊。
第三，除非必要，否則不能隨意跟乘客交談。
第四，乘客下車後，絕不能說再見或是謝謝。
第五，乘客上車後，不能擅自改變目的地，因為他們要去的地方只有一個——火車站周遭的樹海。

傳聞，每年都可以在樹海中找到五十具以上的自殺屍體，數字每年還會攀升更新。而會在這個火車站下車的人，都是要到樹海的人。
他們是不會回來的……",438,8
1147,新的地獄遊記,靈異驚悚,完結,11,0,0,,https://mojoin.com/novels/1024,"一本絕對與宗教無關的警世小說。

這是一個，無論你信不信，它都真實存在的空間；這是一篇，詢問多年，終能公開撰寫的＿地 獄 遊 記。
「如果可以，我真的寧願相信，這一切都只是幻覺……」
「地獄不恐怖，如果，你沒做壞事……」

好人讀後感：大開眼界，真有趣。
壞人讀後感：根本不敢看完，以生氣掩護恐懼。",432,6
1148,今宵有鬼，莫熄燈！,靈異驚悚,完結,1196,0,0,,https://mojoin.com/novels/925,"全文五集已經連載完，請安心食用！
㊣本作曾獲2015年POPO華文創作大賞三獎㊣

▼半調子道士x文弱書生＝七分搞笑三分恐怖的捉鬼生涯！▼

劉白，原本只想過安穩大學生活的他，居然因為一本書，莫名其妙地成為了陰間鬼差「黑白無常」的助手，從此再無清淨日子可過！
鬍子越，對道術略懂一二、精通風水玄學，自從劉白被開眼之後，義無反顧地扛起了保母一職，替他捉鬼降妖！（友情價九折）

劉：「再怎麼都是過命的好兄弟，你就不能算便宜點嗎？」
胡：「你要是不想真的去做好兄弟，就乖乖給老子付錢。」
劉：「……」",113,6
1149,回生,靈異驚悚,完結,0,0,0,,https://mojoin.com/novels/916,"莫名其妙下了陰曹地府的李騰，為了還陽而展開的一段旅程。
傳說中的陰曹地府究竟是什麼樣的世界？
因果循環的天數將帶著李騰一步一步揭開自己進入陰曹地府的真相以及前世今生。",521,6
1150,渡靈詞,靈異驚悚,完結,40,0,0,,https://mojoin.com/novels/908,"幽黃泉，一名永遠身穿白色制服的少女，在掛著搖搖欲墜寫著「渡靈」招牌的事務所內，處理著人們各種渡靈的需求和委託，在形形色色的事件中，也緩緩道出了黃泉那不可告人的悲慘的過去……

「你我本是同路人，奈何陰陽兩相隔，黃泉路上莫忐忑，青燈久伴你身側」少女輕聲吟誦，將一縷又一縷在人世間徘徊的幽魂送入輪迴
這是她的業，她的因，她的果，被束縛著無法掙脫的命運

在她漫長且黯淡無光的生命中，突然闖入了一個如烈陽般耀眼的男孩
他命中熊熊燃燒的火焰是否能燒盡束縛住她的荊棘？
而她命中的寒冷又是否能夠平息他那炙烈到要將自己都燃燒殆盡的火焰？",82,6
1151,第三方事務所,靈異驚悚,完結,11,0,0,,https://mojoin.com/novels/501,"第三世界突然出現於世，鬼魂、羊男、雪怪等等，過去偶然發生的怪異都有了解釋，他們被統一取名為「存依」。
於此，有一間專門處理相關的怪異事件，名為第三方事務所。",26,6
1152,第一次遇到鬼就上手,靈異驚悚,完結,71,0,0,,https://mojoin.com/novels/447,,12,6
1153,書靈,靈異驚悚,完結,0,0,0,,https://mojoin.com/novels/295,"林弘毅是一個夢想找到獨一無二感人肺腑好作品的熱血編輯，碰到死前還在創作到死後仍對自己原稿念念不忘的失憶幽靈作家黃舒玲。
就在舒玲半推半就之下弘毅展開了尋找幽靈死前作品的故事，而且發現事情沒有這麼單純。",111,6
1154,異語短篇集,靈異驚悚,完結,0,0,0,,https://mojoin.com/novels/264,"幾篇帶著詭異風格的短篇故事
《紅顏禍水》——一場酒後糊塗，造成滅門血案
《妙筆生花》——為了得到才能，你願意付出多少代價？
《墜落》——想學飛，就得有從高處躍下的覺悟
《旅伴》——一場永遠無法結束的旅程
《吳鳳》——聖誕夜裡，最糟糕的紅衣訪客
《孝子》——他的母親憑空失蹤了，唯一的解答，是在相片裡莫名出現的紅衣小女孩……
《餓神》——中元節的夜裡，重病的男孩和已死的女孩結成了最奇妙的搭檔。",14,6
1155,黃泉代理人,靈異驚悚,完結,1,0,0,,https://mojoin.com/novels/64,"某網站的徵人啟示如下：
工作名稱：黃泉代理人
工作內容：抓妖，除靈，封印惡鬼……除了以上，還有其他工作內容，暫不一一條列
工作薪資：視當天的表現而定，最高至少有百萬 *-**~最低只有一百塊*
工作條件：不限性別，只要是活人皆可

邪惡的接洽小姐，腹黑的引導員，外加一個惡魔上司和大神級契約者……
惡魔上司：「趕快把契約儀式做一做，我想把下午才開始的班排到早上做。」
*@**+等等，我才不想當這種血汗勞工啊！*",378,6
1156,直播修仙－我的抖內主個個要我命,武俠玄幻,完結,20,0,0,,https://mojoin.com/novels/3795,"曾為大能的葉長空因為一場賭約墜入了自己打造的沙盤世界，成為眾大能眼中的實境節目。

歷經進入被封去神識真靈；被天降命中對頭打壓一世；目睹天梯斷絕，小世界正規逃生途徑灰飛煙滅；次次失敗，次次輪迴，終於小世界靈氣枯竭在即，整個世界再無人能突破化神，遑論飛升。

眼看就要被困死在沙盤世界，為了突破能主導命運的大能們桎梏，第五次輪迴，葉長空首先便自己搞砸和名門大派的聯姻。

「正所謂開局不退婚，天才洋溢也枉然！」以退婚流開場獲得自由，反手送走窺伺自身肉體的隨身老爺爺後，累積五世記憶的葉長空打算在大能們設置的套路間衝浪橫跳，在死局中逆天改命。",290,1
1157,血色如墨,武俠玄幻,完結,5,0,0,,https://mojoin.com/novels/3728,"十個孤兒，十段仇怨。一碗湯麵，一則故事。
「因為在我身邊之人，只有已死之人跟將死之人，自古至今，皆然。」
血色如墨，低述著什麼樣的過往塵埃？",10,6
1158,我在地府當差2,武俠玄幻,完結,0,31,2,,https://mojoin.com/novels/3703,"•《我在地府當差》第二季•
通過七境試煉的我，正式加入冥官的行列，成為孟婆的徒弟。
一邊維持好和孟婆的師徒關係，一邊和白無常在到處蹭吃蹭喝，我在地府實習×吃喝玩樂的生活忙碌展開～
但是……總感覺白無常老是奇奇怪怪的，孟婆對白無常也異常的反感，似乎與白無常的過去有著莫大的關聯。
隨著孟婆、黑白無常的前世逐漸揭開，我和白無常關係似乎也有了些微妙的變化……",271,6
1159,我在地府當差,武俠玄幻,完結,0,31,1,,https://mojoin.com/novels/3702,"•《我在地府當差》第一季•
我，鳳朝夕，世人口中十惡不赦、喪心病狂的女魔頭死了。
我下地獄了，又沒完全下。閻王殿下竟然想邀請我在地府當個差？！！！！！
喂、拜託……你們當真不怕我把地府也攪他個天翻地覆嗎？
「如果我說不呢？」我抿了抿唇笑道。
「那麼……妳會接受其他幾殿的審判，但我保證，妳還沒資格下十八層地獄。」秦廣王雲淡風輕地表示。
「那還真是有點遺憾呢。」我微笑。
性格迥異的黑白無常、高深莫測的秦廣王、成熟美豔的夙鸞大人……欲知後事如何，快來「地府」和我一起當差吧！",271,6
1160,鬼姬傳說,武俠玄幻,完結,0,0,0,,https://mojoin.com/novels/3635,"少年燃燒自身的煞氣與生命，全身宛如烈焰一般，開口說道：「如果說天師的職責是導正這個世界，維持世界的平衡，那身為最強天師家族的我，可不能只當一個旁觀者啊！」

人們都以為天師能窺夠探命運，遮蔽天機，逆天改命，是最強的職業，但哪怕在強大，依舊無法憑藉一己之力改變整個世界的走向，如果演算的未來是一片死寂的世界，你是否會奮不顧身的挺身而出？",293,6
1161,神魔變(13)Head Of The Line（誰領風騷）(END),武俠玄幻,完結,0,51,12,,https://mojoin.com/novels/3610,"神族與魔族現蹤，強大帝國一夕崩解，
諸族各國必須屏除成見合作才能對抗。
至親驟逝讓薩摩決心根絕後患，此番豪賭成敗難料！
神族與魔族錯綜複雜的權力爭奪、神王與魔王的恩怨情仇、
神族不為人知的秘密、薩摩的新人生、世界的新格局，
盡在神魔變完結篇！",129,5
1162,神魔變(12)The Respective Calculations（各自盤算）,武俠玄幻,完結,0,51,11,,https://mojoin.com/novels/3609,"北方大陸、里爾公國、巴耶帝國，各處風起雲湧，危機四伏，
薩摩如何機變百出，翻手扭轉乾坤，解開困局？
魔王甦醒，為薩摩的命運投下變數。
入魔？出魔？薩摩站在抉擇的十字路口……
神魔族中，各擁山頭，各懷機心，朝薩摩一步步逼近，
薩摩發現，若他想守住自己，守住琉璃，
必須用盡所有可能的辦法……",129,5
1163,神魔變(11)False or True（虛實之間）,武俠玄幻,完結,0,51,10,,https://mojoin.com/novels/3608,"被神族所救，薩摩不得不正視自己的身分，於是返回學院第一件事，便是造訪神秘的黑塔，豈料遇上個性古怪的囌囉……
神能周天初體驗，薩摩在精神深處迷了路，卻遇上了無法想像的人……
為了龍人族、為了精靈人族、為了愛他的和他愛的人……
是時候決定自己的道路了！
里爾公國、獸人族、龍人族，大戰正是時候……
且看他將陰謀一一揭露！",129,5
1164,神魔變(09)AFTERMATH（餘波盪漾）,武俠玄幻,完結,0,51,9,,https://mojoin.com/novels/3600,"敵人步步進逼，狂亂中，魔刀再現！
陷入迷亂的薩摩，命在旦夕的琉璃，龐希爾斯火中取粟，只為謀得一線生機！
被迫發下血誓的龐希爾斯、成為魔眼之靈的渥德，薩摩的身分呼之欲出！
龐龐再現，琉璃的災厄竟是其來有自？
學院危機再升溫，視察團到來，陰謀一角初顯，學院眾人進退兩難！
欲知詳情，請見神魔變第九集─餘波盪漾！",129,5
1165,神魔變(08)Flickering Shadows of Demon（魔影幢幢）,武俠玄幻,完結,0,51,8,,https://mojoin.com/novels/3589,"為了尋找琉璃，薩摩走過一個個奴隸團。血海中，驚見魔影。
為了探尋神秘的「龍社」行蹤，意外揭露了魔族的陰謀。
孤身一人的薩摩，如何能全身而退？
與琉璃重逢，可那伴著她的人卻是……！
命運讓兩人再度周折，要如何才能無憾？
欲知詳情，請見神魔變第八集─魔影幢幢！",129,5
1166,神魔變(07)The Clue（初現端倪）,武俠玄幻,完結,0,51,7,,https://mojoin.com/novels/3588,"為了快速提升眾人實力，學院破例動用了「獸圈」！
在精神錯亂的迷亂中，一切都失去了控制，薩摩面臨身分曝露的危機！
同一時間，落入人口販子之手的琉璃也岌岌可危！危急之際，誰來解救？
欲知詳情，請見神魔變第七集─初現端倪！",129,5
1167,神魔變(06)Unpredictable Storm（風雲詭譎）,武俠玄幻,完結,0,51,6,,https://mojoin.com/novels/3577,"緊接而來的第二關測試，薩摩的超常成績引人側目！學院眾師長要如何安排薩摩等人？
墨君和馬索沃背後，流亡之島竟是另有勢力？就連奴里諾達恩也不單純？
重重謎團，暗潮洶湧，偏偏這時候的學院也只是風雨前的寧靜，為了因應即將到來的危機，院長樊勞瑞做了一個令人意外的決定……！",129,5
1168,神魔變(05)Conflict＆Newborn（考驗的旅途）,武俠玄幻,完結,10,51,5,,https://mojoin.com/novels/3576,"從塔里沙港出發，蘭普頓魔武學院的新生考驗第一關正式展開。薩摩等人不按常理出牌，打亂學院部屬。
東陸軍團參與學院新生考核，是協助還是介入？
在有心人的操作下，一介小兵如何敵得過身為龍人族精英的尼路等人？兩方遭遇會擦出什麼令人意外的火花？
魔獸天堂中的薩摩，再度發現能量的奧秘，並偶遇神秘的斑夏達。
一人一獸相偕抵達蘭普頓魔武學院，又將掀起怎樣的風浪？",129,5
1169,神魔變(04)Conflict＆Newborn（衝突與新生）,武俠玄幻,完結,0,51,4,,https://mojoin.com/novels/3563,"薩摩終於從沉睡中醒來，得知琉璃香消玉殞，幾乎崩潰……
圖甦與薩摩的衝突，一觸即發！
鎖魂池與聖靈岩有什麼祕密，為何能化腐朽為神奇？嗒嗒長老的實驗會成功嗎？
薩摩與六衛再度踏入人類國家，目的為何？",129,5
1170,神魔變(03)The Price Of Growth（成長的代價）,武俠玄幻,完結,0,51,3,,https://mojoin.com/novels/3562,"好不容易回模里邦聯，怎麼好好地看個夜景都能惹事？
龐龐的出現讓薩摩平靜的生活掀起波瀾，他還能安心尋找琉璃嗎？
幾番曲折，兩人終能得見？
龐龐不願虛擲青春，為達目的，不擇手段，不料弄巧成拙，竟將薩摩和琉璃推向危機！",129,5
1171,魂鬥士：變亂(12)毀滅與新生(END),武俠玄幻,完結,0,73,12,,https://mojoin.com/novels/3559,"元帥陣亡，皇帝隕落。
大仇得報，這個世界上誰還能阻止我魔神王！
我是尼斯，我是風飛揚，我是毀滅世界的大魔王，在我所過之處，將是所有人的終點。
沒有人能夠阻止。
是生存還是毀滅？這是最後的戰鬥，一切終將畫上句點。

《魂鬥士》殺青慶功宴上──
風飛揚：「我要去《淒厲人妻》的劇組報到啦，導演說我無神放空的樣子演夾在兩女間的男人剛剛好。」
魔：「《魔戒》找我演『乾到膚』，雖然要畫老妝，不過光聽片名就知道我是主角嘛！哇哈哈哈哈……」
蕭哭：「我去《馴龍糟糕手》跑『龍』套……」
莎士比亞：「太陽劇團高薪聘請我去當顧問喲。」
妲己：「有演藝經紀公司要幫我、紫倫、鳳心、咲月組女子天團唷！對了，剛才有個黑大個遞名片給我，說他來自神盾局……」
",485,5
1172,魂鬥士：變亂(11)死鬥,武俠玄幻,完結,0,73,11,,https://mojoin.com/novels/3558,"混蛋！該死的多塞納教皇，把我逼入了死路，老子不想死，老子和尼斯徹底融合，老子要你死！
可是……
失去意識，變成六親不認的殺戮機器，這真的不是我想要的……

白癡風飛揚，先是失憶的小哭，然後是失去意識的你，本大爺是保姆嗎？一天到晚要照顧你們這些廢材！
不過無所謂了，英雄總是忙碌的，反正到最終還是要本大爺親自出馬，看堂堂魔神王我一手扭轉乾坤！先殺元帥再殺皇帝，然後本大爺要把風飛揚你這個白癡轟成渣啊！

被斷頭的正太小皇子：「猜猜我是誰？哦～～呵呵呵呵～～」
作者諸戈：「滾！本書不走靈異恐怖路線！」",485,5
1173,神魔變(02)First Sign Of Budding Talent（初試鋒芒）,武俠玄幻,完結,0,51,2,,https://mojoin.com/novels/3552,"六衛終於齊聚，琉璃為何不告而別？
為了找回琉璃，七人踏上旅途，千里迢迢前往伊闊利市。
晶匠阿瓜達、奴隸谷韃、人族嬌嬌女麻宓、唯恐天下不亂的院長鈕克多……
自由港鑑院，即將風起雲湧。",129,5
1174,神魔變(01)The Beginning Of Destiny（宿命之始）,武俠玄幻,完結,0,51,1,,https://mojoin.com/novels/3551,"相斥的血脈，近乎不可能的結合，使薩摩一出生就帶著雙守護精靈與高階龍人的光環，但也使他必須承受能量失衡的折磨。
當精靈人族與龍人族聚焦在年幼的薩摩身上時，命運使他和流亡到此的琉璃相遇。
噬巫的身分成了薩摩的救贖，牽引著薩摩一步步走向宿命的道路。
風眼四年，以及神劍和魔刀的出世，為薩摩與平靜已久的新世界帶來翻天覆地的改變……傳說中的神族與魔族是否真的存在？",129,5
1175,魂鬥士：變亂(10)光明聖女,武俠玄幻,完結,0,73,10,,https://mojoin.com/novels/3548,"改進版的戰爭傀儡？有點太誇張了吧，生化武器在魔幻世界裡亂入？龐克和水月你們真是太有創意了。
本少爺真是掃把星的命啊，走到哪裡麻煩纏身到哪裡。
那個水月妳不要笑，妳也好不到哪裡去，背後靈嗎？哪裡都能撞到妳。
至於雷帝，跟我搶女人？不是在開玩笑吧？我可是主角！主角！跟主角搶女人能有好下場嗎？就算你是超限級的又怎麼樣！
我……我還真打不過他……

因費大主教：「水月妳到底要站在哪一邊？」
水月（無視貌）：「你知道我在找你嗎，你如果真的在乎我，又怎會讓無盡的夜陪我度過……想你了，龐克……」",485,5
1176,魂鬥士：變亂(09)屠龍之旅,武俠玄幻,完結,0,73,9,,https://mojoin.com/novels/3547,"屠龍嘍，這個世界上唯一的一條龍哦。唔，或者說是一個人也可以啦。
不過小哭，你能不能不要這麼猛啊，這麼多人群毆你一個，你把我們打得屁滾尿流算什麼？我是主角好不好，不要這樣搶戲啊！（魔：第一集封面是你還不滿足嗎？）一男兩女的怨念。
唉！人生自是有情痴，可惜愛到大白痴。
竟然把小哭當寵物養，戈美妳這惡毒的女人等著下地獄吧！不過，把整個伊甸園當做愛情的陪葬品，小哭你玩得太大啦……

沉睡的蕭哭變成失憶男──
小風：「我們現在應該怎麼做？」
魔表示：「失去記憶？打到他恢復記憶好了。」
咲月表示：「殺了他，好不好？」
鳳心表示：「打暈帶出場。」",485,5
1177,魂鬥士：變亂(08)欽差大臣,武俠玄幻,完結,0,73,8,,https://mojoin.com/novels/3538,"被擊潰了，又重生了。我風飛揚，可是沒有那麼容易死呢！
雖然付出的代價是和噁心的尼斯融合為一體，並且失去了力量，但是卻找回了曾經被無良老頭封印的記憶，以前的我，可不是一般的人呀……鳳心、魔、咲月，再加上天才的本少爺，應該足夠將小哭打得屁滾尿流哭爹喊娘吧？

這小子竟敢對我下殺手，我一定要打腫他的屁股啊！不過目前，還是要先解決討厭的天使軍團……",485,5
1178,魂鬥士：變亂(07)再見故人,武俠玄幻,完結,0,73,7,,https://mojoin.com/novels/3537,"狗屎的海妖城堡！
我只想要那一千枚金幣好不好？什麼聖物都是狗屁，不要每次都把我捲入這些陰謀行嗎？這樣我很為難啊……

什麼潘多拉、什麼伊甸園、什麼水月……你們不要這樣亂入呀，我只不過是想去找小哭，能不牽涉到我咩？
帶著絕世睡美人和堂堂海皇落跑，這就是雞婆換來的狼狽代價嗎？
一等公爵、拿統帥令，這些都沒用。還有光明聖女的畫像，這女人越看越眼熟。

真的見到小哭了，可是……
小哭，你為什麼，要殺我……",485,5
1179,天地萬年情(06)悲歡離合(END),武俠玄幻,完結,0,14,6,,https://mojoin.com/novels/3506,"劉羽臻與羈羅的萬年情仇，終是前嫌盡釋。奈何魔帝雷爾從中作梗，逼迫身為羈羅一魂的白顏瑜魔化，魔化後的白顏瑜若與羈羅融合，羈羅終將成魔……
眼看婚期漸近，劉羽臻卻鬱鬱寡歡，因為她想起了整個計畫的前因後果……
染血的嫁衣、動人的歌聲，百姓們聞之動容。這日民間的傳說又再添一樁──白色的花瓣，是黑龍尊者為愛而流的眼淚……",493,5
1180,天地萬年情(05)破鏡重圓,武俠玄幻,完結,0,14,5,,https://mojoin.com/novels/3505,"一場陰謀，讓不知情的劉羽臻被打入天牢！
劉羽臻一直把白顏瑜當作朋友，沒想到他對她懷有那樣強烈的恨意，更沒想過白顏瑜竟是羈羅的五覺之一！
沒見到白顏瑜之前，她不願畫押，然而反抗的結果，卻是讓女獄卒割斷了右手筋。她……不能再畫畫了！
好吧！如果她的死，能夠將這數萬年來的愛恨情仇完全償還，她願意承受。羈羅，縱使死後還有靈魂，我們也不再相見……永遠！",493,5
1181,天地萬年情(04)痛徹心扉,武俠玄幻,完結,0,14,4,,https://mojoin.com/novels/3496,"羈羅是矛盾的，劉羽臻也是，明知不該接近白駒逸，卻不想放手……
羈羅殘忍的報復，波及無辜的百姓。

一場痛徹心扉的抉擇，令劉羽臻升起隱世的念頭，告別繁華的城市，遁入淳樸的鄉村……
原以為逃離羈羅，可以重新生活，卻沒想到陰錯陽差入了宮，當了個九品官，甚至住入白顏瑜的府邸，成了他的食客！
面對返回王城找尋她的羈羅、施上詭計逼她現身的古靖煌，劉羽臻該怎麼辦呢？",493,5
1182,天地萬年情(03)至死不渝,武俠玄幻,完結,0,14,3,,https://mojoin.com/novels/3495,"從莫名其妙的穿越，到被傳說中的魔物羈羅追殺……
劉羽臻認為自己是名受害者，然而記憶回籠，讓她陷入前所未有的矛盾情感……

原來，她和羈羅曾經深深相愛。熾烈的愛，卻是毀滅的開端。
因為險些失去，所以她選擇放手，殊不知反而造就現在的局面──割捨不下的愛情，剪不斷，理還亂……

明白前因後果的劉羽臻，面對同樣是羈羅的靈魂──溫柔深情的白駒逸，她躊躇了……",493,5
1183,天地萬年情(02)命運流轉,武俠玄幻,完結,0,14,2,,https://mojoin.com/novels/3494,"什麼！旭崢兄竟然是羈羅的視覺之魂！
不管了，就算溫柔的旭崢兄是羈羅大魔王的魂魄，她也不怕……

劉羽臻決定與趙旭崢一同離開王城，卻在近郊地方見到一群想偷她檔車的人，為首者竟是古靖煌！

意外變身，令她得以施法離開這個世界。
孰料，就在她穿梭宇宙，尋找地球之際，見到立於宇宙之中的羈羅！

在不可抗拒的因素之下，劉羽臻回到凡紹界。
原以為至少有趙旭崢的陪伴可以是快樂的，誰知道發生了一件意想不到的事情……",493,5
1184,天地萬年情(01)初來乍到,武俠玄幻,完結,0,14,1,,https://mojoin.com/novels/3493,"萬年前，漫天紅血，天地毀滅；萬年後，神祇再造，人民安居。
然，毀天滅地的魔物羈羅已經甦醒，殊不知他是神非魔，是這個世界的初創之神。
愛極好友錦玥，卻被錦玥親手封印兩萬年之久。愛多深，恨便有多濃……

撲朔迷離的前世，跨越萬年的時間軸，剪不斷，理還亂，恨與愛的矛盾，反覆糾纏。
然而這一切，到底是誰忘了誰，而誰又負了誰？

等等！這是怎麼一回事？
她、她、她……居然騎車穿越了！
玉鳳神祇，妳捉錯人了吧！她不是錦玥呀！

穿越很好玩嗎？一點也不！
她可不像一般穿越小說的女主角那麼隨遇而安，她有家人、朋友，哪能這麼容易放下？
還有羈羅是誰？她可不認識！

她決定了，她要對天抗議！",493,5
1185,魂鬥士：變亂(06)亂世佳人,武俠玄幻,完結,0,73,6,,https://mojoin.com/novels/3474,"路漫漫其修遠兮，吾帶著寵物和女兒翻山越嶺……
尋找小哭的道路漫長而危險，不僅有魔獸，還有粗魯的人，更有瘋狂的女人！

魔你這個大色狼，為了破你的處男之身用不著如此不擇手段吧？
連瘋女人都要？你的飢渴如江河氾濫一發不可收拾，我也是處男，我都不急啊。
哦，我忘了，你憋了幾萬年了……

衝冠一怒為紅顏，真是熱血的風格，可是你千不該萬不該，為什麼要帶笑月去劫船？
難道我們就不能堂堂正正的賺錢嗎？
你這個混蛋！",485,5
1186,魂鬥士：變亂(05)新世界,武俠玄幻,完結,0,73,5,,https://mojoin.com/novels/3473,"混蛋啊，為什麼我每次穿越都是如此的淒慘。
這個小姑娘到底是誰，為什麼要吃掉我？
尼斯的觸角，你這個恐怖的東西，能不能從我身上爬開呀？
討厭的魔，原本還以為可以依靠你的，沒想到這麼的靠不住。

還要復國？還要報仇？有沒有搞錯，那可是有好多個超限級強者好不好？
你這個Ｑ版召喚魔，老老實實待在戒指裡吧！
我現在要當保姆，還要去找某個失憶男，沒心思陪你玩爭霸遊戲！
這個世界實在是太討厭了！",485,5
1187,魂鬥士：變亂(04)陰謀,武俠玄幻,完結,0,73,4,,https://mojoin.com/novels/3458,"黑暗議會是什麼東西？為什麼那個長得像貴婦的女人想殺了我？
真是知人知面不知心呀，我似乎誤會了龐克學長呢。
這些上古禁忌科技到底是什麼東西？為什麼我走到哪裡就被追殺到哪裡呢？上演大逃殺的同時還要帶著一個拖油瓶，然後逃個難還能遇見老朋友……

魔、小哭，我好想你們，有你們在我都不用自己動手……。不過沒關係，我們應該快要見面了，但是，還得先解決掉眼前的麻煩才是……",485,5
1188,魂鬥士：變亂(03)魔神王,武俠玄幻,完結,0,73,3,,https://mojoin.com/novels/3457,"嗨！暴力女，我們又見面了呀！還有龐克‧卡魯斯學長，真是仇人相見分外眼紅呢……
黑暗議會？那是什麼東西？感覺好像我又發現什麼陰謀了，不過不管了，我現在要緊的是去找天空之城，去找小哭和魔！
魔和小哭，你們一定要等我喔！

可惡啊！混蛋啊！我快要死了！我堂堂暗魔大人、魔神王大人，竟然會在這個世界失去了一切，我要殺了他們，殺了所有人，我要再次毀滅世界！
可是……力量呢？",485,5
1189,影傀者(06)位面異變(END),武俠玄幻,完結,0,0,0,,https://mojoin.com/novels/3451,"位面座標之地出現異變，死了很多人，也牽動許多人的心，包括葉涼沁、可可，還有魑跟魘……但為了龐大利益，還是有一堆人不顧危險的來到位面座標之地。
造成位面異變的紅光再現，自來到位面座標之地就失蹤的宇文風也跟著出現。自詡為神的宇文風將在位面座標之地掀起什麼風波？可可等人是否有辦法阻止宇文風？
在逐囚天一邊找人一邊想辦法完成任務的雷子徹，對現實世界發生的一切完全不知情。岳父大人出現，帶給雷子徹的是衝擊，是擔子，而為了現實世界的愛人和好友，他無法逃避。
差一步，結果兩樣情，面對悲劇，崩潰的雷子徹將如何挽回？",229,5
1190,影傀者(05)古封界石,武俠玄幻,完結,0,74,5,,https://mojoin.com/novels/3450,"哇靠，我一點也不想要這樣的緣分！
雷子徹在虛靈異界被可可坑，回到現實世界竟然又遇見可可！然後，他又被坑了──唯一令他好過一點的是，被坑還有額外升級禮，只是這樣一來他連發火的理由都沒了……
為了最後一塊古封界石，雷子徹和風茗兒槓上，等解決掉風茗兒，成功收集完十五塊古封界石，一人一狗因此被傳送至古星界。
圖魔斯利用古封界石開啟星空空間，進行本源蛻變，結果，靈魂珠竟然「搶」了圖魔斯祖先留給後代進行蛻變的本源力量……",229,5
1191,魂鬥士：變亂(02)得與失,武俠玄幻,完結,8,73,2,,https://mojoin.com/novels/3440,"原來穿越並不僅僅只是失去一些東西，同樣會獲得新的東西，譬如九尾妖狐變成人形的能力，可是我為什麼這麼倒霉，什麼能力都沒有獲得？
妲己妳這個惡魔，妳變態的愛好害慘了龍翔天下所有的人！包括我！
該死的夏天大哥！該死的伊瓦大哥！就算你們很可憐，也不用為了區區一千萬就把我賣了吧？
讓我當男保姆？殺了我吧！
不過，小哭好像比我還可憐，紫色的眼眸，不再靈動……穿越時空之門，蕭哭獲得了傳說級的力量，卻失去了過往的所有記憶，就像一張白紙般，任由別人掌控著他的思想，在屬於黑暗魔王的大陸上，掀起了腥風血雨……

番外篇「風行天下」之星空明月，風行雲帶著兩個翹家的小孩如何勇闖離別森林？
司空兄妹各有何「豪情壯志」？
司空星月和風行雲之間又會有什麼承諾呢？",485,5
1192,魂鬥士：變亂(01)見鬼的穿越,武俠玄幻,完結,0,73,1,,https://mojoin.com/novels/3439,"歷盡千辛萬苦，風飛揚終於從時空之門中走出，但是卻倒霉的掉進了險惡的魔獸森林之中。
穿越成功又或者失敗？
這是個兩者皆可的答案，風飛揚只想對天怒吼，他竟然僅僅只是向後穿越了兩年的時間！
更何況，是在付出如此慘重的代價之下！
兩年後的聯邦，已經是截然不同的世界，風飛揚究竟能否完美的融合這兩年缺失的記憶呢？
若婉星的再次出現，將他捲入了又一次的危險之中。
神秘的「龍翔天下」名譽團長，這個漂亮到幾乎可以讓任何人流口水的女人，究竟是誰？
還有，夏天大哥竟然也會被調戲？
我有沒有看錯！這位女王陛下，您到底是哪位？

番外篇描述了大風風行雲的童年故事，與獲得「尼斯的觸角」的由來。",485,5
1193,影傀者(04)圖魔斯,武俠玄幻,完結,0,74,4,,https://mojoin.com/novels/3434,"圖魔斯說，清靈小境有讓人「成神」的關鍵；圖魔斯也說了，魔魘洞是通向清靈小境唯一的一條路。結果咧？
雷子徹跟風閒閒只是為了尋找天夢，找著找著就找到清靈小境，而且清靈小境中還有一堆人在等著「打怪」──哇哩咧，圖魔斯的話也太不可信了吧！
來到清靈小境，雷子徹發現天夢成了妖女，早該到達清靈小境的圖魔斯跟可可則不見蹤影，還有人在暗中窺視自己，這是怎麼一回事呢？
書亞的探險邀請，竟讓雷子徹意外見到親生父親！驟然相遇，在毫無心理準備下，雷子徹會認雷震風嗎？",229,5
1194,影傀者(03)古雷令,武俠玄幻,完結,0,74,3,,https://mojoin.com/novels/3433,"雷子徹原以為虛界道具古雷令只是一塊能夠提供他無限家族貢獻點的令牌，誰知卻在雷氏家族知情者之間掀起一波震盪，他也因此捲入麻煩漩渦中。
為了解開疑團，他只想辦法進入尖角樓頂樓，尋求答案。和雷夢丹的合作則是讓這一步提早，但……
真正的古雷令竟被靈魂珠吃掉了！他的實力竟一下往上跳四段！誰能告訴他，現在到底是什麼情形？",229,5
1195,影傀者(02)靈魂珠,武俠玄幻,完結,0,74,2,,https://mojoin.com/novels/3420,"為了修補受損的靈魂核心，雷子徹他們遇上了一個神祕酒鬼，卻因此激發出隱藏在他靈魂核心的靈魂珠的力量。
因為它，他「認祖歸宗」去；
因為它，他有了變強的可能；
因為它，他逃過一劫。
之後，「它」又會帶給他什麼意想不到的變故呢？
賈人杰的幫助、虛靈異界的存在，帶給他的機遇和謎團才剛開始──他只有變強才能把握一切，所以，他現在需要做的就是修練，修練，修練……",229,5
1196,影傀者(01)活下去,武俠玄幻,完結,0,74,1,,https://mojoin.com/novels/3419,"生與死，雷子徹選擇了生，從此他成為影傀者，一個一當受到召喚將不受自我控制的傀儡。
好友的存在讓他有了「人」的感覺。
愛人的義無反顧成為他變強，一直活下去的支柱。
不過，影傀者在控傀者眼中終究只是「工具」，只因為「吃醋」，雷子徹成為他人設局滅殺的對象，幸好有人出手救下他，但他也此失憶……
為了活，他必須變強，再變強！",229,5
1197,上仙(09)這不會是結局吧？(END),武俠玄幻,完結,0,8,9,,https://mojoin.com/novels/3409,"隱藏在岤狩天原的天魔禍患解決了，接下來就是開始建設逍遙宗，讓逍遙宗壯大起來啦！
韓非：「在此之前，還有更重要的事情要辦！」
金渝：「什麼事？」
韓非：「結婚。」
金渝：「喔！原來是這件事啊！韓非，你願意嫁給我嗎？」
韓非：「……願意。」
既然要結婚，當然要辦得熱熱鬧鬧，盛大無比！
絕對要好好地謀劃謀劃才行。
餐盤要用玉雕的盤子還是瓷器？
桌巾要雅緻的款式還是華麗？
酒水要烈酒還是淡酒？
筵席的菜餚要找幾位廚師烹煮？
金渝：「……」
這也未免太……太繁瑣了吧？
做事要有效率啊！再這麼討論下去，我什麼時候才能結婚？",502,5
1198,上仙(08)這不就是組團刷祕境副本嗎？,武俠玄幻,完結,0,8,8,,https://mojoin.com/novels/3408,"噹噹噹～～
門派大比終於熱熱鬧鬧的展開啦！
啥？有壞人要來鬧場？
怕什麼？來了就直接打回去！
什麼？那群壞人的總部是祕境？
那個傳說中有著各種天材異寶、凶猛悍獸、仙靈洞府、珍貴傳承、特殊奇遇跟機緣等物的祕境！
不管是要尋找寶物、傳承、祕笈，狩獵奇珍異獸，進行生死搏鬥，暗中處理掉仇家，來個英雄救美或是美救英雄，譜下一段優質好姻緣……
祕境都是最佳的選擇、最好的地點！
心動了嗎？
快點組團去刷祕境副本吧！
祕境副本求組！缺坦、缺輸出、缺治療……

※

「等哥哥回來，我就跟他提親？」雖然是問句，韓非的語氣卻是相當篤定。
「你聘禮都準備好了？」金渝挑眉反問。
「之前不是說過了嗎？我的一切都是妳的，包括我自己。」
「既然你已經是我的了，那還舉行婚禮做啥？」
「難道妳不想給我一個名分嗎？」
「……」",502,5
1199,上仙(07)這不是所謂的變相聯誼嗎？,武俠玄幻,完結,0,8,7,,https://mojoin.com/novels/3407,"設計陷害展家的幕後黑手終於有了線索，然而，揪出林懷風的同時，卻又牽扯出更多謎團。
受人操控的獸潮、人造陰屍和荒獠、不明的上古祭壇，這些有著明顯人為痕跡的手段背後，真的只是針對展家布下的一場陰謀嗎？
那三名身分不明的黑斗篷，其背後的主子又是誰？
他們做出這一切又有什麼目的？

受到各門派矚目的「門派大比」又要開始了！
每一屆的門派大比都是由迦羅城主辦，評審則是來自各界的頂尖高手，其權威性絕對沒有疑慮。
原以為會見識到一場場精彩刺激、針鋒相對、硝煙瀰漫的場面，卻沒想到……
緊張是緊張，但只有選手們在緊張，至於那些陪同前來擔任啦啦隊的人卻是挺悠閒的。
「公子，真巧，我們又遇見了，前面的荷花池開得正豔，我們幾位姊妹正打算過去賞花呢！要不要與我們一同？」
「嘿！前面那群逍遙宗的弟子，要不要跟我們歡花樓的去烤肉呀？」
「敢問姑娘尊敬大名？師從何派？興趣嗜好？前面那個八角亭正在舉辦一場小茶會，要不要一起參加？」
喂！這種門派大比的場合，你們這些啦啦隊竟然互相搭訕，約著一起去玩，這樣真的好嗎？",502,5
1200,上仙(06)這不是所謂的怪物養成嗎？,武俠玄幻,完結,0,8,6,,https://mojoin.com/novels/3397,"突兀出現在南疆及北疆的荒獠，從修士莫名轉變而成的荒獠，究竟這幕後之人有什麼目的？
針對展大少爺的陷阱陰差陽錯地傷了展二少爺，緊接著而來的是難以治癒的傷勢，被賊人搶走了藥材，又得到陌生人給出的藥方……
而華星瑩帶著白燄孔雀返回時，又遭到不明的敵襲，這群襲擊者甚至不是人類，是荒獠！
而且是人為養育出的荒獠！
幕後真凶究竟是誰？
他培養這些荒獠有什麼目的，又為什麼要如此針對展家？
被層層疊疊隱藏的真相，將要抽絲剝繭地顯現出來……",502,5
1201,上仙(05)這不是常見的○○橋段嗎？,武俠玄幻,完結,0,8,5,,https://mojoin.com/novels/3396,"被吸入黑洞的金渝和蒼胤會有什麼樣的際遇？
為了救人，金渝讓他服下九轉大環丹，卻沒想到好心辦了壞事，讓蒼胤的身體被改造了！
基於歉意以及研究這新奇變化的心理，金渝和蒼胤達成共識，決定暫時一起行動。
在聊天中，金渝意外得知魔修蒼胤竟跟逍遙宗有著莫大的牽扯！

『當初弄出空間裂縫將妳捲入，又以元神離體脫逃的殺手，元神已毀，他再也不會出現在妳面前了。』
在韓非傳來的訊息中，金渝感受到一股隱約的暴虐殺意，這讓她的眉頭微蹙，心底那份不安也越發凝實了。
她在那樣的情況下跟韓非分開，雖然是無可奈何之舉，卻也對韓非的心境造成一些影響，再聯想到她先前無意中察覺到的情況，心底的擔憂更盛。
韓非的心境並不像他表露出來的那般剛強無暇，那裡頭埋藏著隱隱的結、淺淺的裂痕。
若是這心結沒有被外物激發，日後或許會隨著各種際遇機緣、隨著他的視野拓展、閱歷增多、心境轉變而消除，但若是在這結還沒消除時出現了變故……
那可就危險了！",502,5
1202,上仙(04)這不是傳說中的淘寶嗎？,武俠玄幻,完結,0,8,4,,https://mojoin.com/novels/3386,"「聽說黑市是由隱藏勢力在經營的，沒人敢在那裡搶劫，不然就會被黑市背後的勢力追殺，這是真的嗎？」
「……」對上金渝充滿求知慾的晶亮黑眸，韓非的嘴角微抽，實在不忍心潑她冷水。
「是不是啊？你快說啊！」金渝扯著他的衣袖，要不是韓非的力氣夠大，手臂夠穩，端著的水果盤就被弄翻了。
「乖，以後那些話本還是少看一些吧！」他只能這麼回答。

「妳是怎麼認出它是桃心遁草的？」
「桃心遁草的花形跟果實都是桃心狀，怕酷熱、懼乾寒……」
「桃心遁草怕熱畏寒，什麼樣的環境才適合種植？」
「四季如春的地方，天氣稍微熱一點也沒有關係……」
「它遁入土裡以後，有沒有辦法找到？」
「……」
聽過銀貨兩訖，也見過以物易物……
就是沒遇過交易之前還要先考試的？
難道這是黑市獨有的交易文化嗎？",502,5
1203,上仙(03)這不是傲嬌忠犬啊！,武俠玄幻,完結,3,8,3,,https://mojoin.com/novels/3385,"「金渝，以後出門跟我說一聲……」
「金渝，我也不是要限制妳的自由，只是外面壞人太多了，我陪著妳比較安全……」
「這是誰教妳的？誰說遇到搶劫要扒光對方的衣服？」
「書、書上看的……」
「……以後別亂看書！」

錯覺吧？是錯覺吧？為什麼一覺醒來，小韓非長大了不說，還變得黏人又愛嘮叨？（此句放大）
以前那個酷酷的小非呢？
以前那個酷酷的、一逗就臉紅的小非呢？
以前那個酷酷的、一逗就臉紅而且有些傲嬌的小非呢？
這個嘮叨、性情溫和綿軟，一副老好人兼保父模樣的傢伙是誰啊？
把彆扭又傲嬌的小韓非還給我！",502,5
1204,上仙(02)這不是正常的成仙程序啊！,武俠玄幻,完結,7,8,2,,https://mojoin.com/novels/3374,"有沒有搞錯啊？竟然這樣就頓悟了？
那些修真小說不是都說，悟道這種事情是一生難求，要有稀奇的機遇才會發生？
她剛才也不過隨口說了幾句，順便抒發一下感慨，竟然就有這麼多人悟道？未免也太幸運了吧！
難道她是來給這些人開外掛，幫他們快速升級的？
嘖嘖！果然是人比人、腦袋疼！
不能小看古人的智慧啊！

嗚啊啊啊！這道光是怎麼回事？為什麼把我困住了？
金渝：「嗚嗚～小非，我要被外星人抓走了！」
韓非：「妳想太多了，那是仙界的接引光束。」
金渝：「咦咦？我是來看人飛昇的，為什麼我也要跟著飛？放我出去！」",502,5
1205,上仙(01)這不是Online Game！,武俠玄幻,完結,64,8,1,,https://mojoin.com/novels/3373,"穿越的情況有哪些？
被雷劈、被車撞、走路遇到黑洞、在遊戲中穿越、靈魂穿越、身體穿越、重生……(字體不同，顏色不同)

咱們的女主角「金渝」又是哪一種呢？
鏘鏘～(放大，不同字型)
是最典型的雷劈穿越+新式的電玩穿越呦！ 

咦咦？
這穿越大神給的福利也太好了吧？
一穿越就變成仙人了？！
來個人讓我捏一把，看看我是不是在做夢吧！",502,5
1206,天地萬年情之 綣殘雲(03)(END),武俠玄幻,完結,0,15,3,,https://mojoin.com/novels/3232,"受了重傷的桔雲，被殘天帶回了裏魔界，少了醇酒的幫助，顢頇的他總被殘天吃得死死的，難以招架得住。

面對夜冥那明顯的妒意，還有死纏爛打的殘天，他只覺得煩惱越來越多，思緒越來越亂。不過他沒忘記，他與桔梗談好的計畫，不管要花多少時間，他會努力去達成的。

桔雲堅持拒絕為妃，倒是願賭服輸，決定臣服於殘天，任職魔界官員。

可是在相處了二十多年之後，桔雲發現事情好像不太對勁了。

糟糕了、糟糕了，面對死纏爛打的殘天，他應該厭惡才是，但……他的心臟在激跳個什麼勁啊？怎麼辦……他是不是喜歡上殘天了？

救命啊！這不在他的計劃範圍之內啊！",493,5
1207,天地萬年情之 綣殘雲(02),武俠玄幻,完結,0,15,2,,https://mojoin.com/novels/3231,"雲帶著炎冰返回天界，面對桔雪突然熱烈的追求，他感到驚慌且不知所措，亦擔心假扮思雪的這件事會被發現。

果然，當桔雪發現雲假扮思雪後，怒不可遏，將他打入絕寒天牢還不足以洩恨，竟又將他關至幻懼天牢，讓他一顆心受幻象侵蝕殆盡，過去遭受欺辱的傷、排斥的痛、朋友離去的悲，全都在幻懼天牢內一一浮現。

身心遭受摧殘的雲，自幻懼天牢出來後就不再有反應，趕回天界的桔梗憂心忡忡，就在缺乏安魂魔血為藥引之際，隱於一旁的魔帝殘天竟願意為雲劃破手臂，贈送魔血，這下不只桔梗感到疑惑，就連殘天本人也感到不解。

他不是一直以來都很討厭雲的嗎？可是為何當他見到雲受苦，心裡就倍感焦躁甚至心疼？

殘天越來越不知道，雲對他而言到底是怎樣的存在了。",493,5
1208,劍俠沒有情緣,武俠玄幻,完結,1,0,0,,https://mojoin.com/novels/3204,"《劍俠情緣3》同人作品，發生在台服傲血戰意的90年代，

一名萬花專精玩家的真實故事改編。",457,9
1209,劍靈-再起,武俠玄幻,完結,0,0,0,,https://mojoin.com/novels/3202,"風起雲湧，經過了千年的沉寂，
魔皇即將再次重返現世；這次沒了天下四傑，
天下會遭到怎麼樣的浩劫?該如何阻止魔皇重返？
四傑傳人又會有甚麼樣的冒險呢？",121,9
1210,酒劍仙,武俠玄幻,完結,2,0,0,,https://mojoin.com/novels/3201,改編自遊戲<<仙劍奇俠傳>>透過不同的主角，再一次回溫浪漫的感動,132,9
1211,大話修仙,武俠玄幻,完結,0,0,0,,https://mojoin.com/novels/3200,"神的語言有著不可違逆的力量，儘管修真大能也無法擁有，

可當這世上唯一的言靈之力落在一個少年身上，究竟是詛咒還是祝福...？

言之靈，彷如神通，

欲承其冠，必承其重，

若可以，我寧願做個普通人…",13,9
1212,暗夜星塵,武俠玄幻,完結,13,0,0,,https://mojoin.com/novels/3198,"精靈族鍛造的名劍甚多，「暗夜星塵」卻沒有英雄事蹟為人歌頌，也許劍的來由之謎更吸引人吧，但是「暗夜星塵」卻是最難再鍛出第二把的寶劍。

由拜月時代流傳下來的寶劍，在這神族已然消逝的時代，寶劍還能夠乘載多少信仰，以成就人類的期望？",530,9
1213,天地萬年情之 綣殘雲(01),武俠玄幻,完結,0,15,1,,https://mojoin.com/novels/2984,"思雪與夜冥是人人稱羨的天界伴侶，然而神魔大戰開打，夜冥突然背叛天界，
為取魔帝殘天的信任，逼得自己的愛人思雪跳崖。

雲是醜陋不堪的下等神祇，卻有雙藍眸與三萬年前神魔大戰中，
跳崖輕生的高等神祇思雪相似，為了安撫暗戀思雪已久的桔雪大神，雲假扮思雪。

魔帝殘天與為重大任務而背叛天界的夜冥，同不知自己正是思雪的雲，會發生怎樣有趣的事情呢？

且看長年遭受欺辱，沒有自信的雲，怎麼在酒醉之際神智轉清明，以己之力，化解天界的危機。",493,5
1214,殘神記(07)神願星殿(END),武俠玄幻,完結,0,59,7,,https://mojoin.com/novels/2749,"神願星殿出事，夜一陪著月雅清他們回去，結果發現暗中盯上神願星殿的敵人竟然又是鬼殺樓？
中了埋伏，使得夜一等人不僅受傷，還分散開來｜｜夜一體內能量被封，畢啾傷得只剩一口氣，幸虧兩人各自遇到「故人」，
冷燡和羅立坷則都是被人發現，帶回救治，運氣最不好的就屬月雅清和蠻姜氏，前者成了殺手，後者則被當成犯人關了起來……
為了醫治月雅清毀容的右臉，夜一前往極北之地，不小心掉進魔淵縫中，結果無意救出一個猥瑣老頭，因為他，夜一取得真正的「雪凌果」，
因為他，夜一落得被魔影淵所有人追殺的可憐局面，因為他，夜一終於離開了魔影淵，還因此找到最後一塊靈魂碎片。
六塊碎片聚集，「夜幽綾」終於復活，只是為什麼大家都稱呼她為至高神？面對此景，夜一會做出什麼決定，其他人又會做出怎樣的選擇，而他妹妹是否會回到他身邊呢？",229,5
1215,殘神記(06)皇權風波,武俠玄幻,完結,0,59,6,,https://mojoin.com/novels/2748,"為了妹妹，夜一大闖皇宮，不過他明明只是要偷皇靈鑰，卻衰透的被侍衛當刺客追，
幸好，他遇見了「好人」，不僅願意把皇靈鑰交給他們，而且還自願把風的讓夜一能悠哉的找出感應到的靈魂碎片！

夜一先是感到自己被偷窺，之後他又遇上一連串令人哭笑不得的設計事件，後來發現這一切全是來自魅巫魔人的報復？

好佳在，有人願意出賣色相來平息她的怒火，順帶從她口中掏出等同麻煩的消息，因為對被人利用沒興趣，
所以夜一他們第一時間落跑，只是他們又攪和進蠻姜氏族人的事情中......啊啊，難道他們跟麻煩真的這麼有緣？",229,5
1216,殘神記(05)認親,武俠玄幻,完結,0,59,5,,https://mojoin.com/novels/2747,"確定了羅立坷的身世，大家都很替他高興，但羅立坷卻沒啥感覺，讓夜一他們不得不替即將跟他相認的親人掬一把同情淚，不過之後換夜一覺得他才是需要被同情的那人｜｜他有事要走，羅立坷執意要跟，他也勸阻不了，為啥無辜的他得面對羅立坷親人的怨念呢！

關於靈魂碎片的可能線索斷，夜一他們卻因為救了一個小蘿莉，而有了更確定的碎片下落，這本是好事，偏偏小蘿莉本身就是個麻煩，害得事後眾人得面臨被人追殺的困境，但為了妹妹，不論前方有何阻礙，夜一都不會退縮的！",229,5
1217,殘神記(04)黑衣人,武俠玄幻,完結,0,59,4,,https://mojoin.com/novels/2746,"黎子芊，一個充滿魅力的女子，因一時正義感作祟，
她被夜一他們救下，暫時成為他們其中一員。

來到旅途目的地，她替他們惹了一些麻煩，也因此意外結識了幫助他們的莫兆軒，
而之後被打的他還幸運的被羅立坷救下，更在羅立坷出手醫治他父親的病時，發現羅立坷的身世……

為了靈魂碎片，夜一下海搶劫去，沒想到想搶的人不只他們，
既然如此，為了妹妹，不管事後會有什麼麻煩，夜一乾脆心一橫｜｜全搶了！",229,5
1218,殘神記(03)追緝兇手,武俠玄幻,完結,0,59,3,,https://mojoin.com/novels/2745,"波夷村慘案使得夜一等人受到莫大震撼，
從意外俘虜的兇手口中卻牽扯出鬼殺樓這一殺手組織，而他們也因此被迫捲入其中。

「迎接神的歸來」是鬼殺樓在巨神遺跡行動的最終目的，為了靈魂碎片，夜一他們也將前往巨神遺跡，
兩者看似無關的線就此交集｜｜鬼殺樓為了避免他人打擾布置的一切恰巧成為夜一他們行進的阻礙｜｜

在祭祀堂他們先和一批又一批的面具人打，再和被召喚出來的魔神一戰，
進到遺跡中，又忙著找尋靈魂碎片，順便把待在遺跡中，不屬於己方的人全幹掉……不用誰說，
他們自己也知道他們無心破壞了他人的行動，結仇結怨不在話下，不過為了妹妹，夜一是絕對不會退縮的！

一頓酒，一頓飯，能換來什麼？答案是一個有著流浪狗情結的蠻人。
因為認定夜一是好人，所以他要跟在夜一身邊，所以他送了一份結親禮給夜一，
結果不知情的夜一一接下，就莫名其妙多了一個「兒子」……當「媽」的夜一很想問，這到底是怎麼回事啊？",229,5
1219,殘神記(02)神之子,武俠玄幻,完結,0,59,2,,https://mojoin.com/novels/2744,"人的代價，除了實用的金幣，還有兩條甩不掉的尾巴，夜一甚至莫名奇妙的被冠上「神之子」這一個聽起來就很崇高的稱號，
幸好，趕不走的兩人各有好用的好處在，而他，還是那個只為妹妹而活的自私男人！

落崎山脈，妹妹靈魂碎片的可能所在，因為見死不救不是夜一的風格，
既然有人呼救，他們只好出手救人，擊斃雙頭環蛇。

救人一次，沒人規定一定要救人救到底，但為什麼要閃人是這麼困難的事？
先是被救的其中一人因為嫉妒化身成化魔人，再是大戰不該出現在山脈中的八等黑暗魔獸｜｜慶幸的是，打到一半，
黑暗魔獸就突然跑掉，不過之後還因傷遇到一個死纏著夜一要血的毒醫學徒，最後大家甚至差點被山掩埋……這一切到底是怎麼回事呢？",229,5
1220,殘神記(01)預言現,武俠玄幻,完結,0,59,1,,https://mojoin.com/novels/2743,"預言現，保管瑪奎克預言書的神願星殿派出星女和守護靈使祕密出外，
來到神澤之塔外，只為了尋找能夠喚醒神的神之子。

神澤之塔中，夜一和他的契體畢啾正在挑戰關卡中努力，
絲毫不知道從另個空間來到此的他已經多了一個「神之子」稱號，
只是一心朝著能重新復活妹妹這一目標踏上變強的道路。

一個冒險者任務，讓夜一在無形中得罪了一個魅巫魔人｜｜不過他真的是無辜的，
都是畢啾要求，他照做而已啊……但他也因此和身負重任的月雅清二人有了牽連，
而他們的相遇帶給夜一的會是什麼呢？",229,5
1221,山海妖異奇譚,武俠玄幻,連載,0,0,0,,https://mojoin.com/novels/838,"「我，驍勇善戰。為守護你，萬夫莫敵！」
降妖伏魔的奇人異士「山海師」，天之驕女鬧烏龍，在被不明的妖魔殺害全家之後，帶著她的滿級神獸好夥伴，踏上追尋妖魔報家仇的奇幻旅程！

* * *

本應風光無限的天之驕女跌落神壇，作為最尊貴的復祖出生，法力卻比凡人還不如！
「欸，那個鬧烏龍的小復祖在全家被妖魔殺光之後，居然還重出江湖啦！」
操縱《山海經》中封印的妖魔，守護人類的奇人異士「山海師」，少女任鈴踏上追查殺她全家的仇人、神秘妖魔真實身份的旅途

「算你運氣好，我是五神獸裡唯一能靠自己的力量現界的。不然照妳這種功夫，大概死了也沒辦法召喚我。」
「少囉嗦！我已經滿十六歲了，一定會成功的！」
新手上路卻沒有新手運的烏龍復祖與她的滿級神獸夥伴白虎，出發降妖伏魔報家仇！

註：
※低魔玄幻不古風，敘事情節角色etc.全部大雜燴，輕鬆看輕鬆看
※自認為劇情在打完新手副本、NPC開解完以後才開始精彩（？）",320,6
1222,百歌行,武俠玄幻,連載,11,0,0,,https://mojoin.com/novels/1025,"江湖何處尋？
──這個世間，就是江湖。
每一個人，便是這江湖中的一首歌。",448,6
1223,一個築基期密探的消失,武俠玄幻,完結,0,0,0,,https://mojoin.com/novels/261,"【修仙Ｘ探案Ｘ現代科技】

某個世界，修仙與現代文明這兩種截然不同的的體系，在兩塊隔海遙望的大陸各自發展。
一位築基期密探的失蹤背後，竟牽扯到足以影響世界的陰謀。
且看東大陸的修士璇朝安，如何揪出藏於西大陸的幕後真兇。

你以為修士就會對科技一竅不通嗎？
不，身為一位合格的修士，就該與時俱進！
璇朝安表示：為了查案，我連筆電都毫不猶豫買下去。",426,6
